edge_id,src,dst,length_um,radius_um,usage
668,442,788358,39.2457,5.8407,41
6122,771,4437,23.8229,6.0495,1
6739,4899,672169,133.1052,7.4159,1
6740,4899,820470,155.4099,6.8758,1
6755,4911,666252,26.6562,3.8106,2
7594,5517,245585,32.532,4.4707,1
8643,4029,6288,110.6165,5.5,5
8644,6288,18296,20.4641,4.6213,5
11287,4911,8210,51.099,5.8941,2
14703,10688,322086,40.5917,8.5311,1
16015,11639,15011,75.5381,11.1695,1
18682,13537,13754,12.6886,4.1621,1
18951,13732,14078,79.8373,3.5937,1
18985,13754,332619,139.4924,6.3224,1
19030,13787,323957,45.2757,2.618,1
19323,14000,58748,43.4502,6.0895,1
20099,14560,21182,11.9094,6.8143,8
20155,14596,676330,56.8448,4.9839,3
20655,14942,157547,116.1077,3.3708,2
20756,15011,15232,6.4031,10.8385,1
20866,15091,327897,31.8957,9.2256,1
21068,15232,15868,48.0521,9.6533,1
21978,15091,15867,58.1464,7.2166,1
21980,15867,15868,25.318,7.0688,1
22206,16022,327836,42.3123,10.4881,1
22508,16022,16235,16.4317,10.4642,1
24567,17704,326560,44.142,4.4246,1
25120,18086,339385,62.9682,8.5149,1
25781,17704,18552,23.3666,3.1463,1
28757,20650,23850,99.7096,3.8643,1
29505,21182,697978,193.2148,5.6569,8
31300,22463,663705,42.681,3.9324,2
31492,18086,22600,166.5923,8.8524,1
31958,22928,340776,45.8645,5.6213,1
31980,22945,341479,7.3409,8.2382,1
32578,23384,23560,8.6023,5.6079,1
32836,23560,340794,25.1794,4.9839,1
32886,23602,340566,33.6935,4.7863,1
32887,22928,23602,53.1507,3.9921,1
33085,23737,342484,6.2716,4.9286,1
33785,23384,24220,24.5357,5.1875,1
33893,24220,24290,5.099,3.5291,1
34218,24516,216735,114.5862,5.651,1
34382,22945,24634,80.206,7.7776,1
34635,24807,343449,8.544,2.639,1
34916,25010,676975,37.2514,7.806,4
35033,22600,25089,64.0391,8.4853,1
36147,25888,138700,505.1083,5.0811,1
36148,25888,569893,64.837,4.2737,1
36281,25984,344334,17.9784,5.055,1
36282,25984,31397,162.7053,8.2959,1
36336,26026,343679,36.1694,5.4218,1
36744,26317,283240,100.0433,5.0196,5
36745,26317,94545,44.243,3.4758,5
37357,26752,344440,54.5833,4.241,1
38787,27756,287143,60.3552,4.6926,2
41874,29920,151758,83.9614,5.9545,1
42170,30116,43406,28.5754,25.6075,1
44178,31503,39622,147.1428,8.1126,1
45718,32593,675283,178.4831,5.4929,4
45719,32593,676330,5.4671,4.5826,4
45930,32740,235477,59.075,3.8637,1
47325,33752,689180,64.3169,4.0306,4
47326,33752,672836,84.1408,3.6427,4
49426,35245,64462,138.457,4.6312,1
49428,35246,70602,251.2975,5.6079,1
49697,35438,369447,111.016,6.4342,2
49988,26026,35637,272.4353,5.7446,1
49990,35637,363765,264.0593,6.2634,1
50062,35683,50823,86.3366,4.6708,2
51518,36679,77480,116.9087,5.5649,2
54874,35438,39060,99.4535,7.2058,2
54875,39060,371195,167.5938,6.4641,2
55650,39622,370121,11.8945,8.544,1
55877,38297,39769,22.2261,5.9147,1
55878,39769,42515,52.5833,6.0981,1
58359,41496,373724,87.6983,5.3183,2
59068,40775,42016,15.0997,8.1401,1
59070,42016,42547,6.7823,9.744,1
59827,42547,43850,20.6155,9.961,1
60000,42669,242975,14.4566,8.9109,1
60201,42817,810526,391.6667,4.899,5
60202,42817,70636,31.209,4.1078,5
60327,42908,335243,113.0953,5.5971,41
60329,42908,319588,142.3244,4.977,41
61016,43404,674208,35.8402,4.7361,2
61020,43406,684824,37.6017,25.7953,1
61650,43850,386586,85.7555,7.6325,1
63894,45416,46151,128.7051,2.9208,1
63918,45431,361970,314.9772,6.3723,1
64922,46151,51264,82.5288,2.3428,1
65184,44264,46347,45.4533,4.511,1
65185,46347,55081,142.8986,4.6289,1
65233,46383,46858,10.7703,11.2522,1
65452,46538,367257,194.8213,8.0907,1
65739,46661,46756,7.6811,4.7431,1
65893,46858,383342,25.6428,12.2814,1
66794,47491,370944,91.7505,12.8691,1
66918,47582,688626,47.8423,5.1476,1
67006,47643,375864,64.4412,6.5076,1
67007,47643,387382,28.4429,4.8708,1
67471,46661,47964,29.1376,7.922,1
67472,47964,382178,18.8944,9.5497,1
68493,48668,382374,110.0131,4.6856,1
68690,47491,48803,16.5227,13.7632,1
68779,48857,382001,92.7631,6.9495,1
68780,48857,384877,7.7028,10.6237,1
69394,49308,57351,99.8699,4.2976,1
69551,49416,51266,53.6843,5.3284,1
69698,46538,49517,97.067,10.3215,1
70328,49946,384443,58.1979,3.3132,1
70962,50391,51900,33.0,5.8807,1
70998,50414,683499,187.0548,7.4725,1
71003,48006,50419,134.4214,6.3988,4
71004,50419,689356,279.819,6.8239,4
71035,49517,50441,22.3607,10.7912,1
71582,50834,52202,45.6946,3.6675,1
71955,51091,241839,48.2735,8.7733,1
72028,51145,382322,119.3771,5.9545,1
72198,51264,52316,31.4484,2.0908,1
72254,51306,390451,7.9303,7.5667,1
72370,51393,390451,3.448,6.9466,1
72615,51266,51578,23.1517,4.4096,1
72785,51686,385450,79.5135,3.866,1
72786,51686,392677,51.2575,2.9276,1
72991,51827,390079,125.1457,5.0476,1
72992,51827,51904,63.6632,4.999,2
73056,51869,53833,57.4282,3.6056,1
73094,51900,52396,46.3681,5.4274,1
73132,51924,392932,46.3201,3.2913,1
73246,52011,52720,88.9719,2.9954,1
73324,52061,402148,74.2837,5.4379,1
73494,35865,52185,30.1181,16.0547,1
73520,52202,390733,64.6413,4.2078,1
73673,52316,392935,9.1287,2.0908,1
73718,52347,702290,93.8681,4.8139,2
73791,52396,55881,89.8109,6.4363,1
73971,49308,52521,107.4942,4.1829,1
74149,52652,388625,34.8425,5.7748,1
74150,52652,393195,35.7336,6.2445,1
74242,51869,52720,22.4944,3.3839,1
75670,53740,61204,78.5493,3.0811,1
75798,53833,392974,31.0788,5.0431,1
75982,51047,53976,53.0943,3.8378,1
76520,51827,54348,36.4143,5.365,1
76521,54348,55884,77.7046,4.977,1
77919,55338,396381,8.3666,6.5123,1
78286,55599,319583,35.8022,3.5291,1
78476,55735,395786,17.9878,3.4758,1
78609,55835,398188,8.4077,4.0355,1
78670,55881,56774,15.843,6.2264,1
78999,56110,818967,88.0341,16.8946,1
79000,35865,56110,77.6595,13.5336,1
79016,55884,56121,40.0125,5.7358,1
79394,56372,696787,96.9266,8.5822,5
79701,52061,56601,98.0357,3.9241,1
79836,56686,404184,56.5273,4.4155,1
79958,56774,57424,58.3267,5.6109,2
79959,56774,413736,134.3437,5.7446,1
80766,57351,399828,15.384,5.5902,1
80871,57424,98508,891.6087,5.4312,2
80915,57457,396552,66.1731,15.5875,1
81061,57567,59698,70.9436,8.2265,1
81065,50414,57569,102.955,6.6756,1
82766,58748,673271,113.0262,6.3326,1
83702,59391,401369,17.5373,3.4611,1
83993,59594,63662,41.2392,4.9286,4
83994,57569,59594,26.1232,5.4312,1
84363,59851,402191,25.7099,2.3428,1
84364,59851,61057,46.6905,2.3428,1
85215,60460,403136,26.8897,4.6596,1
85316,60522,400816,41.6413,7.1763,1
85317,60522,65825,158.5528,7.2798,1
85903,60934,84789,358.0738,8.5166,1
85904,60934,684614,20.9258,8.1435,1
86080,61057,63653,39.0128,3.2394,1
86152,55081,61102,103.9904,5.5706,1
86153,61102,429781,159.1592,7.4223,1
86190,61131,63931,51.9711,5.2411,1
86253,61173,414502,249.727,4.8341,1
86254,61173,69168,121.1858,4.9286,1
86275,61188,61651,8.6603,4.7408,1
86276,61189,405230,11.3235,2.9142,1
86297,61204,62796,89.6437,3.5616,1
86487,61342,386251,164.9128,12.8291,1
86794,60460,61550,19.0,3.4641,1
86795,61550,405910,6.0856,2.0908,1
86975,61681,403989,37.7874,3.5616,1
86976,61681,407796,11.4601,4.1231,1
87035,57950,61722,43.0116,7.1947,2
87036,61722,414244,71.4656,7.3761,2
87079,61757,412030,41.4005,10.2821,1
87200,61838,406878,4.58,1.9142,3
87307,60846,61918,36.6879,2.5322,1
87376,61968,410431,51.1273,6.2838,1
87820,62271,62691,42.2966,4.1231,1
88192,62536,77207,59.8758,3.8637,1
88193,62536,681349,38.0,3.285,1
88399,62691,414648,69.9903,5.5971,1
88442,62719,673559,17.4133,10.8103,1
88445,62722,400287,83.1881,19.799,1
88471,62738,407796,3.559,3.7936,1
88472,62738,412453,54.0761,4.2321,1
88560,62796,63924,33.9853,4.9338,1
88572,62804,63875,22.1359,11.2541,1
88573,62804,417910,70.2975,9.2969,1
88667,61918,62873,19.2354,1.9841,1
89251,61188,63291,59.649,3.7913,1
89252,63291,406827,20.79,3.2321,1
89776,63662,672836,103.8912,4.2976,4
90077,63875,412030,17.5689,15.3934,1
90152,63924,65133,94.784,5.0517,1
90160,63931,407688,11.3707,2.3428,1
90211,63970,419664,194.7699,6.4936,1
90213,63970,70646,123.5557,5.8268,1
90756,62873,64339,42.8719,2.2802,1
90757,64339,67395,37.5366,2.639,1
90931,64462,65649,22.0731,5.567,1
91064,64552,408709,124.8755,6.0738,1
91065,64552,64960,12.8452,4.5306,1
92142,65330,413094,50.927,10.7507,1
92505,65586,402414,115.6123,5.7913,1
92587,65638,73974,96.3964,4.9338,3
92597,65649,70327,62.5691,5.1881,1
93309,66159,412349,298.9972,7.3455,1
93911,66585,696475,94.9976,7.1411,2
93913,66585,697458,79.8244,5.4764,2
94106,66725,412453,24.5334,5.5,1
94423,66940,709325,186.4916,15.326,1
94588,67047,68231,82.6786,5.1627,1
95133,67431,404126,133.0949,6.4803,1
95233,67498,72544,83.8868,5.3033,1
95235,67499,79463,181.7113,5.4217,1
95312,67431,67562,29.189,6.151,1
95388,67618,403603,102.634,22.1791,1
95390,67618,418648,15.1198,9.1144,1
95503,55338,67696,250.8087,6.5465,1
95504,67696,422296,44.2455,7.7973,1
95617,67779,70658,94.0106,7.4806,2
95663,63653,67814,61.2617,2.8284,1
95664,67814,69119,48.3322,2.2071,1
96244,68231,99512,172.8681,3.5355,1
96740,68562,70162,110.5034,8.2453,1
96741,68562,68563,3.6056,7.5261,1
96910,34186,68687,69.7559,7.0711,5
96917,68692,79381,140.8427,8.379,1
96965,68726,413054,34.4719,11.6821,1
96966,68726,70095,48.9183,8.9772,1
97137,65825,68843,90.2774,6.8758,1
97198,43404,68883,95.1335,4.8452,2
97537,69119,424553,35.16,3.7913,1
98290,67395,69624,54.7905,3.6742,1
98422,68843,69713,13.3417,5.0724,1
98423,69713,430164,99.9366,3.9324,1
99275,70327,116139,131.616,4.511,1
99480,70469,691482,35.0381,23.6658,1
99488,70469,70475,41.4485,21.666,1
99673,70602,699038,34.2329,4.7408,1
99719,70636,176945,240.9523,3.7199,5
99747,70658,73568,77.2399,9.1556,2
99842,64960,70730,153.2351,3.4611,1
100237,70994,71639,15.1318,8.7856,1
100827,71404,689180,58.532,5.2779,4
100861,71422,698034,49.9967,3.7199,1
101143,69624,71612,102.4793,3.9495,1
101178,71639,73305,13.3083,12.634,1
101471,71832,417203,103.905,15.8339,1
101786,72054,697458,91.5745,3.3708,2
102156,70095,72320,41.4126,6.6623,1
103528,73265,695033,7.5425,6.4685,1
103585,73305,700092,38.1707,10.4428,1
103913,72320,73548,41.9166,8.112,1
103939,73568,78849,91.3729,8.8858,2
104410,73548,73898,9.9499,10.5622,1
104526,73974,697288,14.3372,5.1438,3
104631,74047,74048,3.7712,11.428,1
104632,74048,697840,37.6194,14.5732,1
104633,74049,74126,38.7799,11.2916,1
104733,74126,696508,48.364,7.6904,1
104851,73898,74217,11.4891,10.3295,1
104893,74251,418155,67.3071,4.7408,1
104894,74251,432345,56.6765,3.4093,1
105061,74379,82313,79.2149,7.0283,1
105239,74049,74503,18.4955,11.6456,1
105700,74806,76112,37.7565,6.5878,1
105701,74806,340011,18.9649,3.3708,1
107385,74217,75968,30.0167,9.7419,1
107735,76220,422706,88.5249,6.8416,1
107736,76220,431314,9.0554,8.7391,1
108277,76599,710525,124.6056,7.2327,5
108278,76599,696787,23.5773,7.1133,5
108809,76955,77421,75.0866,2.5322,1
108810,76955,433855,23.8188,4.3723,1
109043,77118,699080,27.5197,5.5414,1
109044,77118,99512,75.3923,3.9142,1
109300,77296,700474,12.1381,5.8268,1
109468,77421,432345,90.4132,2.2361,1
110434,78109,426621,77.4486,7.5782,1
111273,68692,78686,56.0456,6.9942,1
111458,78825,422296,173.1319,6.9954,1
111499,78849,433013,11.5998,7.5077,2
112133,79305,429133,5.099,6.4734,2
112134,79305,90676,19.3075,5.6825,2
112248,76112,79381,17.0587,9.7419,1
112868,79807,700634,17.2208,3.9241,1
113375,80174,432336,77.6617,5.2068,1
113449,75968,80227,153.1045,7.9404,1
113450,80227,91396,227.1453,4.5738,1
113666,80382,85977,95.0684,2.7247,2
113709,80410,433781,31.4485,4.9936,1
113710,80410,82826,65.3146,3.9241,1
113732,80427,706801,108.7229,4.0981,1
113733,80427,703222,21.9545,10.0479,1
113830,80495,81030,13.9642,2.9142,1
114436,80919,702509,31.0644,5.1421,1
114437,80919,82097,35.6063,6.3546,1
115076,81030,81366,33.4813,3.6795,1
115296,81523,435224,23.8817,4.6312,1
115489,81656,86804,32.1956,3.7247,1
116065,82058,439469,14.8549,9.2711,9
116133,78825,82107,73.1642,7.2598,1
116330,82257,423244,68.4336,18.1068,2
116399,82313,84854,58.9915,6.6323,1
116530,82407,451638,133.5752,5.5649,1
116765,82582,437722,24.2693,8.4851,2
116885,78849,82670,71.9444,7.1062,4
116886,82670,88655,124.8599,7.9514,4
116955,82717,436655,46.5248,3.5616,2
117110,82826,442431,37.4967,3.3028,1
117433,83056,440821,22.1359,2.1213,1
117775,83310,700474,16.4215,5.1938,1
118450,81366,83790,32.8786,3.5937,1
118813,84005,729110,155.261,20.7248,1
119730,84632,677438,146.3021,6.9228,2
119731,84632,710403,116.6461,7.7457,2
119807,82717,84687,53.5257,3.1796,2
119880,70646,84739,288.3054,5.9313,1
119881,84739,443454,9.1652,8.357,2
120044,84739,84852,12.083,7.7327,3
120045,84852,93225,182.4884,6.965,3
120048,84854,86561,32.1559,5.6506,1
121655,85977,446533,127.9019,6.0552,3
121672,85988,445424,11.942,3.5355,1
122132,86328,439897,91.5381,7.1067,1
122470,86561,446470,8.9815,5.6081,1
122484,86570,98586,260.4016,5.6317,2
122831,86820,442431,38.2579,3.3708,1
122852,82097,86835,45.9906,11.488,1
123034,86961,244801,146.116,4.2078,1
123359,86328,87201,77.756,5.8941,1
123422,87247,447166,139.4597,3.1796,1
123650,87344,87413,10.0995,3.0,1
123673,87431,439751,66.0454,6.4806,1
123674,87431,451614,188.4217,5.3218,1
124208,87794,105492,259.6555,6.1203,1
124209,87794,94544,124.8479,6.458,1
124601,88077,446865,25.9487,6.3226,1
124805,88225,439475,75.527,7.5568,1
124806,87413,88225,46.2709,4.9641,1
124810,88227,445424,131.2388,3.2394,1
125045,88398,444651,92.0392,3.6213,1
125046,88398,89721,63.726,2.618,1
125059,88408,446533,28.5579,7.0552,3
125078,87344,88422,36.4143,2.5,1
125079,88422,448382,16.5151,2.4142,1
125409,88655,89774,16.4924,9.3403,4
126020,89101,473561,282.6977,6.5557,2
126339,89326,706588,6.4464,5.7118,8
126668,89306,89552,20.6155,2.8708,1
126669,89552,89721,63.0317,2.118,1
126810,88227,89658,37.3229,2.5322,1
126968,89774,455189,69.7878,9.4244,4
127232,89975,446209,63.3509,6.5557,1
127424,90100,451580,43.2435,3.6742,1
127480,90137,94049,88.8426,6.117,1
127776,89658,90337,17.6068,2.639,3
127777,90337,450550,82.8211,4.4263,1
128137,90584,709556,18.1125,15.8908,1
128264,90676,538187,79.32,3.9496,2
129169,91320,453659,15.7233,3.6736,1
129269,91396,93012,25.632,3.0725,1
129562,91607,449837,53.2228,5.8208,1
129563,91607,454789,59.4689,5.0299,1
130504,92265,137291,118.8634,5.3218,1
130505,84789,92265,32.2949,5.651,1
131075,89809,92665,47.55,3.0616,1
131441,92927,453348,49.3305,4.0503,1
131522,90100,92987,73.5255,4.1078,1
131523,92665,92987,128.3121,2.6583,1
131562,93012,467234,143.3453,4.7683,1
131654,93085,94544,51.2738,6.0,1
131857,93225,106204,288.3956,6.7774,3
132032,93350,453348,61.0533,3.3708,1
132897,93981,457378,38.3911,10.1604,1
132929,94006,96807,33.5559,2.9889,1
132993,94049,459954,39.6138,5.2607,1
133657,94526,127103,33.7343,5.0707,1
134185,94905,428367,115.7129,18.9646,10
134186,94905,95321,32.5883,5.8407,10
134579,95184,454086,91.3777,6.6292,1
134580,95184,467155,57.6387,6.373,1
134769,95015,95317,12.083,23.4265,1
134770,95317,463939,72.1642,21.9498,1
134776,95321,97553,48.6415,4.5092,10
135248,95657,462289,40.0656,4.511,1
135857,95004,96093,14.7986,6.9432,1
136078,96251,100063,69.0797,5.4157,4
136108,96274,462289,152.785,4.4068,1
136269,96383,451119,143.2034,5.8941,1
136271,96383,101098,120.8553,6.2838,1
137453,84429,97197,361.9848,8.6345,1
137513,92089,97234,37.4833,3.452,3
137957,97553,477043,124.0585,3.2975,10
138064,97639,463939,6.7082,19.5256,1
138135,96093,97689,30.1496,6.03,1
138136,97689,142919,769.0748,7.4652,1
138262,96274,97780,30.0333,4.9433,1
138263,97780,464302,8.2462,5.6395,1
138539,97983,453123,112.9041,3.9822,1
138718,90174,98107,59.1852,6.5495,1
139275,98497,179239,184.6983,7.1661,5
139284,98508,492628,341.7847,5.5649,2
140470,99340,710345,17.2884,8.8655,8
140776,99548,472641,88.8332,5.099,1
140777,99548,466598,72.3249,4.999,1
140892,99630,467275,31.4272,3.7796,1
141483,97983,100063,37.855,5.1569,1
141484,100063,105637,115.2562,5.5902,5
142438,100738,101542,9.7411,5.6541,8
142529,100808,101124,224.0101,5.3218,1
142627,100878,235524,54.2893,3.6213,1
142713,100937,484561,167.5967,6.5557,4
142941,101098,484613,198.5535,5.5822,1
142976,101124,709953,12.1672,4.5708,1
143160,101237,464502,83.2496,4.1307,1
143509,101482,525367,42.9341,5.8078,2
143510,101482,553210,173.6846,2.9889,2
143593,89326,101542,66.1522,6.0778,8
144431,102143,104387,62.442,5.1636,1
144432,102143,102696,79.6304,5.1636,1
144821,102407,105890,61.7171,4.1926,1
145178,101237,102674,55.0818,2.6992,1
145206,102696,465434,92.8989,6.8093,1
145887,102674,103201,30.6757,2.2361,1
146420,103572,160000,54.1449,3.9241,1
146469,103603,471637,53.7711,5.5468,1
146471,103603,103604,23.0868,3.9263,1
146579,103678,108542,87.2812,4.1829,1
146619,103604,103704,27.037,3.8724,1
146731,98107,103796,75.3289,5.5495,1
146737,103801,731768,11.8556,4.6312,1
147557,102407,104387,87.6983,4.3723,1
148370,103704,104970,61.4898,4.6365,1
148371,104970,106293,23.3666,5.5856,1
148668,105181,711515,5.9161,15.292,1
148979,103901,105395,25.807,3.4641,2
149131,105492,106081,12.9615,6.3638,1
149232,105142,105566,77.4209,3.3028,1
149340,105637,105929,47.7074,4.5813,5
149359,105566,105652,13.4907,4.0941,1
149360,105652,484309,74.6272,4.7913,1
149372,105658,480108,85.5641,5.9545,1
149373,105658,483709,89.5092,5.5317,1
149691,105890,478552,37.4952,5.7748,1
149740,105929,109012,220.8823,6.5285,6
150126,106204,495538,217.1835,6.5977,3
150394,97197,106385,248.8554,10.414,1
151301,107024,710401,27.6345,11.1335,1
151757,107352,483350,384.1571,4.241,1
151793,107379,130089,514.6368,8.395,1
151794,107379,108046,22.6716,3.5794,1
151980,105181,107517,19.7722,12.6939,1
151985,107520,735055,138.808,4.1068,1
151986,77480,107520,222.2684,5.3852,2
151987,87422,107520,64.3705,4.5634,1
152542,107916,350452,9.363,7.8717,1
153438,108542,111541,144.6409,4.4126,1
153538,108614,110427,67.082,6.7659,4
153839,108829,483027,15.6724,5.5076,1
153897,108874,710345,60.7005,6.9228,8
154108,106385,109012,62.2977,9.4984,1
154371,109196,717086,27.6285,11.7546,1
155370,109881,713590,3.2146,6.0467,1
155499,109973,110927,76.948,6.6818,1
155714,110119,112751,116.254,5.4265,4
155715,110119,110427,19.7231,5.5561,4
156077,110373,483350,13.687,4.872,1
156078,110373,485855,16.1142,5.7748,1
156212,109012,110466,27.0185,9.3311,7
156758,106081,110861,105.7733,5.381,1
156759,110861,113504,54.6535,5.381,1
156855,110927,487786,110.7712,9.6402,1
156989,108829,111019,90.802,6.9084,1
157104,107024,111099,12.6183,7.1455,1
158640,112177,486014,74.4938,4.0306,1
159209,112583,486865,20.3286,6.4078,1
159210,112583,117244,86.18,5.7878,1
159454,112751,113713,35.1568,5.4265,4
159487,81656,112774,61.959,3.9173,1
159489,112774,127163,39.2885,6.0092,1
159753,112951,490663,75.7994,8.124,1
160527,113504,120777,144.3226,5.8941,1
160836,113713,484613,114.9456,5.0981,2
160837,113713,147222,613.1868,4.6596,6
161064,113863,714011,18.0278,3.6583,1
161217,113972,477529,428.5184,8.0932,10
162907,114607,115174,26.096,2.3028,2
163830,115850,117632,41.509,6.1202,1
164227,116139,732321,115.0188,6.3627,1
164450,113972,116296,86.2322,7.2636,10
165059,114607,116710,127.7576,5.0043,2
165060,116710,492628,30.0458,6.0738,2
165829,117244,501706,54.1541,5.7878,1
166385,117632,517073,243.437,6.0495,1
166730,111541,117874,130.7287,4.7913,1
166732,117874,120697,63.5138,5.7016,1
167877,118684,138620,21.3776,3.1926,1
168142,116296,118876,84.6759,6.7371,10
170475,120517,490070,122.6236,4.2426,2
170476,120517,519604,139.5349,4.7194,1
170750,120697,527953,306.319,6.4031,1
170872,120777,146089,445.8049,5.1926,1
171023,120880,721261,36.1248,3.8534,1
171523,121235,498573,133.5764,5.099,1
171524,121235,132373,250.1719,7.0495,1
173777,122821,503786,74.6661,8.8079,10
174276,123174,497013,115.1202,7.5148,3
174277,123174,126136,46.594,9.1556,3
176538,124786,538482,310.3894,5.734,3
178454,126136,528524,133.1409,9.4684,3
179146,126600,507170,124.7437,10.6301,11
179864,127103,128660,17.7482,7.4758,1
179903,127130,128805,36.4005,4.6365,1
180343,127437,149002,137.5023,2.4495,1
182043,128660,815470,343.5608,6.8206,1
182242,128805,138499,155.1709,5.5468,1
183015,129337,518743,25.8263,7.8134,1
183043,103801,129357,22.0907,7.2443,1
183480,127163,129670,14.1146,6.4789,1
183481,129670,729508,38.2927,5.6623,1
184696,126600,130511,89.5433,9.3462,11
185757,131260,520885,24.2258,6.4128,1
187344,132373,524654,4.7526,9.0,1
187819,130511,132713,103.899,8.1238,11
188041,132713,132883,3.4641,8.4228,11
188371,133112,525202,22.4425,5.1941,1
189370,133840,519297,68.23,6.6115,8
189594,133990,711931,657.5058,9.272,8
189595,133990,150740,102.0049,11.1323,6
189596,133990,136666,105.4377,11.4314,2
191011,134991,135365,9.6437,7.4725,2
191640,135465,137554,75.3923,6.1558,1
192100,135779,138018,114.9437,8.2653,2
192220,111836,135858,150.9801,3.9173,1
193155,135465,136486,40.694,6.5191,1
193156,136486,138112,167.541,7.3714,1
193440,135779,136666,112.6134,11.025,2
194026,133112,137090,46.0,4.5392,1
194027,137090,544002,88.6604,4.1307,1
194307,137291,729883,13.9821,6.2264,1
194675,137554,143792,133.6937,6.9466,1
195295,133840,137986,58.8643,9.6745,8
195725,138112,138297,6.1644,8.246,1
196009,138499,560420,261.3873,4.6158,1
196168,138620,148321,23.8537,1.0,1
196603,138934,142815,77.2852,4.6213,1
197133,139318,139532,3.0,6.7082,3
197439,139532,143549,51.0196,4.4721,3
199196,140780,153338,210.4709,6.0822,3
199288,140842,536814,37.7757,8.5497,11
199840,141237,525027,124.428,7.303,1
199841,141237,147058,67.2384,5.9977,1
202088,142815,561987,210.74,4.8139,1
203132,143587,549234,49.3761,5.6569,1
203409,143792,148037,93.1075,6.2106,1
203532,140842,143881,66.7008,8.5853,11
204179,143881,144339,61.79,6.8143,11
204440,144515,540501,52.6787,4.9849,1
205066,144339,144961,16.4317,6.7787,11
205354,145171,177764,171.3638,9.3268,1
205774,145463,247718,31.0644,4.3196,1
206315,94487,145849,48.0937,3.7743,1
206317,145849,200987,47.2123,4.2816,1
206555,146009,160524,156.6014,9.3628,3
206664,146089,147221,19.6469,4.5616,1
207850,146918,763714,158.6642,4.0941,5
207851,146918,723708,168.0863,4.9839,5
208090,137907,147086,39.2952,7.3248,1
208091,147086,361481,23.9003,5.2617,1
208278,147221,165303,355.8722,5.4157,1
208280,147222,147912,10.4881,4.1231,6
209261,147912,556100,193.537,4.1829,6
209438,148037,560458,118.0009,4.3589,1
209839,148321,298594,102.2155,3.0495,1
210590,148869,545025,46.2097,4.4126,8
210773,149002,758166,133.1202,4.0532,1
211483,149493,551455,51.6075,5.4863,1
211544,149534,556767,111.8109,8.5166,1
211899,149534,149774,470.133,11.1674,1
212140,149953,559658,63.9401,5.7439,1
212318,149493,150086,91.3783,3.8724,1
212319,150086,559295,42.3161,5.1636,1
213233,150740,748467,190.8094,7.7625,6
213705,151072,569509,84.0754,3.9495,1
214129,151369,552879,38.9102,3.3028,3
214207,151422,561622,67.0149,4.5,1
214366,151529,170728,196.9351,5.7878,1
214385,138018,151542,67.6704,7.2715,2
214502,151369,151629,8.8318,3.3028,3
214611,146009,151710,265.7386,7.4806,3
214612,151710,554792,82.5712,8.8655,3
214675,111836,151758,97.5215,5.5649,1
215264,149774,152163,171.2717,12.2163,1
215265,151072,152163,27.5136,7.8639,1
215944,147058,152631,88.9269,6.6177,1
215945,152631,155789,61.1228,5.6569,1
216936,153338,564756,49.2508,5.0616,3
217611,152980,153814,82.8372,7.0283,1
217612,153814,564500,93.5961,7.9639,1
218690,154568,731593,90.1838,4.7408,1
218692,154568,751666,71.0326,4.511,1
219248,154961,559295,38.5766,4.9936,1
219695,155279,559658,26.8514,6.9466,1
219769,155326,155714,9.8995,7.4806,11
220305,155714,156312,54.9727,5.0543,11
220317,155725,157787,39.1663,8.9091,1
220354,155751,161758,94.7154,4.0,1
220858,156106,561622,66.6408,3.7247,1
221158,156312,161482,95.0526,3.5937,11
221259,154961,156388,20.5426,3.6213,1
221601,143117,156626,73.0198,4.1307,2
221602,156626,162675,76.4991,3.1623,2
222888,135858,157554,64.8879,2.7247,1
223225,157787,174404,214.2429,3.0275,1
223988,158350,160496,44.0908,5.8661,8
224007,158363,573265,93.6518,6.0092,2
224983,159066,570871,9.3452,5.2175,3
225264,151629,159265,107.912,3.3028,3
225266,159265,572327,26.0704,3.3839,3
226179,159918,572303,14.8261,5.2631,1
226984,160496,167715,92.0543,4.8408,8
227028,160524,160526,78.8162,9.5306,3
227470,160834,560999,95.0099,6.3638,1
227471,160834,164542,113.7849,5.7118,11
227472,160834,162077,68.8549,6.1203,12
227697,155789,161001,91.6133,3.9921,1
227699,161001,163229,20.4695,3.5291,1
228803,161758,581555,82.3603,3.7361,1
228907,161833,342330,165.6432,6.2838,41
228908,161833,370102,82.4864,5.0043,41
229201,162053,583830,93.4248,2.7247,1
229233,162077,162168,69.0724,5.3033,12
230064,162675,164241,43.7734,2.9954,2
230243,162795,165835,39.8246,3.7025,2
230830,163229,168627,45.3982,2.7763,1
232132,164155,166269,109.476,5.4,1
232133,164155,585297,264.8312,4.3574,1
232357,164317,173137,120.9858,4.6904,2
232358,164241,164317,102.7289,3.7594,2
232675,161482,164542,51.7204,4.729,11
232986,164769,634739,88.3138,4.4126,1
233239,164936,254435,53.1601,6.2901,1
233644,165233,165731,8.775,7.2536,1
233736,165303,589705,125.2537,5.9522,1
234332,165731,167767,68.0808,5.8078,1
234581,164186,165914,86.0,4.148,1
234582,165914,168526,89.7329,3.9241,1
234589,164186,165918,145.1379,5.8452,1
235869,166821,168502,20.7123,6.3723,12
236066,151542,166966,106.3438,7.5667,2
236966,159918,167604,91.6788,6.03,1
237006,167633,579102,75.6461,6.085,12
237007,167633,582466,22.0,5.465,12
237036,165233,167655,45.2327,5.3782,1
237037,167655,170938,33.3017,3.4758,1
237192,167766,581028,63.901,2.639,1
237194,167766,167767,10.0,3.285,1
237458,167949,757411,183.7044,7.129,2
237459,166966,167949,12.1738,6.8896,2
237568,167604,168029,4.6904,4.9497,1
237569,168029,170162,26.6458,3.6213,1
238227,168502,174957,83.8928,6.458,12
238264,168526,582922,18.0185,4.1213,1
238587,156106,168755,140.922,4.7603,1
239805,169638,588951,39.2895,3.3839,1
240263,169972,579643,72.2995,4.1069,1
240265,169972,171595,43.0813,4.4721,1
240387,168755,170053,14.8997,6.7759,1
240522,170015,170162,8.0623,3.3708,1
240834,170375,595337,99.925,5.6436,8
241086,170053,170552,21.9545,6.1127,1
241338,170728,211685,266.4772,4.9936,1
242282,171402,182582,277.4185,5.692,1
242283,171402,171923,15.6844,6.0202,1
242290,171408,783177,198.7433,3.6503,1
243047,171923,174318,96.2601,4.1078,1
243461,170015,172224,25.1595,3.7417,1
243675,172224,172375,3.3166,3.6736,1
243760,172439,759425,41.829,8.0711,2
243895,172538,582671,66.8423,5.1881,1
243897,172538,175542,49.9099,5.9009,1
243979,172589,754527,53.8191,5.2631,6
244112,170938,172681,90.0722,2.1213,1
244213,172748,593291,55.269,6.1056,3
244214,172748,181700,163.7254,7.3805,3
244333,172838,762666,46.5868,5.0378,1
244449,172922,600633,101.3427,6.3364,8
244604,173036,587524,218.5986,5.1833,2
245122,171408,173399,52.4982,3.7361,1
245123,173399,762311,38.4043,4.5822,1
245243,172375,173479,13.9284,3.0275,1
245331,173543,176160,119.3901,3.8172,1
245347,173555,174127,87.8692,4.9839,1
245348,173555,593243,9.4634,6.7237,1
245416,170375,173614,59.975,6.7428,8
245417,173614,600633,100.6164,6.7428,8
246226,174198,592117,16.4992,3.0811,8
246227,174198,596492,38.9041,3.6795,8
246307,173036,174255,431.0151,8.4259,2
246422,174338,588577,85.0098,3.5355,1
246423,174338,596135,25.4264,3.285,1
246510,174404,175864,18.0,3.4042,1
246583,174462,597470,123.7026,4.2426,8
247299,172922,174957,322.8994,5.8303,8
247300,174957,177216,33.6155,5.7865,20
247625,170552,175187,110.0318,6.0738,1
248433,175780,175878,7.1414,6.1644,2
248557,175864,177073,60.9672,4.4155,1
248581,175878,184953,171.1198,6.8571,2
248985,176160,176251,41.4488,2.9954,2
249129,176250,595415,14.3488,4.2737,2
249131,176250,176251,36.0555,2.9954,2
249766,176688,596950,30.4576,10.8361,1
249767,176688,598458,24.6082,14.1072,1
249769,176690,596950,13.3666,10.6217,1
249809,176721,604562,83.7317,4.0388,1
249944,176817,770510,65.554,5.2631,1
250131,94545,176945,151.6872,3.4758,5
250317,177073,596947,30.1478,3.6503,1
250446,177170,608413,183.9761,5.2881,3
250527,177216,607663,69.2613,7.3006,20
250609,130015,177269,64.1397,19.2049,1
251049,177572,599750,64.9102,3.3708,20
251221,177703,597451,13.0384,2.118,1
251272,172439,177737,40.1954,7.0622,2
251273,177737,187316,81.0521,6.2503,2
252447,178577,615326,149.228,5.4274,20
252579,178663,293929,17.9165,2.7247,1
252607,178682,182145,73.1065,5.9036,1
253111,177703,179032,22.5167,2.8028,1
253152,179065,181700,75.213,6.6472,3
253153,179065,609750,130.289,4.8723,3
253408,179239,262702,160.2547,7.129,5
254076,179678,204260,310.8022,4.1231,2
254144,179726,185194,86.6025,4.5708,1
254505,179981,182861,141.1205,5.4909,1
254506,179981,608200,56.0987,3.9495,1
254554,180013,603331,92.293,5.381,1
254963,180308,589720,146.6011,3.3028,1
255051,180369,609962,361.1125,4.4689,1
255350,180598,187393,77.1919,2.4472,1
255693,180845,261968,492.5802,4.6623,2
255694,161934,180845,65.2908,6.217,2
255705,180852,764671,29.5391,4.1078,2
255706,180852,210888,196.624,3.9495,2
255813,179032,180933,19.4165,3.6736,1
255848,180951,255057,90.1887,3.0811,1
255849,180951,254699,43.0878,2.9142,1
255965,181032,268607,139.6048,4.8599,1
256600,181485,184750,32.5883,4.0233,1
256644,181515,181617,33.0303,2.8284,1
256663,181527,367931,13.1106,8.6533,1
256797,181617,604493,14.7723,2.9142,1
256927,181708,187946,152.3483,4.7361,1
257331,181985,608227,53.0377,4.3203,3
257483,182093,649691,373.951,6.3364,1
257993,182456,754071,72.6972,3.7936,2
257995,182456,187316,58.6714,5.9667,2
257996,180933,182458,54.6443,3.452,1
257997,182458,604493,6.1283,3.0811,1
258005,182465,595870,117.5089,4.9839,1
258007,182465,614901,143.5775,5.0299,1
258149,182564,182861,143.0664,5.734,1
258150,182564,609700,91.6624,5.6506,1
258173,182582,183165,10.8167,4.1829,1
258515,182813,612608,141.9143,5.9137,3
258516,182813,187457,120.0208,6.2264,3
259008,183165,186894,43.9318,4.1231,1
259168,177269,183281,21.9317,16.228,1
259171,183281,183282,8.9486,15.2362,1
259214,183312,190014,76.7776,4.899,1
259215,183313,607663,181.9729,7.5543,20
259620,183598,211494,35.4657,6.117,1
259621,771,183598,13.263,6.7016,1
260109,183939,766194,12.8062,2.5779,1
260111,183939,772500,3.1623,2.2882,1
260248,184038,186728,91.766,4.6111,1
260249,184038,609962,40.9295,5.1476,1
260287,181527,184067,8.2597,7.6533,1
261222,172589,184755,65.6011,6.2838,6
261223,184755,192844,60.5145,5.5822,5
261472,184953,196750,210.7748,6.9372,2
261713,182145,185129,113.5542,6.085,1
261800,185194,186494,21.4243,5.1881,1
263976,186724,187457,21.6795,7.2592,3
264027,186758,611910,5.8214,4.7541,3
264218,186894,613305,19.5363,5.9667,1
264912,187393,770323,85.7419,2.2802,1
265221,183593,187618,52.5456,4.5813,1
265502,185385,187818,41.5331,8.2382,2
265673,187946,191152,57.0263,6.1056,1
266220,187553,188335,16.2481,4.6856,2
266221,188335,618003,68.8549,4.9495,2
266234,188346,193787,31.009,5.3735,1
267104,186243,188975,96.6448,6.8596,1
267662,187818,189402,17.4642,6.6296,2
267663,189402,620007,62.2629,4.4954,2
267745,189458,631183,186.5422,8.437,3
267809,189506,613555,113.5634,4.1231,1
268511,185129,190014,32.0919,5.985,1
269191,190498,763338,101.2308,10.6524,1
269192,190498,773621,5.0,10.3581,1
270702,183593,191597,52.635,4.4665,1
271660,192277,623845,29.8412,4.7405,1
272342,191152,192740,43.1161,8.0777,1
272410,192795,763714,74.2586,5.6433,5
272468,192844,784594,121.0482,4.0,5
272731,193027,619716,96.1763,5.4312,3
273677,193695,618003,72.904,5.1926,2
273678,193695,205659,181.3202,4.9286,2
274809,194489,811179,205.5821,10.217,2
275288,194815,630031,102.3778,8.7067,1
275346,194856,198862,55.2359,2.118,1
276263,195432,625703,74.788,10.0729,1
276853,195850,626468,7.1764,6.2281,1
276854,195850,627841,11.1654,7.0801,1
277253,196140,627851,21.7537,3.8724,1
277254,196140,628390,14.3089,3.7913,1
277744,196492,628787,24.6419,2.9889,1
278113,196750,197921,42.4971,7.7991,2
278373,196927,642929,157.1829,5.8549,1
278375,196927,196928,2.2361,5.1421,1
278895,197312,627841,64.8742,9.6076,1
279368,197647,200548,38.8072,3.9921,1
279736,197921,645758,136.0772,8.5419,5
279737,197921,197922,7.0,9.6368,3
279738,197922,631183,8.0208,9.5,3
279832,197994,219850,197.5095,11.3284,2
280517,198479,801324,231.5131,8.0707,1
280518,198479,779781,22.6127,8.8589,1
280967,198813,629169,45.6715,4.3509,6
280973,197312,198817,141.3506,8.7202,1
281610,199258,309519,236.6335,17.1074,1
281611,183282,199258,46.5533,18.3618,1
281624,199265,643331,176.6481,6.4128,2
281936,199497,261968,308.8597,6.5164,2
282327,199766,631762,80.6674,2.3028,1
282408,199830,627822,28.0595,2.5,1
282409,197647,199830,31.3209,3.3708,1
282671,198813,200003,11.7473,3.7199,6
282818,198817,200108,81.9573,9.3309,1
283172,200368,783057,6.6249,6.2264,1
283424,200548,642286,46.2241,6.364,1
283474,200584,819651,218.5399,5.985,5
283603,200678,631762,15.7551,1.366,1
283604,200678,638438,42.4264,2.7369,1
284239,201154,638202,19.6129,3.516,1
285139,187618,201786,89.2957,4.6856,1
285630,200108,202136,78.9747,11.3309,1
285799,197981,202263,50.1697,4.0388,1
285800,202263,204241,40.9145,3.8643,1
287879,203746,209540,65.2772,7.717,1
288599,204260,646994,43.7493,5.5971,2
288732,204349,641525,39.3287,3.9241,1
288733,204349,204650,4.2426,3.3028,1
289158,204650,651884,43.7864,3.5616,1
289381,204810,640222,128.938,5.0079,3
289382,204810,653638,150.2605,4.4867,3
289508,204914,209015,56.4712,4.6993,1
289509,204241,204914,96.3639,3.9324,1
289766,205098,211685,111.7338,3.6213,1
289767,205098,791823,17.7576,2.2071,1
290139,205362,255834,14.1539,2.5811,3
290141,205362,225255,177.0311,3.0616,3
290361,205525,642920,72.2326,9.4244,1
290533,205659,647922,27.9743,5.5527,2
290743,205800,206007,50.8429,6.2429,3
291281,203950,206191,37.9078,6.6802,2
291282,206191,207910,23.6008,4.9936,2
291801,206543,638196,74.0855,7.0674,1
291802,206543,207621,19.8494,6.0346,1
293297,207621,208454,184.5779,7.5091,1
293719,207910,647922,18.7233,5.4379,2
294144,208204,210980,257.2275,7.7848,1
294381,208369,659717,46.2853,6.9567,2
294506,208454,648676,29.023,9.7358,1
295184,208925,663852,130.1661,5.8549,1
295236,208963,209265,7.0,9.0471,5
295318,209015,652428,33.4946,4.89,1
295466,209112,209540,106.3568,8.654,1
295496,209132,650991,52.832,4.2976,1
295678,209265,214573,94.7259,8.689,5
295927,209449,810169,116.1249,2.6795,1
296537,209884,660064,72.8667,4.9839,1
297438,210525,651884,10.2103,3.4758,1
297941,209449,210888,8.2597,2.0,1
297942,210888,218563,38.1532,3.0811,1
298074,210980,212878,66.174,5.8698,1
298124,211019,797944,50.8484,3.217,1
298819,129357,211494,191.1563,7.3314,1
299430,205800,211919,82.0,5.2631,3
299431,211919,666006,90.712,4.89,3
300808,212878,217052,77.5758,6.364,1
302483,214075,221258,59.8464,6.117,5
303177,214573,677062,162.0802,9.6974,5
303771,214978,818061,107.1914,3.285,1
304805,215735,224260,78.0676,3.2321,1
304806,215735,220838,74.5513,4.5605,1
306601,211687,216996,34.8409,5.7079,2
306607,216999,218563,31.6403,2.6992,1
306691,217052,663748,34.3414,7.0711,1
308351,32740,218230,156.3202,3.9142,1
308406,218268,228038,97.9371,3.217,1
308408,218268,810847,56.6824,3.3839,1
309694,219174,667735,3.6056,7.3786,6
309695,219174,224212,83.5344,5.4662,6
310807,219955,810995,72.3487,7.5822,1
311150,220214,249594,158.7862,4.1926,1
311151,218230,220214,22.7877,5.1926,1
311499,220459,229493,115.9224,6.6328,3
312026,218493,220838,26.5038,6.0688,1
312487,221172,681002,98.4237,6.2264,1
312615,221258,803956,146.3399,4.3196,5
313086,221592,253361,69.9611,3.6213,1
313941,222207,231374,234.6593,6.4221,6
315274,223160,678610,38.9915,6.2696,2
316747,224212,227480,69.5701,3.7199,6
316812,224260,811858,47.3392,3.7361,1
316996,224388,809119,16.5126,14.0363,1
316997,224388,225188,37.9075,15.9848,1
317440,224706,228901,75.9868,4.5247,3
317587,224805,677809,11.8603,5.1375,1
318235,225255,288700,80.9506,3.9324,3
319084,225839,252226,70.8025,5.0043,1
319086,225839,273685,113.3623,3.8028,1
319191,220855,225911,207.1545,5.8208,3
319192,225911,712132,153.843,7.719,4
320085,226539,811050,5.831,7.9681,1
321388,227480,228931,30.8869,4.1231,6
322223,228038,817738,40.3402,3.217,2
322320,228105,670107,243.9977,5.4495,1
322322,228105,232270,102.4988,5.1421,1
322513,228246,249594,190.0249,3.3028,1
322514,228246,243066,102.5251,3.5348,1
323435,228901,686608,105.1734,4.241,4
323436,228901,231131,42.9069,5.0079,1
323451,228913,232789,44.7772,4.5274,1
323480,228931,715859,212.3362,4.1829,6
323792,229138,810656,90.0919,4.5616,3
323794,229138,813528,25.7013,3.7247,3
324005,211019,229279,131.5088,3.6736,1
324006,229279,815470,13.5647,4.7863,1
324310,229493,742908,266.4268,6.4363,3
324413,229567,232270,199.6347,4.1926,1
324936,229956,238565,203.4552,5.8208,1
325865,230595,765675,180.9831,2.8708,1
326309,113994,230911,85.8856,2.9954,1
326311,230911,810185,52.4468,3.7606,1
326610,231130,231131,15.2643,5.0079,1
326679,231184,700807,81.1542,7.6787,5
327081,231482,232925,197.3423,3.3028,4
327275,231610,245585,77.9009,3.9822,1
327276,231610,234197,32.2375,4.4009,1
327883,221592,232035,36.3593,3.0,1
328327,232352,369761,159.6757,4.9338,1
328328,232352,382770,61.3487,3.4758,1
328406,218647,232403,22.2723,30.9911,1
328459,232442,719020,310.1836,4.8408,2
329087,5517,232884,19.6876,4.3528,1
329088,228679,232884,120.5059,5.0196,1
329145,232925,232926,14.4222,4.7016,4
329146,232926,713382,155.1043,6.0738,4
329576,232789,233236,112.7918,3.8944,1
329577,233236,703826,49.2037,5.0124,1
330918,234197,247292,305.0451,4.4009,1
331772,234809,814702,42.8563,3.217,1
332510,235352,708917,45.3382,5.0,6
332693,235477,822241,54.2942,5.651,1
332724,231374,235501,83.7257,4.3723,6
332725,235501,718235,61.0956,3.8637,6
333177,235838,241532,81.2773,7.2243,1
333468,236054,811152,135.8439,4.3528,1
333469,236054,244154,74.9696,4.6365,1
334810,237012,240875,42.0714,4.1926,6
336964,238566,725850,327.1254,7.3024,1
336965,238565,238566,45.8803,5.4312,1
337459,238920,243800,72.6774,4.8341,6
337460,238920,240875,108.2451,4.0981,6
337679,239077,240627,117.0897,6.6529,1
339886,240627,260429,48.4726,5.2617,1
340045,240728,712132,41.6733,7.5523,4
340785,241237,706873,37.4596,5.5649,4
341177,241532,254806,214.1845,5.7118,1
341588,241828,813528,59.0424,3.0275,3
341604,241839,242251,4.4845,8.7733,1
342196,42669,242251,23.5726,9.0819,1
342457,242440,322263,44.3283,6.2264,1
343203,86961,242975,163.6143,5.9595,1
343333,243066,313637,365.7302,3.7936,1
344169,243674,729596,38.1954,4.872,4
344356,243800,257787,316.4064,4.3574,6
344691,118684,244041,54.8716,6.0467,1
344863,244041,244154,64.7336,5.6993,1
345548,244653,821521,32.4842,12.6529,2
345549,211446,244653,99.213,12.3027,2
345755,244801,812376,210.4097,4.4203,1
346570,245375,254499,226.9119,6.4051,1
346842,241828,245569,38.8387,2.9208,3
346844,92089,245569,11.8322,2.9889,3
347359,105360,245938,35.8174,3.285,1
348056,241237,246416,316.2942,4.1068,4
348057,246416,729279,24.4813,3.9142,4
348569,246774,366078,326.8435,4.8987,1
348570,246774,390249,114.0424,8.3394,1
349108,243244,247150,71.7565,6.0738,6
349109,247150,742908,84.7008,6.2838,3
349110,247150,254046,53.3948,4.6158,9
349214,243880,247229,33.6489,6.3609,1
349215,73361,247229,16.9304,6.1942,1
349258,247259,780411,290.9221,5.3779,20
349308,247292,266092,28.4664,5.0043,1
349927,105360,247718,16.7232,4.6158,1
350814,248331,252642,83.2166,5.3852,2
351483,248810,719534,66.33,3.5937,1
351484,248810,715229,54.2341,3.5355,1
351721,248977,804915,197.5669,6.9432,2
351722,198215,248977,120.5847,5.2631,1
351733,94526,248986,21.7256,4.7404,1
352890,248986,249813,15.8675,7.9574,1
352928,249836,700311,16.5529,7.4758,1
353722,100878,250399,33.4847,3.9921,1
354015,157547,250597,14.6135,3.3708,2
355818,251867,254046,84.3445,4.1068,2
356337,113994,252226,50.7878,4.6158,1
356910,251867,252642,97.1648,5.3852,2
357932,250399,253361,53.0105,3.9921,1
358928,254046,756858,69.7711,3.285,11
359275,249813,254305,152.3829,6.9531,1
359276,254305,255502,12.3333,4.7856,1
359464,254435,255496,26.8597,5.985,1
359561,254499,753059,88.2893,6.562,1
359840,145463,254699,55.0535,2.5322,1
359989,254806,255512,9.8995,5.6317,5
360352,255057,302269,85.6115,5.7042,1
360734,255314,382770,57.2965,4.2865,1
360982,248977,255496,135.4064,6.7371,1
361009,255512,272463,188.5153,6.3988,5
361464,255834,257739,115.3216,4.2737,3
362016,200987,256208,9.7411,4.0773,1
362094,198215,256255,28.0337,3.4758,1
363157,257007,265003,93.1987,4.7541,4
363291,250597,257103,82.9015,4.3284,2
364195,97234,257739,120.4577,4.2737,3
364269,257787,726627,333.2882,4.9936,6
364669,258061,277510,314.9329,4.241,1
364670,258061,288700,48.6832,4.0503,3
364671,258061,642252,489.8429,4.4707,2
364916,256255,258238,116.5721,3.4758,1
364918,258238,271055,103.9185,4.3528,1
368434,260745,756003,41.8688,4.1231,9
368435,260745,265215,87.9545,4.241,9
368492,260784,763733,35.3486,9.5301,5
369580,181032,261572,91.916,4.0306,1
369581,261572,332296,56.9756,4.2523,1
369597,256208,261585,208.4136,3.9263,1
369598,261585,278937,7.7388,2.9954,1
370676,255314,262349,16.8424,4.9936,1
371177,262702,405099,90.1184,7.3852,5
372463,263608,272463,310.9051,5.7661,5
372464,263608,787656,151.1243,6.1237,5
373010,264001,780411,132.5431,4.7856,20
373011,264001,770527,41.7126,6.5372,20
373787,264529,267933,36.6565,14.2016,1
374462,265003,767560,49.3919,4.2976,4
374680,257103,265140,60.2693,5.1736,2
374681,265140,350520,101.2546,3.7594,2
374691,265150,266179,38.8962,7.8495,1
374779,265207,753059,129.9308,6.2415,1
374781,265207,772787,18.8591,5.0079,1
374791,265215,775007,51.0283,4.1795,9
375291,265588,270901,60.4594,3.217,1
376003,266075,770347,29.7352,5.4536,5
376024,266092,267252,21.6539,5.3229,1
376138,266179,287240,20.0499,4.7541,1
378624,267933,269054,24.7415,18.5678,1
378855,268091,298594,139.6724,9.6206,1
378857,268091,382529,37.5518,10.3877,1
378943,268148,271772,40.491,4.7541,1
379565,268607,274041,249.0808,5.2787,1
380201,269054,269672,4.4845,20.3657,1
381341,260429,269852,105.9355,4.241,1
381397,269891,276589,182.6937,5.2238,5
382802,270889,403856,46.1411,4.89,1
383033,271055,277908,119.478,4.3528,1
384045,271772,425718,42.6807,4.5616,1
384497,272084,405738,109.9121,5.365,1
384498,272084,399850,230.079,5.9977,1
384536,272108,383951,10.924,16.0261,2
384701,272217,277019,116.3651,16.4072,2
384702,272108,272217,84.7789,13.9949,2
385127,194489,272493,410.9102,13.2782,2
385276,272601,786847,78.8818,4.7408,5
386553,273507,509079,190.397,4.5708,2
386603,273550,606241,268.5937,9.0829,1
386605,273550,293742,210.8458,6.3985,1
386904,273758,402852,21.3073,4.4096,1
386912,270901,273764,34.4754,3.0725,1
386913,273764,404287,6.8232,3.3166,1
387321,274041,465926,67.2923,3.8028,1
387325,274045,277185,88.0139,2.9142,2
387821,274403,413629,37.7315,8.1649,1
388182,274674,467772,54.0422,4.1621,1
389046,269852,275286,77.1053,4.9338,1
389312,266075,275464,61.327,5.2068,5
389313,275464,276589,25.6905,4.977,5
389603,274987,275669,52.032,3.1796,1
390264,268700,276126,48.2804,5.1881,30
390265,26219,276126,112.7638,4.8002,30
390267,276127,756858,171.4964,3.9921,11
390268,276127,783712,47.2186,4.3574,11
390786,268148,276490,54.6669,3.9173,1
391393,276921,277185,50.5195,3.9637,2
391395,276922,277189,7.3711,10.244,1
391543,277019,434422,7.9303,20.7106,2
391772,277189,428520,7.157,11.7632,1
392221,277510,293676,158.8434,4.241,1
392767,6672,277887,115.5422,5.3852,5
392796,277908,285755,51.5447,4.89,1
393589,278472,606241,215.2317,10.4289,1
393590,278472,278582,17.0261,11.0214,1
394260,276490,278937,26.7021,2.639,1
396053,280196,406941,68.9807,4.0981,1
396054,280196,522111,65.0922,4.2564,1
396314,280373,396628,6.5574,5.9106,1
397563,281276,289382,55.2287,23.0617,1
397904,281515,467772,39.6947,5.1197,1
398450,281896,526339,180.6557,8.3637,1
398451,281276,281896,36.4117,17.0692,1
399350,282524,526339,55.847,2.7763,1
399507,282635,283214,34.0327,3.8643,1
399677,15654,282760,93.8794,4.7361,5
399678,6672,282760,27.6345,5.1926,5
400275,283177,283185,42.2019,9.0687,1
400277,264529,283177,3.5901,12.5814,1
400289,164936,283185,96.6488,6.3901,1
400331,283214,486288,12.4454,4.5616,1
400349,283225,499054,12.6359,4.4203,1
400371,283240,420566,162.3563,7.0811,5
401147,283755,405750,77.2197,5.3218,1
401149,283755,395871,19.0058,6.3546,1
401281,29920,283851,35.7362,5.3183,1
401814,284227,289095,152.0197,3.9324,1
402168,4029,284465,154.5833,5.5495,5
402169,284465,822530,21.6766,4.8408,5
402243,283225,284513,33.473,6.8796,1
402244,284513,523590,29.6367,6.6753,1
403061,285071,508742,14.3643,5.2386,1
403271,285216,286282,88.7356,4.4954,5
403272,15654,285216,24.7117,4.9286,5
404568,286134,329601,149.3516,4.999,41
404569,286134,286673,18.4662,5.1881,30
404773,18296,286282,55.2107,3.9241,5
405109,286517,287100,12.6886,6.6623,30
405314,286517,286673,87.6242,5.9009,30
405915,26219,287100,68.3569,5.5616,30
406109,265150,287239,25.1945,7.6587,1
406111,255502,287240,58.8067,5.2421,1
406957,282524,287863,57.7293,3.2394,1
406958,285755,287863,18.4412,4.4096,1
408744,289085,536934,69.5573,15.8421,1
408759,157554,289095,94.1099,3.5616,1
410343,289085,290215,11.2398,17.8924,1
410490,290317,537162,13.2539,8.1513,1
410492,290317,563489,17.2047,12.3321,1
410806,290535,563489,17.9536,14.5063,1
411232,290836,554630,9.4103,15.089,1
411770,291203,550478,4.3205,17.7989,1
412399,291653,393682,60.0083,4.6751,1
412400,291653,402379,45.6435,4.6751,1
413086,291203,292129,4.8189,17.6682,1
415006,293508,549342,83.2646,2.9142,1
415008,293508,295395,37.5292,3.9637,1
415233,293676,569893,249.5299,4.872,1
415322,293742,616450,174.3948,4.6094,1
415591,230595,293929,9.4458,3.0956,1
415608,178663,293938,12.8062,4.2386,1
415609,293938,460466,9.434,5.4312,1
417608,295395,297426,158.4656,5.4218,1
419705,296845,598435,43.0705,6.0458,1
419706,296845,299805,25.4572,9.6315,1
420238,265588,297235,80.8799,3.6736,1
420239,297235,298711,5.9161,3.9324,1
421288,295073,297993,27.6742,5.1569,1
422326,298711,324113,19.6723,5.0196,1
425128,300685,414354,81.3288,11.4452,1
425129,300685,301883,9.3402,10.716,1
425424,300891,611291,27.4143,10.837,1
425426,300891,332132,44.0964,8.6286,1
426821,299805,301883,19.4915,10.1938,1
427176,302137,470405,69.735,13.2428,1
427358,302269,454305,137.9203,6.6231,1
427566,302409,560829,72.4293,3.6056,2
427567,302409,303634,15.096,3.217,2
428270,302898,303634,195.9331,4.2865,2
429785,296345,303979,15.5724,5.7016,1
437127,309150,406850,33.3167,2.9984,1
437129,309150,407186,20.9921,4.5826,1
437659,309519,407094,13.6657,13.5227,1
438146,304077,309871,216.0694,4.4203,5
438148,309871,654017,19.2094,5.6125,5
440433,311101,311466,18.6815,4.2976,5
440951,311818,393675,72.2565,4.7361,1
441925,303141,312489,75.5248,7.4051,41
443537,270889,313637,91.0293,4.89,1
443571,313661,708744,10.9036,3.1796,5
443572,313661,318275,33.2866,3.618,5
448075,232035,316754,43.382,3.3028,1
448076,316754,349101,78.962,3.6736,1
451067,34186,318838,137.0568,5.715,5
451068,318275,318838,12.6886,4.6795,5
452150,920,319583,66.2856,4.953,1
452158,442,319588,26.1831,5.365,41
455087,321618,407191,42.0436,4.0616,1
456014,322263,366099,88.8257,5.5902,1
458432,13732,323957,11.571,2.9142,1
458659,211446,324113,195.9107,9.9222,2
458660,239077,324113,261.1417,6.5288,1
460962,10688,325759,181.6095,8.1542,1
460963,14078,325759,20.9045,6.3026,1
462117,13787,326560,87.7329,3.8106,1
462151,326581,409475,12.161,4.3198,1
462246,326646,401758,46.6833,4.241,1
463937,327836,330670,173.0061,12.2082,1
464020,16235,327897,39.4884,10.1446,1
466429,303141,329601,251.0894,6.0495,41
467705,330498,391476,70.2927,5.5495,1
467939,330670,335204,189.5073,10.7721,1
469986,332132,658499,5.1316,1.4142,1
470224,274987,332296,69.689,3.8643,1
470695,332619,351979,187.9986,6.9034,1
472730,267252,334065,18.1353,5.3229,1
472731,334065,402852,53.8516,6.03,1
474391,335243,342330,55.4707,6.6177,41
477262,78686,337250,215.9043,9.1628,1
477264,90174,337250,130.2672,9.5227,1
480193,20650,339296,32.8278,3.3028,1
480194,339296,340566,29.4491,4.4155,1
480321,24634,339385,64.2054,7.7457,1
481050,98497,339889,59.7876,6.5927,5
481051,68687,339889,4.8648,6.7371,5
481221,340011,341269,10.0499,3.1583,1
481405,340132,354409,64.4714,4.6708,1
482328,23737,340794,64.8768,4.9286,1
483286,18552,341479,89.0349,5.7154,1
484685,26752,342484,46.7404,4.872,1
486106,28164,343449,77.9701,5.0884,1
486222,343529,425879,82.6095,7.1647,5
486436,340776,343679,67.0539,6.0495,1
487360,24290,344334,18.5622,2.7763,1
487521,24807,344440,24.8663,3.2863,1
491428,107916,347171,31.7857,9.1301,1
492382,347171,347853,18.4932,10.599,1
492437,347892,403806,117.9798,3.2863,1
492677,326646,348051,95.6742,5.0517,1
494097,349101,533001,171.6217,9.8864,1
494169,347853,349163,13.9642,9.772,1
494170,349163,350948,11.1803,7.6261,1
496013,350452,353821,24.8395,8.2565,1
496110,276921,350520,150.9411,3.9637,2
496709,130015,350948,51.8351,13.3666,1
498157,351939,408303,52.3413,5.4376,41
498158,351939,423036,43.042,4.0388,41
498217,31503,351979,63.5767,6.7129,1
500794,137907,353821,9.3452,8.6585,1
501264,25089,354145,118.1435,8.1478,1
501265,354145,370944,132.0002,10.0288,1
501650,354409,420665,166.2775,5.7614,1
501654,354412,430365,178.1731,2.9208,1
511736,361481,366879,30.0333,3.4042,1
512417,31397,361970,65.7064,7.8589,1
513853,362968,382374,152.6619,6.0766,1
514928,363765,366720,30.5259,8.4161,1
515613,362968,364257,8.3894,6.7986,1
515614,38297,364257,23.2427,6.2747,1
517773,365800,393675,171.1286,5.7016,1
517774,103796,365800,141.8379,6.2016,1
518139,188975,366078,264.7685,5.6894,1
518879,366597,415303,19.0496,3.285,1
518880,366597,398727,33.5469,4.4203,1
519274,184067,366879,15.9757,4.7247,1
519809,11639,367257,773.8717,9.3665,1
522476,366720,369125,16.1469,8.9301,1
522477,40775,369125,25.1595,7.5452,1
522954,41496,369447,68.9895,5.7748,2
523391,186243,369761,32.0035,5.7007,1
523882,370102,397715,227.9364,3.9822,41
523908,370121,376512,60.3541,8.1771,1
525471,57950,371195,444.475,6.3541,2
529070,51904,373724,149.9278,4.7856,2
532055,44264,375854,28.4341,3.6427,1
532056,48668,375854,67.4426,4.0306,1
532076,375864,383737,131.6772,7.8384,1
532994,50391,376512,113.9049,7.4407,1
533054,46383,376555,41.9166,8.7792,1
536253,215542,378878,8.2765,32.8929,1
536254,378878,378879,2.0,33.5238,1
536255,378879,379042,11.3578,32.0057,1
536481,379042,379577,7.0,28.1075,1
537953,380067,427265,91.5871,7.0809,1
537955,380067,419526,61.2343,6.3406,1
539621,45735,381248,5.5976,1.8251,1
539622,49416,381248,65.5261,3.618,1
540708,45416,382001,15.8535,4.2523,1
540960,376555,382178,37.7521,7.9641,1
541156,45431,382322,41.62,5.9545,1
541196,382344,698318,40.7538,22.0344,2
541466,382529,408193,22.8254,5.8166,1
542634,383342,384877,15.6808,12.468,1
543193,383737,390079,53.1247,5.7996,1
543242,215542,383771,28.6793,25.719,1
543243,383771,384430,7.5498,18.6137,1
543509,272493,383951,10.419,15.994,2
544157,232403,384430,13.6928,21.8192,1
544175,52011,384443,74.4088,3.1463,1
546648,50834,386199,40.2182,4.4721,1
546649,51047,386199,30.9166,5.0124,1
546728,48803,386251,6.2093,14.1242,1
547185,385241,386584,16.5426,4.6926,1
547186,51924,386584,46.9885,4.9839,1
547189,386586,388985,32.6956,8.8526,1
547822,387052,421257,3.8586,8.0884,1
548039,387206,389472,30.0476,4.3196,2
548041,387206,395449,69.5157,24.5147,2
550014,383608,388625,66.1951,5.1926,1
552369,390249,397707,62.0161,8.4156,1
553073,51578,390733,32.117,3.2394,1
554114,391476,413409,26.0725,3.9637,1
554639,391824,396003,41.4003,14.9248,1
554970,52521,392041,19.1907,4.9936,1
555166,51306,392174,35.1331,6.4936,1
555167,54996,392174,71.7658,6.3121,1
556275,53740,392932,40.3264,2.5811,1
556281,392675,392935,43.1239,2.2247,1
556312,392675,392956,27.4449,3.5495,1
556341,51145,392974,57.0019,6.1127,1
556675,392041,393195,11.0832,6.0346,1
557398,280373,393682,29.8217,4.6312,1
557962,394114,404775,72.3855,6.443,1
558641,387382,394588,131.8876,5.4495,1
558643,394588,403663,96.1885,5.1421,1
559861,395449,407113,84.3319,28.3842,2
560057,262349,395580,27.0103,3.9921,1
560338,392677,395786,109.0866,4.1231,1
560457,395871,396293,3.7417,7.68,1
560655,388985,396003,58.6752,9.9992,1
561051,396293,399850,78.4219,6.8571,1
561179,50441,396381,104.2913,8.665,1
561481,396552,410651,77.4219,14.0061,1
561601,321618,396628,63.435,5.0822,1
562008,389472,396917,119.418,23.5122,2
562140,396917,409255,46.141,27.3691,1
562641,394248,397236,89.9914,3.1623,1
563561,392956,397907,73.8452,4.6111,1
563563,397907,400858,73.0342,4.6111,1
563943,398188,398692,6.7759,6.085,1
564244,397236,398400,30.605,3.7606,1
564245,60846,398400,41.2863,3.5937,1
564249,55735,398404,110.3343,2.8284,1
564251,398404,402191,58.0278,2.5322,1
564344,398465,398688,5.0372,1.9318,1
564345,398465,398692,5.5877,3.2566,1
564664,398688,399993,20.114,11.162,1
564718,397484,398727,51.5257,3.6675,1
565849,399496,778666,73.8461,4.0941,1
566328,67498,399828,177.2033,5.6993,1
566574,58927,399993,11.0454,17.8588,1
566972,391824,400287,139.1814,26.4192,1
567756,54996,400816,61.0328,6.9248,1
567813,57457,400858,18.9297,8.162,1
568535,56601,401369,61.7216,3.4611,1
568842,401585,411505,64.7611,2.6992,1
568843,218647,401585,124.0339,19.5096,1
569076,401758,402379,4.6904,3.8643,1
569607,402148,402711,72.3664,6.0092,1
569657,53976,402184,49.393,4.4707,1
569979,49946,402414,178.8455,5.0811,1
570147,58927,402535,7.3485,17.2756,1
570149,61757,402535,27.313,11.225,1
570242,56121,402591,142.8853,6.8365,1
570399,402711,404043,13.8163,6.1567,1
570987,61131,403136,12.1033,6.1847,1
571639,403603,406779,178.697,23.3348,3
571694,403603,410779,140.214,15.8705,1
571906,403603,426395,176.7832,28.2289,2
571935,403603,437001,144.5504,20.3026,9
572229,395580,403806,56.0892,3.9324,1
572285,303979,403843,3.7417,6.0738,1
572286,403843,405908,34.4819,4.6751,1
572305,275669,403856,26.7769,3.1796,1
572494,60300,403989,34.8887,3.6795,1
572578,402591,404043,40.9498,6.6264,1
572692,61005,404126,12.1989,6.0738,1
572772,61189,404184,106.9501,3.7361,1
572925,274674,404287,6.9442,3.5291,1
574008,343529,405099,50.7477,8.5033,5
574194,59391,405230,36.3761,3.217,1
574248,396917,405268,96.8306,24.1263,3
574252,61838,405268,6.6856,2.2321,3
574932,405738,411145,75.6968,4.6289,1
574936,405741,410917,26.5707,4.2523,1
574945,405750,406857,21.4009,4.3723,1
576449,56686,406827,52.1557,3.9115,1
576485,405741,406850,97.765,3.1566,1
576492,330498,406857,103.2657,4.5,1
576513,406779,406878,18.3734,10.1033,3
576603,275286,406941,106.2544,4.3723,1
576817,407094,413758,40.8656,15.0765,1
576848,62804,407113,10.8474,11.343,2
576949,326581,407186,18.1445,5.0299,1
576955,405908,407191,30.5941,3.8643,1
577580,403663,407620,96.4267,4.1926,1
577581,407620,412085,27.1743,7.9226,1
577670,62722,407682,18.6905,6.9352,1
577680,403603,407688,128.6392,15.8705,1
577746,61013,407734,20.2896,3.9087,1
577747,61968,407734,23.2307,6.2838,1
578412,274403,408193,11.7898,4.5616,1
578568,397715,408303,92.0054,5.381,41
579138,407682,408709,82.4958,5.8941,1
579161,397707,408725,122.5765,7.0915,1
579896,409255,411622,21.0608,8.7499,1
580513,311818,409664,82.2962,5.2361,1
581556,409475,410391,83.672,3.0811,1
581612,74379,410431,141.2409,6.5557,1
581938,410651,414832,24.6312,10.1955,1
582118,402184,410779,62.9444,3.516,1
582159,410805,412027,9.9635,6.6296,1
582161,65764,410805,23.1906,4.437,1
582642,340132,411145,41.1245,4.729,1
582855,375971,411300,78.6871,8.5105,1
582856,408725,411300,19.105,7.3104,1
583149,411505,414286,29.4788,3.2394,1
583872,411622,412027,13.3492,6.4675,1
584334,412349,413445,110.4632,9.5353,1
584388,409664,412393,45.0555,5.5495,1
584935,410391,412797,14.2478,3.7913,1
584936,354412,412797,33.4162,4.0941,1
585334,61342,413054,59.2732,11.9276,1
585394,412085,413094,29.426,12.1235,1
585659,65133,413261,4.761,4.3008,1
585868,413409,430173,95.8436,3.0725,1
585913,65330,413445,6.5574,10.1975,1
586176,413629,428520,21.6102,12.6225,1
586347,67499,413736,25.908,4.4534,1
586373,413758,478714,118.4778,17.2892,1
587057,67779,414244,42.4068,7.1756,2
587121,410917,414286,72.7393,3.4611,1
587217,402745,414354,6.2004,10.0664,1
587425,70425,414502,124.5494,5.0476,1
587644,70425,414648,74.4677,5.985,1
587916,403603,414832,124.535,20.8102,1
588576,347892,415303,39.2626,2.639,1
589367,66821,415844,11.0543,3.9475,1
589368,415844,417910,28.2667,8.2653,1
590598,65586,416732,29.1776,5.862,1
590599,70162,416732,34.0735,7.754,1
590622,348051,416747,23.2283,4.3723,1
590623,416747,504274,181.6159,3.6795,1
592834,413261,418297,42.5215,3.9921,1
592835,418155,418297,21.9192,4.3203,1
592958,67562,418386,14.4875,5.8723,1
593226,412393,418580,51.4004,4.4203,1
593328,418648,419240,12.3845,2.6992,1
593868,419022,436793,65.7647,4.5306,1
594576,412433,419526,97.7105,4.5616,1
594760,69168,419664,24.9466,5.6506,1
595349,420093,422190,111.1938,6.8632,1
595642,420300,506085,103.5133,3.9155,2
595644,274045,420300,62.3663,2.5,2
596023,304077,420566,17.9784,6.6726,5
596164,394114,420665,36.1017,7.2108,1
596293,62271,420758,161.7714,3.9324,1
596294,72544,420758,41.7732,4.8289,1
596984,418580,421257,22.5167,5.776,1
597312,418710,421491,37.6552,6.5557,1
597313,421491,422706,11.31,6.5557,1
597594,66725,421674,79.3347,9.5954,1
597595,71832,421674,21.0238,14.244,1
598207,397484,422111,30.7842,3.618,1
598208,420093,422111,48.3552,5.458,1
598320,422190,426069,142.756,5.4051,1
599489,423036,443131,58.9887,5.3383,41
599796,423244,426395,143.3727,30.9828,2
601194,424163,424164,75.0193,3.9637,1
601195,78222,424164,95.1245,2.5322,1
601638,424474,431223,139.4453,6.2838,1
601737,71612,424553,31.2659,3.7913,1
602407,70730,425039,33.7573,4.4954,1
603595,425879,436049,57.7668,6.0467,5
603861,419022,426069,54.7936,4.3723,1
604566,417203,426569,62.7237,11.6853,1
604636,418386,426621,97.4303,7.4159,1
605350,425039,427114,61.3442,4.3509,1
605576,427265,431436,45.0,6.0688,1
607289,95015,428367,145.0924,28.0043,1
607375,428429,430272,77.7749,5.2208,1
607445,428466,437920,44.5191,13.2321,2
608242,404775,429045,42.595,6.0738,1
608243,429045,455859,43.1239,5.2631,1
608366,27756,429133,78.3246,5.7748,2
609245,429781,434057,67.5985,7.4952,1
609270,429797,434333,25.7294,6.0869,1
609811,76411,430164,6.1914,4.241,1
609821,424474,430173,117.8898,4.8599,1
609922,429797,430239,40.6571,6.6139,1
609972,430272,431208,20.0508,5.0517,1
610106,430365,496607,120.1189,3.1796,1
611275,431208,432547,23.0024,7.5627,1
611293,431223,436417,103.0776,7.1133,1
611419,82407,431314,56.1931,7.9713,1
611583,431436,434227,18.3848,6.669,1
611612,387052,431456,87.141,11.8155,1
612976,76411,432336,18.3485,4.4707,1
612989,80382,432345,41.604,2.3428,2
613277,432547,433922,17.3654,8.8737,1
613590,432757,433566,13.2539,4.1815,1
613591,432757,433686,10.0222,4.1815,1
613944,82582,433013,117.2656,7.6787,2
614822,78525,433560,4.9216,4.2913,2
614828,78525,433565,8.6987,4.8894,2
614829,432272,433565,25.4425,13.5182,2
615131,427114,433781,93.3646,4.5306,1
615236,433855,436740,46.2781,5.2493,1
615333,79463,433922,7.5056,8.0239,1
615529,434057,460148,209.2362,6.8182,1
615763,434227,437943,48.7647,7.3761,1
615903,412433,434330,35.1094,4.5616,1
615904,434330,459653,42.7574,4.1583,1
615965,428466,434368,43.3854,20.7454,2
615966,432272,434368,42.4168,19.5515,2
616038,278472,434422,38.5746,16.3618,2
616593,434828,455859,15.4272,4.511,1
616594,434828,437084,44.1135,3.8637,1
616619,433560,434843,32.4084,4.3452,1
616620,434843,435560,5.3619,4.7947,1
617154,78222,435224,27.0,2.9208,1
618356,433686,436070,40.8262,3.3132,1
618966,436070,436508,43.414,2.9954,1
619180,424553,436655,118.7233,3.7913,2
619309,436740,447965,122.4817,4.1621,1
619716,82058,437001,11.7992,10.4003,9
619843,437084,437627,52.2398,4.3723,1
620385,437469,437627,23.0434,8.057,1
620434,436508,437502,11.4964,3.4758,1
620436,437502,445410,65.5468,4.89,1
620669,437654,454572,248.4952,6.562,1
620670,436417,437654,34.7275,8.0932,1
620761,86570,437722,130.7899,7.8256,2
621035,82257,437920,5.1345,1.8251,2
621290,81523,438091,44.0227,5.7865,1
621291,85986,438091,51.3387,5.0196,1
622469,438891,468076,31.143,4.3196,1
622470,438891,450830,183.9212,3.1796,1
623232,439422,443131,75.8112,5.4064,41
623309,428367,439469,63.8421,21.0428,9
623317,426569,439475,107.9069,7.5927,1
623712,68563,439747,325.4844,6.7045,1
623719,82107,439751,30.3315,8.4186,1
623738,78109,439765,157.0294,7.4634,1
623931,439765,439897,8.076,8.2063,1
624317,440114,527428,88.9096,21.1264,1
624390,440114,451124,125.814,23.0953,12
624672,434333,440278,52.1057,4.148,1
624844,439422,440394,22.0,5.2249,41
625441,80174,440796,131.6802,4.977,1
625477,85977,440821,130.8179,2.2071,1
625978,83056,441174,84.0569,3.1463,1
625979,441174,447006,84.2094,3.4641,1
626002,441185,441277,28.3255,4.1583,1
626144,85988,441277,75.4844,3.0725,1
628651,83790,443049,22.1133,3.4758,1
628652,443049,447864,45.5546,3.0616,1
628905,436793,443238,69.7209,3.7796,1
628907,443238,511102,55.3915,3.6213,1
629218,89101,443454,66.7807,8.0711,2
629760,440796,443834,42.6562,4.4068,1
629809,89658,443867,48.5558,3.0725,2
630923,443834,444651,122.6485,4.4665,1
630950,444672,456279,137.3499,3.285,1
631656,84687,445175,54.9626,2.5322,2
631657,443867,445175,71.3528,3.0725,2
631993,87247,445410,9.0554,4.89,1
632308,138700,445643,71.9491,5.7913,1
632486,445766,532246,78.177,5.1926,35
632487,445766,563462,83.8014,4.9495,35
633130,441185,446209,44.7151,5.7016,1
633493,446470,452359,87.4586,6.5897,1
634079,87201,446865,38.0832,5.7748,1
634494,447006,447166,27.1252,2.8501,1
635077,447584,454066,96.8194,2.7247,1
635078,447584,452007,59.3127,3.7361,1
635265,101571,447715,281.1743,4.511,1
635469,447864,451681,53.6513,3.2361,1
635557,447715,447922,76.1439,4.999,1
635558,447922,468773,197.7852,5.2881,1
635621,89809,447965,21.2525,3.9324,1
635712,89306,448023,173.859,8.3708,1
635716,95004,448023,64.245,10.2417,1
636229,448382,450550,66.7938,4.6158,1
637084,85986,448981,37.2514,5.2631,1
637259,436049,449099,94.5992,10.5305,5
637798,88077,449481,141.8802,7.1455,1
637799,90137,449481,14.4568,7.1067,1
638308,448981,449837,127.8028,6.2838,1
638473,449955,526737,42.9328,14.6732,6
639084,437469,450382,110.4446,10.2468,1
639085,449955,450382,201.1119,11.7432,6
639727,450830,451007,55.3263,6.1847,1
639982,440394,451007,75.7232,7.4772,41
639983,450382,451008,7.0711,10.738,7
640139,451119,452359,80.3921,6.3668,1
640147,451124,524977,33.9687,21.2398,12
640150,451008,451125,7.6811,11.3129,7
640872,91320,451614,42.4588,4.6751,1
640905,93085,451638,349.0907,5.1926,1
640962,89975,451681,9.2534,5.5902,1
641361,451580,451962,11.5133,2.8831,1
641419,452007,456004,75.6108,3.6503,1
642300,451007,452620,20.3224,9.485,42
642301,452620,452959,8.0623,11.0408,8
642524,452620,452775,38.4838,13.8766,50
642525,452775,456269,84.9176,10.636,1
642770,451125,452959,121.396,11.4017,7
642916,453061,570539,95.6696,2.9142,1
643015,86820,453123,54.3047,4.0503,1
643673,447793,453596,231.7822,6.3224,1
643761,95657,453659,60.7691,4.3203,1
644366,439747,454086,227.749,7.2715,1
645035,454572,502466,62.6711,8.9031,1
645310,402745,454763,31.8294,7.2598,1
645354,92927,454789,23.8024,4.4707,1
645491,454882,455554,54.1572,2.7247,1
645907,100937,455189,151.4199,7.7016,4
646387,455554,456269,9.1104,3.6213,1
646404,90337,455567,41.688,3.9173,4
646405,96251,455567,81.6041,4.7541,4
646410,455572,456572,41.073,4.9839,1
646411,94006,455572,56.7154,4.1621,1
647006,456000,457274,29.0517,3.7913,2
647026,453022,456014,69.1825,5.0196,1
647573,93350,456403,26.217,3.7913,1
647697,456486,552078,4.8189,47.3937,12
647822,456014,456572,61.9254,4.7541,1
648058,456737,539706,63.2289,6.6978,1
648059,456737,461548,181.6976,8.659,1
648792,457274,461103,60.9754,2.618,2
648937,457378,461393,42.8393,14.6391,1
649152,457533,457740,4.3461,10.5097,1
649460,93981,457740,11.9722,10.1837,1
649611,452775,457845,91.1811,27.2364,51
651915,459402,463594,31.5595,3.3997,1
651916,459402,459403,8.2462,4.9839,1
652269,459653,468076,26.6905,4.8599,1
652691,101571,459954,137.46,4.4068,1
652968,460148,465434,128.5191,7.2911,1
653442,24516,460466,47.6445,5.1421,1
654308,461096,565272,65.4896,3.6503,9
654309,461096,601277,105.9885,3.285,9
654727,97639,461393,19.5448,18.8137,1
654939,461548,607232,122.9654,8.8984,1
655539,456403,461966,54.3533,4.5826,1
657001,96807,463008,33.1092,2.9889,1
657864,463594,570539,20.9603,2.2071,1
658864,102593,464302,118.3117,5.1029,1
659153,463008,464502,32.8033,4.4203,1
660068,465139,584289,64.4386,4.4707,16
660069,465139,603268,118.1948,4.3528,16
660326,465335,478714,140.5347,14.6841,1
660327,465335,475111,57.463,10.7167,1
660486,98586,465446,26.3507,6.6115,2
660603,461966,465523,48.812,3.7913,1
660604,465523,470030,39.3926,4.3284,1
661194,465926,494212,21.5639,3.5348,1
661841,466386,587121,46.1591,2.9954,19
661857,466396,584289,3.9158,4.241,16
661858,466396,589109,22.9903,4.6596,16
662149,466598,467155,124.6658,6.2244,1
663049,467234,470436,57.8753,5.8036,1
663477,467533,504294,333.6937,12.2782,1
663478,467533,475770,76.6094,11.3137,1
663916,278582,467852,44.2192,9.449,1
665229,468773,470316,19.976,5.979,1
665891,469216,599003,104.7903,2.9208,19
665892,469216,622382,145.5526,4.0761,19
666463,469644,476010,146.1677,3.9115,16
666697,469813,595581,31.6696,3.3708,1
667017,105929,470030,75.6527,5.1736,1
667026,470036,579139,52.0665,6.8416,2
667027,470036,607769,74.7633,6.6401,2
667438,115850,470316,302.8129,6.8111,1
667571,470405,609805,56.4995,8.9175,1
667614,470436,473794,87.1863,5.0476,1
667756,453596,470525,226.9626,5.6454,1
667757,470525,621535,146.5662,6.4363,1
667767,465446,470530,71.3507,5.4762,2
667768,103901,470530,33.4465,2.2802,2
667813,470560,608129,99.368,4.0616,19
667814,470560,646931,263.2078,4.511,19
669091,103201,471459,30.1275,3.618,1
669348,467275,471637,111.8238,5.3229,1
669425,102593,471690,41.7532,4.3528,1
669426,103678,471690,13.1022,4.3528,1
670321,472123,472330,41.1218,8.1126,2
670753,105142,472641,54.1695,4.0495,1
671519,471459,473192,36.3899,4.7913,1
672037,473561,483717,117.9628,6.4803,2
672361,473794,480108,73.9226,5.4704,1
673235,472330,474406,66.9776,6.772,2
673858,474851,475493,12.6886,6.4026,2
674223,475111,638478,103.7202,11.8574,1
674513,475310,479420,55.9375,4.4707,19
674554,99630,475338,125.7537,4.3509,1
674555,109973,475338,363.6463,4.4246,1
674784,475493,609189,8.518,6.5534,2
675211,475770,633581,107.9745,8.2525,1
675553,476010,478972,26.9258,5.1375,16
677569,477430,481992,49.3356,6.2417,1
677695,477043,477529,17.8466,6.2106,10
679151,107352,478552,20.4668,5.1438,1
679771,478972,487014,120.756,5.6506,16
680419,479420,622382,65.9411,5.1375,19
682921,481161,482216,40.6694,3.4611,1
682922,481161,493462,113.3975,3.6056,1
683444,108614,481524,12.06,7.7449,4
683445,481524,488443,95.649,6.6296,4
683749,481739,485311,36.7287,9.4207,1
684113,481992,656868,101.7071,8.2969,1
684131,482003,619020,52.294,3.4093,16
684448,482216,483424,68.2715,3.3904,1
684822,106293,482495,63.9427,5.5317,1
685579,483027,483217,4.2866,5.458,1
686570,483709,490050,83.0385,4.899,1
687394,484309,486865,83.2074,6.0355,1
687485,484373,675650,185.0604,2.2361,1
687723,431456,484542,102.104,16.7014,1
687724,484542,485541,10.8883,16.7178,1
687755,484561,490504,92.6961,6.7082,4
687828,113911,484613,162.39,5.0495,1
687892,481990,484660,18.412,3.118,9
687893,484660,653732,219.3528,2.2361,9
688808,485311,633785,12.8965,15.3601,1
689571,485855,490062,53.4052,5.9106,1
689796,482495,486014,200.7359,3.8724,1
690185,281515,486288,12.741,5.3284,1
690790,112177,486727,50.9967,4.9495,1
690791,486727,491085,170.0008,6.7426,1
691208,487014,490945,89.95,5.4312,16
691970,112951,487554,23.4236,8.6446,1
692284,487554,487786,63.4711,9.273,1
693121,110466,488390,45.6575,9.8648,8
693553,488700,489485,19.2873,4.9497,19
693554,488700,488971,12.0416,3.5355,19
693835,473192,488889,133.944,5.2913,1
693836,488889,507170,215.8726,8.315,1
693947,488971,660425,176.9093,2.5322,19
694658,489485,646931,66.6408,5.2779,19
695160,483717,489848,141.5643,6.151,2
695161,115174,489848,87.0153,3.3723,2
695451,490050,498573,109.7882,4.999,1
695470,113911,490062,57.6859,5.3779,1
695481,105395,490070,143.8178,4.7194,2
696120,490504,495360,68.9534,6.5945,4
696344,114391,490663,13.8764,7.7021,1
696743,490945,494699,100.3095,5.6967,16
696943,111019,491085,120.7439,8.6015,1
698493,488443,492179,131.2062,5.6506,4
698494,492179,495360,52.6435,6.1984,4
700004,114391,493218,50.0899,7.6712,1
700005,493218,496714,47.7377,7.7054,1
700362,493462,494536,9.6437,4.2523,1
701853,494536,660613,58.7055,4.899,1
703226,124786,495538,188.8147,5.3852,3
703908,488390,495998,109.1429,7.9957,8
704642,485541,496518,37.4759,15.0816,1
704773,444672,496607,55.2922,3.4758,1
704923,117889,496714,36.5224,6.7564,1
705342,88408,497013,658.8614,6.1742,3
707186,495998,498284,26.9588,6.1071,8
707714,117889,498644,52.1217,5.4274,1
707715,120517,498644,69.395,4.4665,1
708308,273685,499054,78.3794,3.8708,1
709746,500050,695040,220.1757,11.2483,2
711345,295120,501189,85.3418,6.4031,1
711346,454305,501189,97.0,5.7016,1
711507,501301,665782,51.2174,8.3847,2
712017,282635,501680,16.7631,3.9241,1
712056,127130,501706,231.5822,5.1636,1
712868,502296,506093,25.9808,15.8533,1
714999,118876,503786,104.5241,7.3434,10
715409,504065,514955,117.1239,9.1891,2
715720,502466,504294,10.1187,10.9031,1
716315,504696,700311,235.1935,5.0707,1
716316,445643,504696,37.9737,3.7913,1
718285,506085,524891,84.3564,4.4155,2
718298,506093,508988,24.779,14.0992,1
718364,506144,642237,108.6922,7.1133,1
718365,506144,510004,26.3818,5.7748,1
718685,437943,506369,89.9174,6.8896,1
718686,447793,506369,77.9379,7.3852,1
719293,506819,511231,43.359,2.4472,19
719790,122821,507170,17.9444,10.315,10
722061,501680,508742,10.6771,4.8599,1
722415,508988,675603,14.5144,14.3191,1
722546,509079,554368,121.1693,5.1421,2
724623,510537,673583,4.8189,4.0,1
724624,510537,684301,81.6313,3.7321,1
725595,511231,513960,40.5709,4.2737,19
727170,512354,518210,124.29,7.8229,16
727750,504274,512781,22.7181,5.2617,1
729408,513960,525583,174.1867,4.8139,19
729414,498284,513964,187.2117,6.8904,8
729415,513964,519297,40.9715,6.6115,8
730788,514955,693056,93.3696,8.357,2
735445,518210,537569,448.3514,6.1984,2
735446,518210,533921,178.4152,5.0431,14
736198,517073,518743,62.5504,7.0707,1
736656,496518,519057,143.4197,16.5023,1
737439,519604,525202,97.7724,4.8341,1
739253,129337,520885,29.4147,7.9169,1
740984,522111,568511,35.0143,3.1583,1
741033,285071,522143,11.8743,4.6795,1
741034,290535,522143,25.9808,9.3034,1
742891,523461,677512,72.7393,3.9142,1
742892,523461,706253,224.8933,3.4758,1
742897,523464,685548,45.5887,3.5348,9
743075,523590,549342,110.8061,3.8452,1
743662,131260,523992,25.186,5.9402,1
744604,523992,524654,29.9096,7.7016,1
744605,134991,524654,46.0202,8.437,2
744920,524891,560829,53.4228,3.3028,2
745007,523464,524957,79.7371,3.9115,9
745008,524957,695806,10.1796,5.1375,9
745046,524977,550659,46.6743,32.6323,12
745126,130089,525027,44.4785,9.9102,1
745601,161934,525367,30.293,8.654,2
746030,525679,693842,27.8747,10.2824,2
746357,525899,693839,23.1795,12.1798,2
746980,525679,526336,50.0999,9.5353,2
747542,519057,526737,69.8323,17.147,1
747543,449099,526737,15.5849,15.2541,5
748507,527426,572989,102.2736,4.2865,35
748717,527578,690625,45.6034,5.4,1
748733,527591,715000,111.9271,5.9329,1
749250,138934,527953,82.0427,5.7016,1
750055,139318,528524,69.3433,7.5074,3
750867,440278,529089,72.9452,3.6056,1
750868,453061,529089,37.0135,3.217,1
752522,530250,706381,48.1271,3.9921,1
752946,530549,695806,30.3912,4.0761,9
752999,527426,530584,61.9399,3.217,35
755259,511102,532224,116.3911,2.2071,1
755290,530584,532246,9.4986,4.4954,35
756342,135365,532974,68.6319,7.3761,2
756343,532974,551497,162.4422,7.5822,2
756378,290215,533001,31.4219,16.6614,1
756578,533135,703397,4.1003,8.0761,2
756634,132883,533178,123.0226,7.1585,11
757645,533921,537135,23.4307,4.8028,14
758360,534425,538273,47.7179,3.5616,2
759453,530549,535198,62.498,3.2394,9
760501,137986,535937,28.0119,9.9137,8
760863,536190,541426,74.686,4.0388,1
761497,536627,693515,173.5206,4.7608,19
761499,536627,541945,53.5257,3.8643,19
761776,533178,536814,99.4675,6.3284,11
762031,536995,706381,13.78,3.6736,1
762249,537135,554101,235.508,4.8708,14
762292,290836,537162,24.9395,11.6573,1
762846,537569,544541,112.7874,4.3723,2
763429,535937,537978,61.5666,8.3012,8
763520,143587,538045,65.0068,4.6213,1
763734,538187,553210,69.606,2.7763,2
763853,538273,710173,221.0804,3.0,2
764155,140780,538482,5.9907,6.1236,3
764623,538806,540154,72.9589,4.8002,9
765911,512781,539706,55.2228,6.2445,1
766448,540090,711512,9.9163,2.118,1
766545,535198,540154,80.6288,4.8599,9
767024,138297,540501,130.2928,7.724,1
767565,540867,541973,76.3937,3.3028,19
767566,540867,715980,29.6816,3.6056,19
768379,541426,715471,34.7067,5.3183,1
769096,541945,721966,54.867,5.4527,19
769356,542131,710115,31.3475,8.2353,1
771008,543281,545294,72.4086,2.5322,19
771540,543648,715457,13.136,5.521,1
771541,543648,545618,43.9431,4.2426,1
772272,544152,701696,138.0105,3.4632,1
772797,544517,572392,234.4973,3.9921,1
772833,544541,546169,25.1595,3.217,2
773193,544804,549110,67.8307,3.5348,19
773204,544815,716301,83.8193,4.1926,19
773874,545294,546197,6.1644,2.2802,19
773971,545366,693620,163.2564,14.7565,2
774204,537978,545537,104.8353,6.8723,8
774994,545025,546095,19.1427,3.9241,8
774995,545537,546095,23.6596,4.6751,8
775107,546169,546170,10.0,3.6736,2
775108,546170,546642,3.0,3.285,2
775133,546192,551636,125.004,4.1068,19
775138,546192,546197,86.3713,2.2802,19
775220,546248,563715,130.8545,5.0196,1
775221,546248,547268,9.7411,5.0196,1
775404,546370,717785,29.8775,3.6213,1
775533,142919,546470,37.1573,9.3272,1
776439,547110,719400,3.3166,4.241,2
776440,547110,566229,102.2008,3.4042,2
776665,538045,547268,76.4301,4.5616,1
777229,544002,547685,44.6843,5.7899,1
777230,547685,553911,70.1087,5.6899,1
777854,452959,548118,12.9486,9.7409,1
777856,548118,563367,42.5232,5.062,1
778126,548322,722170,17.4165,3.3166,19
778857,546642,548832,159.6841,3.9142,2
778971,14000,548913,59.7969,4.7408,1
779245,549110,722170,29.2689,3.4611,19
779435,144515,549234,73.4892,4.9497,1
779457,454066,549250,8.775,3.0956,1
779458,456279,549250,3.1623,3.7417,1
780088,549696,699177,48.1541,34.1674,1
780089,549696,723835,8.6987,32.3417,1
780157,549748,714821,101.5857,3.6427,1
780472,549988,724864,26.2869,4.0233,19
780723,550170,716640,86.1936,3.1463,19
780724,550170,729358,42.1149,3.2321,19
781162,289382,550478,11.8534,21.9129,1
781272,550552,566347,40.9145,6.0738,1
781273,164769,550552,10.8167,5.1636,1
781432,456486,550659,21.924,40.5118,12
782551,551455,554010,128.5362,7.68,1
782615,158363,551497,150.3821,7.0583,2
783393,552078,557171,25.6528,46.6016,88
783513,147910,552150,22.7572,5.7748,6
783514,552150,560251,71.7364,5.9545,6
784261,144961,552681,144.2429,6.1926,11
784262,155326,552681,81.9003,6.5332,11
784560,143549,552879,67.1491,2.618,3
784659,552953,559139,32.4962,10.0225,9
784728,527428,553001,38.1457,6.5311,1
784729,456004,553001,42.0595,3.9142,1
785372,553451,553909,13.3417,21.0132,1
785990,553909,728142,8.6023,20.909,1
785993,149953,553911,3.7859,5.2779,1
786129,546470,554010,142.7581,8.4653,1
786270,554101,557503,123.5071,3.3708,14
786624,554368,694278,232.6134,6.5977,2
786661,549988,554395,76.1249,4.0233,19
786662,554395,557166,32.6956,3.5348,19
787242,554792,557895,30.0259,8.2653,3
788991,544804,556029,175.12,4.2321,19
789095,147910,556100,338.3256,4.8139,6
789237,556208,730849,18.6011,18.6882,1
789332,549748,556278,239.9604,3.1623,1
789333,556278,730901,43.5762,3.6427,1
790022,556767,557900,45.9033,7.8384,1
790559,557166,740780,110.3827,4.6312,19
790565,457845,557171,6.866,41.0487,51
790566,557171,574767,31.0798,37.1932,37
790569,478684,557173,125.6512,4.241,16
790570,557173,572989,86.0284,4.9338,16
791043,557503,570476,113.1503,3.6795,14
791073,152980,557526,86.1233,6.8365,1
791574,557895,593243,373.5366,7.2715,3
791580,557526,557900,39.3475,7.7991,1
793350,559139,737414,39.8065,10.5779,9
794500,559965,736865,52.747,8.9983,1
794665,560088,560420,85.1809,3.9637,1
794801,532224,560192,72.2811,3.0523,1
794802,454882,560192,51.5256,3.57,1
794886,200003,560251,691.6537,4.9338,6
795181,560458,561853,18.8119,4.872,1
795941,560088,560999,9.1287,5.7511,1
796668,561504,735711,18.2593,3.3461,1
796794,561587,571246,116.1723,10.444,1
797031,158350,561747,58.9774,7.6755,8
797184,174127,561853,312.8203,4.9839,1
797376,166269,561987,174.8476,5.9713,1
797683,148869,562194,68.9436,5.7913,8
797684,561747,562194,49.5356,7.8589,8
798019,561504,562427,96.9639,2.9568,1
798020,562427,746188,79.4942,3.1463,1
798072,561587,562465,14.0357,3.8708,1
799356,563367,580053,57.0429,2.5,1
799473,151422,563454,54.8179,9.9687,1
799474,155725,563454,10.7548,15.0751,1
799487,456000,563462,29.2176,4.7408,2
799514,563480,568288,89.7441,3.0,1
799827,155751,563715,4.7258,4.5616,1
800819,562465,564413,30.2324,3.0,1
800820,564413,570005,37.4299,2.4142,1
800947,155279,564500,94.4205,8.6409,1
801189,563751,564662,13.9284,7.4721,1
801190,564662,741634,15.6045,8.8596,1
801320,564756,572139,61.0551,5.0196,3
802022,440114,565272,190.1191,19.3314,10
802023,565272,616481,179.4414,3.7361,1
802339,565481,741443,8.4656,4.0941,2
802340,565481,742650,213.6048,4.3528,2
803398,566229,743694,21.6564,2.7247,2
803559,160000,566347,59.9722,5.3229,1
804872,567280,741634,15.7639,5.6122,1
804873,567280,569377,14.0,2.2247,1
806635,295073,568511,19.4158,4.8541,1
807321,156388,568987,56.8683,3.0,1
807889,569377,747353,21.8098,3.8284,1
808097,569519,571708,44.9333,10.1518,9
808752,570005,584872,141.3223,3.285,1
809010,570186,570347,2.4495,5.3779,1
809245,570347,571270,13.3417,7.7216,1
809433,570476,745495,39.2669,3.9822,14
809709,570673,756806,214.9008,5.4312,1
810517,571270,748337,13.544,10.6034,1
811129,571708,572148,19.5192,8.2434,9
811269,571808,746741,9.434,11.0881,1
811757,163847,572139,41.9603,5.5076,3
811769,572148,583144,159.0031,9.8639,9
811813,160526,572182,50.04,7.3079,3
811993,162053,572303,25.8421,3.2863,1
812023,572327,572906,47.1911,3.5811,3
812118,572392,573815,13.0384,4.1829,1
812559,166821,572706,71.1196,5.7878,12
812838,159066,572906,80.5481,4.8723,3
812950,572989,578631,13.5728,5.3218,19
813336,179678,573265,275.0503,4.7541,2
813771,573575,748632,14.1421,3.4042,5
813772,573575,760584,73.8053,2.7247,5
814814,574322,579139,52.9829,6.8758,2
814815,574322,595131,39.723,6.5465,2
815251,574641,753413,18.3662,8.2284,1
815435,563462,574767,113.2872,17.3155,37
815850,569509,575066,188.6517,7.1665,1
815852,575066,583830,51.6918,6.217,1
816209,494212,575305,90.7634,3.2321,1
816323,572182,575390,30.4193,8.744,3
817351,165918,576126,286.2076,8.217,1
818250,576764,751381,18.5346,10.9016,1
818251,576764,753620,3.9158,8.654,1
818941,577284,746801,55.7275,4.7431,1
819384,577597,760737,76.5724,5.1515,6
819385,577597,779420,159.3379,5.6081,6
819704,570871,577821,46.2961,4.8452,3
819705,164930,577821,6.2716,5.7016,3
819767,577860,760213,62.1584,6.5822,6
820019,576763,578046,20.4695,8.1796,1
820020,578046,578489,10.4403,10.3048,1
820644,578489,751081,82.1542,18.5322,1
820724,577284,578555,26.4386,5.7007,1
820834,466386,578631,71.4773,4.0306,19
821478,162168,579102,41.9603,5.8807,12
821869,579391,589947,68.1616,5.1636,2
822228,579643,585050,44.7878,5.3708,1
822799,580053,588712,47.6422,2.7247,1
823070,580249,586017,41.9285,4.6708,9
823171,580322,756203,103.4707,27.4559,1
824170,171595,581028,80.2351,3.4608,1
824340,568987,581156,75.2957,5.0,1
824882,169813,581555,52.4044,3.7361,1
824958,581602,749012,145.7212,6.03,1
825137,581721,763051,113.1386,10.0277,19
825138,581721,763056,113.399,8.6204,19
825427,574477,581931,71.5052,2.639,1
825428,581931,767670,57.7552,3.4758,1
825708,582131,593814,187.5592,4.4068,20
826162,582466,584802,15.0672,4.7182,12
826461,581156,582671,25.7962,5.9495,1
826819,169813,582922,51.4782,3.5,1
827124,583144,772629,103.2793,14.8493,9
828118,164930,583852,30.4686,6.0738,3
828119,583852,588781,57.0195,3.9903,3
828452,584088,771939,297.2416,4.5247,9
828507,582828,584126,31.209,7.8369,19
828508,584126,764704,193.4681,8.779,19
829449,572706,584802,227.0158,4.7182,12
829538,584872,763712,39.7764,3.7417,1
829788,169638,585050,28.0367,5.3028,1
830112,182093,585297,155.033,5.7002,1
830282,167715,585413,18.7439,4.7408,8
830283,585413,597470,126.1617,4.5708,8
830552,440114,585612,165.4102,17.9613,1
830553,585612,587519,22.2061,1.5731,1
830571,573815,585627,165.7076,3.8643,1
830572,585627,778226,176.689,3.217,1
831143,586017,588383,19.6469,4.1829,9
831536,586302,587355,264.7622,3.2321,1
831654,163847,586379,63.4849,5.465,3
831656,586379,593291,68.6642,5.4155,3
831730,575305,586425,23.7065,4.7016,1
831731,586425,751897,173.4474,5.8941,1
831985,586603,588577,15.5457,4.6213,1
831986,586603,591255,61.659,4.0,1
832723,587121,599003,47.1825,3.217,19
832821,587189,769893,59.4278,3.7606,2
832908,587251,589705,163.3172,6.0622,1
832909,176690,587251,90.9524,9.1868,1
832956,459403,587285,114.4902,3.7055,1
832957,587285,616175,74.0848,2.2802,1
833062,587355,771757,194.9239,4.0233,1
833235,176160,587488,87.5398,4.0306,1
833275,469813,587519,19.6893,2.5779,1
833283,587524,595570,440.6604,5.3301,2
833827,461103,587911,54.1387,2.9208,2
833828,474851,587911,172.6866,5.0431,2
833997,588035,756873,253.9529,17.1464,5
834275,588237,588399,18.412,26.358,1
834488,588399,765952,3.448,28.098,1
834943,588712,606135,63.7617,2.9568,1
835044,588781,590464,19.2177,4.7923,3
835213,199497,588901,68.5703,6.2696,2
835283,587488,588951,18.2392,4.0306,1
835501,469644,589109,37.5751,4.3301,16
836174,536995,589597,521.2734,3.9822,1
836175,589597,750212,131.7542,5.0517,1
836346,173543,589720,20.377,3.7361,1
837120,587189,590273,59.3801,3.1795,2
837121,590273,593054,67.7495,2.4142,2
837395,590464,591557,37.7382,5.2554,3
837458,590518,764829,37.5144,3.1796,1
837809,590776,594550,36.3807,3.3541,1
838494,590776,591255,31.0734,2.618,1
838841,591112,591512,128.0039,3.4758,6
838906,177170,591557,96.6517,4.3198,3
839141,186728,591711,286.7978,4.8002,1
839142,174318,591711,73.8986,4.3969,1
839406,591897,596605,65.4599,5.9667,6
839720,174462,592117,46.9988,3.7025,8
840198,592455,775559,69.9476,13.6141,2
840282,592519,596604,28.3901,4.2803,2
840491,591897,592691,55.1815,4.977,6
840744,592864,763056,138.6915,10.3176,19
841001,593053,768429,17.418,9.9098,2
841004,593054,605293,153.8863,2.9142,2
841263,593243,611144,159.0087,6.5311,2
841715,593548,596492,47.9088,4.4155,8
841716,593548,595337,215.6924,4.4155,8
842071,177572,593814,74.0788,3.9324,20
842646,175187,594228,4.8189,7.1067,1
843005,168627,594481,72.1961,3.2394,1
843098,594550,595046,9.9944,4.2976,1
843256,594659,769349,32.596,3.7025,5
843757,582131,595020,127.4559,3.4632,20
843759,178577,595020,34.5591,3.4632,20
843795,176721,595046,43.3961,3.8643,1
843906,595131,608783,189.3627,5.1636,2
844277,594228,595400,67.2557,7.4051,1
844303,175780,595415,30.1644,5.7748,2
844529,595570,597025,232.9769,8.5134,2
844546,595581,606137,45.5396,3.0811,1
844974,595870,595975,74.5423,4.4954,1
845121,175542,595975,71.1571,4.9651,1
845540,470294,596292,16.8688,5.734,2
845541,472123,596292,204.1835,6.5332,2
845999,596605,772347,4.3589,8.321,6
846302,596812,600769,32.4037,33.6227,1
846502,596947,598711,64.0382,3.9142,1
846611,597025,615490,293.7189,9.031,2
846811,596135,597163,7.8563,2.9889,1
846813,181485,597163,41.2984,3.4093,1
847204,173479,597451,34.093,2.3428,1
847774,594481,597863,46.8832,4.1829,1
847775,179726,597863,27.3496,4.1829,1
848441,598345,598458,17.7828,15.3464,1
848442,598345,600806,63.5444,12.2998,1
848951,181708,598711,88.0795,4.7361,1
849196,594659,598887,35.3695,3.1623,5
849639,588901,599199,50.636,6.6571,2
849640,599199,611184,27.0924,7.2417,2
850425,599750,600781,33.2699,3.5616,20
850678,575390,599928,256.4454,8.5607,3
850679,181985,599928,47.7703,5.1875,3
851299,180013,600399,9.206,8.5166,1
851300,600399,600806,26.9088,10.4385,1
851822,600769,603035,21.4009,32.0534,1
851842,600781,602387,64.5375,5.6323,20
852526,481990,601277,104.9121,3.8708,9
853181,601729,778419,13.9603,15.0866,2
854124,183313,602387,151.8331,6.6529,20
854144,595400,602400,89.0186,6.5822,1
854484,180308,602645,92.9247,4.2523,1
855020,603035,778300,4.9329,30.4875,1
855344,482003,603268,152.5243,3.1796,16
855367,603284,773739,33.5471,16.7686,1
855368,603284,607804,39.7366,6.2247,1
855433,180369,603331,169.9559,4.0503,1
855523,588383,603397,95.5301,4.511,9
856403,604023,607112,96.0069,4.7856,2
856445,603397,604051,43.2897,4.4495,9
857154,602645,604562,17.6541,4.6856,1
857224,604023,604607,35.9846,3.9637,2
857384,297993,604716,7.8316,3.6736,1
857884,605075,774657,201.668,4.2865,1
857931,605106,607556,17.2337,2.8708,5
858193,605293,618373,110.1771,2.618,2
859371,477430,606135,67.1607,4.2321,1
859374,484373,606137,154.5937,2.6992,1
859943,606539,606733,31.1288,11.6593,6
860210,606733,607806,11.9164,11.0814,6
860760,474406,607112,43.6654,4.7361,2
860927,470294,607232,125.7994,6.8163,2
860928,607232,633785,134.0501,11.5852,1
861367,606212,607556,23.1733,3.6736,5
861693,607806,786647,99.3886,11.2663,6
862110,475310,608129,54.9181,4.2913,19
862205,608200,609884,123.9019,4.458,1
862235,186758,608227,26.2488,4.511,3
862518,608413,619716,201.7551,5.2421,3
862540,608427,781952,4.4969,28.4687,1
862788,174255,608604,240.8184,9.651,2
862789,185385,608604,6.0415,9.7095,2
863052,604607,608783,69.2323,3.7055,2
863601,607769,609189,52.8583,6.3912,2
864303,609700,610573,10.1249,6.1596,1
864341,609725,803309,131.8054,6.0467,7
864379,186724,609750,16.8984,5.9051,3
864462,920,609805,46.7286,5.7748,1
864718,609985,781952,7.5425,26.1108,1
864894,610107,782934,4.714,9.7947,9
865120,610267,778306,55.6566,15.6235,1
865121,610267,611889,50.2892,15.2434,1
865550,610573,614901,167.2613,5.9402,1
865757,610714,616715,46.9148,14.8642,2
865789,192277,610738,54.0744,5.0822,1
866348,187553,611144,26.5895,4.7361,2
866408,208369,611184,88.7374,7.1401,2
866572,297426,611291,10.3763,5.7878,1
867390,611889,784417,4.8534,8.7745,1
867422,611910,614334,51.697,5.6506,3
868397,612608,620760,181.3395,5.3866,3
869368,613305,625514,104.5679,7.4051,1
869730,613552,618886,130.3384,5.651,1
869731,188953,613552,148.7119,5.365,1
869736,186494,613555,103.937,4.8002,1
870302,613960,615490,43.383,10.2791,2
870303,613960,620105,67.6123,10.0682,2
870821,189458,614334,24.0214,6.895,3
871549,605075,614846,189.0952,3.5355,1
871895,188953,615097,68.7839,5.465,1
871897,189506,615097,105.642,4.6111,1
872214,615326,649388,280.4538,6.0402,20
873423,616175,647800,82.6357,3.1021,1
873792,302137,616450,27.9643,9.7565,1
873837,483424,616481,39.5839,3.2321,1
874138,616715,620180,22.7596,15.1162,2
877161,618886,626798,110.9089,5.381,1
877278,618960,795463,60.1166,2.9142,1
877358,478684,619020,4.2817,4.4707,16
878014,619491,620671,11.1803,4.9723,8
878740,620007,624128,41.1569,2.9208,2
878870,203950,620105,146.8173,8.4447,2
878980,620180,622990,32.45,15.2637,2
879007,620199,636551,17.2916,5.0378,1
879009,620199,625885,68.5638,4.1926,1
879675,620671,794913,40.4914,4.4966,1
879703,609884,620695,73.5298,4.5392,1
879704,620695,628834,90.6729,4.1792,1
879799,620760,645342,223.763,4.8947,3
880008,618373,620905,74.92,3.2394,2
881784,622199,631323,59.4138,5.5649,5
882628,193027,622806,59.3813,6.1298,3
882630,622806,632289,101.3567,6.5927,3
882894,622990,797718,58.9293,16.1384,2
883819,619491,623655,42.3438,5.1939,8
883820,623655,809596,172.6477,4.5414,8
883839,623669,783463,89.4614,2.6992,1
884068,623845,627822,31.0134,2.6583,1
884180,623925,795863,19.1485,7.2715,1
884465,194856,624128,20.232,2.2361,1
884466,196492,624128,46.7725,2.2361,1
884773,624344,636551,66.9627,5.1736,1
884774,559726,624344,244.0314,5.567,1
886372,625514,646994,214.4994,7.0355,1
886630,192740,625703,104.8645,10.0174,1
886631,199265,625703,74.7895,9.2195,2
886632,195432,625705,6.1373,9.2447,1
886633,196726,625705,69.8164,8.0711,1
886875,598435,625885,52.7731,3.1583,1
887704,194815,626468,29.8747,7.4725,1
887823,626555,798129,19.4535,26.1245,1
888159,197981,626798,91.6382,4.4155,1
890408,628390,630664,59.7301,3.0,1
890813,628687,668408,58.1893,3.1463,2
890947,628787,630768,20.295,3.9324,1
891013,628834,633214,76.6065,4.8341,1
891083,196726,628884,21.4476,7.3852,1
891084,197197,628884,6.3509,8.5863,1
891722,196928,629354,31.2943,3.6742,1
891723,203158,629354,100.2979,3.2247,1
892663,630022,788841,527.2458,5.4536,1
892664,630022,643335,223.808,5.6454,1
892675,197197,630031,20.4015,9.3249,1
893544,199766,630664,50.1764,3.3028,1
895868,632289,640222,251.7541,5.381,3
897150,633203,664852,284.1162,5.5468,1
897168,633214,636954,57.2835,4.2976,1
897654,198862,633552,8.0416,1.866,1
897698,633581,670983,194.4475,11.159,1
898308,630768,634019,56.8702,3.5616,1
899276,634739,661252,209.4994,4.3574,1
900296,635461,808177,48.4183,8.2806,1
900357,635504,798639,15.0499,2.5981,1
900941,635928,798964,49.1257,4.2976,2
901973,633552,636663,83.0669,2.2802,1
902398,636954,647665,84.1515,4.3528,1
903061,637437,661522,89.3433,16.4655,1
903447,636663,637711,42.3215,3.4142,1
903752,631820,637924,31.9061,9.6478,5
904128,202136,638196,23.7627,9.4051,1
904136,638202,642362,70.5423,3.0956,1
904467,203158,638438,128.0078,3.8708,1
904527,637437,638478,5.4671,14.9571,1
906024,639526,806682,32.573,4.097,1
907554,635504,640609,42.5558,3.1021,1
908814,641493,642920,67.2855,7.7787,1
908815,208204,641493,74.8176,8.0221,1
908859,634019,641525,36.8431,3.6213,1
909863,621535,642237,55.8233,7.1133,1
909884,628687,642252,59.2115,4.0233,2
910043,209884,642362,93.3839,4.1621,1
910622,642787,644886,99.8098,7.7889,8
910818,201154,642929,186.6651,5.4536,1
911439,643331,666885,364.9878,6.2386,2
911445,640609,643335,98.6205,5.5902,1
911845,643619,799932,140.7462,4.2976,1
912021,637711,643745,86.8875,6.6368,1
912022,642286,643745,14.2906,8.8794,1
913630,644886,811212,41.4447,5.5975,8
914263,645342,647711,19.9958,6.0495,3
914415,645453,815155,35.0951,8.4255,1
914824,208963,645758,50.2494,8.6221,5
916598,220855,646994,243.9932,6.2741,3
917542,647665,671142,416.2937,5.2068,1
917563,647680,795863,102.3507,7.0483,1
917564,647680,652698,20.3224,7.7449,1
917608,206007,647711,59.072,6.5414,3
917724,501299,647800,96.5206,3.3541,1
918907,205525,648676,45.1147,10.0234,1
919212,648879,653732,93.2702,3.2975,9
919213,648879,668005,90.3771,5.4198,9
919942,247259,649388,625.9618,5.7865,20
920368,649691,655010,53.2812,5.1083,1
920548,649811,809136,18.3394,4.3528,1
920959,629169,650104,142.8892,5.8549,6
920960,650104,664535,171.2461,5.7604,6
922224,210525,650991,54.6555,3.4758,1
923610,651984,653222,84.9941,3.1583,2
923655,652019,806812,148.6327,4.4534,1
923658,652021,809227,49.3221,4.5061,1
923659,652021,653071,4.1231,6.5555,1
924218,652428,657334,145.5232,4.6111,1
924601,652698,819046,49.2101,10.3596,1
924779,59505,652823,171.69,3.9496,1
924975,649811,652961,18.5472,3.4758,1
924976,652961,657689,22.3383,2.8284,1
925042,653010,815569,10.7275,6.5465,8
925320,653222,656637,106.7099,3.4611,2
925925,653638,665164,99.9244,4.3509,3
926453,654017,744204,35.3491,6.1911,5
927807,651984,654990,48.6724,3.3028,2
927835,655010,677809,155.7252,4.4155,1
928653,655562,813461,35.9516,19.4896,1
930147,18177,656637,216.8832,3.9241,2
930484,656868,674259,75.6843,9.5802,1
930853,657148,690273,291.4258,10.7399,1
931604,657689,818188,38.4448,2.8284,1
932321,658190,660080,134.5697,7.458,1
933427,501299,659006,22.0595,4.0761,1
933428,659006,673583,45.5733,4.958,1
933585,659118,817402,39.449,2.8028,2
934439,659717,694278,95.2733,7.2218,2
934940,660064,663748,33.4531,6.2281,1
934962,660078,821751,578.3582,9.2697,1
934964,660078,660080,200.8781,9.2697,1
935006,660108,818967,65.5323,24.4052,1
935445,506819,660425,86.94,1.9841,19
935704,660613,680065,80.3724,9.3233,1
936591,661252,715229,158.764,4.3574,1
936962,500050,661522,9.3452,16.5907,2
936963,502296,661522,7.3485,17.1172,1
937549,661931,810620,102.0668,5.2016,7
937550,661931,667872,101.1978,5.0822,3
937977,657334,662240,55.723,6.0495,1
937978,219915,662240,162.7652,7.0,1
939343,658190,663223,102.3816,5.8303,1
939959,663664,821751,229.367,8.5311,1
939960,663664,819109,167.0509,8.3031,1
940019,654990,663705,58.0603,3.6736,2
940209,221172,663852,112.3412,6.0346,1
940346,663223,663942,41.1461,6.2264,1
941051,56372,664439,121.1419,10.0826,5
941052,637924,664439,144.1249,9.0826,5
941198,664535,676911,97.4663,5.2907,6
941363,664659,669259,26.4197,5.0543,1
941959,665090,807988,938.2848,7.713,5
942069,665164,666853,54.9019,5.1926,3
942348,665352,819865,40.7663,12.5312,1
942962,504065,665782,5.5578,9.0819,2
943281,220459,666006,27.3922,6.1071,3
943633,666252,666918,53.4228,3.618,2
944494,224706,666853,114.6691,4.8452,3
944595,666918,677632,69.7209,4.3028,2
945774,667735,671671,244.569,6.1202,6
945985,667872,682473,116.5976,5.5317,1
945986,8210,667872,10.4563,6.2838,2
946724,36679,668404,152.2778,5.1083,2
946726,668404,674946,53.591,6.011,2
946731,668408,807848,477.8347,3.4758,2
946967,494699,668579,132.0778,6.5288,16
946968,512354,668579,74.7566,8.1533,16
947938,669258,670652,8.775,7.8275,1
947939,669259,670217,6.4031,7.1042,1
948046,24999,669334,39.1833,11.9829,1
948287,669258,669503,3.0,7.5794,1
949033,670030,819046,84.6664,13.8557,1
949034,670030,679866,54.5252,17.4829,1
949146,670107,670557,18.0247,6.0,1
949310,669503,670217,10.4403,7.3692,1
949788,219915,670557,104.3355,6.5,1
950406,670983,677556,30.1588,11.5655,1
950609,231130,671142,291.639,5.0949,1
951363,222207,671671,51.517,6.0136,6
951434,665090,671721,153.0,8.4447,5
951435,671721,674884,142.8881,7.9155,5
951606,302898,671840,30.9952,5.5649,2
953616,216735,673271,396.2634,5.8941,1
954007,669244,673559,18.9971,9.7202,1
954115,672169,673630,102.7278,9.3542,1
954117,673631,674681,144.5372,9.0552,1
954118,673630,673631,22.6716,10.1125,1
954860,501301,674147,93.7372,8.0761,2
954954,674208,819044,191.3885,3.6503,2
955025,527591,674259,165.0202,7.7175,1
955286,24999,674448,8.2865,13.844,1
955621,674448,674681,122.2906,10.3215,1
955904,34977,674884,61.5982,6.953,5
955999,22482,674946,46.2781,6.9765,2
956007,35245,674952,17.7826,4.0941,1
956027,666885,674964,113.3441,7.7426,2
956028,223160,674964,7.157,7.5967,2
956385,224805,675217,129.3833,5.3033,1
956386,228913,675217,86.5941,4.6365,1
956476,18177,675269,22.7889,3.6213,2
956477,35683,675269,60.255,3.6213,2
956499,25010,675283,101.3361,6.9765,4
957985,676330,677638,81.523,4.9839,1
958828,676911,693343,135.38,5.6081,6
958918,661931,676975,174.8085,6.0311,4
959039,231184,677062,193.0924,9.0802,5
959503,22463,677412,35.2089,3.7936,2
959504,72054,677412,194.5736,3.2321,2
959540,22482,677438,50.1465,6.2838,2
959637,675650,677512,11.4164,3.618,1
959693,526731,677556,87.2983,8.2057,1
959793,52347,677632,123.3608,4.4954,2
959807,47582,677638,22.2985,5.2421,1
961072,35246,678569,6.9687,6.3166,1
961128,678609,685811,119.3105,6.7404,2
961129,678609,678610,51.1273,6.1558,2
961769,528573,679069,228.2933,10.6847,1
962488,34977,679576,39.2003,6.7564,5
962890,679852,682706,21.6333,7.5249,1
962913,678569,679866,53.1131,13.0499,1
963190,679069,680065,23.0516,13.0585,1
964514,225911,681002,3.2998,6.4363,1
965005,674952,681349,183.1639,4.1621,1
965281,668005,681552,64.846,5.3617,9
965282,681552,685548,19.9639,3.9241,9
966569,682473,692223,79.0127,4.511,1
966905,682706,683978,165.4751,7.8972,1
967750,48006,683303,33.36,6.8522,1
968040,57567,683499,87.7908,6.7371,1
968054,683303,683510,30.282,7.8075,1
968728,683978,692480,76.4722,9.7461,1
968956,684142,686608,35.8758,7.493,4
968957,684142,684150,5.6984,10.3811,4
968967,231482,684150,111.1597,6.7525,4
969179,684301,698979,128.8727,3.8534,1
969195,229567,684311,125.414,4.1926,1
969196,229956,684311,29.7433,5.7748,1
969338,59594,684407,51.2582,6.1926,5
969339,679576,684407,120.0208,6.5822,5
969621,683510,684614,89.2244,7.1004,1
969905,684824,686085,24.454,23.1301,1
970722,14596,685407,109.0825,5.0378,3
970724,65638,685407,56.872,5.2175,3
971284,685811,688722,67.6196,6.1926,2
971630,232442,686049,51.2922,5.3779,2
971657,48006,686067,53.7701,6.5182,3
971658,686067,690099,50.05,6.7723,3
973122,50823,687098,103.56,6.1896,2
973123,687098,704329,92.4446,6.1896,2
973810,52185,687594,24.5085,8.068,1
973811,687594,690108,17.8326,8.366,1
974559,510004,688113,98.8568,4.7541,1
974560,688113,690625,15.1914,5.3403,1
975415,686049,688722,91.0698,5.521,2
975449,59698,688748,98.6672,9.2969,1
975451,688748,695033,49.5883,7.1004,1
975681,679852,688929,79.4796,6.8012,1
975683,75011,688929,48.6176,8.2063,1
975772,59505,688992,17.4258,4.7913,1
975773,67047,688992,16.5193,5.5414,1
976315,71404,689356,61.6171,6.5701,4
976865,689752,700093,116.1163,5.6081,1
976866,688626,689752,12.8841,5.2907,1
977369,690099,696214,123.061,6.7723,3
977381,70994,690108,40.978,9.2612,1
979308,66940,691482,4.8088,25.6694,1
980372,71422,692223,28.6938,3.7199,1
980729,109196,692480,124.5338,12.464,1
981592,693056,709919,100.8954,7.2801,2
981997,693343,701386,48.6056,5.6081,6
982239,525583,693515,167.8366,5.0794,19
982391,693620,694403,156.9143,14.1226,2
982700,674147,693838,186.386,10.1748,2
982702,693838,693839,91.3215,12.1585,2
982706,525899,693842,19.8074,11.7898,2
983251,694240,705593,125.226,5.9402,4
983252,243674,694240,163.9095,5.8941,4
983486,526336,694403,16.8745,12.3241,2
984379,695040,699383,34.1675,8.1765,2
984897,604716,695403,63.5453,3.3708,1
986063,696214,696475,7.6811,6.7371,3
986459,86804,696475,87.3117,6.0355,1
986499,74047,696508,3.5434,9.7154,1
987610,697288,710402,66.4756,6.9873,3
988377,70475,697840,86.714,18.8589,1
988575,85601,697978,35.8961,4.1829,8
988644,698034,707440,58.5577,3.1796,1
989039,671840,698318,21.4009,10.1926,2
989182,698424,703973,53.4228,6.4078,1
989183,75011,698424,4.5826,7.4407,1
989976,698979,702686,54.9075,4.6213,1
990058,77207,699038,31.0143,4.899,1
990117,699080,725933,128.6623,5.9137,1
990268,699177,717929,50.6945,22.7,1
990575,527498,699383,23.9739,7.8472,2
991606,77296,700092,10.9392,5.6454,1
991607,700093,706801,40.1746,4.4155,1
992371,74503,700634,24.9149,5.4754,1
992624,700807,725086,197.3915,6.8093,5
992746,700890,738881,240.5847,4.899,1
992747,80899,700890,19.0351,4.1078,1
993441,235352,701386,12.3423,5.1926,6
993892,527578,701696,40.086,4.4665,1
994108,73265,701857,49.9121,5.9313,1
994109,701857,703704,66.468,4.6365,1
994420,702077,703584,9.9499,11.2346,1
994722,80899,702280,6.5064,3.2394,1
994738,105055,702290,74.5691,5.6213,2
995062,79807,702509,12.9701,4.4954,1
995318,530250,702686,21.2289,4.6213,1
996358,703397,708553,40.374,5.8012,2
996604,86835,703584,12.6886,13.8678,1
996734,527498,703673,47.392,6.9343,2
996735,703673,709065,38.5703,7.5261,2
996779,703704,704294,5.831,4.4068,1
996957,235838,703826,11.9024,7.4161,1
997163,702280,703973,16.2481,4.4534,1
997671,704329,719019,103.4118,4.999,2
998745,83310,705079,18.9912,8.747,1
998746,90584,705079,9.953,15.5297,1
999475,240728,705593,161.4555,5.6541,4
1000405,536190,706253,13.6137,3.8643,1
1000879,85601,706588,37.1734,4.6111,8
1001088,534425,706731,52.7752,5.2238,2
1001302,706873,713382,82.8566,5.7446,4
1001460,99340,706984,562.58,7.3162,8
1002056,707399,720728,103.9615,2.9208,1
1002057,704294,707399,23.6854,3.8643,1
1002112,120880,707440,57.6281,2.8501,1
1002155,382344,707472,50.2444,27.1638,2
1003135,708191,721966,264.4782,7.0312,19
1003136,551636,708191,152.7107,6.3326,19
1003649,545366,708553,91.0144,9.3102,2
1003919,311101,708744,66.685,4.1231,5
1004162,237012,708917,47.9884,5.1926,6
1004367,533135,709065,71.9491,7.239,2
1004732,709321,729710,134.3912,4.148,1
1004733,709321,710402,29.95,5.7079,1
1004739,100808,709325,39.5938,5.2175,1
1005076,709556,711516,12.4097,15.2441,1
1005579,709919,712002,106.8816,5.8761,2
1005610,709939,711931,273.119,8.7903,8
1005611,706984,709939,53.3479,7.241,8
1005629,709953,711522,15.748,3.7025,1
1005878,544517,710115,99.6126,6.201,1
1005966,543339,710173,46.7178,3.0811,2
1006294,703222,710401,106.9579,14.6782,1
1006295,710402,710403,3.6056,7.8102,2
1006471,710525,723708,231.6916,5.8941,5
1007909,546370,711512,49.1053,3.1213,1
1007911,690273,711515,401.5308,12.3974,1
1007912,711516,712283,6.0,15.4428,1
1007920,711522,715177,33.7935,4.0811,1
1008257,540090,711759,28.3666,3.118,1
1008596,706731,712002,67.5656,5.3983,2
1008985,712283,715368,34.7131,13.2611,1
1009653,711759,712716,29.8533,3.2247,1
1009955,108874,712925,87.9937,6.9228,8
1009956,100738,712925,61.8915,6.5792,8
1009977,712938,778887,52.6972,19.2431,1
1009978,707472,712938,9.0,24.9987,1
1010906,111099,713590,16.6032,5.9329,1
1011486,714011,714739,48.1041,6.5,1
1012444,543281,714660,104.9153,2.6992,19
1012555,714739,715175,3.7417,7.7016,1
1012914,714821,715000,14.0679,5.3019,1
1013095,715128,715980,77.9957,3.8643,19
1013096,715128,716301,47.364,4.7541,19
1013164,109881,715175,38.3275,6.5557,1
1013166,87422,715177,90.4839,4.3708,1
1013430,113863,715368,29.586,7.2708,1
1013558,712716,715457,60.3849,3.9173,1
1013577,542131,715471,121.9954,6.9873,1
1014131,715859,726627,82.862,4.9936,6
1014751,548322,716297,104.2992,3.4611,19
1014752,541973,716297,31.9687,3.3028,19
1015157,538806,716601,139.5011,6.4774,9
1015158,552953,716601,153.5422,9.5394,9
1015213,714660,716640,121.6539,2.9954,19
1015475,716824,717929,5.1424,9.5412,1
1015835,544152,717077,24.6577,2.2361,1
1015849,717086,729110,77.1103,10.8814,1
1016885,717077,717785,18.8739,2.618,1
1017347,544815,718111,5.6862,2.9142,19
1017348,718111,724864,73.6267,3.1463,19
1018663,143117,719019,77.4102,4.999,2
1018665,248331,719020,107.1785,4.9839,2
1019186,543339,719400,68.9879,3.6427,2
1019374,249836,719534,99.2371,6.0846,1
1021434,105055,720984,56.8526,6.7016,2
1021435,720984,740601,111.5796,6.9432,2
1021753,720728,721203,20.0998,2.2361,1
1021754,127437,721203,27.2947,2.3428,1
1021861,707472,721278,21.4009,19.5936,1
1024745,548832,723260,41.5612,4.7361,2
1024746,723260,731488,112.1611,3.8944,2
1025575,553451,723835,21.7715,25.9477,1
1027303,260784,725086,194.4704,7.4275,5
1028352,245375,725850,3.559,8.5149,1
1028470,145171,725933,45.474,7.5893,1
1031527,728055,756853,212.165,3.0811,1
1031528,721261,728055,75.6968,3.7025,1
1031642,556208,728142,24.1661,20.909,1
1033256,254806,729279,215.8757,5.0495,4
1033370,556029,729358,6.5574,4.0,19
1033424,729403,730021,11.0372,19.5104,1
1033425,729403,729404,20.7866,22.2355,1
1033428,559965,729404,17.7947,17.4161,1
1033711,257007,729596,113.169,4.872,4
1034117,84005,729883,48.8131,19.3619,1
1035487,730849,731036,6.2716,19.2501,1
1035563,730901,733958,36.1632,3.7936,1
1035751,730021,731036,13.9403,19.5104,1
1036228,731359,735055,76.6942,4.4142,1
1036569,729710,731593,86.2728,4.6365,1
1036798,731768,749023,39.9235,3.8028,1
1037580,732321,733392,5.099,9.0182,1
1038282,731488,732820,135.4248,3.7199,2
1039077,731359,733392,23.3452,7.717,1
1039852,568288,733958,84.3682,2.7321,1
1041118,729508,734851,31.9218,4.9495,1
1042342,735711,739629,133.8569,3.3461,1
1043405,734851,736474,217.2694,6.5726,1
1043406,736474,745887,146.4036,7.4397,1
1043732,732820,736695,105.3307,4.1829,2
1043733,736695,741443,80.4494,3.9241,2
1043973,563751,736865,34.5579,6.0822,1
1044764,569519,737414,103.7524,11.0873,9
1046842,151529,738881,140.6754,5.365,1
1047077,718235,739055,96.6126,6.3546,6
1047078,243244,739055,63.3509,6.7774,6
1047873,563480,739629,67.3746,3.2247,1
1051760,742329,743408,24.7409,2.8708,1
1052207,579391,742650,225.3032,4.3528,2
1053291,743408,743932,13.536,3.3708,1
1053685,743694,759923,175.934,4.0495,2
1054033,743932,745072,6.8799,3.0811,1
1054449,311466,744204,113.7566,4.6856,5
1054497,162795,744233,69.4278,4.5708,2
1055698,570186,745072,4.8648,4.4096,1
1056313,745491,748632,22.4128,5.2617,5
1056320,745491,745495,19.2209,4.885,5
1056321,745495,748868,61.645,3.0275,9
1056868,745887,747475,88.227,4.8166,1
1057191,746125,747353,25.6991,6.9515,1
1057701,746480,749449,35.3453,18.1788,1
1057716,746480,753413,58.7228,14.19,1
1058065,746125,746741,14.5297,9.2952,1
1058145,746188,746801,16.9771,3.285,1
1058771,570673,747236,18.5742,6.2633,1
1059092,747475,760528,75.2928,2.618,1
1059195,574477,747554,19.6044,3.3461,1
1060306,571808,748337,6.6513,11.3475,1
1060500,748250,748467,61.3025,3.9324,6
1060938,748771,748772,12.2965,5.0724,1
1060964,577860,748787,137.9005,5.5,6
1061081,748868,755438,41.7253,3.2863,9
1061279,747236,749012,14.6363,6.3991,1
1061294,214978,749023,96.8102,3.4142,1
1061892,748771,749449,11.3431,9.7399,1
1062605,748772,749951,35.2235,14.5791,1
1062615,749951,756726,29.1524,24.3915,1
1063014,577595,750212,151.5861,3.8723,1
1064225,751081,759500,89.867,20.8515,1
1064317,751146,757411,60.7454,5.8962,2
1064318,744233,751146,95.5824,4.5708,2
1064652,574641,751381,9.0571,11.8636,1
1065066,172838,751666,37.0585,4.7541,1
1065398,559726,751897,163.383,5.4312,1
1067826,576763,753620,3.559,7.874,1
1068466,165835,754071,42.3661,3.3132,2
1069107,748250,754527,54.7449,3.9324,6
1069295,747353,754668,46.7479,12.048,2
1069299,754668,765837,60.1888,11.4556,2
1069300,747554,754669,77.2679,3.5355,1
1069301,577595,754669,16.0624,2.4142,1
1070362,755438,756354,10.6927,3.4758,9
1070869,748787,755807,56.4506,3.6583,6
1071162,756003,770528,152.0413,4.511,9
1071486,756203,771131,74.6262,29.1923,1
1071647,581602,756322,93.3345,6.5557,1
1071696,580249,756354,35.836,3.9637,9
1072215,580322,756726,14.7761,26.1488,1
1072341,578555,756806,37.6475,5.567,1
1072567,592455,756873,322.4774,22.2272,2
1072725,756873,772082,326.5717,18.3101,1
1072973,610107,756873,353.0576,20.7113,9
1074888,758166,759362,18.5742,5.3284,1
1075307,758447,767090,140.7578,16.3584,1
1075967,740601,758905,141.0603,6.9432,2
1075969,758905,770791,139.8571,7.4736,2
1076612,176817,759362,15.7903,4.5616,1
1076705,197994,759425,130.798,8.4776,2
1076818,758447,759500,124.1758,17.7757,1
1077435,759923,763550,42.049,5.5076,4
1077724,740780,760143,100.7869,5.2779,19
1077725,760143,762042,73.724,4.899,19
1077831,592691,760213,112.5981,5.9977,6
1078300,180598,760528,45.423,2.6992,1
1078320,756853,760542,81.8596,4.3284,1
1078321,760542,762311,26.9258,5.9106,1
1078387,760584,771231,78.0712,4.7016,5
1078606,755807,760737,91.3273,3.8944,6
1078958,593053,760978,36.4908,16.2687,2
1080485,585755,762042,152.7282,6.2244,19
1080676,762171,765418,14.4945,23.4444,1
1080680,762171,767063,32.1443,21.8113,1
1081446,183312,762666,60.4412,4.7947,1
1081986,763051,764704,307.4622,10.217,19
1082401,177764,763338,17.8792,9.8538,1
1082689,763550,774164,173.97,6.1596,10
1082690,763550,765451,46.9704,4.6163,6
1082927,763712,764829,97.1453,3.9324,1
1082956,763733,788524,219.5255,7.2662,5
1083281,669244,763977,49.6421,6.5616,1
1083282,242440,763977,36.9354,4.9338,1
1083490,584088,764117,47.5219,4.6365,9
1083491,620671,764117,211.9292,3.8724,9
1084289,173137,764671,48.71,4.0035,2
1084342,764702,767090,252.545,27.0204,1
1084619,582828,764843,159.7891,5.6457,19
1084620,585755,764843,81.4323,5.6457,19
1085429,765418,765952,13.3812,23.172,1
1085470,765451,773203,84.2542,3.2394,6
1085795,103572,765675,214.3779,2.8028,1
1086049,760978,765837,53.942,15.3032,2
1086573,55599,766194,61.7603,3.5291,1
1087214,766599,767621,12.3827,20.6523,1
1087244,586302,766619,19.2094,3.3028,1
1087245,590518,766619,8.6023,2.9208,1
1087616,591112,766891,83.9762,2.5322,6
1087894,767063,767064,41.1034,19.3663,1
1087921,767064,770532,22.553,15.3076,1
1087932,588237,767066,11.7391,24.5659,1
1087934,767066,767067,11.2864,25.2072,1
1088728,767067,767621,11.2904,24.6844,1
1088795,598161,767670,53.9506,4.4068,1
1089899,592519,768429,25.9732,7.8262,2
1090950,589597,769164,25.4209,5.381,2
1091222,588035,769349,53.8934,2.8284,5
1091278,766891,769386,36.6257,2.2361,6
1091859,203746,769786,182.5441,3.7071,1
1092029,759923,769893,75.503,4.1307,2
1092640,769786,770323,49.9099,2.1213,1
1092669,770347,785645,68.6821,5.8549,5
1092918,188346,770510,8.0346,6.7723,1
1092945,770527,775007,136.5451,6.3012,10
1092946,268700,770527,22.3024,6.7507,30
1092947,767560,770528,39.1095,4.6856,4
1092948,770528,787656,164.968,6.1237,5
1093336,770791,811179,211.1303,8.989,2
1093804,596812,771131,12.9486,33.0764,1
1093950,601088,771231,39.9492,6.03,5
1094684,771757,774132,122.9046,3.7055,2
1094944,770532,771934,26.8965,3.8912,1
1094945,771933,771934,19.0244,1.618,1
1094954,771939,777786,70.3404,4.241,9
1095163,771933,772082,13.536,2.9889,1
1095539,596604,772346,18.8149,12.5564,1
1095541,769386,772347,21.3073,5.5339,6
1096169,772787,801626,124.2623,5.7439,1
1096761,591512,773203,92.9211,3.6427,6
1097160,773493,773936,35.5696,13.777,4
1097161,773493,774978,41.9534,10.3104,4
1097303,589947,773596,264.5403,5.3723,2
1097317,771757,773611,95.5733,5.1197,1
1097503,773739,774167,8.7108,23.1484,1
1098061,773596,774132,77.7077,3.9142,2
1098108,769164,774164,91.9233,6.4031,2
1098112,774167,774591,10.2429,22.7045,1
1098709,596604,774587,23.6609,15.0891,3
1098710,773936,774587,6.2442,24.5859,4
1098718,774591,774978,21.12,20.5172,1
1098819,773611,774657,293.9273,5.7007,1
1099317,775007,777821,44.9568,4.2361,1
1100110,601729,775559,11.5902,15.8418,2
1100389,598887,775749,16.2652,3.3132,5
1100390,603645,775749,22.1861,3.5348,5
1100679,774587,775956,13.3081,19.7531,1
1100837,774978,776070,17.247,18.1366,5
1100860,184755,776085,100.3992,4.953,1
1101552,592864,776562,314.0647,9.8992,19
1101553,774164,776562,122.4114,6.8758,12
1101554,609725,776562,69.0362,6.3668,7
1102558,775956,777275,14.2556,11.7314,1
1102945,776070,777535,35.0877,11.6829,5
1102946,777535,777828,28.5174,3.8566,5
1103222,192795,777733,11.0604,8.1707,5
1103223,200584,777733,35.0809,7.8657,5
1103296,604051,777786,115.5797,4.0616,9
1103345,777821,788742,69.9944,4.7361,1
1103354,605106,777828,14.6401,2.118,5
1103890,618960,778226,135.3046,2.9142,1
1103999,608427,778300,54.4488,29.5088,1
1104006,606212,778306,33.1129,6.9263,5
1104007,778306,780935,62.3068,10.9114,6
1104166,610714,778419,41.0433,14.3854,2
1104527,548913,778666,60.3794,4.0941,1
1105574,779420,781147,128.0022,6.3326,6
1106095,773621,779781,49.6488,9.3086,1
1107698,601088,780898,44.7114,6.03,5
1107700,622199,780898,118.4518,5.8941,5
1107718,780912,781779,112.5083,3.6213,2
1107719,287143,780912,56.2079,4.1213,2
1107749,606539,780935,62.9356,12.1322,6
1108047,781147,786291,65.9537,9.002,6
1108279,764702,781299,156.1808,21.2809,1
1108280,781299,783463,15.9339,2.3428,1
1108985,731768,781779,94.0809,3.3028,2
1110644,772629,782934,150.0672,14.008,9
1110840,193787,783057,39.5095,4.6751,1
1110895,609985,783096,15.4272,24.1855,1
1111014,783177,784223,16.5831,4.7308,1
1111337,603645,783422,66.9154,8.9791,5
1111338,783422,785139,22.0807,13.7718,5
1111748,783712,808151,111.9198,4.9286,11
1112484,191597,784223,51.5687,5.4379,1
1112774,784417,784954,14.7761,5.6894,1
1113045,214075,784594,61.3886,4.4155,5
1113820,616473,785139,39.7031,11.7432,5
1114532,272601,785645,3.559,5.1421,5
1115995,786291,786647,68.3561,10.8619,6
1116176,784954,786769,22.2972,5.4332,1
1116178,786769,788018,9.2105,6.6904,1
1116290,277887,786847,71.7937,4.9839,5
1117972,626555,788018,47.3885,12.815,1
1118454,312489,788358,16.4688,7.2963,41
1118714,269891,788524,119.708,5.4536,5
1119035,788742,803639,94.5757,4.0811,1
1119175,614846,788841,57.9106,5.2836,1
1119228,623925,788874,39.6933,7.3852,1
1121188,790233,811152,95.0999,4.8002,1
1121189,790233,790392,5.7446,4.5414,1
1121398,776085,790392,84.1962,3.6736,1
1122729,201786,791347,69.9349,4.2523,1
1123412,228679,791823,152.5254,3.6651,1
1124161,215340,792335,56.0491,3.7936,1
1124162,200368,792335,87.6274,5.0861,1
1127793,616473,794882,63.3745,10.5097,5
1127794,631820,794882,28.9021,10.5097,5
1128665,795463,798833,35.6542,3.0725,1
1129137,794913,795798,8.8066,5.6081,1
1129138,633203,795798,30.8473,5.0378,1
1131982,797718,799641,14.7385,17.4549,2
1132323,797944,799758,9.0,2.2802,1
1133348,623669,798639,74.2933,3.3132,1
1133377,598161,798659,183.28,5.3866,1
1133378,645453,798659,121.8902,5.1029,1
1133647,798833,799932,30.1616,3.8944,1
1133828,620905,798964,52.9402,4.3574,2
1134810,799641,800629,18.2635,16.5802,1
1134811,635461,799641,13.6707,14.4223,1
1134976,216999,799758,29.1776,1.9841,1
1135628,800194,802738,45.299,7.9185,1
1136243,800629,801296,25.7617,15.4085,1
1136328,209112,800688,35.9629,6.1731,1
1136329,800688,802515,128.5807,4.0388,1
1137219,637939,801296,20.9444,15.997,1
1137257,801324,811050,360.6078,7.5077,1
1137678,284227,801626,189.8631,4.7863,1
1138971,802515,812251,57.5326,4.8028,1
1139296,219955,802738,24.379,7.0421,1
1140095,803309,810620,42.1579,6.5557,7
1140561,283851,803639,101.7606,3.8172,1
1141023,216996,803956,16.2378,2.9208,2
1141024,228038,803956,72.9817,2.5322,3
1142408,211687,804915,134.8341,7.6468,2
1142415,218493,804920,40.6024,4.7404,1
1142416,804920,807279,125.9722,9.3262,1
1144864,642787,806599,48.2688,10.1247,8
1144865,653010,806599,88.6954,10.1934,8
1144985,806682,810954,82.7023,16.9168,1
1146634,273507,807848,160.3309,4.1829,2
1146704,806812,807898,28.5988,3.6427,1
1146793,643619,807956,27.7188,3.9324,1
1146794,652823,807956,39.8623,3.5291,1
1146837,631323,807988,98.2683,6.7774,5
1147062,286134,808151,87.6141,5.1421,11
1147800,807279,808661,111.5572,14.2683,1
1147801,808661,809119,23.4307,13.8075,1
1148485,808177,809136,8.0554,5.1636,1
1148615,807898,809227,190.1055,2.9276,1
1149134,809596,811212,39.1706,4.1528,8
1149952,810169,819594,46.076,3.5937,1
1149977,791347,810185,128.7983,3.9822,1
1150450,810526,820119,241.8781,4.7408,5
1150925,810847,813239,156.4001,2.8059,1
1151073,756873,810954,504.1731,30.4838,1
1151135,51091,810995,332.1461,8.2138,1
1152274,635928,811803,92.7793,5.9986,2
1152276,659118,811803,88.8125,4.937,2
1152354,811156,811858,83.8332,4.2361,1
1153074,215340,812376,314.2061,3.9324,1
1153975,813024,814238,87.8066,7.1774,1
1153976,813024,818364,35.6791,4.437,1
1154297,234809,813239,83.8848,2.639,1
1154612,660108,813461,42.3556,23.6253,1
1155731,226539,814238,56.0327,7.2715,1
1156408,811156,814702,45.4863,3.8028,1
1156570,652019,814819,6.6081,5.5649,1
1157057,657148,815155,21.6025,12.5486,1
1157678,14560,815569,103.3285,6.151,8
1157738,815614,820506,20.8087,3.8643,1
1158107,815873,816997,13.4866,5.1438,2
1158427,814819,816081,20.1474,4.9839,1
1158807,655562,816351,4.6904,12.3643,1
1159055,816512,817003,28.2489,3.5,1
1159056,810656,816512,51.7977,4.5616,3
1159769,816997,819044,61.2617,4.4964,2
1159774,815614,817003,160.7327,3.0616,1
1160354,815873,817402,79.1489,3.8643,2
1160848,14942,817738,30.4302,3.3028,2
1160873,37035,817754,134.4115,8.4805,1
1160874,816081,817754,38.1477,4.9839,1
1161202,817986,820119,15.7926,4.7913,5
1161334,366099,818061,26.5393,4.1069,1
1161521,818188,819103,16.8589,3.217,1
1162877,664659,819103,24.9933,3.217,1
1162887,664852,819109,46.8971,7.4736,1
1163559,812251,819576,65.3835,4.5,1
1163560,235524,819576,58.8671,3.0,1
1163585,94487,819594,55.109,2.639,1
1163665,816512,819651,27.5862,4.9495,4
1163666,819651,821876,9.9499,4.7947,1
1164892,663942,820470,143.2585,6.5557,1
1164944,245938,820506,94.265,3.6736,1
1166403,219850,821521,143.101,13.5192,2
1166745,819865,821776,35.498,22.7666,1
1166746,821776,822386,9.1226,21.7468,1
1166902,243880,821876,37.7705,5.4274,1
1167432,73361,822241,44.486,6.117,1
1167638,30116,822386,57.2606,23.5613,1
1167785,68883,822487,143.6774,13.185,2
1167797,37035,822487,73.0786,16.6276,1
1167806,686085,822487,63.874,21.2321,1
1167871,817986,822530,65.9679,4.7913,5
