edge_id,src,dst,length_um,radius_um,usage
1175,771,735059,44.5649,6.458,1
1239,813,438642,11.225,8.765,1
1240,813,506239,12.7279,6.1858,1
1702,1120,319384,7.6305,12.9428,1
1899,1259,430601,12.261,11.3106,1
2596,1757,232861,36.765,11.4176,1
3336,2319,236448,6.8232,11.5509,17
6122,771,4437,23.8229,6.0495,1
7563,5488,304264,355.9867,8.7067,1
12206,8864,322610,6.549,12.2505,9
12278,8912,237600,3.2787,18.3576,17
12279,8912,105872,62.2415,18.0811,17
14703,10688,322086,40.5917,8.5311,1
16041,11655,818694,92.8081,30.2964,5
16042,11655,22486,17.2498,26.9105,5
17887,12964,15099,47.8957,8.5205,1
18682,13537,13754,12.6886,4.1621,1
18985,13754,332619,139.4924,6.3224,1
19323,14000,58748,43.4502,6.0895,1
20212,1757,14633,33.8526,10.4724,1
20213,14633,241839,11.7898,9.2509,1
20738,14998,338284,221.5121,7.4736,1
20739,14998,321224,14.3047,7.5886,1
20878,15099,18459,58.1464,7.1763,1
20994,15181,325759,4.5826,8.1542,1
20995,15181,16704,46.7333,6.3763,1
23148,15735,16704,57.9828,4.0035,1
25119,18086,327989,55.5938,9.3268,1
26877,18459,19313,15.0,6.4778,1
26963,19371,338060,35.0999,5.5902,1
27245,19566,683992,83.9764,15.103,1
27278,19371,19585,55.1543,9.294,1
27392,19673,335034,9.877,13.3218,1
27585,19673,19803,3.0,13.0896,1
30461,21853,22012,4.4721,5.3723,1
30667,22012,338060,29.1776,3.618,1
31492,18086,22600,166.5923,8.8524,1
32577,21853,23384,37.4566,6.1889,1
32578,23384,23560,8.6023,5.6079,1
32836,23560,340794,25.1794,4.9839,1
33085,23737,342484,6.2716,4.9286,1
33163,23790,25244,39.4588,2.9954,1
33191,23808,774022,46.1086,3.8724,1
33613,23790,24101,22.561,3.4758,1
33614,23850,24101,4.6904,4.1231,1
35033,22600,25089,64.0391,8.4853,1
35222,25221,668728,31.7315,11.3364,1
37146,25244,26603,60.2744,4.7434,1
37147,26603,347939,5.0222,6.0778,1
37257,26678,348865,31.1073,7.5927,2
37358,26752,353366,51.617,4.729,1
38409,27499,31684,107.4709,8.8296,2
38932,22486,27849,31.9192,22.0967,5
38933,27849,680317,35.2775,16.4622,5
40318,28827,29757,26.4764,10.4676,9
40663,29062,359930,72.4124,13.3199,9
40833,29182,330305,34.8553,11.8751,9
41284,28164,29500,24.2281,5.7358,1
41442,29616,347939,50.0189,4.977,1
41631,29062,29757,45.0111,11.0434,9
42170,30116,43406,28.5754,25.6075,2
43690,31164,328984,14.1774,14.4677,1
43936,29500,31326,44.2041,5.2631,1
44178,31503,39622,147.1428,8.1126,1
44225,31540,355749,4.6547,12.6577,9
44598,31821,355923,26.7706,7.2592,1
45137,31540,32192,28.0891,16.4062,9
45348,32340,356945,8.2597,10.2328,2
45349,32340,358011,10.779,11.9044,2
45478,32192,32432,8.3666,19.6469,9
45597,32511,355923,13.5524,8.4328,1
45598,32511,32782,4.3589,8.8578,1
45884,32709,357045,7.5719,10.4375,25
45978,32782,360100,30.2692,8.2671,1
46538,33189,346906,163.3136,5.8941,1
47128,32432,33610,31.8434,18.5682,9
47234,33610,33694,32.3265,18.9056,9
47235,33694,359929,9.8489,19.5277,9
48343,34460,359755,15.5421,20.6582,9
48804,34797,360449,13.2539,20.8213,9
48883,34859,360100,32.4739,7.3282,1
49526,35312,35481,5.7446,9.2195,25
49766,35481,361488,8.2462,9.9248,2
49767,35481,40312,83.3847,9.5595,23
50108,35714,361478,29.0956,9.2644,1
50328,35865,43911,28.5164,17.0774,18
50563,36039,361717,17.9536,21.2715,9
51466,36640,329678,9.7125,12.904,9
51537,36694,57788,189.591,19.141,1
52025,37035,679168,14.8099,9.6285,1
54229,38605,674535,32.8215,13.2249,5
54230,38605,47414,16.9648,14.6486,5
54362,38698,366587,20.8087,21.3822,9
54372,38706,678067,20.7043,10.7804,1
55007,39165,54475,39.6569,15.9948,9
55105,39239,39392,2.4495,11.9364,9
55326,39392,370997,19.8382,13.4746,9
55477,39497,376512,75.5028,5.7079,1
55650,39622,370121,11.8945,8.544,1
56161,39971,372121,28.5073,7.5799,3
56162,39971,375056,29.0,5.0083,3
56743,40371,372424,15.5242,9.5647,23
57137,40637,683881,89.7814,6.7697,1
57139,40637,42697,37.9799,9.4395,1
57350,38698,40780,41.6293,24.0617,9
57576,40944,680317,5.2281,14.4542,5
57652,40780,40999,2.4495,25.075,9
57653,40999,373495,10.6301,25.075,9
57837,41121,240205,14.1303,6.0895,1
57838,41121,244036,10.9545,5.3218,1
57868,41143,371711,21.3828,9.434,23
58139,41338,289266,30.499,11.8851,9
59072,42017,42887,35.609,9.7333,3
59499,42317,43498,13.9642,6.0738,1
59730,42481,684456,36.491,8.9641,1
60042,25221,42697,41.9537,11.5727,1
60266,42515,42863,6.4031,7.1056,1
60267,42863,60427,199.6246,6.6469,1
60301,42887,378401,31.7683,9.8669,3
61020,43406,684824,37.6017,25.7953,2
61140,43498,46344,33.541,6.2838,1
61733,43911,682904,20.5345,12.4243,18
62017,44101,638862,42.7941,5.0724,1
62018,44101,735250,64.2747,5.0724,1
62311,44307,370997,60.6071,15.3071,9
62312,44307,382180,40.223,15.6683,9
63522,45151,46086,10.8628,15.4642,1
63630,45229,379131,18.5293,13.0057,23
63961,45469,379947,8.3997,6.2696,1
64197,45631,50478,13.3,7.3786,1
64664,45967,379673,18.0185,13.4387,23
64827,46086,48080,29.7489,19.0,1
65029,46225,382461,28.7858,10.1256,1
65030,46225,380828,7.9863,6.0092,1
65233,46383,46858,10.7703,11.2522,1
65739,46661,46756,7.6811,4.7431,1
65893,46858,383342,25.6428,12.2814,1
66098,47015,381435,50.5063,12.2881,1
66424,45469,47236,76.0658,6.5897,1
66794,47491,370944,91.7505,12.8691,1
66998,47639,288018,22.9613,8.5952,34
67405,47920,330697,22.6618,15.8453,1
67471,46661,47964,29.1376,7.922,1
67472,47964,382178,18.8944,9.5497,1
67478,47967,385853,20.2375,14.7861,1
67640,48080,385457,12.2296,20.9284,1
67738,36694,48151,41.7463,23.179,1
68044,48353,382170,57.4326,6.6177,1
68335,48547,385456,4.761,11.9149,1
68690,47491,48803,16.5227,13.7632,1
68782,45967,48858,87.1149,13.5356,23
68901,48942,387772,34.8361,13.0753,1
69175,49159,387320,19.4594,7.8875,3
69551,49416,51266,53.6843,5.3284,1
69801,49585,60708,99.9991,6.5191,2
69802,49585,53638,11.7898,6.4803,2
69822,49597,388536,17.4706,22.0754,4
70559,50108,385453,25.4165,21.2924,9
71088,50478,55977,33.4813,9.6602,1
71583,50836,390465,14.8754,17.5457,9
71829,46344,51003,64.4515,7.3248,1
71830,51003,382672,122.4426,8.0832,1
71831,51003,60497,131.8939,8.6585,2
71955,51091,241839,48.2735,8.7733,1
72254,51306,390451,7.9303,7.5667,1
72370,51393,390451,3.448,6.9466,1
72513,51505,55797,18.1904,7.8075,1
72615,51266,51578,23.1517,4.4096,1
72769,47015,51677,74.7663,8.226,2
72770,51677,384962,38.2965,4.89,2
73031,51850,389178,19.2787,15.7036,23
73373,52098,391602,57.6597,22.4571,1
73495,45631,52186,16.2275,6.7723,1
73499,48151,52189,19.3336,22.6719,1
74101,44120,52618,63.1137,6.7564,1
74768,53089,389475,19.2894,18.0961,1
74844,53142,656311,4.7258,12.2179,1
74997,53089,53250,10.6301,18.2049,1
74998,53250,395449,43.8547,30.5598,1
75520,53637,68692,106.4884,7.1947,2
75521,53637,53638,33.9051,7.0421,2
75570,51850,53673,21.6795,19.3144,23
75571,53673,396020,20.9178,19.8693,14
75869,53673,53896,22.7596,20.3311,9
76379,54255,395936,7.7028,15.6608,1
76704,54475,336965,20.1494,15.7473,9
77074,54730,334624,6.65,4.241,2
77890,55319,394845,11.481,17.4624,1
77891,55319,56307,10.2956,19.0335,1
77958,36640,55367,51.0392,9.2656,9
77960,55367,58357,63.9653,6.6623,9
78287,55599,629641,33.8903,4.1078,1
78563,55797,64698,27.9464,8.3031,1
78609,55835,398188,8.4077,4.0355,1
78693,55898,56016,7.1414,21.9883,3
78694,55898,55899,4.2426,22.524,3
78704,55906,56158,3.0,18.0416,14
78715,55912,397015,5.2599,20.4221,1
78806,55977,59635,25.2675,14.5414,1
78863,56016,56633,22.8254,19.071,3
78999,56110,818967,88.0341,16.8946,18
79000,35865,56110,77.6595,13.5336,18
79031,56132,63457,22.2236,22.0284,1
79032,52189,56132,7.2425,20.7645,1
79074,56158,400175,25.7034,17.3644,14
79088,56167,397458,8.0195,24.1764,1
79092,56169,395697,14.9852,15.5989,1
79205,56243,62366,14.4741,9.6497,18
79292,56307,57093,10.4403,21.5862,1
79618,56544,57278,19.2614,17.0178,3
79752,56544,56633,16.5831,18.1394,3
79836,56686,404184,56.5273,4.4155,1
80152,56910,56982,70.4131,6.4789,1
80666,57278,57522,13.3417,16.0871,3
80996,57522,401570,22.5536,19.0442,3
81221,57671,400190,5.2192,11.7632,1
81222,57671,58343,27.2947,17.6335,1
81380,57788,685412,3.9581,15.1766,1
81445,57836,401276,18.5308,16.1832,1
82183,57093,58343,16.4012,23.8022,1
82201,58357,336267,10.419,6.7016,9
82532,58582,194817,174.8199,5.5109,2
82572,58611,403603,184.94,21.4465,1
82576,58614,401010,4.4347,14.9775,1
82765,58748,417334,388.5018,6.7223,1
83256,59089,61748,38.1314,16.4012,14
83259,59091,402194,9.9539,15.4017,1
83427,59197,403707,24.0416,19.891,3
83602,59319,402758,3.6968,18.1696,4
84111,59677,59990,7.3485,23.1164,4
84114,59091,59679,8.8318,14.6094,1
84563,59990,403977,8.5245,25.2728,4
84662,60055,391602,63.7138,22.6518,1
84664,60055,60948,23.7276,22.5005,1
84992,60299,402860,17.3674,10.0984,1
84993,60299,60952,9.0,6.3482,1
84995,60300,404626,3.8297,4.872,1
85174,60427,68433,95.6974,5.5909,1
85277,60497,67441,92.3634,8.447,3
85316,60522,400816,41.6413,7.1763,1
85583,54730,60708,36.1959,5.4198,2
85931,60952,405910,6.1401,2.4495,1
86275,61188,61651,8.6603,4.7408,1
86487,61342,386251,164.9128,12.8291,1
86541,61375,405106,48.4355,7.9051,1
86782,60948,61540,11.1803,23.1189,1
87069,61748,64843,65.7419,14.0529,13
87376,61968,410431,51.1273,6.2838,1
87515,62056,63905,25.3377,4.7541,2
87584,62109,244036,13.5154,4.3723,1
87585,62109,244885,7.6085,3.5,1
87881,62316,400287,118.8139,25.1219,3
87957,62366,66420,26.0192,15.8069,18
88573,62804,417910,70.2975,9.2969,1
88786,62736,62961,33.3766,5.1213,1
89251,61188,63291,59.649,3.7913,1
89252,63291,406827,20.79,3.2321,1
89663,63575,693882,51.8807,19.3467,1
90069,63869,64265,6.1644,12.3443,1
90070,44120,63871,18.1384,5.5822,1
90071,63871,735223,51.5741,4.6213,1
90229,63980,409319,10.7083,6.7016,2
90601,64225,404959,135.6285,8.4051,1
90658,64265,64763,4.4721,11.8443,1
91270,64698,338900,8.3865,8.6137,1
91350,64763,413488,12.8355,11.5828,1
91453,64843,421332,109.4809,11.726,13
91616,64948,67289,4.0,6.2925,2
91659,64974,64976,7.0711,9.5802,1
91662,64976,302380,120.5736,8.0552,1
91689,64225,64999,12.1244,9.0,1
91952,65190,411214,12.5831,5.3229,1
92052,65269,413202,7.6739,13.4642,2
92058,65272,413207,18.9795,4.5708,1
92142,65330,413094,50.927,10.7507,2
92591,65272,65642,20.9045,5.1881,1
92832,65269,65813,12.3288,12.4161,2
92922,65884,67777,93.0269,6.373,3
93060,61748,65992,100.6231,11.8748,1
93309,66159,412349,298.9972,7.3455,1
93432,64999,66249,27.8029,7.5822,1
93503,66302,407273,127.0324,16.7249,3
93504,66302,417203,39.5985,16.9887,3
93511,66306,66966,8.124,5.7426,1
93667,66420,691041,6.7082,19.873,18
93963,65992,66623,8.775,7.5148,1
93964,66623,68769,29.5466,8.8155,1
94106,66725,412453,24.5334,5.5,1
94424,63457,66940,18.3428,25.0845,1
94465,66966,415738,3.6056,8.7979,1
94818,67201,70071,36.1248,19.815,2
94920,63980,67277,49.4166,6.5822,2
94921,67277,419987,35.4855,6.7564,2
95133,67431,404126,133.0949,6.4803,1
95148,67441,67777,15.2643,7.806,3
95312,67431,67562,29.189,6.151,1
95569,67742,415830,84.0143,6.0707,1
95812,67925,411281,74.0675,7.9155,25
95944,68016,422638,34.0098,16.345,1
96049,68089,69695,30.4302,8.9669,2
96050,68089,417734,5.4671,10.5951,2
96602,68471,415185,39.7827,29.0358,2
96739,67925,68562,13.6015,7.3407,25
96741,68562,68563,3.6056,7.5261,25
96797,67742,68607,22.1359,9.8357,1
96917,68692,79381,140.8427,8.379,2
96965,68726,413054,34.4719,11.6821,1
96967,68726,71247,32.0156,8.3057,1
97032,68769,422988,30.1496,10.7412,1
97201,68471,68884,11.8743,28.9386,2
97232,47414,68904,59.7671,19.5229,5
97500,68884,69091,3.7417,28.4592,2
97754,66249,69271,104.4031,5.7748,1
98020,68433,69441,66.3476,5.7899,1
98397,69695,71685,57.3934,9.8089,2
98608,69855,415738,40.4104,8.8564,1
98609,69855,431675,143.6802,6.5372,1
98683,69900,76549,70.157,6.1833,2
98834,69091,70007,17.2047,28.87,2
98929,70071,71599,21.4009,8.9893,2
99039,70149,420118,6.5064,10.693,1
99040,70149,70834,7.2801,10.495,1
99480,70469,691482,35.0381,23.6658,1
99488,70469,70475,41.4485,21.666,1
99805,70007,70704,29.0172,27.925,2
99817,70714,81605,75.295,9.8541,2
99993,70834,420019,25.2751,7.3992,1
100601,71247,435582,89.9074,5.3779,1
100626,63905,71260,73.7699,5.0616,2
100627,71260,71768,7.0711,5.4495,2
101121,71599,423244,97.3823,21.0739,2
101247,71685,72409,72.904,8.7776,2
101382,71768,72761,18.4932,5.985,2
101471,71832,417203,103.905,15.8339,1
101798,72060,423710,30.2379,21.1527,2
101970,72182,429364,60.1443,5.3218,1
102017,72215,422871,23.9653,22.7777,1
102230,72370,72500,12.2474,19.6086,2
102233,72372,425377,45.7639,22.0784,2
102411,72500,423714,21.3989,20.3317,2
102776,72761,424963,47.2464,7.5976,2
103836,72215,73491,26.6458,18.8809,1
103837,73491,429590,36.2123,13.3166,1
103860,73508,427461,13.344,19.7782,1
103938,60497,73568,186.5503,9.7309,1
103939,73568,78849,91.3729,8.8858,1
103984,73603,428143,49.3221,22.1018,2
104037,73639,429634,40.5997,5.465,1
104298,73822,74754,26.0,8.1513,13
104524,73972,75767,32.3883,20.6568,2
104631,74047,74048,3.7712,11.428,1
104632,74048,697840,37.6194,14.5732,1
104634,74049,74127,7.4981,16.4463,1
104734,74127,695922,38.0263,13.9427,1
104957,74298,432174,51.9711,7.4758,3
105061,74379,82313,79.2149,7.0283,1
105493,74668,694020,50.2461,9.217,1
105494,74668,78959,37.7624,10.2397,1
105620,74754,428607,10.198,10.3581,13
105722,74822,87034,130.1576,7.3407,1
106358,75270,385537,254.7077,7.2053,1
106359,58582,75270,16.0935,7.7632,1
107084,75767,429328,4.6779,22.3895,2
107583,76112,76114,29.5052,6.9531,2
107585,76114,80403,18.2087,7.6212,2
107735,76220,422706,88.5249,6.8416,1
107736,76220,431314,9.0554,8.7391,1
107784,76250,430813,9.363,19.4993,2
107794,76256,77344,11.7047,11.7411,13
108163,76514,76685,5.7446,23.9601,2
108212,76549,79551,130.9733,6.6115,2
108405,76685,76875,8.124,20.8163,2
108684,76875,423244,58.4112,27.1593,2
109363,77344,432360,8.0989,12.3471,13
110340,78040,440096,88.5306,7.0283,1
110372,78061,433123,26.7893,7.5507,1
110434,78109,426621,77.4486,7.5782,1
110671,78061,78273,6.4031,8.3031,1
110672,78273,434812,31.3635,6.1524,1
110760,78339,443659,87.0032,8.8794,1
110991,76058,78484,44.5982,5.7878,1
110993,78484,80816,24.4949,5.7446,1
111449,78817,81646,11.8842,16.6416,9
111499,78849,433013,11.5998,7.5077,1
111552,78077,78893,14.0357,3.8028,1
111553,78893,81366,29.6311,4.1795,1
111642,78959,84003,32.887,8.9139,1
112248,76112,79381,17.0587,9.7419,2
112476,79551,80617,14.0357,5.465,2
112570,79616,79840,18.0278,15.0011,1
112637,79657,699683,10.7961,26.5233,5
112907,79839,434200,7.2034,19.3284,1
112908,79840,436503,14.3074,17.071,1
113517,80281,439428,49.0051,6.0467,1
113660,80281,80378,5.099,5.8941,1
113700,80403,86298,32.0232,10.6053,2
113829,80494,81022,7.5498,9.0735,13
113830,80495,81030,13.9642,2.9142,1
114287,80816,439574,53.618,5.1636,1
114592,81022,81518,9.8489,9.2546,13
114660,81070,429548,59.4643,5.6506,3
114661,81070,440986,29.5852,6.0467,3
114703,81099,435433,19.4651,20.5195,1
114707,81101,436986,5.971,15.0662,1
115076,81030,81366,33.4813,3.6795,1
115110,81389,85321,3.0,6.0828,1
115115,81392,83669,44.1135,5.3327,1
115287,81516,438713,15.7818,7.7728,1
115290,81518,81604,9.2736,10.0234,13
115413,81604,86042,75.6703,10.4375,13
115415,81605,343426,44.0366,7.9909,2
116065,82058,439469,14.8549,9.2711,11
116320,82249,438070,10.2956,22.003,1
116400,82313,86266,132.7027,7.0654,1
116530,82407,451638,133.5752,5.5649,1
116919,82249,82693,11.9164,21.1052,1
117086,82813,434552,48.6963,4.3203,1
117087,82813,436293,94.1642,4.5634,1
117206,82901,438323,23.2785,4.1069,1
117208,82901,84273,23.0868,3.8944,1
118008,83482,439839,27.7969,17.7817,1
118279,83669,443550,111.1755,5.8698,1
118329,83708,438933,94.986,6.4128,2
118737,83982,441115,167.9222,7.5,1
118854,84005,169799,142.0176,25.8185,2
118862,84005,760534,163.025,27.0305,1
119764,84654,442633,11.2793,8.2764,1
119947,84003,84789,12.7677,6.5927,1
119981,84811,703231,25.1794,10.7622,1
120130,84273,84909,11.5758,3.5291,1
120459,85148,86284,38.9102,14.4121,1
120592,85238,87282,9.0,14.3165,1
120838,85400,92469,181.2898,6.451,1
121144,85620,510473,52.0449,5.0517,2
121145,85621,705242,10.8934,19.2313,18
121303,85727,717602,67.7207,17.829,18
121314,85734,716325,43.068,18.2302,1
122077,86284,445253,3.6818,20.0131,1
122093,86298,344997,32.215,9.7478,1
122094,86298,345198,20.4958,8.7909,1
122269,86419,86564,54.2402,5.4075,1
122270,86419,87451,32.5269,5.651,1
122374,86496,87451,69.4334,6.2016,1
122474,78040,86564,149.8833,6.3121,1
122652,86694,445600,41.2765,21.1326,1
122853,86835,708041,19.9416,13.6037,1
123135,87034,87794,10.4881,7.0201,1
123270,87131,87538,42.45,6.7564,1
123474,87282,700356,5.2345,12.723,1
123620,87393,89953,29.3428,4.6213,1
123829,86266,87538,100.9752,7.0654,1
123833,79657,87541,29.7788,22.9728,5
123834,87541,100950,30.7119,19.9336,5
123974,87631,454730,55.8589,5.1421,2
124209,87794,94544,124.8479,6.458,1
124266,87836,439937,76.5347,7.3761,1
124268,87836,449422,15.7973,5.985,1
124318,87131,87874,58.0086,5.9977,1
124355,87899,446768,7.8031,20.033,1
124920,87899,88311,8.775,18.9588,1
124921,88311,89555,14.6287,18.6681,1
125787,88929,447863,15.3297,5.3723,1
125889,88929,89006,16.1864,4.9936,1
126367,89348,97412,26.3239,15.6883,18
126941,89754,354556,53.1779,20.7186,9
127100,89555,89882,8.2462,17.8139,1
127201,89953,91218,44.1135,4.4126,1
127232,89975,446209,63.3509,6.5557,1
127233,89006,89975,19.7231,5.4754,1
127320,89882,90032,4.6904,16.1486,1
127590,90208,100443,46.8722,14.6511,9
127592,81646,90208,36.2232,16.3467,9
129026,91218,455215,18.4932,4.9839,1
129529,91585,455215,34.2101,4.7541,1
129530,91585,92308,11.0454,4.5616,1
129634,91655,92308,24.454,4.1583,1
130504,92265,137291,118.8634,5.3218,1
130505,84789,92265,32.2949,5.651,1
130802,92469,95957,67.9853,7.0355,1
131646,93079,101343,260.9732,9.4656,1
131654,93085,94544,51.2738,6.0,1
132897,93981,457378,38.3911,10.1604,1
133390,94321,103486,31.2289,26.5609,2
134440,95084,345198,15.1286,7.0707,1
134579,95184,454086,91.3777,6.6292,25
134769,95015,95317,12.083,23.4265,1
134770,95317,463939,72.1642,21.9498,1
135285,95684,464429,75.8441,6.3326,2
135484,95824,97689,65.9924,6.3284,1
135800,95184,96045,74.5989,7.5478,25
135857,95004,96093,14.7986,6.9432,1
136119,64948,96280,122.0161,6.3364,2
137296,96045,97081,27.6586,9.3372,25
137761,97412,712281,20.497,12.1838,18
138064,97639,463939,6.7082,19.5256,1
138097,97081,97661,21.4243,9.4124,25
138135,96093,97689,30.1496,6.03,1
138465,97661,97925,13.6382,9.6075,25
138957,98278,474977,91.4473,6.9567,5
139375,78791,98575,36.0275,6.0173,9
140448,99325,102257,54.7357,5.6926,1
141962,100398,105813,69.5989,9.0819,1
142680,100916,466237,32.8684,10.6789,25
142923,100766,101086,52.1249,10.7234,1
143172,100916,101246,9.0,10.1789,25
143310,100766,101343,12.1244,11.3033,1
143341,100686,101365,13.4164,6.1567,1
143668,101601,478591,127.845,5.2421,1
144442,102149,142527,82.9337,6.6328,1
144598,102257,105284,89.8276,6.5707,1
144944,101365,102492,115.0087,4.8783,1
145086,101086,102602,40.8044,10.2648,1
146045,103316,136681,61.8237,21.7653,1
146286,103316,103486,31.6899,23.1219,1
146402,101246,103562,71.9444,8.6231,25
147486,104330,470937,91.4148,5.8735,1
148082,104762,474231,24.7819,7.0,1
148083,104762,106825,42.6497,6.8875,1
148827,105284,482041,82.33,6.6529,1
148841,105293,113846,128.2381,7.0421,1
149009,100950,105418,13.8764,20.9316,5
149045,105442,347947,13.4743,16.2782,1
149046,105442,117733,37.1202,16.0663,1
149159,105513,475764,14.0554,6.2321,1
149164,98575,105516,15.0333,5.78,9
149495,105744,105813,82.061,6.9216,1
150459,105744,106435,14.3527,4.6289,1
150460,106435,480956,25.3553,4.6289,1
151002,106825,111125,103.0776,8.6886,1
151794,107379,108046,22.6716,3.5794,1
152159,107647,346906,16.9607,6.5557,1
152542,107916,350452,9.363,7.8717,1
152710,108037,478571,119.311,7.0915,1
153790,108799,480707,79.5725,6.5355,25
153839,108829,483027,15.6724,5.5076,1
154439,23808,109247,7.0711,3.3132,1
156750,110851,111050,4.6904,7.6468,25
156988,104330,111019,175.6986,7.2744,1
156989,108829,111019,90.802,6.9084,1
157031,111050,112062,34.0147,6.8206,25
157142,111125,491300,113.4637,7.1734,1
157822,111603,716715,23.2376,16.8473,18
158493,112074,112386,7.5498,8.0428,1
158505,112083,202688,61.1199,7.4407,1
158918,112376,491141,113.5805,6.5465,25
158921,112378,498953,140.6961,7.1193,1
158929,112386,487831,2.708,8.3632,1
158948,112399,481110,77.4037,12.2784,1
159302,112062,112648,151.3704,6.4155,25
161036,113846,119873,105.1951,9.1791,1
161263,113998,494166,35.5293,7.77,1
161891,114446,119715,147.2617,5.2421,25
163131,111603,115329,24.4709,21.7775,18
164405,116263,500568,250.0997,6.7016,1
164663,116435,494166,46.8899,6.3541,1
164664,116435,116709,9.4868,6.0822,1
165057,116709,507096,111.7701,7.2655,1
166527,117733,147477,65.4516,16.7995,1
166737,117878,121010,100.03,6.5927,25
166738,117878,501850,77.9637,7.5745,25
167633,89348,118509,32.4107,11.4874,18
167952,118730,120025,113.0531,5.8912,25
167953,118730,500242,52.7668,6.2417,25
168353,119029,501392,51.5429,6.0981,1
168544,119172,120512,48.4355,9.0759,5
168965,119456,500242,7.3485,6.9432,25
169329,119715,120025,9.0,5.9407,25
169362,119741,125289,38.614,21.9031,18
169558,119873,128080,127.1928,9.7544,1
170468,120512,500255,88.5645,8.9957,5
171203,121010,122049,114.9174,6.6657,25
173919,122916,124083,26.096,6.6904,1
174321,123207,504488,54.8625,7.9978,1
174917,123612,498400,150.2627,6.4806,1
176873,125019,721267,18.6815,17.1024,18
177247,125289,720326,5.4772,19.2094,18
177334,125353,353437,4.5461,6.8459,1
177452,125436,723460,69.3568,20.746,1
177453,125436,727357,97.3332,19.094,1
177859,123207,125720,51.8941,6.6437,1
179247,126669,721892,25.2763,20.0856,18
179248,126669,721267,6.4722,19.4646,18
180225,125720,127350,41.1461,7.0398,1
180226,127350,127741,7.0711,7.6553,1
180423,127494,133046,118.6128,7.2108,1
180774,127741,130144,63.0635,6.5557,1
181204,128070,128161,7.874,7.4491,1
181335,128161,516562,32.9545,6.733,1
181354,128177,516856,3.559,12.2105,5
181355,128177,130765,63.6553,13.1703,5
181386,128199,721892,3.448,20.1108,18
181387,128199,722478,10.0277,20.96,18
181388,128200,721894,4.761,19.9295,1
181475,128259,130066,129.5955,8.3951,1
181476,128259,128471,6.4031,8.8272,1
181768,128080,128471,9.4868,8.9711,1
182764,129164,511398,51.5903,8.6552,1
183015,129337,518743,25.8263,7.8134,1
183029,129347,519206,23.331,7.1947,1
183030,129347,525199,50.2494,7.1947,1
183454,129651,290852,23.4495,11.1803,34
184185,130144,131412,23.622,6.2016,1
184445,130333,723854,7.3711,7.3024,18
184529,130398,133355,71.5612,6.1071,1
184669,130493,723999,17.7576,13.2741,18
184670,130493,723199,7.874,8.8289,18
185059,130765,528933,86.9493,14.9156,5
185174,130842,722478,50.2998,22.9705,18
185472,131057,132393,117.5117,7.1386,1
185473,131057,528945,48.7266,7.2327,1
185757,131260,520885,24.2258,6.4128,1
185972,131412,132393,16.1555,6.937,1
188122,132943,149319,42.8654,14.4472,1
188123,132943,358654,98.0442,6.7986,1
188272,133046,534470,111.2545,6.3326,1
188386,133121,159119,31.1491,12.6294,1
188710,133355,526361,10.247,6.3609,1
189370,133840,519297,68.23,6.6115,1
190915,134925,726491,50.5459,22.9044,1
191011,134991,135365,9.6437,7.4725,1
191683,135496,253212,30.3592,20.9119,17
192101,135780,723854,14.7949,9.4006,18
192326,135930,136790,19.2354,8.1542,2
192475,136033,530409,3.2998,9.6954,2
193169,136033,136493,80.604,8.4877,2
193401,135930,136642,81.8657,8.4243,2
193463,136681,730163,18.4089,23.874,1
193615,136790,138392,135.4031,9.1301,2
194186,137208,725678,50.3463,23.1401,18
194187,137208,726724,45.3735,21.9382,18
194307,137291,729883,13.9821,6.2264,1
194484,137420,727357,17.8294,16.9893,1
194485,137420,140297,21.7945,19.3157,1
194985,137771,532974,4.7258,7.9332,1
194986,137771,139819,38.0657,7.9978,1
195177,137907,147618,14.8847,9.674,1
195295,133840,137986,58.8643,9.6745,1
195728,138299,531820,53.7742,8.5419,2
195807,138352,156536,39.7883,4.3203,9
195852,138299,138388,2.4495,8.1771,2
195858,138392,138393,2.2361,9.8687,2
195859,138393,532652,57.9272,8.7067,2
196033,138513,140508,31.305,14.5769,5
197198,139360,139728,4.6904,4.6111,1
197515,139586,546385,117.6892,7.724,1
197727,139728,540754,44.0631,4.6708,1
197885,139845,539249,51.6871,10.207,2
198542,140297,143772,37.4836,18.1908,1
198620,140351,540159,43.8546,6.9432,1
198664,140381,755275,204.8316,12.3909,1
198847,140508,144976,74.7529,16.7284,5
199083,140698,538157,21.2368,7.9078,1
200925,142019,144000,46.1844,6.2429,1
201654,142527,295946,178.8646,6.7787,1
201854,142646,144390,11.9478,14.5695,1
201885,141638,142669,19.7484,3.9921,2
201886,142669,545350,52.5325,4.6708,2
202467,143114,541711,23.8956,6.1558,3
202468,143114,551768,70.3776,6.8525,3
202489,143130,149058,74.1755,6.0329,2
202490,143130,143360,8.2462,4.8408,2
202825,143360,544984,94.3251,4.0495,2
202929,143434,557882,143.1875,6.4031,1
203017,143499,147305,74.2496,7.0801,1
203018,143499,144072,70.859,6.6296,1
203116,143575,195639,303.1395,14.4078,4
203117,143575,155309,14.4568,18.1659,4
203129,143585,546546,35.9212,8.3613,2
203717,144000,144072,9.9499,6.9784,1
204247,143772,144390,30.8062,14.7542,1
205087,144976,546235,6.4464,19.3235,5
205618,145353,546380,20.6935,18.5032,5
206025,145644,551751,52.6846,7.4051,1
206245,145797,724547,53.8981,15.2803,5
206554,129164,146009,237.1012,8.9786,1
206555,146009,160524,156.6014,9.3628,1
207308,146542,557758,144.0683,5.381,1
207386,146594,565051,167.7584,6.9954,26
208147,147127,182833,488.9468,7.6298,3
208156,146542,147133,18.1934,6.2838,1
208396,147305,563314,95.9074,9.2865,1
208853,147618,358148,3.6818,11.0216,1
209763,148269,250404,9.4458,6.7336,1
209764,148269,173856,19.799,9.4049,1
209826,148309,567960,108.4892,6.8239,2
210590,148869,545025,46.2097,4.4126,1
210853,149058,552852,5.9214,7.2772,2
211221,147477,149319,7.874,19.8397,1
211222,149319,359342,17.2595,20.0141,2
211307,149376,551608,40.5079,19.9241,5
211544,149534,556767,111.8109,8.5166,1
211899,149534,149774,470.133,11.1674,1
212131,149947,167995,40.3788,6.6699,2
212140,149953,559658,63.9401,5.7439,2
213198,150714,358751,23.6973,22.8289,9
213705,151072,569509,84.0754,3.9495,1
213835,151156,551314,82.9371,6.6177,3
213946,151234,557881,12.741,13.8562,1
214423,149376,151575,63.5925,19.962,5
214424,151575,154575,43.6005,17.0885,5
215089,152045,557897,29.2722,7.9412,1
215225,152045,152137,3.0,8.4845,1
215264,149774,152163,171.2717,12.2163,1
215265,151072,152163,27.5136,7.8639,1
215402,152260,736034,18.43,14.8,18
216037,152704,555844,156.6301,7.2166,1
216301,152137,152896,22.1133,7.2655,1
216627,153128,558127,25.3421,6.3723,1
216746,153206,561254,20.3142,6.3284,1
216747,153206,560111,6.5574,5.3779,1
216764,153218,565320,127.3277,5.6213,26
216765,153218,157374,62.8092,7.0355,26
216981,153371,553634,202.5562,6.1202,1
217457,153712,364079,30.0606,7.0958,1
217611,152980,153814,82.8372,7.0283,1
217612,153814,564500,93.5961,7.9639,1
218213,154242,156025,40.3113,20.2211,5
218243,153371,154262,36.5103,4.4203,1
218244,154262,564029,23.4307,5.2249,1
218702,154575,560452,13.3125,17.1888,5
218870,154691,157486,43.7035,16.5855,1
219241,149616,154956,8.6023,22.5988,3
219289,154989,563870,12.3895,6.7371,26
219695,155279,559658,26.8514,6.9466,1
219742,155309,256229,41.9026,17.7135,4
220188,155629,576467,104.2833,7.0711,1
220212,152704,155646,49.1935,8.8289,1
220748,156025,568154,64.8331,20.4566,5
221082,155646,156259,12.2474,8.0277,1
221083,156259,158041,34.5543,7.4051,1
221315,156429,159813,64.6684,7.5027,1
221470,156536,370818,90.2675,5.1112,9
221521,156568,565051,90.9243,6.7129,26
221522,156568,568462,28.3255,6.5332,26
221921,156850,223319,146.7242,6.0092,2
221922,156850,523839,35.141,8.2664,2
222638,157374,586234,131.3849,7.0355,26
222685,157409,571500,36.862,7.0094,2
222792,157486,159841,38.1314,16.1234,1
223988,158350,160496,44.0908,5.8661,1
224129,158443,569627,6.9442,4.89,1
224170,157054,158474,12.2474,18.5995,18
225060,159119,163382,14.3952,12.1889,1
225396,159363,571109,65.9461,4.977,1
225397,159363,159828,59.0424,5.6081,1
225419,159379,160073,21.4709,6.8896,2
225542,159465,572185,286.1346,6.8758,2
225642,159536,165059,95.8488,7.7416,1
225667,159551,569324,16.2583,9.7575,1
225668,159480,159551,3.0,11.6402,1
225675,159480,159556,7.874,10.3431,1
226030,159810,741731,20.0666,18.8516,5
226032,159810,160122,4.3205,19.2625,5
226034,159813,582721,95.2132,8.5438,1
226053,159828,586496,234.0214,6.2281,1
226071,159841,576621,52.7478,16.1077,1
226179,159918,572303,14.8261,5.2631,1
226283,160000,663361,215.7112,6.4225,2
226382,159465,160073,8.3666,6.5557,2
226454,160122,164808,32.2731,18.8639,5
226984,160496,167715,92.0543,4.8408,1
227028,160524,160526,78.8162,9.5306,1
227165,160624,575066,23.9209,6.9531,1
227174,160634,174563,45.5089,9.1924,1
227478,160840,581502,102.1154,4.6993,1
227507,160863,161114,6.3246,3.6736,1
227868,161114,577578,88.0316,3.9324,1
228042,161239,573264,10.6301,7.5893,1
228043,161239,577677,85.3086,6.1889,1
228441,161513,565926,93.1101,9.6458,1
228442,161513,577562,38.5097,8.3951,1
229406,162190,162332,68.8477,8.8034,2
229596,162332,574892,5.5453,8.5408,2
230285,162827,573089,27.0119,6.6472,1
230286,162827,578859,20.9921,7.68,1
230945,163323,579220,42.7473,5.8941,1
231028,163382,269564,185.4391,11.3739,1
231856,163971,577677,7.5425,6.0552,1
231857,163971,580254,53.1256,5.9402,1
232699,164560,751491,19.1282,21.1184,1
232985,164769,510473,168.2399,4.4707,2
233047,164808,167438,20.0721,20.7219,5
233397,165059,166845,57.3585,5.4157,6
233618,165216,578859,4.0415,7.4051,1
234478,165839,172598,71.2461,12.6429,1
235300,166413,167075,17.6918,20.1307,5
235450,166521,167604,11.0454,4.89,1
235603,166641,182056,85.5265,11.2133,9
235604,166641,361168,85.8817,15.7553,9
236228,167075,169794,39.3065,18.9849,5
236701,167413,591017,61.6198,6.7678,1
236738,167438,171818,36.9083,17.6865,5
236966,159918,167604,91.6788,6.03,1
237006,167633,579102,75.6461,6.085,1
237036,165233,167655,45.2327,5.3782,1
237037,167655,170938,33.3017,3.4758,1
237525,167995,196639,46.4028,7.6088,2
238224,168501,582721,52.4362,8.0505,1
238804,167263,168926,27.8029,6.7016,1
238805,168926,594663,74.3841,6.7404,1
238946,169032,585413,46.123,4.9495,1
238947,169032,585294,29.229,4.7913,1
239975,169762,649277,144.3106,6.5182,2
240023,169794,588095,27.3537,19.4289,5
240028,169799,756658,21.5484,17.2606,2
240166,169905,591048,36.7862,7.2157,1
240833,170375,585675,110.1385,4.9641,1
241344,170732,759970,42.7707,21.6382,18
241506,170839,592710,83.6673,6.2749,1
241805,171060,171345,18.3576,6.2264,2
241880,171116,172837,17.7733,11.2362,1
241963,171167,579645,92.6535,4.0773,1
242063,171236,619161,268.3841,7.3024,26
242210,171345,607159,229.5835,8.5503,2
242616,171618,582425,73.0616,6.6323,1
242897,171818,761125,35.5668,10.3363,5
243991,172598,172837,29.9537,13.246,1
244081,172656,584044,181.7819,8.0176,26
244112,170938,172681,90.0722,2.1213,1
244115,172684,252221,18.0462,24.868,3
244116,172684,175656,12.3693,25.5519,3
244145,172699,586141,36.1801,5.6079,2
244326,172831,759569,19.779,13.1691,2
244327,172075,172831,9.2405,14.0352,2
244604,173036,587524,218.5986,5.1833,1
244971,173293,175191,14.9858,17.3668,1
245275,173502,592324,52.4944,6.2838,1
245416,170375,173614,59.975,6.7428,1
245417,173614,600633,100.6164,6.7428,1
245755,173859,589925,24.4177,10.0479,1
245924,173973,363916,4.899,13.5406,1
246307,173036,174255,431.0151,8.4259,1
246308,173859,174256,5.7446,11.3885,1
246735,174563,374314,68.2752,12.5326,1
247611,175178,760860,26.6723,10.2227,2
247612,175178,180592,43.5421,10.4662,2
247613,175179,760534,19.4951,19.5959,1
247614,175179,176836,9.2832,14.1184,1
247635,175191,760750,7.1582,18.8392,1
247853,175347,759569,11.9216,12.5688,2
248264,175656,254439,19.7569,29.3193,3
248491,175817,735250,48.9657,5.4376,1
248568,175870,594228,47.8911,8.5149,1
248569,175870,598209,31.7857,9.165,1
248707,175968,177414,17.8326,18.3283,5
249540,176538,602829,86.3983,18.3845,5
249766,176688,596950,30.4576,10.8361,1
249767,176688,598458,24.6082,14.1072,1
249769,176690,596950,13.3666,10.6217,1
249817,176727,591017,42.638,4.9651,1
249972,176836,180976,26.4512,12.4191,1
250609,130015,177269,64.1397,19.2049,1
250655,177300,206168,79.8288,17.8441,2
250826,176538,177414,8.7178,18.2743,5
251277,177740,760750,10.4563,19.4398,1
251991,178239,178316,14.8997,7.6811,1
251992,178239,606673,105.7261,6.3406,1
252037,174256,178273,83.4566,11.2147,1
252496,173856,178609,4.2426,13.1148,1
252498,178609,200896,29.5635,11.0105,1
252742,178773,598684,13.3666,6.8896,1
252882,178773,178864,6.1644,6.5945,1
253108,178864,179030,8.0623,7.3937,1
253560,179341,180038,46.594,4.3523,1
253788,179488,598185,34.2146,8.4259,1
253860,169762,179535,31.1644,6.0738,2
254592,180038,602668,16.849,4.4954,1
254594,180039,604337,37.4566,4.9338,1
255237,148913,180514,126.8328,4.3028,2
255344,180592,186558,34.3738,8.9267,2
255718,177740,180863,33.0421,20.8514,1
255719,180863,184504,23.9212,20.4904,1
255814,180933,603616,30.2159,4.1069,1
255881,180976,767538,12.5433,14.7478,1
256644,181515,181617,33.0303,2.8284,1
256797,181617,604493,14.7723,2.9142,1
257420,182043,369180,28.8508,8.6988,9
257996,180933,182458,54.6443,3.452,1
257997,182458,604493,6.1283,3.0811,1
258508,182809,204251,334.6282,6.6401,1
258543,181010,182833,49.2037,8.4208,5
258544,182833,184484,22.8254,7.1413,2
259168,177269,183281,21.9317,16.228,1
259171,183281,183282,8.9486,15.2362,1
259617,183594,183871,8.557,12.0593,1
260010,183871,185802,18.2209,12.5087,1
260397,184146,367300,5.4772,7.4699,1
260412,184157,191197,80.287,6.6235,2
260570,184272,367931,30.6115,13.2892,1
260572,184272,368134,7.1107,18.0223,1
260851,184468,606673,32.8532,5.3284,1
260852,184468,609601,47.676,6.0688,1
260895,183594,184504,36.3853,15.408,1
261869,185245,610662,21.3385,7.9754,3
262274,185529,188880,53.6004,16.4096,5
262639,185802,766949,27.8268,9.3023,1
263731,186558,187392,18.6041,7.6474,2
263761,186580,609545,21.1082,3.4155,1
263762,186580,187247,25.0,2.6688,1
263876,186658,606380,60.0629,4.8599,1
263980,186727,611881,60.9563,6.2281,1
264028,186658,186759,5.099,3.9921,1
264721,187247,611842,11.9024,4.2523,1
264911,187392,776707,45.7457,7.8516,2
264932,187406,190968,31.4246,15.021,1
265502,185385,187818,41.5331,8.2382,1
265947,188139,638196,169.998,7.6468,1
266362,188429,211517,27.4874,8.0355,2
266980,188880,191303,43.6005,16.9556,5
267593,189355,617829,108.7275,4.1231,1
267594,189355,618474,34.9619,5.9021,1
267662,187818,189402,17.4642,6.6296,1
267746,189460,616077,7.4536,6.2106,3
267881,189560,617828,74.1755,5.7358,1
268011,189653,190867,33.7787,4.1829,1
268159,189761,617827,10.9392,4.7182,1
269610,190787,627343,115.8879,6.1889,3
269719,190867,620241,55.9613,4.8139,1
269721,189653,190868,35.0143,4.4068,1
269852,190968,780679,33.3916,7.5199,1
270168,191197,626291,47.1013,6.3894,2
270302,191303,191959,15.3623,15.9477,5
270436,191408,776541,10.4828,17.1134,18
271222,191959,195692,63.1664,13.0232,5
271660,192277,623845,29.8412,4.7405,1
274327,194151,200649,38.589,18.9329,18
275288,194815,630031,102.3778,8.7067,7
275291,194817,269158,86.885,6.1135,2
275478,194954,601144,213.4437,8.2785,1
275492,194963,199738,66.4003,8.2417,26
276263,195432,625703,74.788,10.0729,7
276575,195639,767311,64.2811,10.5106,4
276651,195692,631953,35.5246,11.8751,5
276853,195850,626468,7.1764,6.2281,7
276854,195850,627841,11.1654,7.0801,7
277862,196575,627851,9.0123,3.3132,1
277863,196575,632395,25.41,3.5348,1
277954,196639,211378,37.8315,7.6842,2
278895,197312,627841,64.8742,9.6076,7
279338,197626,197786,78.4729,7.0094,6
279339,197626,643715,96.4863,9.8701,6
279368,197647,200548,38.8072,3.9921,1
279624,197839,202932,82.0061,4.0495,1
279625,197839,197977,13.4907,4.8947,1
279643,197850,783995,35.5434,9.1969,2
279644,197850,782638,16.1452,7.7054,2
279808,197977,637711,58.9425,4.3452,1
280938,198794,623468,116.7433,5.8941,1
280973,197312,198817,141.3506,8.7202,7
281455,199158,199159,5.3852,7.5452,2
281610,199258,309519,236.6335,17.1074,1
281611,183282,199258,46.5533,18.3618,1
281624,199265,643331,176.6481,6.4128,7
282288,199738,652081,136.6102,6.982,26
282490,199886,635974,12.8841,11.593,5
282818,198817,200108,81.9573,9.3309,7
283424,200548,642286,46.2241,6.364,1
283890,200896,202106,12.6886,7.0216,1
284080,201037,788277,28.4462,9.5026,2
284815,201553,784363,4.4721,9.5911,2
285630,200108,202136,78.9747,11.3309,7
286369,202688,300449,115.1486,7.8102,1
286730,202932,639127,33.5352,4.5,1
287127,203209,257100,9.9499,16.0446,1
287150,203224,656367,184.5052,5.715,1
288296,204036,204624,37.8418,4.872,1
288586,204251,207254,42.6263,6.0822,1
288630,204281,788266,29.3655,15.6173,2
288947,85620,204501,262.2543,5.1636,2
288948,204501,712077,58.0316,5.4929,2
289120,204624,644546,17.6415,4.7541,1
290211,205408,632376,52.1664,4.5616,1
290361,205525,642920,72.2326,9.4244,6
291248,206168,377604,16.5379,17.5545,2
291650,206442,207318,6.2004,11.979,2
291652,206444,790075,12.161,11.2193,2
291653,206444,790274,38.9986,11.9314,2
291801,206543,638196,74.0855,7.0674,6
291802,206543,207621,19.8494,6.0346,6
292562,207089,207501,14.4914,11.3524,5
292781,207254,719349,506.0099,7.1133,1
292873,207318,208880,21.5948,12.1226,2
293126,207501,212876,72.7324,11.0227,5
293297,207621,208454,184.5779,7.5091,6
293938,208056,210824,20.5081,7.4491,1
294144,208204,210980,257.2275,7.7848,6
294263,208289,214286,32.0247,7.7782,1
294506,208454,648676,29.023,9.7358,6
295078,208848,649619,8.0,5.3852,5
295123,208880,792281,13.4247,12.8352,2
295219,208289,208949,37.1263,9.1184,1
295450,209102,209421,8.8318,14.654,2
295479,209121,796411,20.7364,3.7913,1
295495,209132,656581,65.8824,5.3183,1
295820,209376,790274,45.1349,13.5,2
295884,209421,792340,3.8586,14.8802,2
296037,209527,794810,14.6401,7.8827,2
296078,209562,214451,29.9796,19.1747,18
296254,209692,794810,11.4537,8.4619,2
296300,209725,210317,6.8475,13.0765,2
297051,209376,210248,19.8511,14.7136,2
297136,210317,210875,32.3763,12.1789,2
297858,210824,217265,130.4036,7.129,1
297929,210875,210970,18.4331,12.3498,2
298017,210938,792281,36.0447,13.5447,2
298018,210938,794132,6.1283,14.0328,2
298061,210970,794248,14.8661,13.1708,2
298073,210980,651825,27.0103,6.2037,5
298074,210980,212878,66.174,5.8698,1
298440,211233,797165,27.9165,5.9313,2
298468,211256,659203,33.0606,5.0368,1
298644,211378,649277,50.6721,6.6707,2
298705,211420,794132,11.4988,14.6088,2
298706,211420,213716,28.9943,14.5562,2
298853,211517,252354,15.7878,9.744,2
299314,211833,522460,4.761,6.9567,1
299945,210248,212287,26.8618,15.7913,2
299947,212287,212288,8.2529,16.651,2
299975,211233,212310,51.4296,7.4479,2
299976,212310,213964,32.2783,8.3079,2
300264,209692,212506,31.6178,6.5539,2
300268,212509,212627,7.874,13.0151,2
300395,212593,215886,45.3933,8.247,2
300396,212593,797301,25.1263,8.8023,2
300400,212596,797301,16.7,8.9399,2
300456,212627,796350,13.9284,12.067,2
300850,212907,807502,74.9061,19.779,1
300851,212907,223939,34.6157,17.1889,17
301186,213155,652081,38.4838,6.1127,26
301188,213155,661150,17.8326,5.6109,26
302131,213716,213840,13.6748,14.9803,2
302155,212288,213856,14.0673,17.2334,2
302691,213840,214216,33.4033,16.3887,2
302692,214216,214354,8.7178,16.4204,2
302783,214286,796411,37.1383,8.571,1
302826,214319,649619,61.5224,4.8139,5
302828,214319,215020,6.7823,4.3574,5
302875,214354,215679,47.8075,15.8114,2
303001,212907,214451,31.9527,20.6434,18
303025,212876,214470,20.6398,11.0227,5
303825,215020,670732,77.4234,5.9103,5
303890,215072,215433,16.5345,19.4493,2
304405,215433,798585,20.6855,18.0092,2
304730,215679,215810,12.1564,15.4224,2
304758,215703,656581,23.2779,4.885,1
304759,215703,219011,50.4579,4.2523,1
304899,215800,335784,130.4663,12.2664,9
304913,215810,216823,19.163,14.0167,2
305307,216076,800259,9.8432,22.3785,2
305624,211833,216296,31.4272,6.5555,1
306359,216823,223745,93.4505,10.0707,2
306549,216965,802282,22.6323,9.6452,2
306550,215886,216965,32.18,8.105,2
306913,217206,659203,52.8709,4.8139,1
307004,217265,218606,23.6408,7.5374,1
307274,217453,671504,44.1026,9.8464,5
308163,218084,234546,255.5504,6.1567,1
308901,218606,221481,34.6041,8.1203,1
308972,218647,252770,31.8952,25.7739,1
309104,218742,391516,93.5551,16.9704,9
309253,218855,670433,33.3667,4.4068,1
309254,218855,220655,80.8703,3.8643,1
309469,219005,254439,64.0885,33.3479,3
309470,219005,220386,4.2426,35.8384,3
309477,219011,220204,18.0555,4.2523,1
309505,219036,220675,19.3391,4.899,26
310152,219489,228599,131.9924,6.7787,9
310473,219718,384974,34.9619,4.9286,1
310476,219721,384102,17.6078,16.8561,2
310610,219814,802395,20.3142,15.0961,2
310807,219955,810995,72.3487,7.5822,1
311133,217837,220203,22.0454,8.1643,1
311136,220204,220655,38.0132,3.6056,1
311352,220358,800831,106.4738,10.5695,2
311353,220358,222645,44.5097,14.4598,2
311398,220386,258827,33.7079,36.282,3
312927,221481,221675,16.2224,7.4011,1
313205,221675,805876,14.1951,7.1383,1
314088,222312,235959,133.3742,16.3085,2
314089,219814,222312,27.3679,14.4262,2
315266,223154,226469,84.2259,4.5826,1
315274,223160,678610,38.9915,6.2696,7
315897,223596,805876,82.764,7.5794,1
315899,223596,225618,93.498,8.0282,1
316022,223686,224068,6.3421,17.9721,1
316101,223745,811383,17.0945,6.3093,2
316363,223939,226628,12.2342,8.1782,17
316850,224285,258912,15.8605,19.86,1
316996,224388,809119,16.5126,14.0363,1
316997,224388,225188,37.9075,15.9848,1
317043,224420,226469,90.1665,5.2493,1
317244,224565,237886,117.8898,5.0043,26
318763,225618,226949,12.7236,8.3657,1
319681,226252,226254,158.2403,4.7431,1
319682,226254,229872,52.1536,4.8708,1
319962,226454,817872,64.6065,13.5013,2
319963,226454,809720,24.5967,13.6079,2
320660,226949,227685,28.1997,8.3959,1
321682,227685,813024,15.6098,8.0903,1
321874,227811,389274,47.4513,29.1683,1
323003,228599,229346,36.1109,7.1056,9
323525,182043,228963,237.7121,9.4845,9
323526,228963,395464,137.5439,13.0483,9
324100,229346,691066,13.1909,6.1056,9
324820,229872,692028,13.9124,6.6742,1
325575,230397,231256,15.0333,7.4758,1
326782,231256,231782,8.775,7.5794,1
327260,231600,814384,17.792,14.4242,1
327518,231782,236522,77.3822,6.4128,1
327897,232048,232384,78.543,4.8452,9
328381,232384,696877,49.7214,4.4068,9
328406,218647,232403,22.2723,30.9911,1
329058,231600,232861,16.9967,13.5923,1
329192,50930,232957,123.5516,10.131,1
329196,232960,699971,24.9043,4.9936,7
329217,232974,238590,48.6613,10.9118,1
329289,233024,696877,3.1447,4.1231,9
330265,233718,819113,3.6827,12.9606,17
331418,234546,714837,51.0316,6.2027,1
334030,233718,236448,22.3745,11.5509,17
335613,2319,237600,20.267,15.5819,17
335742,237689,400063,91.9638,16.3752,2
335743,237689,384102,16.1658,16.0139,2
336503,238230,238940,6.7082,7.68,9
336637,238328,260212,38.979,26.0884,1
337484,238940,245487,69.4766,7.1838,9
338761,238590,239843,4.6428,8.4228,1
338762,239843,240205,4.5826,7.9702,1
339203,240161,717215,5.6273,5.8407,7
342576,242520,727599,49.6711,8.3037,1
343100,242898,385221,33.6535,3.0275,1
343271,243024,252105,108.4476,7.0674,2
345863,81389,244885,38.7284,5.0414,1
346201,245125,706886,68.7677,5.958,1
346202,245125,250952,53.5257,5.0196,1
346631,245421,710734,65.4803,4.7194,1
346722,245487,735317,58.6307,7.432,9
347906,246317,729971,12.2429,8.779,1
348201,246519,725754,19.1398,4.899,1
349249,85321,247254,10.2256,5.9569,1
349250,102539,247254,6.1695,4.9155,1
350662,248224,388454,8.5245,13.6724,1
350848,149616,248355,32.5478,25.3572,3
350849,248355,252221,37.3195,26.2045,3
352459,105872,249499,14.7422,17.5336,17
352460,135496,249499,7.3485,17.4913,17
353727,102539,250404,34.9937,5.9051,1
354375,250846,251779,10.1912,12.3871,1
354530,250952,744111,33.0255,5.9986,1
354554,53142,250972,40.679,13.2181,1
354733,251112,734118,17.0,6.7371,1
354734,251112,761364,97.4628,6.451,1
355694,227811,251779,37.5843,24.9907,1
356165,252105,268903,120.852,7.8793,2
356428,154956,252290,32.1685,21.5503,3
356509,252354,356592,18.3727,8.3263,2
357093,252770,388992,3.448,14.2562,1
357333,252938,784999,157.4004,8.0137,9
357499,253058,713167,138.9412,5.7878,33
357500,253058,254208,9.1104,6.1558,33
357725,253212,254375,38.4993,23.3325,17
358043,246519,253435,55.0,5.1421,1
359152,254208,267817,94.1701,6.4419,33
359387,254375,265151,40.9731,14.4428,17
361370,255765,255766,20.3316,7.0229,1
361371,202106,255765,8.0208,4.3523,1
361373,255766,256367,22.2669,11.3846,1
361427,255805,742857,22.6471,7.9282,1
361738,253435,256019,26.0192,4.9839,1
362258,203209,256367,37.3502,14.0542,1
362282,252290,256383,23.0115,21.0814,3
362283,256383,257965,11.1878,21.8659,3
362638,256640,750454,29.524,9.6424,1
363286,224285,257100,19.6977,17.0147,1
364532,257965,268632,87.0508,23.5685,3
365861,258912,268491,62.7719,12.2247,1
366285,258827,259208,23.5337,35.0748,3
366286,259208,259353,6.364,31.8166,3
366538,256229,259402,26.1992,19.3639,4
366539,259402,291500,20.9603,20.7596,4
366699,149947,259529,187.139,6.8912,2
367112,245172,259816,26.3042,24.0031,1
367676,260212,265028,13.2445,14.9856,1
369557,261557,262721,16.4012,22.3275,1
369571,261568,262723,15.3911,26.209,1
369574,261568,261569,11.55,26.6954,1
369575,261569,392241,3.35,23.6364,1
369604,261589,269776,111.984,15.8892,3
369773,256640,261714,53.9351,8.4345,1
369774,261714,760831,7.2111,7.8367,1
371150,262682,389993,50.0988,5.1213,1
371205,259816,262721,14.0694,22.5213,1
371207,261557,262723,6.9516,23.6043,1
372076,263330,788734,79.6158,7.4833,1
372333,259353,263507,25.318,31.9041,3
372334,263507,264833,27.8448,33.8484,3
374506,265028,393972,7.8951,11.1747,1
374523,265039,765566,75.4851,5.1583,1
374692,265150,265151,6.9727,8.9502,1
374693,265151,331299,38.943,10.4252,16
374988,265367,265542,15.6525,5.1421,1
376252,266269,394386,17.5615,15.8389,1
376253,266269,392563,4.5907,21.7265,1
377450,267136,338672,20.3224,21.1549,4
378457,267817,776165,99.0252,6.03,33
378623,267933,334021,14.4703,19.2187,1
378624,267933,269054,24.7415,18.5678,1
379120,268277,781105,75.6813,5.3852,1
379396,268491,334021,67.1456,12.304,1
379600,268632,275742,54.8093,16.0171,3
379984,268903,385752,51.5772,8.8703,2
380201,269054,269672,4.4845,20.3657,1
380344,259529,269158,6.4031,7.7426,2
380919,269564,395257,10.2956,7.7404,1
380934,269573,274598,47.1063,9.6162,9
381162,269727,362282,12.2338,21.9925,4
381228,269776,279648,52.0715,14.1154,13
381476,269947,391291,25.0012,7.6662,1
381757,270144,386024,67.6203,6.062,1
383256,271207,382814,121.9117,5.1926,9
383257,271207,276762,35.7941,4.7541,9
384967,272381,402997,30.6814,21.1769,1
386904,273758,402852,21.3073,4.4096,1
388258,274727,395464,5.2118,17.7661,9
389709,275742,450824,29.1357,14.2156,3
389888,275869,807701,30.9713,10.3377,9
390057,271515,275985,63.663,18.3995,4
390059,275985,277737,25.9097,15.7284,4
390297,276146,431365,9.7297,7.874,4
390298,276146,429899,20.3142,10.4562,4
390406,276219,431374,4.6303,25.8358,1
390531,276302,785637,57.2723,5.1029,1
390532,276302,279586,29.2746,3.7936,1
390582,276341,291862,535.8464,6.0092,1
390583,276341,435759,261.1628,6.0837,1
390772,276219,276478,28.0483,21.3527,1
391022,270144,276655,48.6421,6.5115,1
391395,276922,277189,7.3711,10.244,1
391772,277189,428520,7.157,11.7632,1
392398,277637,429899,19.2435,18.1489,4
392399,277637,277965,4.0595,22.4695,5
392535,277737,490900,60.2412,11.1335,4
392881,277965,456253,11.6476,23.1178,5
393589,278472,606241,215.2317,10.4289,1
393590,278472,278582,17.0261,11.0214,1
393749,278583,508785,74.8101,15.4189,2
393751,278582,278583,12.8712,10.2468,2
394007,276655,278759,9.5131,3.4495,1
395065,279494,484545,79.6953,5.6569,2
395192,279586,817980,28.1366,5.8552,1
395277,279648,480805,18.0185,8.4328,13
396304,280364,396785,9.1652,26.7291,1
396557,274727,280553,14.1145,17.3276,9
397163,280998,810347,26.4953,7.3143,33
397428,281187,281188,5.8689,18.4647,9
397429,280553,281188,8.4722,16.6221,9
397562,280756,281276,36.3074,20.371,5
397563,281276,289382,55.2287,23.0617,5
397989,281572,484865,16.9629,30.3293,3
398684,282056,507260,27.3354,7.0536,1
399308,282489,397024,3.3823,24.3814,1
399664,279892,282752,33.2566,5.7007,1
399665,282752,283424,5.0,6.7336,1
399694,50930,282772,188.109,6.8143,1
399695,282772,320629,54.1202,6.0173,1
400481,283307,289632,17.4674,22.4479,1
400482,280364,283308,9.4104,27.8941,1
400647,47639,283424,50.3477,8.3773,34
401013,283673,285573,65.2934,9.8365,2
401014,283673,287452,28.6705,7.1734,2
402161,112083,284461,75.5932,7.8075,1
402242,284512,290233,58.4627,13.39,3
402684,284812,285392,9.961,4.7541,1
403507,285392,290536,61.5314,8.657,1
403699,283307,285527,7.6085,22.3901,1
403762,285573,520455,13.2539,13.9104,1
403983,274598,285722,46.5212,9.8464,9
404108,285808,286663,24.9564,17.3436,2
404370,284812,285992,21.6153,10.075,1
404374,285995,288466,57.4708,13.1058,2
404375,285995,286663,4.1366,15.8215,2
404562,286129,291923,83.6301,6.3546,1
404766,286277,286278,6.2926,14.1492,3
404767,286277,515332,12.7622,15.5472,3
405133,286534,421912,208.4882,7.6112,2
405359,286703,395896,19.7146,16.4283,9
406109,265150,287239,25.1945,7.6587,1
406392,287452,289561,18.7646,8.6313,2
407135,102149,287990,57.7177,6.5557,1
407180,129651,288018,26.3947,9.7133,34
407637,288329,553203,21.3698,8.7979,6
408192,285992,288716,22.2676,16.3963,1
408193,288716,293047,42.2831,13.8357,1
408639,288329,289016,8.8694,8.4853,6
408744,289085,536934,69.5573,15.8421,1
409004,215800,289266,66.863,12.5415,9
409500,289632,400086,8.2999,20.9516,1
409624,289708,587590,30.8927,9.5393,1
409712,289775,680696,10.8321,10.0732,1
410196,289775,290111,7.0868,9.6235,1
410343,289085,290215,11.2398,17.8924,1
410367,290233,297997,47.6221,12.2064,3
410809,290536,550575,14.3411,14.887,1
411231,290836,545357,12.5822,14.8,1
411232,290836,554630,9.4103,15.089,1
411260,290852,297453,123.8951,8.8305,34
411265,290855,560926,65.2722,21.736,2
411266,290855,611273,37.141,22.049,2
411770,291203,550478,4.3205,17.7989,5
412174,267136,291500,19.9583,20.2473,4
412715,291863,296633,55.3514,11.2663,1
412716,291862,291863,6.8718,9.0829,1
412738,291879,398064,22.5019,23.5145,83
412739,291879,295646,23.8164,22.6069,83
412802,291923,296184,56.6569,9.562,1
413086,291203,292129,4.8189,17.6682,5
413353,289561,292329,43.5495,11.5585,2
414332,293047,296849,36.0345,9.294,1
414447,281187,293126,69.6028,18.521,9
414722,292329,293323,17.9224,16.8461,2
414725,293323,574178,16.556,15.3404,2
415350,293760,399028,11.8743,4.977,1
416866,294856,294977,4.8103,25.6089,6
417036,294977,295612,6.7515,27.2054,6
417092,295025,708525,112.8805,9.525,1
417917,295597,575450,16.4114,10.0519,2
417918,295597,296625,7.1414,8.5311,2
417937,295612,608634,24.59,27.8336,6
417989,295646,401367,7.6085,21.4654,83
418416,295946,543822,111.022,7.0,1
418744,296184,300439,51.3517,11.3137,1
419001,293760,296345,5.7591,5.4155,1
419379,296625,298104,40.6872,8.1056,2
419706,296845,299805,25.4572,9.6315,1
420534,297453,314648,220.6944,7.5415,34
421295,297997,636778,31.4983,20.6458,3
421456,298104,298324,22.7266,7.7287,2
421624,298224,299811,39.5978,19.888,1
421626,298224,676804,26.9637,15.3603,7
421805,298341,298618,11.3235,19.0511,1
422187,272381,298618,23.2128,20.0963,1
422385,264833,298753,48.0717,30.7029,3
423872,299811,602148,23.5726,14.4913,1
424085,299966,630547,32.9061,19.568,2
424775,300439,437915,11.0604,11.0652,1
424789,300449,301038,4.6904,8.7528,1
425128,300685,414354,81.3288,11.4452,1
425129,300685,301883,9.3402,10.716,1
425279,300789,608634,10.1242,25.9964,6
425408,300880,648446,27.6225,10.6971,1
425425,300891,303351,41.2031,9.5026,1
425631,301038,317180,154.9484,12.8164,1
426196,261589,301446,33.1863,12.4057,3
426197,301446,319707,58.1378,18.3242,3
426619,301739,404176,6.0828,15.2224,9
426821,299805,301883,19.4915,10.1938,1
427175,302137,621665,95.7949,13.6133,2
427176,302137,470405,69.735,13.2428,2
427468,302339,505578,30.2262,15.4052,1
427587,302422,302527,3.7859,10.1938,1
427996,302422,302697,12.1838,8.624,1
427997,302697,655663,22.2561,6.5027,1
428910,303351,303982,5.9083,2.9954,1
429030,303439,646155,25.2323,8.938,4
429264,303619,743480,125.2899,4.7434,1
429265,303619,657841,8.1172,5.7118,1
429389,303706,390730,31.2854,12.1125,1
429790,303982,658499,6.9522,2.1213,1
430181,12964,304264,556.6952,9.7194,1
430299,298753,304362,23.1517,30.9265,3
431164,304961,311907,42.3661,15.8802,9
434724,307439,313103,31.6421,18.8359,83
434987,304362,307616,29.7993,29.7077,3
435884,308249,616710,14.9295,17.6344,1
436791,308903,518676,26.8432,11.5273,9
436792,308903,684609,20.0938,10.6892,9
437112,309139,312260,36.1939,6.0173,1
437659,309519,407094,13.6657,13.5227,1
441094,301739,311907,20.1384,16.3887,9
441597,312260,728032,20.0918,5.6967,1
442799,313103,318568,30.576,18.3442,83
444755,314472,405751,62.7127,12.6708,46
444756,314472,408329,32.8312,9.2016,37
444947,314613,403948,39.1706,19.0212,9
445559,1120,315039,46.9446,14.5165,1
448108,8864,316775,47.9884,12.6501,9
448109,316775,684609,42.3858,10.9299,9
448700,314648,317180,23.7065,12.2699,34
448701,317180,322165,29.1548,14.0102,35
450698,318568,407853,22.8035,19.222,83
452328,307616,319707,8.6023,24.4231,3
452837,320053,403705,32.4568,20.6608,3
453225,320321,323658,87.4185,6.2838,1
453683,320629,419781,113.8991,7.9827,1
454537,320321,321224,11.1803,6.3988,1
454672,321328,422283,83.4446,8.217,1
456510,23983,322610,39.4968,11.1323,9
457994,51505,323658,83.1946,6.7371,1
458768,322165,324199,17.0,11.8294,35
458769,70714,324199,86.9725,12.2879,35
460288,319384,325279,113.7058,12.8319,1
460289,31164,325279,34.7611,13.7261,1
460962,10688,325759,181.6095,8.1542,1
461254,29182,325971,17.792,11.0216,9
461255,23983,325971,3.6056,11.1323,9
464052,16937,327915,99.5201,4.872,1
464156,5488,327989,481.8101,8.654,1
465573,328984,330697,22.1585,14.6782,1
466531,39165,329678,11.1455,15.0013,9
467430,330305,336541,87.4128,12.0728,9
468376,327915,330967,25.7321,4.4954,1
468537,15735,331079,60.4256,4.1078,1
468538,16937,331079,24.7639,4.6289,1
470695,332619,351979,187.9986,6.9034,1
471573,333248,347947,149.2548,15.7469,1
471574,47920,333248,16.1314,16.5855,1
472201,330967,333687,27.2682,5.1569,1
472202,19313,333687,80.0062,6.2264,1
473487,96280,334624,71.0229,4.9338,2
473527,334649,438642,4.3653,9.8742,1
474104,19585,335034,17.6415,11.3983,1
474336,19803,335204,146.731,10.1522,1
475822,336267,338766,33.2415,7.2327,9
476072,336441,338284,29.95,6.117,1
476102,336457,341397,122.5543,11.3739,9
476224,89754,336541,74.6702,12.3643,9
476750,335204,336896,19.3362,9.1229,2
476751,336896,342122,71.1817,9.7309,2
476857,78817,336965,48.3908,16.1536,9
479298,269727,338672,7.6158,22.5927,4
479434,78791,338766,34.8613,7.3098,9
479609,338900,348870,105.385,8.1181,1
480855,336441,339753,56.4092,5.4155,1
480856,339753,350069,78.1153,5.0,1
482328,23737,340794,64.8768,4.9286,1
482983,86297,341269,22.9471,4.2078,1
483165,341397,405600,117.8346,14.4071,9
484185,342122,343602,16.8044,8.9159,2
484206,342136,345536,75.9013,7.4407,2
484208,342136,342139,73.3553,7.1062,2
484685,26752,342484,46.7404,4.872,1
486071,342139,343426,118.2751,8.2075,2
486317,343602,347332,33.9444,8.1401,2
488347,86297,344997,25.3039,7.0772,1
488930,345413,345414,17.0261,21.221,83
489112,67289,345536,61.356,6.7336,2
491428,107916,347171,31.7857,9.1301,1
491655,26678,347332,17.7169,7.1401,2
492241,347750,367846,155.4799,14.1593,37
492242,70714,347750,70.5305,13.5178,37
492382,347171,347853,18.4932,10.599,1
492562,331299,347973,16.0312,16.3458,16
492563,269776,347973,33.3342,19.2933,16
493773,27499,348865,24.7184,7.9978,2
493780,348870,349818,10.3923,6.7371,1
493819,348900,415150,23.4141,7.4011,1
493828,95084,348905,42.2241,7.6533,1
494169,347853,349163,13.9642,9.772,1
494170,349163,350948,11.1803,7.6261,1
494874,139200,349674,96.5965,9.507,1
494875,107647,349674,4.761,7.9367,1
495083,349818,349819,2.0,6.4031,1
495085,125353,349819,21.0317,6.8071,1
495445,350069,358406,100.2946,5.5414,1
496013,350452,353821,24.8395,8.2565,1
496187,100443,350574,44.3759,14.6669,9
496389,348905,350720,31.0805,11.1354,1
496390,126713,350720,28.4781,14.4152,1
496638,350574,350900,6.0,15.9682,9
496709,130015,350948,51.8351,13.3666,1
498116,105516,351908,26.4113,5.1029,9
498117,138352,351908,21.7077,4.511,9
498217,31503,351979,63.5767,6.7129,1
500143,353366,354476,17.246,6.3901,1
500247,353437,378599,237.1856,12.7008,1
500308,350900,353480,26.8887,16.1861,9
500498,126713,353610,4.2426,14.3972,1
500499,133121,353610,35.5564,14.2785,1
500794,137907,353821,9.3452,8.6585,1
501018,31821,353976,139.3397,6.5557,1
501019,353976,354637,9.8939,6.7371,1
501264,25089,354145,118.1435,8.1478,1
501265,354145,370944,132.0002,10.0288,1
501750,31326,354476,13.3915,7.0421,1
501975,29616,354637,28.9828,5.5971,1
502599,345413,355062,27.7629,20.7161,83
502600,355062,415331,28.2469,18.4435,83
502814,355218,360146,52.5833,8.3927,1
502815,139200,355218,12.5521,10.4017,1
503539,28827,355749,54.9758,12.2872,9
503818,355936,645592,28.1069,8.2785,13
504434,336457,356355,233.1113,10.5415,9
504994,353480,356758,29.2233,16.0924,9
504995,356758,356955,3.0,16.4677,9
505064,32709,356814,22.6139,10.7469,25
505260,31684,356945,18.1537,9.7721,2
505399,35312,357045,88.82,9.7088,25
505516,356814,357131,59.3631,9.501,25
505517,63255,357131,726.0661,9.0424,25
506988,358148,359569,13.3041,9.1257,1
507161,354556,358277,62.9047,26.6521,9
507357,153712,358406,49.682,6.783,1
507715,358654,366725,110.752,7.2592,1
507859,358277,358751,11.3578,24.6034,9
508700,359342,364542,43.0465,18.7482,2
508802,359412,415550,9.9944,12.2059,9
509004,359569,363916,29.2062,10.112,1
509130,358011,359656,16.9581,12.6225,2
509273,359755,359929,17.8045,20.3428,9
509526,359930,361551,14.1699,12.1093,9
509832,160634,360146,47.7317,7.1581,1
510239,34460,360449,3.7859,19.3778,9
511273,150714,361168,52.159,19.9143,9
511731,34859,361478,5.8214,7.0654,1
511745,359656,361488,16.5865,11.4184,2
511837,361551,368108,47.7831,11.4425,9
512061,361717,362654,7.9303,21.1525,9
512458,356897,361996,7.1181,21.5171,2
512860,271515,362282,8.6987,20.2194,4
513383,34797,362654,19.6808,21.5534,9
514336,363338,363897,9.5044,20.3338,9
515093,36039,363897,5.2599,20.6341,9
516008,177300,364542,15.2534,18.1157,2
516262,356955,364731,77.4145,16.2768,9
516263,189574,364731,37.2424,17.6236,9
517062,363338,365292,23.497,19.3284,9
517905,35714,365904,60.1831,12.0709,1
518077,173973,366033,7.3485,14.8857,1
518078,366033,368134,12.083,17.1546,1
518203,359412,366123,43.6323,13.1465,9
518864,365292,366585,19.5533,18.9813,9
518865,366585,366587,3.35,20.3285,9
519056,184146,366725,15.2753,7.6178,1
519554,367072,367403,38.2139,7.4461,1
519555,367072,369547,18.8348,6.5792,1
519873,364079,367300,89.8554,7.5074,1
520026,367403,373722,119.7712,7.2456,1
521024,39239,368108,5.2599,11.7473,9
522485,369131,378949,29.0402,16.4095,9
522557,182056,369180,15.5849,8.6988,9
522693,39497,369274,49.339,5.5777,1
523083,42317,369547,36.842,5.6109,1
523311,365904,369707,77.4927,13.9808,1
523908,370121,376512,60.3541,8.1771,1
525174,369707,370994,33.0715,13.9421,1
525254,218742,371047,86.725,18.5181,9
525255,189574,371047,10.4563,19.9239,9
526094,361996,371641,17.1172,21.8808,2
526189,40371,371711,39.2202,9.5647,23
526190,40312,371712,14.5488,9.6667,23
526776,42017,372121,58.0747,7.8885,3
527206,371712,372424,21.8123,9.434,23
528076,373024,417825,23.1349,15.5297,9
528077,373024,383164,60.1156,14.3571,9
528082,369131,373027,29.8736,17.1723,9
528083,373027,426276,102.9806,13.9218,9
529066,369274,373722,105.0273,7.415,1
529890,214871,374314,75.1731,16.977,1
530756,373495,374942,11.8322,24.5523,9
531044,41143,375143,53.2005,12.0824,23
531265,375056,375291,5.6862,2.2882,3
531916,370818,375739,38.833,5.5317,9
533225,374942,376670,18.1261,23.8156,9
534335,375739,377484,14.3527,4.5274,9
534336,377484,382814,39.8623,4.7361,9
534456,375143,377573,37.741,15.5661,23
534492,219721,377604,27.0914,17.2174,2
535307,378204,378640,21.8225,14.766,23
535599,378401,382853,54.0134,8.8967,3
535875,214871,378599,15.0,18.8546,1
535930,377573,378640,11.3535,16.0746,23
536253,215542,378878,8.2765,32.8929,1
536254,378878,378879,2.0,33.5238,1
536255,378879,379042,11.3578,32.0057,1
536351,378949,421327,46.9929,13.2411,9
536481,379042,379577,7.0,28.1075,1
536612,378204,379131,12.7802,13.8562,23
536715,376670,379202,20.3005,24.4629,9
537020,45229,379409,12.1381,12.9154,23
537410,379409,379673,10.1708,13.2769,23
537786,56982,379946,135.1846,6.557,1
537787,379946,379947,59.3343,6.5945,1
538891,380730,385995,42.0276,24.2919,4
538897,379202,380734,19.2376,23.9886,9
538902,45151,380738,19.0584,12.6431,1
539043,380828,385241,71.4931,5.3166,1
539621,45735,381248,5.5976,1.8251,1
539622,49416,381248,65.5261,3.618,1
539900,370994,381435,175.0554,12.5658,1
540817,46383,382075,6.5828,11.6593,1
540949,375291,382170,100.6432,5.1167,3
540950,382170,384097,19.532,6.7371,2
540961,382178,382299,4.8762,10.0,1
541119,382075,382299,21.5973,11.8443,1
541196,382344,698318,40.7538,22.0344,9
541365,47015,382461,45.9307,13.5974,1
541596,367846,382622,124.3141,13.8123,37
541671,47236,382672,5.5447,7.5148,1
541795,382760,382942,7.1414,7.8827,1
541918,49159,382853,34.3883,8.5408,3
541966,380738,382881,16.6733,10.151,1
542050,321328,382942,169.2513,8.9596,1
542363,383164,421327,9.9163,10.5259,9
542372,382622,383171,7.874,13.3976,37
542634,383342,384877,15.6808,12.468,1
542930,382180,383551,11.4734,15.1086,9
542931,383551,387402,36.4623,13.737,9
543016,383608,394580,125.9597,6.0,1
543242,215542,383771,28.6793,25.719,1
543243,383771,384430,7.5498,18.6137,1
543719,384097,384962,7.624,6.03,2
544129,380730,384412,26.9477,26.1147,4
544132,384415,384626,18.9018,13.0,1
544157,232403,384430,13.6928,21.8192,1
544412,382881,384626,25.2598,11.9721,1
544600,384756,386089,10.5202,13.8775,1
544771,47967,384877,13.6504,13.2124,1
544896,262682,384974,113.194,5.6926,1
545056,385085,422557,6.0331,11.8026,1
545257,382760,385221,53.1225,5.4428,1
545584,385450,389321,48.4954,4.8028,1
545589,380734,385453,44.1824,22.349,9
545594,385456,386487,26.4407,13.4532,1
545595,385457,390209,46.8825,20.724,1
545990,385752,646155,206.2353,8.7901,2
546136,384756,385853,8.7679,15.2307,1
546338,49597,385995,9.6339,21.9862,4
546385,219718,386024,97.067,4.2361,1
546479,48353,386086,16.0278,4.885,1
546482,48942,386089,26.65,12.9776,1
546728,48803,386251,6.2093,14.1242,1
547031,384412,386478,30.2912,18.5933,3
547046,384415,386487,23.1565,12.2824,1
547197,48547,386593,19.9912,12.6771,1
547971,385085,387159,14.2409,9.033,1
548191,386478,387320,22.3358,9.1125,3
548193,384412,387321,22.0958,19.2057,1
548194,49685,387321,3.6818,10.9419,1
548317,387402,388890,16.2884,13.2233,9
548859,386593,387772,15.86,13.8751,1
549291,388093,389525,10.0499,13.8948,1
549292,388093,388992,9.4868,14.7478,1
549315,385537,388110,38.9102,8.2784,1
549787,250846,388454,16.2865,12.3871,1
549897,388536,388991,5.4467,23.268,4
550389,50836,388890,5.4829,14.334,9
550553,50108,388991,15.8535,22.849,9
550554,388991,391824,59.4857,22.8836,5
550833,48858,389178,34.938,13.2454,23
550981,238328,389274,17.8077,28.2135,1
551045,386086,389321,30.9336,3.6056,1
551048,49685,389323,39.425,7.217,1
551271,389475,394845,38.7752,17.7402,1
551347,248224,389525,4.7258,12.985,1
552004,389993,392208,32.3883,3.6213,1
552314,52098,390209,15.4599,21.1123,1
552678,53896,390465,57.0258,19.9874,9
553069,390730,403303,10.1105,9.9426,1
553859,242898,391291,73.9226,5.6122,1
555166,51306,392174,35.1331,6.4936,1
555167,54996,392174,71.7658,6.3121,1
555201,392193,392194,8.4668,8.217,1
555225,269947,392208,27.3416,4.7787,1
555733,392241,392563,8.8318,22.2593,1
555820,392612,445916,34.3589,26.814,1
555954,389323,392706,42.6093,5.8541,1
556802,269573,393277,10.5672,10.032,9
557787,393972,394386,3.0,10.2648,1
557924,394082,405959,12.47,9.1368,1
557965,245172,394115,27.1998,26.5987,1
557966,394115,395052,5.099,28.039,1
558629,56910,394580,37.7448,6.6623,1
558816,276762,394710,81.1542,5.2631,9
558818,393277,394710,17.4929,7.9185,9
559300,282489,395052,11.2889,25.8217,1
559589,395257,399028,30.0,5.3019,1
559763,278759,395386,19.2743,3.5,1
559843,395441,695403,18.3636,5.1401,1
559861,395449,407113,84.3319,28.3842,1
559862,395449,400296,39.9264,46.6608,2
560216,54255,395697,7.5203,15.4176,1
560493,391516,395896,43.6005,16.5615,9
560678,55906,396020,14.1853,18.527,14
561290,396460,403200,114.8085,11.4184,9
561360,392612,396508,28.3543,17.7548,1
561457,61540,396552,74.3192,21.6046,1
561480,63869,396552,74.4296,15.9749,1
561829,285527,396785,7.6376,22.968,1
562011,56167,396917,43.2265,34.4566,1
562016,396917,399874,80.574,47.0265,2
562140,396917,409255,46.141,27.3691,1
562309,397015,397370,16.1915,23.0198,1
562323,283308,397024,5.5377,25.6494,1
562640,392706,397236,53.3135,4.9352,1
562641,394248,397236,89.9914,3.1623,1
562783,55899,397336,6.1283,22.284,3
562826,51578,397370,98.7002,15.2468,1
562949,55912,397458,5.5057,23.182,1
562959,395936,397463,25.0022,17.72,1
562960,397463,398785,13.6892,17.8322,1
563285,395386,397707,111.18,5.8166,1
563553,396460,397903,66.1362,11.4184,9
563554,285722,397903,3.2998,10.8603,9
563783,383171,398064,111.3283,18.6117,37
563784,398064,398065,16.5529,21.0772,46
563942,398188,398785,18.3668,12.5077,1
564128,397336,398320,98.4536,18.6429,3
564953,56169,398880,9.4516,14.8878,1
565463,392193,399223,15.2231,6.2386,1
565972,357976,399579,168.8679,8.938,37
566396,399874,400186,10.1851,49.4617,2
566572,398880,399992,8.0623,16.8639,1
566573,58147,399992,5.099,18.8325,1
566687,400086,400717,5.3852,20.3466,1
566813,59089,400175,19.6723,16.5373,14
566830,400186,400296,4.5607,50.177,2
566836,400190,401284,20.1793,18.8683,1
566972,391824,400287,139.1814,26.4192,5
566991,68016,400287,39.0342,28.6998,1
567000,400287,428024,133.3591,21.5979,1
567007,57836,400291,3.2998,17.1315,1
567608,298341,400717,13.6748,19.8784,1
567756,54996,400816,61.0328,6.9248,1
567806,398065,400852,62.1208,15.4173,46
568033,400291,401010,10.729,16.2121,1
568128,392194,401079,73.3928,8.1811,1
568399,58611,401276,4.2882,14.3671,1
568401,58614,401278,7.5203,15.3733,1
568410,58147,401284,9.437,22.2233,1
568534,401367,403188,26.4197,21.4881,83
568820,59197,401570,7.188,19.1538,3
568922,293126,401639,19.5078,17.6913,9
569543,400063,402106,16.2481,17.6777,2
569544,402106,406595,23.7065,19.6805,2
569586,400852,402134,24.2899,11.6563,46
569671,401278,402194,15.3069,16.0619,1
570593,402852,442780,31.4006,5.7439,1
570602,59679,402860,12.2117,12.1513,1
570790,402997,404348,10.4881,21.6572,1
570942,59319,403106,13.6198,17.5277,4
570944,59677,403106,5.7009,19.7749,4
571061,307439,403188,20.0139,21.1612,83
571077,314472,403200,95.843,11.315,9
571216,355936,403303,33.6931,9.2546,12
571217,403303,702730,13.6748,8.2671,11
571407,401639,403442,32.5269,17.4496,9
571627,402758,403603,187.4336,24.3153,4
571784,403603,419152,140.328,18.3875,1
571906,403603,426395,176.7832,28.2289,4
571935,403603,437001,144.5504,20.3026,11
572079,403705,757204,67.2582,18.6547,3
572081,403707,405019,21.8655,20.8364,3
572433,403442,403948,10.198,17.5347,9
572456,396508,403962,19.3913,7.8012,1
572457,403962,419109,13.4866,8.3477,1
572475,396917,403977,77.4973,35.2977,4
572692,61005,404126,12.1989,6.0738,1
572760,286703,404176,42.5598,15.73,9
572773,62171,404184,27.8508,4.4155,1
573007,307916,404348,7.7817,21.6692,1
573375,62736,404626,33.7589,5.6926,1
573511,402134,404730,39.9249,11.4522,46
573890,62316,405019,30.3209,19.6898,3
574015,60522,405106,7.2572,7.5107,1
574668,405560,405721,2.4495,24.3295,1
574731,304961,405600,18.3485,14.8987,9
574906,405721,408743,19.105,20.7777,1
574947,405751,406142,112.0223,12.6708,46
575216,405959,419109,18.0015,9.3477,1
575482,62056,406138,11.4891,5.8941,2
575483,406138,409319,60.0083,6.4031,2
575488,404730,406142,23.0217,12.0208,46
575809,307916,406366,9.8939,22.3004,1
575810,406366,406840,3.0,23.0587,1
576138,406600,698082,38.6221,11.8759,2
576161,404959,406614,15.3388,6.8206,1
576162,406614,409868,30.6848,5.9155,1
576449,56686,406827,52.1557,3.9115,1
576472,405560,406840,8.544,23.5567,1
576817,407094,413758,40.8656,15.0765,1
576848,62804,407113,10.8474,11.343,1
577067,398320,407273,200.478,15.7477,3
577085,66306,407283,38.9657,8.8993,1
577746,61013,407734,20.2896,3.9087,1
577747,61968,407734,23.2307,6.2838,1
577908,407853,409245,21.4709,19.4646,83
578615,408337,431857,57.434,5.2421,37
578684,399223,408391,20.544,5.6541,1
579008,394082,408621,27.2438,11.1176,1
579011,408621,427650,8.6512,13.4628,1
579161,397707,408725,122.5765,7.0915,1
579896,409255,411622,21.0608,8.7499,1
580063,409363,411623,57.8793,22.7472,1
580811,72182,409868,148.7582,5.4495,1
581407,410278,422468,140.3064,8.5249,1
581612,74379,410431,141.2409,6.5557,1
581643,62171,410455,38.9444,4.872,1
581644,410455,414045,34.0163,4.9286,1
582159,410805,412027,9.9635,6.6296,1
582161,65764,410805,23.1906,4.437,1
582734,411214,412349,62.8322,7.589,1
582827,63255,411281,31.3475,9.5866,25
582855,375971,411300,78.6871,8.5105,1
582856,408725,411300,19.105,7.3104,1
583133,408743,411494,29.9833,11.948,1
583134,411494,413185,32.3883,7.1386,1
583144,345414,411500,29.8831,21.6516,83
583145,409245,411501,26.4764,20.6125,83
583146,411500,411501,4.2426,21.9476,83
583305,407283,411623,30.5045,18.8993,1
583433,65190,411713,106.3485,4.4126,1
583669,62961,411882,34.2199,4.4126,1
583734,65884,411931,71.3785,5.1476,3
583735,411931,427039,100.2209,5.9407,3
583737,357151,411933,42.3228,7.1947,37
583738,357976,411933,37.2429,8.1417,37
583816,61375,411986,312.651,7.6742,1
583872,411622,412027,13.3492,6.4675,1
583962,65813,412085,30.293,12.3387,2
584334,412349,413445,110.4632,9.5353,2
584464,411882,412453,9.4163,4.7913,1
585334,61342,413054,59.2732,11.9276,1
585394,412085,413094,29.426,12.1235,2
585547,348900,413185,12.2837,7.874,1
585572,413202,414253,118.1176,12.3956,2
585579,411713,413207,46.8069,4.4126,1
585913,65330,413445,6.5574,10.1975,2
585976,413488,414832,6.998,12.2471,1
586373,413758,478714,118.4778,17.2892,1
586766,65642,414045,62.0152,4.9747,1
587071,414253,414528,40.8255,11.9314,2
587217,402745,414354,6.2004,10.0664,1
587418,406595,414495,64.1015,20.4002,2
587419,356897,414495,6.5064,20.7287,2
587461,414528,414798,24.1534,13.0,2
587868,414798,417271,109.5775,12.0902,2
587916,403603,414832,124.535,20.8102,1
588354,387159,415150,65.5872,6.8182,1
588410,67201,415185,7.5719,28.6951,2
588614,415331,419758,105.3281,18.3802,83
588943,356355,415550,48.9955,12.083,9
589342,411986,415830,94.3476,6.1742,1
589367,66821,415844,11.0543,3.9475,1
589368,415844,417910,28.2667,8.2653,1
589920,408329,416236,49.2849,5.7996,37
589921,416236,422829,43.2666,5.7604,37
590962,314613,416979,189.9149,18.4978,9
591208,417143,417734,74.7566,11.8775,2
591209,67783,417143,14.6477,10.3295,2
591398,67783,417271,4.0689,10.3071,2
591493,388110,417334,59.95,8.2784,1
591559,417379,698082,7.8746,15.2212,2
591655,366123,417443,10.6562,13.0029,9
592185,417443,417825,22.0227,13.1095,9
592531,418071,427540,14.8212,18.079,9
592532,418071,426293,8.226,17.4045,9
592958,67562,418386,14.4875,5.8723,1
593240,418589,422553,120.7661,6.8416,1
593241,418589,424097,76.7504,6.2381,1
594188,419240,420019,8.2475,3.5675,1
595197,419987,421494,34.1337,6.7564,2
595384,419152,420118,7.5609,8.8895,1
595468,72407,420180,122.6499,5.5317,2
595469,69900,420180,14.5488,5.2035,2
596477,416979,420888,67.2533,16.0988,9
597085,421332,424549,36.8971,10.8234,13
597290,421475,421936,11.4988,7.0863,1
597312,418710,421491,37.6552,6.5557,1
597313,421491,422706,11.31,6.5557,1
597318,72409,421494,58.3581,6.6878,2
597594,66725,421674,79.3347,9.5954,1
597595,71832,421674,21.0238,14.244,1
597921,417379,421912,34.6796,11.9993,2
597953,69271,421936,34.6057,7.3294,1
598446,422283,459788,251.9246,7.7426,1
598686,69441,422468,67.0663,7.0483,1
598808,421475,422553,21.8759,5.651,1
598815,422557,428459,58.2752,12.8505,1
598825,419758,422564,42.638,19.6469,83
598933,422638,424462,16.2925,5.8941,1
599203,408337,422829,28.8964,5.8549,37
599259,68607,422871,30.8167,18.735,1
599260,72060,422871,41.6253,22.9222,2
599424,422988,433445,82.2224,8.9679,1
599796,423244,426395,143.3727,30.9828,4
600538,72370,423710,8.4656,20.5366,2
600545,72372,423714,14.573,21.4909,2
600664,295025,423796,149.1789,9.1368,1
600666,419781,423796,6.5574,9.8809,1
601076,409363,424078,63.3894,21.0833,1
601077,424078,425035,7.4351,19.217,1
601102,73639,424097,19.5874,5.5136,1
601193,72506,424163,31.1876,4.8408,1
601620,424462,424614,3.5434,5.2421,1
601731,424549,425598,18.5772,9.4219,13
601829,424614,424624,58.8227,4.3523,1
601830,72506,424624,10.4563,4.0941,1
602294,72407,424963,25.3158,6.5115,2
602404,73508,425035,8.0176,18.9855,1
602898,73603,425377,28.7981,22.9895,2
603203,425598,427097,14.3023,8.7441,13
603351,276478,425699,23.1733,16.4438,1
603377,425718,435759,10.6771,5.8912,1
603489,408391,425802,7.5333,5.7878,1
603490,425802,428946,17.1172,4.2865,1
603846,426057,426276,45.7785,9.2447,9
604173,420888,426293,105.7213,16.3207,9
604566,417203,426569,62.7237,11.6853,2
604567,426569,429975,28.9636,5.6213,1
604636,418386,426621,97.4303,7.4159,1
604683,70704,426658,73.6499,23.7242,2
605242,427039,432174,58.9105,7.2963,3
605328,73822,427097,11.4552,7.4736,13
605845,427461,428367,149.5507,26.6886,1
606117,426453,427650,6.9442,14.0708,1
606123,73972,427653,18.9121,18.3298,2
606824,427653,428143,14.0,19.3559,2
607245,86042,428367,73.2541,21.8537,13
607289,95015,428367,145.0924,28.0043,1
607352,427540,428411,36.7741,19.1704,9
607376,75224,428429,9.2195,6.783,1
607420,426453,428459,11.7851,13.8155,1
607432,76514,428466,40.3029,25.0175,2
607452,428467,676804,42.8447,15.0433,7
607453,428467,702699,30.4778,17.7165,7
607509,428504,445367,37.3363,5.6825,4
607531,425699,428520,5.3852,14.5815,1
607548,426057,428532,4.761,9.0182,9
607549,428532,434500,101.789,9.8913,9
607635,428596,428597,29.5844,21.738,2
607637,426658,428597,22.5435,20.182,2
607658,76256,428607,20.0915,11.0873,13
608000,428861,451673,10.0499,11.1962,1
608032,357151,428890,86.9342,5.6993,37
608624,75768,429328,11.8634,19.2724,2
608669,76058,429364,7.188,5.7878,1
608734,428411,429410,82.4473,18.9095,9
608939,74298,429548,22.2935,6.5288,3
608998,76509,429590,14.6742,9.8912,1
609058,429634,430517,8.6474,4.6708,1
609140,75768,429699,8.2865,16.8652,2
609141,429699,430309,12.615,17.6827,2
609231,429771,433468,6.1373,20.5249,9
609274,428946,429800,28.4429,4.9497,1
609923,429800,430239,11.4891,6.4078,1
609973,410278,430273,128.0738,8.654,1
609974,78339,430273,23.9096,8.1796,1
610026,76250,430309,14.0136,18.611,2
610308,83380,430517,157.5214,5.3229,1
610320,430525,441760,9.1287,16.2053,83
610321,430526,431715,11.8181,18.9316,83
610322,430525,430526,14.5602,17.2498,83
610373,430566,440839,6.2628,11.7879,9
610421,430601,481559,16.68,11.5849,1
610708,428596,430813,23.5315,21.8763,2
610851,428024,430912,32.8874,9.5415,1
610990,431012,440839,27.158,9.819,9
610991,431012,431889,96.7729,7.9681,9
610992,431013,440845,9.1773,16.2634,9
611383,431290,446972,7.2495,28.3894,9
611419,82407,431314,56.1931,7.9713,1
611492,431365,434256,21.9317,6.8093,4
611502,431374,435754,3.6056,25.5632,1
611613,431456,441760,28.954,16.2053,83
611725,431013,431525,25.5734,16.34,9
611936,431672,432122,25.6929,5.5468,1
611937,78077,431672,7.3909,5.0043,1
611999,422564,431715,94.4757,19.1247,83
612222,431857,487032,50.2295,5.3779,37
612264,431889,432490,18.8414,7.6787,9
612269,431892,432257,18.7083,26.4731,9
612294,401079,431910,42.8719,6.4641,1
612295,431910,474226,21.0924,7.5,1
612361,1259,431962,13.5508,10.5313,1
612582,429975,432122,30.8545,4.4665,1
612768,432257,470301,136.5064,22.4516,9
613008,432360,433158,16.8317,12.3882,13
613195,432489,434500,46.9148,9.7133,9
613196,432489,432490,5.831,7.8648,9
613204,431525,432493,10.7238,16.0268,9
613205,432494,457334,52.8257,16.4252,9
613206,432494,452223,4.43,22.4252,9
613330,432583,435969,18.602,13.0436,1
613943,75224,433013,124.2453,7.6787,1
614111,80378,433123,26.198,6.4803,1
614124,76509,433131,84.1458,18.9409,1
614250,80494,433158,38.2012,10.8467,13
614457,433309,460728,8.0208,13.1148,9
614650,81516,433445,34.6946,6.9432,1
614686,429410,433468,26.9856,19.8924,9
614822,78525,433560,4.9216,4.2913,2
614828,78525,433565,8.6987,4.8894,2
614829,432272,433565,25.4425,13.5182,2
615728,434200,435360,9.4281,20.035,1
615799,428504,434256,5.7446,5.1636,4
615965,428466,434368,43.3854,20.7454,2
615966,432272,434368,42.4168,19.5515,2
616207,430912,434544,24.3196,8.0552,1
616209,434544,434606,4.7124,9.9636,1
616218,81295,434552,38.397,3.9495,1
616572,87393,434812,122.2361,4.6213,1
616619,433560,434843,32.4084,4.3452,1
616620,434843,435560,5.3619,4.7947,1
617358,79616,435360,13.536,18.8081,1
617462,79839,435433,21.9747,20.1838,1
617678,435582,435997,5.4967,5.9036,1
617748,434606,435633,9.3926,12.6884,1
617750,435633,436741,5.6162,16.1823,1
617804,371641,435676,137.5476,22.3831,2
617922,277637,435754,5.9424,24.3282,1
618218,435969,436900,8.1989,16.0663,1
618253,81392,435997,18.1075,5.6454,1
618655,433566,436293,38.0497,4.4246,1
618956,432583,436503,31.8247,15.3894,1
619534,81101,436900,10.419,16.3898,1
619566,279494,436921,102.9077,5.6569,2
619567,436921,564458,97.5756,5.715,2
619665,436741,436986,9.0585,16.0786,1
619716,82058,437001,11.7992,10.4003,11
621025,302339,437915,8.4656,12.3726,1
621254,81099,438070,10.247,22.1814,1
621642,81295,438323,19.813,3.3708,1
621993,82693,438569,7.0356,21.5746,1
622006,438570,442156,20.3295,19.7877,1
622219,438713,446322,52.9272,9.5538,1
622537,80617,438933,23.2809,5.6541,2
622727,439060,484434,8.0623,19.6445,2
623243,439428,442517,48.8571,8.8994,1
623309,428367,439469,63.8421,21.0428,11
623317,426569,439475,107.9069,7.5927,1
623318,439475,441185,21.3776,6.5927,1
623459,439574,441683,38.0497,5.7554,1
623712,68563,439747,325.4844,6.7045,25
623738,78109,439765,157.0294,7.4634,1
623848,438569,439839,29.425,20.2265,1
623993,431675,439937,164.2458,6.0766,1
624224,83982,440096,46.3249,7.6742,1
624227,74822,440099,231.2682,6.1942,1
624228,85400,440099,46.404,5.8309,1
624317,440114,527428,88.9096,21.1264,1
624416,440114,550661,165.1944,34.2854,2
625515,430566,440845,106.3417,14.1241,9
625719,98278,440986,169.7072,6.6707,3
625902,441115,441625,32.9556,7.4051,1
626317,441399,483804,18.7883,8.8549,1
626632,409800,441618,10.7732,9.525,2
626633,356592,441618,6.8069,8.1072,2
626640,87874,441625,71.2872,6.8206,1
626715,439765,441683,88.0688,7.7653,1
627318,442103,472634,56.1397,9.319,37
627391,433131,442156,75.9329,22.4678,1
627552,442275,443596,14.7818,18.8124,1
627553,438570,442275,27.5661,19.888,1
627907,442517,442519,7.375,9.9611,1
627910,84654,442519,15.7692,8.5692,1
628061,85148,442633,20.5643,9.0221,1
628266,442780,726254,206.4776,6.451,1
628617,443027,443196,16.9509,7.6155,2
628618,87631,443027,38.8244,6.4675,2
628853,83708,443196,79.9451,7.5148,2
629159,443418,443419,9.0319,27.5135,9
629161,443419,448336,27.5112,28.2223,9
629223,443459,445012,205.2584,7.5225,1
629224,443459,451552,139.4382,10.0234,1
629347,443550,449625,75.9985,6.5027,1
629421,443596,447739,46.8381,13.573,1
629516,105293,443659,259.8267,7.8384,1
629784,84429,443851,84.6952,8.9207,1
629785,443851,445927,19.9636,10.7935,1
629976,83482,443980,43.4268,17.0433,1
631000,444707,444808,14.1461,4.4203,1
631117,443980,444792,22.1635,18.4765,1
631141,444808,446421,36.8088,4.5634,1
631423,86496,445012,65.9874,5.5981,1
631777,86694,445253,14.7045,21.7584,1
632073,445460,446966,18.6488,27.6273,9
632254,90032,445600,63.554,17.5228,1
632709,445916,454537,7.1846,26.6833,1
632722,445927,448026,25.3969,9.0139,1
633130,441185,446209,44.7151,5.7016,1
633425,84909,446421,39.5432,4.5634,1
633739,446631,447502,12.9916,7.3549,1
633740,446631,447739,18.0714,7.6888,1
633941,444792,446768,27.9722,20.3026,1
634216,431290,446966,12.0646,27.6628,9
634225,431892,446972,15.4668,28.4954,9
634954,447502,448023,45.2247,9.7016,1
635468,444707,447863,35.5668,5.0495,1
635716,95004,448023,64.245,10.2417,1
635721,446322,448026,21.5103,9.1283,1
636161,445460,448336,20.4179,27.8102,9
637723,449422,453022,47.3627,5.4075,1
638003,449625,451096,12.4989,7.4159,1
638418,449912,543822,220.0237,7.5311,1
638419,309139,449912,71.2814,7.3098,1
638473,449955,526737,42.9328,14.6732,83
639085,449955,450382,201.1119,11.7432,83
639718,450824,463588,19.6469,22.4013,3
639983,450382,451008,7.0711,10.738,83
640103,451096,455434,53.6418,6.6571,1
640150,451008,451125,7.6811,11.3129,83
640780,451552,467334,202.9291,10.343,1
640905,93085,451638,349.0907,5.1926,1
640952,451673,477697,15.0748,11.2393,1
641362,91655,451962,34.2426,3.3166,1
641731,443418,452223,48.2115,25.0688,9
642301,452620,452959,8.0623,11.0408,83
642524,452620,452775,38.4838,13.8766,83
642770,451125,452959,121.396,11.4017,83
644212,429771,453972,38.108,19.6296,9
644366,439747,454086,227.749,7.2715,25
644794,454395,529197,49.0601,10.8009,1
644989,440114,454537,170.7442,30.4182,1
645264,454730,459427,36.8103,5.1421,2
645310,402745,454763,31.8294,7.2598,1
646232,455434,470126,185.6454,5.9977,1
646456,83380,455604,155.541,6.9432,1
646457,93079,455604,7.1414,7.3124,1
646718,455781,550659,13.9306,35.2881,2
646719,455781,550661,4.9329,35.0857,2
646975,455977,457993,10.2956,16.3706,1
646977,455980,524918,98.7128,19.2097,3
646978,455980,549237,4.397,17.3398,3
647363,280756,456253,13.5031,22.8255,5
647691,456484,553378,11.8031,25.4544,4
647697,456486,552078,4.8189,47.3937,6
648353,454395,456959,15.2643,9.2647,1
648354,456959,559916,28.9713,7.7216,1
648399,335784,456990,40.0625,13.0073,9
648795,457276,553001,6.8313,4.3708,1
648874,433309,457334,3.6818,12.5592,9
648937,457378,461393,42.8393,14.6391,1
649152,457533,457740,4.3461,10.5097,1
649460,93981,457740,11.9722,10.1837,1
649611,452775,457845,91.1811,27.2364,83
649818,457993,461245,70.157,14.7158,1
651924,459409,559916,22.3159,4.729,1
651946,95684,459427,6.5997,6.3326,2
651957,100686,459435,145.5061,6.3326,1
652459,459788,548545,165.4213,6.0454,1
653170,460287,574763,105.7303,28.3265,4
653766,281572,460698,18.3723,27.5631,3
653767,460698,463588,6.1644,24.9187,3
653805,432493,460728,24.3447,14.4027,9
654520,453421,461245,114.4945,14.9853,1
654727,97639,461393,19.5448,18.8137,1
655356,95824,461832,22.0731,7.5311,1
655357,461832,467701,72.101,6.9034,1
657042,95957,463035,129.1795,7.437,1
657043,99325,463035,41.2149,6.6296,1
659042,98278,464429,56.2317,6.0092,2
659044,464430,578593,2.7689,10.197,3
659105,464469,467764,29.4618,4.216,1
660049,459435,465129,66.3947,6.5123,1
660326,465335,478714,140.5347,14.6841,1
660327,465335,475111,57.463,10.7167,1
660623,464430,465538,35.2278,10.3635,3
661645,97925,466237,50.4975,9.5826,25
661920,180514,466434,3.7712,5.1926,2
661983,459409,466481,64.8537,7.2785,1
663120,465129,467279,19.8774,5.3218,1
663121,467279,469502,22.7474,4.7947,1
663204,100398,467334,13.4536,9.8538,1
663478,467533,475770,76.6094,11.3137,37
663652,445367,467658,20.9045,8.9813,4
663653,467658,477545,60.5392,9.2302,3
663654,282056,467658,12.1335,8.8689,1
663709,467701,469014,12.8841,5.3218,1
663792,467764,629506,178.5516,5.0724,1
663916,278582,467852,44.2192,9.449,1
664348,468155,594983,20.6473,19.5831,11
665585,101601,469014,19.2152,4.999,1
666167,467533,469416,82.9096,12.194,37
666168,469416,588802,21.3672,8.1908,37
666287,469502,477417,67.8152,5.3452,1
666445,469629,582334,80.2205,12.3837,4
666446,469629,601254,38.1887,7.5261,4
667150,470126,476903,93.1683,7.2355,1
667421,453972,470301,42.8195,20.1985,9
667572,470405,757204,23.8371,15.5657,2
668139,470778,619017,172.5898,22.5247,11
668365,102492,470937,24.9132,4.3723,1
669795,399579,471945,88.6172,8.1723,37
669797,471945,472633,4.1231,7.6888,37
670678,472594,599398,10.8012,9.133,1
670679,472594,604591,8.0829,9.505,1
670740,472633,472634,5.4263,9.8322,37
672960,103562,474199,31.5278,9.911,25
673001,102602,474231,39.011,9.4497,1
674034,474977,477394,16.8528,7.1756,5
674223,475111,638478,103.7202,11.8574,1
675199,475764,481110,122.3202,10.423,1
675211,475770,633581,107.9745,8.2525,37
676088,474199,476396,47.8528,11.2651,25
676089,108005,476396,44.0946,10.1141,25
676796,476903,485575,96.7293,8.0584,1
677510,477394,497234,184.1877,5.715,5
677544,108037,477417,32.2887,6.7749,1
677955,477697,731748,6.3443,10.5479,1
679174,105513,478571,61.0911,6.2321,1
679202,107379,478591,23.7837,5.5649,1
682261,108005,480707,29.0995,8.1723,25
682403,480805,537170,54.2402,9.1103,13
682621,480956,481025,28.349,5.3218,1
682725,481025,491310,98.1869,5.9137,1
683488,481559,491746,22.4153,10.9099,1
683720,481722,484872,34.7131,23.1928,11
683749,481739,485311,36.7287,9.4207,1
684165,108799,482029,12.1335,6.5355,25
684187,112074,482041,116.3066,6.8239,1
685329,38728,482857,22.6936,15.4438,1
685330,482857,757204,88.1986,15.6058,1
685579,483027,483217,4.2866,5.458,1
686487,483643,621278,38.7242,8.9084,1
686697,474226,483804,13.0894,8.4051,1
687100,482029,484106,85.2382,6.0355,25
687101,110851,484106,19.5533,6.2417,25
687572,435676,484434,28.1306,20.8723,2
687723,431456,484542,102.104,16.7014,83
687724,484542,485541,10.8883,16.7178,83
687728,484545,521816,153.9156,6.6978,2
688202,484872,635688,19.6554,24.697,11
688808,485311,633785,12.8965,15.3601,1
689180,112378,485575,35.6043,7.1838,1
689791,486010,635700,148.8377,8.937,1
689792,486010,486011,9.8995,8.437,1
689807,486023,632701,122.0027,12.2322,1
690613,486603,487699,43.3359,10.3833,1
691233,428890,487032,55.4557,5.1736,37
691505,487218,616995,60.9863,8.2453,1
691916,486603,487518,259.5014,10.1518,1
691917,487518,635700,30.9139,9.7434,1
692329,112376,487821,8.5049,7.2024,25
692330,112648,487821,62.8702,7.8301,25
692346,487831,490058,31.8355,7.9026,1
693121,110466,488390,45.6575,9.8648,1
694093,489077,631091,39.4208,4.977,1
695464,113998,490058,9.0891,8.2565,1
695498,112399,490082,31.3209,9.4732,1
696677,490900,499423,10.3923,7.6468,4
697018,114446,491141,14.1608,6.3668,25
697177,491250,728251,73.9564,6.5332,2
697249,491300,498958,103.9904,6.6472,1
697265,491310,497228,61.8277,6.9465,1
697879,491746,595048,12.5786,10.0917,1
698591,492241,734490,54.9242,8.0902,1
700363,493463,503901,162.3145,26.0905,11
701687,494422,495922,5.1962,13.0585,3
701853,494536,660613,58.7055,4.899,1
701989,484865,494626,10.0995,26.8786,3
701990,284512,494626,8.8129,21.8403,3
703110,487218,495458,69.8928,8.5134,1
703254,116263,495559,114.9169,6.7404,1
703256,495559,498244,330.7448,8.7856,1
703278,495573,497367,26.4197,6.2404,36
703908,488390,495998,109.1429,7.9957,1
704642,485541,496518,37.4759,15.0816,83
704708,495458,496566,12.3693,7.5317,1
705854,497367,498394,11.7473,4.6583,36
707186,495998,498284,26.9588,6.1071,1
707343,498394,663597,56.7561,3.7199,36
707353,497228,498400,121.3029,7.9363,1
707840,286278,498737,38.6738,14.7815,3
707841,495922,498737,19.1311,14.3069,3
707860,477545,498750,43.5201,8.2498,3
707861,494422,498750,7.6158,10.7944,3
707906,497234,498781,21.1719,5.5335,5
707908,119174,498781,10.1612,5.9036,5
708164,122916,498953,120.9215,7.6155,1
708171,119029,498958,8.124,7.2749,1
708462,119174,499156,103.8059,5.7899,5
708463,119172,499156,7.461,7.9574,5
708471,490082,499165,145.1203,13.0333,1
708472,498244,499165,148.0031,14.2774,1
708532,495573,499206,32.9393,7.1774,36
708533,499206,663388,41.3239,7.2911,36
708838,284983,499423,18.3121,7.2772,4
709746,500050,695040,220.1757,11.2483,2
710204,119456,500368,33.2951,6.5927,25
710205,122049,500368,79.7563,6.8553,25
710485,500568,504488,69.2147,7.2942,1
711087,487699,501007,148.8187,9.4749,1
711634,501392,502452,19.9499,5.5136,1
712257,501850,504612,27.6908,8.2144,25
712868,502296,506093,25.9808,15.8533,1
713084,502452,508129,59.9667,7.303,1
714379,503352,657680,32.3471,4.9497,1
714380,503352,504057,4.3589,4.6213,1
715166,503901,503902,5.0,26.7764,11
715167,503902,666575,12.161,26.6063,11
716194,504612,536690,389.3124,7.6018,25
717568,308249,505578,54.74,17.1731,1
718298,506093,508988,24.779,14.0992,1
718495,506239,574933,14.0712,5.9853,1
719673,127494,507096,75.9598,7.754,1
719919,296845,507260,72.5175,8.1624,1
721168,508129,514190,124.2292,8.4186,1
721355,508258,508486,14.3527,3.8643,36
721383,500255,508275,96.1775,10.8012,5
721385,508275,513061,39.0683,12.8352,5
721696,508486,511828,56.4712,4.3523,36
722128,285808,508785,20.1694,19.5395,2
722415,508988,675603,14.5144,14.3191,1
723768,509947,656548,135.9634,4.7417,1
724155,501007,510222,74.7329,7.9641,1
724156,510222,511569,9.434,7.239,1
724888,124083,510723,62.8667,5.9977,1
724889,510723,514175,104.0118,6.7223,1
725081,510866,676431,48.4013,5.1926,36
725733,511330,688011,49.2364,6.4685,1
725829,123612,511398,27.8189,5.7661,1
725866,511424,515341,48.2494,22.0166,1
726444,511828,675507,23.4781,4.8408,36
728413,509947,513237,63.3561,4.0822,1
729414,498284,513964,187.2117,6.8904,1
729415,513964,519297,40.9715,6.6115,1
729726,514190,518884,44.2245,7.7728,1
730325,514638,682717,42.785,11.9787,10
730327,514638,514639,9.8489,12.4371,10
731338,285573,515332,4.5461,15.7106,3
732206,441399,515959,44.6518,10.1218,1
733076,514175,516562,28.8174,6.5981,1
733083,286534,516565,4.397,6.9909,2
733488,513237,516851,42.2374,6.9873,1
733489,516851,689606,54.6535,7.1838,1
733497,513061,516856,49.5278,13.0935,5
733714,517005,517070,14.0633,8.8401,1
733812,128070,517070,11.9443,7.7973,1
733816,517005,517073,12.2066,8.217,1
734276,517400,675869,38.2187,8.8737,36
734277,517400,538674,119.0168,8.0884,36
735116,439060,517984,68.3268,23.0421,2
736100,456990,518676,22.4623,12.7195,9
736198,517073,518743,62.5504,7.0707,1
736397,130398,518884,54.6596,6.5701,1
736579,517984,519011,5.9067,26.0479,2
736580,453421,519011,78.1516,21.4661,1
736656,496518,519057,143.4197,16.5023,83
736866,519206,521075,52.0609,6.6814,1
736913,519238,678232,48.7186,6.3901,1
736914,519238,522501,43.3244,6.2237,1
737574,519011,519704,6.675,25.8357,3
737750,519834,682717,46.1435,10.0726,10
738026,408378,520029,43.1161,8.3958,1
738373,130066,520273,33.2749,8.6231,1
738642,520455,524784,12.0416,15.8062,1
739253,129337,520885,29.4147,7.9169,1
739512,520273,521075,99.1374,8.1401,1
740552,516565,521816,40.2119,6.4789,2
741482,302380,522460,18.7172,6.8166,1
741535,522501,692220,25.285,5.1742,1
742547,523215,525560,20.6398,21.9414,1
743445,523839,646155,261.5535,9.5866,2
743662,131260,523992,25.186,5.9402,1
744604,523992,524654,29.9096,7.7016,1
744605,134991,524654,46.0202,8.437,1
744778,524784,529059,58.2151,17.3894,1
744954,519704,524918,34.176,23.6832,3
745046,524977,550659,46.6743,32.6323,4
745053,456484,524977,35.2491,27.8295,4
745241,515959,525103,14.3973,12.7053,1
745381,525199,551751,205.9169,6.9465,1
745875,525560,699043,58.4637,19.0254,1
746005,525663,695771,5.5578,6.8166,1
747017,526361,532055,68.1616,6.5822,1
747355,519834,526610,104.9619,7.6367,10
747542,519057,526737,69.8323,17.147,83
749503,442103,528146,54.0466,9.428,37
749504,528146,586189,193.0595,8.8293,37
750626,138513,528933,70.7332,14.8817,5
750640,139360,528945,64.9637,6.0927,1
750819,529059,533001,35.5106,16.545,1
751022,525103,529197,9.0492,14.2415,1
751333,492241,529418,6.3004,11.3129,1
751788,526610,529745,37.9078,8.1332,10
752740,136642,530409,96.7982,9.1488,2
753215,530743,532309,63.0952,15.0239,1
754513,138388,531683,42.6888,8.3031,2
754713,531820,532891,73.9332,9.2466,2
755083,532094,704148,60.5824,6.0552,1
755374,532309,540783,99.8899,12.8834,1
755863,531683,532652,66.6967,7.9681,2
756210,532891,537902,134.3974,8.1453,2
756342,135365,532974,68.6319,7.3761,1
756378,290215,533001,31.4219,16.6614,1
757176,284983,533572,99.2505,7.0355,4
757177,296872,533572,104.5062,8.7202,4
757775,532055,534017,38.5681,8.744,1
757776,534017,536690,129.0743,8.8148,1
757870,534086,702215,15.8623,11.6206,10
757871,534086,536578,16.4012,9.8995,10
758423,140351,534470,44.9469,5.8941,1
759820,136493,535458,75.151,6.5123,2
759821,535458,536567,6.5744,6.2264,2
760501,137986,535937,28.0119,9.9137,1
761419,536578,549016,95.0684,7.9078,10
761593,146594,536690,165.3471,7.6938,26
762300,294984,537170,54.0062,8.9985,13
763330,139845,537902,51.1924,8.3574,2
763429,535937,537978,61.5666,8.3012,1
763690,139819,538157,15.0333,8.8549,1
765226,539249,539889,28.6918,9.5083,2
765270,536567,539276,31.6789,5.9036,2
765271,141638,539276,8.6795,4.4203,2
765404,539368,571904,22.3809,9.3284,1
765796,140698,539631,18.9737,5.7865,1
765797,142019,539631,30.5396,6.03,1
765828,539654,555715,22.5964,25.7698,4
766071,539821,715334,21.8937,6.8206,1
766163,143585,539889,35.5246,8.4532,2
766555,143434,540159,31.5947,6.9432,1
767392,540754,545202,78.094,5.1627,1
767532,139586,540847,33.8329,6.4862,1
767534,159536,540847,204.3184,7.303,1
768380,540783,541428,195.8009,9.0194,1
768381,541428,718058,40.848,6.6177,1
768770,147127,541711,64.6864,5.5317,3
770169,542695,723052,128.2168,6.5878,1
770212,454249,542722,30.895,12.8773,1
770213,455977,542722,10.9772,17.127,1
770325,538674,542803,34.0588,7.8421,36
772064,148309,544002,54.7296,5.6317,2
773439,544984,545350,12.1381,4.0495,2
773750,545202,547512,23.9513,5.5909,1
773960,545357,550575,5.7446,14.6359,1
774204,537978,545537,104.8353,6.8723,1
774326,545618,717568,40.8298,2.5322,1
774327,545619,719449,7.2034,5.9106,1
774800,545950,718058,3.448,7.0355,1
774801,545950,547376,44.5197,6.5,1
774994,545025,546095,19.1427,3.9241,1
774995,545537,546095,23.6596,4.6751,1
775191,145353,546235,7.2495,19.2574,5
775417,546380,547504,37.8139,18.6869,5
775423,145644,546385,6.9821,7.6533,1
775645,546546,548711,16.8984,6.3224,2
776812,541427,547376,58.155,5.0616,1
776977,547504,551608,55.2175,19.4919,5
776985,547512,559658,85.2988,5.465,1
777229,544002,547685,44.6843,5.7899,2
777230,547685,553911,70.1087,5.6899,2
777859,464469,548122,90.6697,5.5856,1
777860,457276,548122,117.7455,5.1112,1
777898,548146,730842,59.368,6.3787,1
778434,454249,548545,20.6209,5.7079,1
778683,548711,555439,88.0013,6.3533,2
778971,14000,548913,59.7969,4.7408,1
779110,549016,720372,43.5813,6.1203,10
780088,549696,699177,48.1541,34.1674,1
780089,549696,723835,8.6987,32.3417,1
780625,550099,551741,36.1278,13.3484,1
780626,550099,550931,14.1052,14.0193,1
780909,550296,552228,14.5945,7.0811,1
781162,289382,550478,11.8534,21.9129,5
781272,550552,566347,40.9145,6.0738,2
781273,164769,550552,10.8167,5.1636,2
781432,456486,550659,21.924,40.5118,6
781815,154691,550931,127.8406,15.2877,1
782219,147133,551218,17.6824,5.4274,1
782220,551218,554405,30.1242,7.0886,1
782944,151234,551741,48.6587,12.892,1
782979,150126,551768,50.7346,6.2283,3
782980,551314,551769,19.6908,7.0711,3
782981,551769,553910,67.8651,5.6569,3
783393,552078,557171,25.6528,46.6016,94
783627,552228,558541,63.4823,5.6506,1
784517,552852,557758,83.1188,5.715,1
784728,527428,553001,38.1457,6.5311,1
785019,294856,553203,33.589,17.1449,6
785274,457581,553378,7.0223,24.9993,4
785372,553451,553909,13.3417,21.0132,1
785609,552852,553634,110.1782,7.1062,1
785990,553909,728142,8.6023,20.909,1
785992,150126,553910,20.5805,4.4126,3
785993,149953,553911,3.7859,5.2779,2
786593,460287,554343,167.6945,28.5431,4
786594,554343,561197,40.952,27.5622,4
786677,158443,554405,74.3224,6.805,1
788137,151156,555439,33.2666,7.1442,3
788138,555439,558126,16.8984,7.2636,1
788217,555493,728724,4.6786,6.1644,10
788455,555661,561617,79.63,7.0094,26
788529,457581,555715,8.0623,24.1658,4
788730,555844,557136,9.1226,6.2696,1
788770,554208,555871,11.3578,9.9371,2
788771,555871,728485,19.2902,9.2513,2
789237,556208,730849,18.6011,18.6882,1
790022,556767,557900,45.9033,7.8384,1
790516,557136,557524,10.0333,7.2911,1
790565,457845,557171,6.866,41.0487,83
790566,557171,574767,31.0798,37.1932,11
790853,555661,557366,104.5838,8.109,26
790854,154989,557366,83.0134,7.5027,26
791070,153128,557524,82.76,6.8093,1
791073,152980,557526,86.1233,6.8365,1
791554,557881,561780,59.143,12.3494,1
791556,155629,557882,46.9077,6.7371,1
791577,155644,557897,107.1334,6.5123,1
791580,557526,557900,39.3475,7.7991,1
791899,155644,558126,73.2568,6.0738,1
791901,558127,558429,11.9907,6.6623,1
792344,152896,558429,43.1496,6.2445,1
792499,558541,740710,106.4983,6.5977,1
793940,559565,565092,30.0042,9.639,2
794081,289016,559663,29.2005,9.2676,6
794083,559663,565867,7.3485,11.3692,6
794500,559965,736865,52.747,8.9983,2
794620,559180,560059,8.8318,15.1395,36
794693,162168,560111,147.0533,4.8947,1
795172,154242,560452,11.5998,20.5125,5
795834,288466,560926,36.4951,14.4361,2
796215,539654,561197,27.1518,26.7578,4
796297,561254,564226,94.4469,7.0355,1
796840,561617,573900,163.4387,6.2838,26
797031,158350,561747,58.9774,7.6755,1
797082,561780,563666,25.5147,10.3096,1
797683,148869,562194,68.9436,5.7913,1
797684,561747,562194,49.5356,7.8589,1
798388,562687,739802,241.2614,6.4734,1
799285,563314,571422,83.4759,9.2001,1
799760,563666,564765,40.0441,10.7123,1
800548,156429,564226,12.0416,6.7371,1
800699,563870,564333,6.884,5.2676,26
800700,564333,565320,10.5418,3.8534,26
800890,564458,625702,72.0417,4.241,2
800938,559565,564493,148.2817,9.4865,2
800939,159379,564493,57.2179,6.7371,2
800947,155279,564500,94.4205,8.6409,1
801189,563751,564662,13.9284,7.4721,2
801190,564662,741634,15.6045,8.8596,2
801333,564765,565926,10.7776,11.3106,1
801653,564998,740040,46.9988,15.1587,36
801787,565092,576217,109.2688,6.0927,1
801985,565238,739802,19.964,6.4363,1
802876,292129,565867,14.0791,14.8883,6
803038,565975,742447,14.5945,4.3028,10
803559,160000,566347,59.9722,5.3229,2
805307,567583,567934,3.6056,15.9169,36
805802,567934,740572,85.5447,14.8508,36
805837,157409,567960,11.5801,6.9432,2
805995,564029,568074,38.3793,6.5557,1
806117,568154,572486,54.5145,20.9335,5
806561,568462,578386,70.0206,4.9839,26
806592,565092,568484,24.2464,5.5902,1
807812,568074,569324,17.3997,7.1067,1
808751,570004,746247,4.9329,16.5831,36
810305,165216,571109,148.6345,5.5616,1
810482,570004,571246,18.5742,16.8648,36
810497,571257,746292,8.756,16.3623,35
810522,571273,574004,18.9091,4.7863,1
810805,571478,571903,39.4462,4.6111,10
811401,571903,572252,20.3224,4.511,10
811402,571904,761930,12.6673,6.8596,1
811813,160526,572182,50.04,7.3079,1
811819,572185,572963,62.6241,8.0331,2
811913,572252,749013,74.6868,5.9495,10
811992,571273,572303,16.6176,3.9324,1
812258,572486,573906,22.4901,21.7197,5
812321,568484,572537,22.925,6.6235,1
812322,572537,573126,5.7855,7.8875,1
812434,158041,572619,59.6154,7.4407,1
812918,572963,573352,14.0357,9.0493,2
813099,160840,573089,6.1555,4.7431,1
813157,167413,573126,59.9354,7.1056,1
813333,571422,573264,22.8059,9.0182,1
813339,571246,573268,21.4709,16.2053,35
813447,573352,574255,26.5793,9.4074,2
813823,573609,748906,6.442,18.0017,35
814234,573900,576728,33.7627,5.9106,26
814241,573906,575388,29.968,21.4338,5
814373,160624,574004,56.0169,5.1515,1
814505,574099,575976,13.6382,10.3457,35
814614,574178,575450,2.4495,11.7435,2
814715,162190,574255,12.8501,9.1329,2
815250,573609,574641,8.3666,13.5687,35
815429,463501,574763,11.6428,28.9723,4
815436,574767,584595,25.7531,25.2704,11
815501,408378,574812,28.3461,7.6811,1
815502,58582,574812,31.6465,7.4806,1
815611,574892,575390,11.0793,9.3974,2
815669,574933,623005,9.3512,9.341,1
815850,569509,575066,188.6517,7.1665,1
816320,166413,575388,75.4343,20.4121,5
816323,572182,575390,30.4193,8.744,1
817122,573268,575967,21.5407,15.1488,35
817135,575976,746480,64.2484,16.0279,35
817295,463501,576088,9.8939,29.4866,4
817296,465546,576088,113.4264,28.6339,4
817350,569627,576126,47.8479,7.5454,1
817489,171167,576217,76.1439,5.0838,1
817594,159556,576289,43.3,8.8853,1
817842,576467,587251,76.8071,6.9996,1
818049,576621,580816,43.391,16.2897,1
818199,167258,576728,103.4621,6.364,26
818250,576764,751381,18.5346,10.9016,35
818251,576764,753620,3.9158,8.654,35
818262,576772,577594,7.0711,17.6634,2
819336,167263,577562,43.7988,7.4736,1
819382,577594,754668,16.1596,18.023,2
820019,576763,578046,20.4695,8.1796,35
820020,578046,578489,10.4403,10.3048,35
820306,160863,578250,85.6388,4.3523,1
820307,163323,578250,32.9343,5.2421,1
820345,571478,578277,46.1844,5.5495,10
820511,578386,580533,86.8536,5.6825,26
820644,578489,751081,82.1542,18.5322,35
820783,549237,578593,158.286,14.1303,3
821438,579073,580839,11.6428,3.4758,1
821478,162168,579102,41.9603,5.8807,1
821638,165233,579220,7.3711,6.5182,1
821646,577578,579224,23.8817,4.1231,1
821647,579224,579645,5.0881,3.7936,1
821691,579262,753418,14.7065,18.2598,2
821706,579272,579948,11.3578,11.1893,2
822201,579626,753418,10.5798,18.7543,2
822202,579626,757618,3.7859,14.4365,2
822772,572619,580030,194.3161,8.1723,1
823077,580254,583788,30.4822,7.3247,1
823199,579948,580342,5.3852,11.786,2
823200,580342,759021,18.0278,12.2446,2
823475,580533,581210,63.7382,5.262,26
823609,576289,580629,65.2409,7.6088,1
823610,580629,582425,21.3985,6.2368,1
823874,169867,580816,64.8048,15.4956,1
824286,581111,760978,45.829,18.9195,2
824425,581219,760924,24.0693,12.0227,1
824817,170839,581502,70.7594,5.3284,1
825063,581676,582334,7.4917,17.4868,4
825065,465546,581678,309.4344,23.6166,4
825066,581676,581678,11.1337,18.9886,4
825419,581926,760964,17.4499,19.2354,35
825711,581210,582134,26.6166,4.7431,26
825712,167258,582134,3.6968,6.4078,26
826012,575967,582354,49.5278,16.2057,35
826013,582354,584725,14.9666,19.1532,35
826910,582986,759860,5.2281,14.0775,1
827476,582511,583384,9.1652,12.2881,1
827546,580839,583440,60.2225,5.7016,1
827547,166521,583440,36.0382,5.7016,1
827647,578277,583512,92.6607,6.2016,10
828020,583788,588937,61.9825,6.6726,1
828083,583512,583831,38.3406,6.7723,10
828385,584044,589431,52.1842,7.129,26
829166,468155,584595,24.7229,20.1639,11
829344,584725,765809,75.8569,27.115,35
829583,584902,756203,62.0151,20.8166,35
829907,585147,588745,25.9808,9.4937,2
830108,168501,585294,121.5717,6.0992,1
830203,585356,759012,85.9922,6.373,1
830282,167715,585413,18.7439,4.7408,1
830285,167633,585415,29.0689,4.729,1
830648,585415,585675,7.3041,3.6795,1
830896,585846,586234,21.1371,6.7016,26
831112,583831,585995,52.259,6.6529,10
831314,571500,586141,89.4087,6.0992,2
831381,586189,588802,19.9053,6.8163,37
831459,586251,702730,50.9192,11.6182,11
831460,586251,626277,14.6758,16.2835,11
831825,586496,587663,19.1511,5.985,1
831883,579073,586536,100.169,5.4453,1
831884,169905,586536,21.5163,7.3098,1
832909,176690,587251,90.9524,9.1868,1
833282,580030,587524,100.9922,5.6368,1
833376,334649,587590,27.0298,9.0118,1
833377,409800,587590,15.9881,8.562,2
833475,179488,587663,132.4741,6.6921,1
834078,175968,588095,77.8389,19.3753,5
834238,588213,765906,11.8884,24.1453,5
834275,588237,588399,18.412,26.358,1
834488,588399,765952,3.448,28.098,1
834993,588745,589617,10.0499,5.3383,2
835264,173502,588937,36.2261,5.6317,1
835468,589084,765517,64.7995,22.0893,5
835710,589258,763093,72.6032,17.3239,2
835943,585846,589431,31.5862,6.5557,26
836208,589617,766013,9.6264,4.3523,2
836318,588213,589702,51.4101,25.0608,5
836628,171618,589925,6.7741,8.5987,1
836810,590046,759944,64.5006,13.3853,2
837319,166845,590413,59.4475,6.2149,6
837699,590696,599668,30.6757,5.3033,9
837703,590696,590699,8.775,5.4075,9
838182,589702,591023,11.225,24.8109,5
838217,591048,594738,31.3776,6.8525,1
838311,591119,592322,23.8537,6.6028,2
838463,171236,591231,30.9659,7.4096,26
838464,172656,591231,38.694,8.9596,26
838709,296633,591409,3.6968,10.744,1
838762,591450,769057,12.8722,21.3304,5
839178,591738,768307,11.4988,13.5403,2
839179,591738,594947,29.1376,11.3137,2
839183,591741,768432,4.6435,16.7587,2
839184,591741,598958,48.8365,10.2589,2
839199,169867,591753,83.5703,13.8857,1
839200,591753,595526,64.5608,12.7476,1
839412,591902,597363,55.9553,11.7643,2
840006,592322,595266,27.5318,6.3546,2
840198,592455,775559,69.9476,13.6141,2
840243,592489,592661,9.9499,33.3671,35
840452,592661,768898,22.2036,32.5857,35
840517,592324,592710,108.7587,6.9765,1
841002,593053,594942,10.8628,5.0043,2
841117,171060,593143,62.2807,7.4275,2
841118,593143,607160,108.4054,8.4922,2
841591,593469,769371,7.0,34.3564,35
842161,593870,770420,9.4637,34.1232,35
843126,590413,594566,34.7851,7.0688,6
843127,594566,605151,83.5858,5.365,6
843260,176853,594663,17.2047,6.2404,1
843565,581602,594881,124.004,9.4064,1
843638,594942,771531,4.7424,3.0275,2
843800,595048,618812,22.4677,13.1498,1
844108,595266,775822,35.57,9.4051,2
844277,594228,595400,67.2557,7.4051,1
844461,595526,599491,50.9771,11.3593,1
844547,594983,595582,9.0481,20.5123,11
844548,470778,595582,13.8644,20.525,11
845185,300880,596023,53.5008,10.3458,1
845186,296849,596023,12.0224,10.3458,1
845462,596235,771732,29.7327,17.8807,5
845463,596235,773365,8.9256,18.0821,5
846302,596812,600769,32.4037,33.6227,35
846316,596821,597714,5.099,23.5358,3
847098,597363,775822,28.2115,11.2227,2
847487,176853,597662,11.5181,6.0822,1
847488,178316,597662,21.8632,6.9228,1
847565,597714,773739,3.6954,23.4091,4
848257,598209,612709,134.8089,8.5863,1
848441,598345,598458,17.7828,15.3464,1
848442,598345,600806,63.5444,12.2998,1
848907,178273,598684,6.8799,8.4853,1
849293,598958,768433,74.0692,10.6456,2
849740,176727,599273,43.1303,3.9241,1
849916,465538,599398,89.3047,9.5219,3
849917,599398,601254,67.9709,7.6474,4
850049,599491,600399,11.694,10.6536,1
850308,599668,680878,23.8654,12.0535,9
850376,594881,599713,101.2966,9.7049,1
850678,575390,599928,256.4454,8.5607,3
850680,599928,603877,39.8623,6.5182,3
850866,600067,780034,108.2497,8.3127,10
851300,600399,600806,26.9088,10.4385,1
851326,599273,600418,33.1884,4.5708,1
851639,600633,601137,6.549,6.7428,1
851682,599713,600666,12.3693,7.8589,1
851738,600418,600706,53.0579,3.6742,1
851740,180039,600706,11.9304,3.2863,1
851822,600769,603035,21.4009,32.0534,35
851917,268708,600838,57.1985,25.8445,1
852182,179030,601034,16.4418,8.0584,1
852199,601044,775365,12.53,18.0192,5
852200,601044,777003,9.6954,17.5921,5
852332,182809,601137,39.4081,6.9188,1
852343,598185,601144,151.2248,9.1077,1
853181,601729,778419,13.9603,15.0866,2
853451,585995,601917,202.1435,7.719,10
853788,602144,777909,10.7986,17.6741,5
853795,591409,602148,17.4929,10.6524,1
854144,595400,602400,89.0186,6.5822,1
854741,185529,602829,80.0916,17.1065,5
855020,603035,778300,4.9329,30.4875,35
855367,603284,773739,33.5471,16.7686,1
855368,603284,607804,39.7366,6.2247,1
855841,184895,603616,31.4272,3.8172,1
856195,185245,603877,53.7742,7.5027,3
856644,604192,606380,30.9982,3.7386,1
856645,604192,608921,31.9878,3.8723,1
856856,604337,604426,6.9041,6.3723,1
856900,604374,605701,10.4403,10.9078,5
856963,602668,604426,43.0426,6.1926,1
857398,179341,604728,35.57,4.0495,1
857399,604728,608228,23.1541,3.3028,1
857998,188582,605151,55.0023,5.4909,6
858755,605701,780093,13.1956,14.8192,5
859513,606241,655637,74.7329,10.2121,1
859522,172699,606248,117.983,7.6178,2
859523,184157,606248,7.2572,8.6886,2
859943,606539,606733,31.1288,11.6593,25
860210,606733,607806,11.9164,11.0814,25
860818,184484,607159,12.5186,6.9989,2
861162,607402,783101,20.8726,13.2849,1
861693,607806,786647,99.3886,11.2663,25
862237,608228,611441,27.3658,4.4954,1
862540,608427,781952,4.4969,28.4687,35
862691,601917,608536,94.8999,9.3272,10
862701,608543,777909,40.1324,19.3574,5
862788,174255,608604,240.8184,9.651,1
862789,185385,608604,6.0415,9.7095,1
863001,594738,608750,140.2145,5.7878,1
863257,184750,608921,13.2035,4.6043,1
863288,601034,608942,82.4203,8.5149,1
864084,608750,609545,9.1104,5.4218,1
864159,186727,609601,37.3988,6.7759,1
864344,609727,781430,7.7183,25.2728,5
864345,609727,783102,10.9325,23.1859,5
864718,609985,781952,7.5425,26.1108,35
864767,165059,610021,310.5938,7.1947,5
864768,181010,610021,84.3534,6.9228,5
864891,610105,782425,5.7155,18.7248,5
864894,610107,782934,4.714,9.7947,10
865120,610267,778306,55.6566,15.6235,25
865227,609024,610349,8.7178,7.8367,10
865228,610349,627161,188.5683,12.1434,10
865678,189460,610662,63.9427,5.8537,3
865757,610714,616715,46.9148,14.8642,2
865789,192277,610738,54.0744,5.0822,1
866535,611273,630547,130.2229,19.2781,2
866787,186759,611441,52.542,4.5634,1
867321,184895,611842,48.7921,4.0306,1
867377,190081,611881,83.3367,6.2281,1
867721,612124,783102,9.8413,21.233,20
868535,188139,612709,7.3485,7.7728,1
869495,608536,613395,32.6956,9.9345,10
869608,613475,613641,8.1467,7.2636,6
869609,188582,613475,36.9362,6.2429,6
869859,613641,616615,17.561,6.9343,6
870499,614102,792369,64.554,14.2724,1
870500,612124,614103,10.7703,19.8503,20
871376,610105,614730,33.6155,18.6996,5
872443,303439,615499,47.8992,10.1961,4
872444,296872,615499,51.1881,11.1151,4
872448,615501,786291,30.3132,10.0789,25
872449,615501,787311,4.761,10.3959,25
872691,268708,615670,39.3475,19.269,1
872692,615670,641035,12.6007,10.8705,1
873281,190787,616077,25.1241,7.3478,3
873304,616095,787147,3.559,20.0992,20
873305,616095,617978,12.4097,18.1555,20
874022,197786,616615,69.6064,6.0738,6
874024,607160,616617,70.1629,8.4091,2
874132,616710,651105,21.2158,18.2028,1
874138,616715,620180,22.7596,15.1162,2
874540,604591,616995,29.4354,8.6172,1
874804,608942,617173,100.2863,8.9109,1
874806,617173,622770,58.3845,7.6923,1
875150,614730,617422,22.5167,21.8934,5
875706,617827,631169,83.2332,6.117,1
875708,190868,617828,4.7258,4.4068,1
875709,189560,617829,171.3564,5.7358,1
875796,190081,617885,40.2561,7.6888,1
875797,617885,618450,9.798,7.9282,1
876560,618450,629146,110.4385,6.9765,1
876591,618474,632833,78.9634,7.1947,1
877054,618812,664847,14.3402,18.0175,1
877291,617422,618971,14.4568,21.8682,5
877353,481722,619017,33.4348,23.6544,11
877463,189761,619101,46.4019,4.7182,1
877551,194963,619161,60.1526,9.1098,26
878980,620180,622990,32.45,15.2637,2
879064,620241,624302,107.7499,6.2281,1
879470,189402,620527,37.1618,6.3326,1
879471,620527,627819,83.2835,8.5898,1
880509,466481,621278,140.9027,10.5074,1
880960,621615,627502,152.3319,8.9441,27
881027,299966,621665,43.781,16.2261,2
881218,621799,629405,49.7393,13.3917,20
882806,622927,791751,13.2413,19.438,5
882807,622927,624032,9.2736,19.9028,5
882894,622990,797718,58.9293,16.1384,2
882920,250972,623005,30.7142,12.5747,1
883568,623468,624711,14.8511,6.0837,1
884068,623845,627822,31.0134,2.6583,1
884180,623925,795863,19.1485,7.2715,1
884331,624032,793887,9.0623,20.06,5
884601,624227,625470,8.0139,3.5616,1
884714,619101,624302,46.4302,6.451,1
885272,624711,652750,210.8433,6.2196,1
886310,197647,625470,23.3357,3.9324,1
886629,466434,625702,163.5784,4.7541,2
886631,199265,625703,74.7895,9.2195,7
886632,195432,625705,6.1373,9.2447,7
886633,196726,625705,69.8164,8.0711,7
887445,626277,680878,14.5144,18.3106,11
887464,616617,626291,139.1648,8.6254,2
887704,194815,626468,29.8747,7.4725,7
888678,627161,795922,147.1364,14.5876,10
888863,627288,793939,42.6927,6.8525,33
888949,627343,627515,8.3066,5.8723,3
889167,627502,795107,13.2246,7.9366,27
889187,627515,629363,26.1746,7.3012,3
889456,627710,629401,19.2094,20.0377,34
889471,627722,651240,51.6333,16.8652,1
889472,627722,655663,48.5283,9.3859,1
889592,627819,640752,99.0027,8.8549,1
889597,624227,627822,27.9165,2.5,1
890555,194954,628505,50.2441,6.5557,1
891083,196726,628884,21.4476,7.3852,7
891084,197197,628884,6.3509,8.5863,7
891441,198545,629146,19.7625,6.7371,1
891733,629363,637220,86.8018,8.0761,6
891788,629401,629402,5.3852,19.222,34
891790,629402,796595,29.0132,21.5733,34
891795,629405,797764,8.4582,20.4751,20
891796,629406,798129,9.7591,30.7595,20
891938,494536,629506,106.9595,5.651,1
892120,38728,629641,37.9547,11.6283,1
892675,197197,630031,20.4015,9.3249,7
893007,630267,797585,13.5241,26.1296,34
893008,630267,800089,35.3977,27.8823,34
894167,483643,631091,12.261,6.4155,1
894282,631169,637569,48.159,6.03,1
895404,199886,631953,12.083,12.4696,5
895586,198545,632081,67.3317,6.0355,1
895957,399496,632352,74.3862,4.5826,1
895958,632352,778666,26.0704,4.0941,1
895992,632376,635293,15.864,4.3708,1
896335,632642,787201,101.2834,7.1443,1
896337,632642,805245,38.4708,10.0166,1
896413,486011,632701,46.6154,9.9314,1
897556,629363,633482,100.9433,8.8837,9
897698,633581,670983,194.4475,11.159,37
897975,486023,633785,21.1594,14.611,1
898384,628505,634077,110.6207,6.5182,1
898385,198794,634077,40.6407,6.5182,1
898514,634172,801005,4.714,32.6724,19
899430,634847,645692,52.6308,10.778,27
899659,632081,635002,168.4801,5.7016,1
900046,635002,635293,18.0462,5.0724,1
900606,493463,635688,125.044,25.2469,11
901015,635974,641815,56.0496,10.8856,5
902002,300789,636680,21.1305,21.9928,6
902003,298224,636680,24.3713,20.4487,6
902136,320053,636778,21.5767,22.8685,3
902208,302527,636823,4.5461,10.5826,1
902209,300891,636823,43.7808,13.26,1
902760,637220,654324,213.49,9.2749,6
902879,622770,637312,219.296,7.1661,1
902881,203224,637312,33.2064,7.3104,1
903061,637437,661522,89.3433,16.4655,1
903250,212878,637569,135.9409,5.6569,1
903774,637939,639862,14.4568,17.0007,1
904128,202136,638196,23.7627,9.4051,7
904527,637437,638478,5.4671,14.9571,1
904770,632395,638643,27.3455,3.3028,1
905078,109247,638862,86.641,4.9336,1
905449,639127,649506,54.3367,6.5,1
905833,639395,802755,15.1057,27.44,33
906024,639526,806682,32.573,4.097,1
906465,639840,802544,18.473,20.2677,5
906493,639862,805263,8.5375,17.72,1
907734,639840,640733,7.8102,19.452,5
907765,640752,652418,95.0312,8.1478,1
908154,64974,641035,21.2289,10.1728,1
908324,641157,801005,41.7359,30.4394,19
908325,641157,806075,7.157,29.9673,19
908814,641493,642920,67.2855,7.7787,6
908815,208204,641493,74.8176,8.0221,6
909151,640733,641733,7.0711,18.4688,5
909273,641815,646441,36.5544,11.9772,5
909775,633482,642174,43.1612,9.0547,9
909776,642174,654149,184.7996,8.9721,9
910049,638643,642368,31.5313,3.3028,1
910050,204036,642368,19.0759,3.9822,1
910356,642586,807896,16.278,9.2302,33
911277,643229,808313,30.8689,29.3246,1
911439,643331,666885,364.9878,6.2386,7
911975,216037,643715,115.4713,9.4163,6
912021,637711,643745,86.8875,6.6368,1
912022,642286,643745,14.2906,8.8794,1
912114,216296,643813,43.9305,6.2321,1
912115,572087,643813,22.4883,6.7078,1
912186,632833,643861,82.514,5.0124,1
913146,643861,644546,11.0101,3.7199,1
913477,641733,644774,18.7083,17.3573,5
913694,644932,646140,7.1414,29.3494,19
914575,489077,645569,48.4114,7.2094,1
914606,294984,645592,98.7168,7.77,13
914735,645692,813323,43.4537,11.7463,6
915056,645930,650800,29.1719,9.3985,1
915624,646327,646775,7.5498,18.4142,1
915625,646327,809229,9.434,15.1855,1
915796,207089,646441,12.083,12.3524,5
916260,645692,646767,8.6023,16.0451,33
916261,646767,810318,2.8674,15.9816,33
916273,646775,808401,13.5462,20.7277,1
916617,647009,811071,10.7548,28.2482,1
917022,645569,647290,12.939,9.1789,1
917563,647680,795863,102.3507,7.0483,1
917564,647680,652698,20.3224,7.7449,1
917696,647777,808313,47.4997,29.4616,1
917697,647777,648075,9.2736,29.6464,1
918250,648195,649130,4.5826,9.8669,33
918586,303706,648446,3.9158,12.7249,1
918747,648075,648568,12.8841,29.1964,1
918907,205525,648676,45.1147,10.0234,6
919562,649130,655732,32.6956,15.136,33
919593,649156,701997,88.5551,6.0355,2
919594,649156,679278,39.7618,4.6213,2
920400,208925,649714,47.1275,7.8646,1
920401,216699,649714,148.9362,7.8646,1
920910,649506,650068,5.4524,7.3079,1
921680,648568,650614,145.6228,27.2599,1
921948,650800,652021,8.8318,7.3817,1
922391,311354,651105,16.0624,17.6222,1
922584,651240,680116,43.0581,19.266,1
923391,208848,651825,109.3445,5.8549,5
923659,652021,653071,4.1231,6.5555,1
924204,217837,652418,66.6275,9.0903,1
924601,652698,819046,49.2101,10.3596,1
924669,211256,652750,9.551,5.7439,1
925214,653142,814379,12.0093,26.9869,1
925832,653574,813211,19.1746,18.8009,5
926480,653142,654039,12.6886,25.9883,1
926552,495334,654086,35.3349,4.4126,1
926656,219489,654149,126.4885,7.7787,9
926894,216037,654324,133.8992,8.8541,6
927384,653574,654685,11.1803,19.466,5
927385,654685,655875,6.5574,18.7083,5
928126,205408,655207,57.5142,3.9324,1
928127,218084,655207,77.209,4.5634,1
928653,655562,813461,35.9516,19.4896,1
928763,655637,657375,96.1139,13.1067,1
929559,655732,656223,3.0,19.8867,33
929680,529418,656311,27.8613,11.5964,1
929764,650068,656367,165.4357,5.9873,1
929996,655875,656529,4.3589,18.4509,5
930015,511869,656541,94.2862,5.1926,1
930016,656541,657680,4.2295,5.521,1
930025,647290,656548,53.8432,7.7728,1
930168,656223,656653,2.8284,19.3873,33
930345,656529,656775,5.1962,18.5439,5
930591,656951,658591,32.3351,5.9977,1
931823,657841,754978,100.8117,5.3779,1
931981,657949,658217,9.2736,5.4754,33
932359,656653,658217,44.8442,12.8672,33
932503,656520,658319,22.1133,3.0,1
932871,216699,658591,72.4845,5.6081,1
933961,659387,815772,26.9979,15.83,1
933962,659387,668728,50.6261,10.197,1
935006,660108,818967,65.5323,24.4052,18
935549,495334,660497,70.1407,5.0299,1
935589,179535,660529,76.0417,7.0256,2
935704,660613,680065,80.3724,9.3233,1
936446,219036,661150,63.4429,5.1881,26
936962,500050,661522,9.3452,16.5907,2
936963,502296,661522,7.3485,17.1172,1
937210,661695,815927,56.2988,9.4247,1
938483,662613,662615,5.2281,7.2098,9
938487,662615,785425,9.0738,7.5667,9
938499,662623,801483,11.1056,6.6878,1
939227,214470,663135,103.9583,11.1789,5
939228,217453,663135,22.6495,11.2241,5
939450,663294,673935,81.8841,6.2749,1
939542,660529,663361,22.8254,8.4545,2
939581,663388,668030,32.1999,9.3541,36
939880,508258,663597,35.7852,4.1231,36
941628,664847,690040,15.987,20.2361,1
942044,654086,665147,39.4208,5.0368,1
942348,665352,819865,40.7663,12.5312,1
942565,298324,665507,132.142,6.8617,2
942567,665507,690863,67.9191,7.429,2
943977,660497,666506,18.9701,6.8313,1
943978,532094,666506,209.1218,6.8313,1
944089,666575,675372,95.4201,25.6534,11
947937,669258,821206,50.8097,7.9754,1
947938,669258,670652,8.775,7.8275,1
948046,24999,669334,39.1833,11.9829,1
949033,670030,819046,84.6664,13.8557,1
949034,670030,679866,54.5252,17.4829,1
949598,220203,670433,84.8882,5.6618,1
949958,504057,670685,30.2379,4.9495,1
949959,511330,670685,23.7978,5.2779,1
950033,670732,675433,61.704,6.5027,5
950406,670983,677556,30.1588,11.5655,37
952118,496566,672219,79.1202,7.6737,1
952430,665147,672447,33.0067,5.6081,1
952431,672447,676191,24.2625,5.1926,1
953416,656951,673122,70.4344,7.1442,1
953417,673122,674635,9.0982,7.4161,1
954565,673935,679706,101.789,6.2749,1
955285,674448,678067,66.4906,11.4231,1
955286,24999,674448,8.2865,13.844,1
955413,674535,821405,72.0694,16.2873,5
955557,224420,674635,17.4929,6.3121,1
955750,220675,674777,48.6278,5.1881,26
955751,224565,674777,28.6007,4.5414,26
956027,666885,674964,113.3441,7.7426,7
956028,223160,674964,7.157,7.5967,7
956627,514274,675372,104.8231,18.9326,10
956628,675372,675838,7.6667,25.4038,1
956712,675433,675769,28.4937,6.3284,5
956817,510866,675507,17.6981,4.7913,36
957181,671504,675769,59.1702,7.8012,5
957289,511424,675838,4.9216,24.873,1
957332,668030,675869,77.3682,10.6904,36
957791,511869,676191,3.6056,5.0,1
958123,676431,678904,180.4934,6.3326,36
958397,676614,818694,41.5312,28.8158,1
958399,676614,677437,8.775,24.8496,1
959539,677437,677850,3.0,25.0095,1
959693,526731,677556,87.2983,8.2057,1
960098,42481,677850,79.3241,18.0897,1
960606,672219,678232,41.9305,8.3127,1
961130,232960,678610,90.2423,5.0368,7
961530,677556,678904,16.6166,8.7636,36
961769,528573,679069,228.2933,10.6847,1
961913,19566,679168,52.8111,15.8614,1
962229,514639,679395,15.8447,13.6763,10
962230,514274,679395,3.6132,13.599,10
962675,679706,683881,63.8514,5.2386,1
962914,63575,679866,70.9056,19.4971,1
963160,355936,680043,168.335,8.4244,1
963161,395441,680043,15.7021,7.1401,1
963190,679069,680065,23.0516,13.0585,1
963259,428861,680116,25.807,14.7462,1
964065,289708,680696,7.5175,10.427,1
964321,680878,803695,9.4868,18.54,2
964945,223154,681308,120.5779,4.7913,1
964946,226252,681308,17.7139,5.3723,1
966391,682345,682729,11.5758,10.9865,18
966934,682729,683316,9.0,8.8944,18
967189,682345,682904,7.0,11.4452,18
967765,683316,683671,5.4772,7.1742,18
968287,56243,683671,11.3358,7.4051,18
968748,52186,683992,7.4981,6.2838,1
968758,683998,803949,45.1294,6.1926,1
969412,140381,684456,305.606,10.2648,1
969905,684824,686085,24.454,23.1301,2
970732,685412,687785,22.8473,13.2773,1
971678,686085,697290,70.8378,20.2538,2
971679,59635,686087,62.8543,14.8534,1
972717,515341,686816,57.5085,20.8541,1
972719,523215,686816,52.095,22.3058,1
972979,62719,686996,16.3605,11.6935,1
974072,686087,687785,25.3772,12.0593,1
974410,525663,688011,31.8416,6.9567,1
976678,689606,704148,178.8935,6.5953,1
977278,85238,690040,25.9487,17.9024,1
978472,406600,690863,32.6956,9.4074,2
978701,70467,691041,26.9691,18.8107,18
978735,232048,691066,16.5831,5.0,9
979308,66940,691482,4.8088,25.6694,1
980092,230397,692028,8.3799,7.2449,1
980367,691944,692220,38.8315,5.5311,1
982501,68904,693691,9.3452,23.1327,5
982756,693882,700265,55.0364,15.5784,1
982940,38706,694020,186.4832,9.6235,1
984379,695040,699383,34.1675,8.1765,2
985418,695771,702433,33.5692,6.458,1
985646,695922,696508,21.3073,10.4783,1
986499,74047,696508,3.5434,9.7154,1
987613,697290,703583,43.0232,24.0125,2
988377,70475,697840,86.714,18.8589,1
988647,74049,698037,12.8668,16.1814,1
989040,698318,750640,117.2391,9.1583,9
990068,530743,699043,46.3825,16.651,1
990268,699177,717929,50.6945,22.7,1
990410,80929,699275,45.8376,16.5213,1
990411,698037,699275,9.2195,16.2565,1
990575,527498,699383,23.9739,7.8472,2
990945,70467,699642,49.6622,17.3216,18
990946,699642,701168,14.3527,16.7774,18
991010,693691,699683,39.0256,24.5813,5
991434,699971,709121,78.8346,5.4218,7
991847,700265,701764,11.5758,10.9939,1
991977,686996,700356,9.0848,12.288,1
992426,217206,700673,227.9777,6.2281,1
992427,700673,706886,49.2481,6.5355,1
993141,85621,701168,26.4701,17.428,18
993651,511569,701530,150.405,6.4675,1
993652,537284,701530,40.9186,4.7541,1
993982,85734,701764,48.2664,14.2313,1
994298,491250,701997,22.4128,6.2281,2
994420,702077,703584,9.9499,11.2346,1
994534,691944,702158,98.868,7.1133,1
994535,545619,702158,78.5239,6.1644,1
994615,529745,702215,41.6046,11.1985,10
994840,233024,702366,29.2897,3.5616,9
994841,238230,702366,64.1786,5.2749,9
994940,539821,702433,65.4294,6.8632,1
995338,702699,712938,13.4164,19.5977,7
996124,80929,703231,20.2104,13.7449,1
996601,703583,704503,13.0384,27.502,2
996604,86835,703584,12.6886,13.8678,1
996734,527498,703673,47.392,6.9343,2
996735,703673,709065,38.5703,7.5261,2
996983,237553,703848,58.8303,5.099,1
997663,236522,704324,80.6644,5.6109,1
997664,237553,704324,57.5094,5.4218,1
997921,704503,709155,40.1373,26.3606,2
998983,85727,705242,47.0126,21.7047,18
1000683,84811,706460,12.1518,12.3309,1
1002155,382344,707472,50.2444,27.1638,9
1002941,706460,708041,22.6716,13.1797,1
1003608,708525,782393,54.9636,7.9404,1
1004368,709065,724149,100.6871,7.1042,2
1004455,240161,709121,22.2261,4.999,7
1004498,94321,709155,7.8918,26.3606,2
1006785,703848,710734,24.3721,5.1476,1
1008711,148913,712077,72.496,5.0043,2
1008980,712281,717335,27.9464,11.5824,18
1009461,537284,712603,50.7062,4.5616,1
1009464,541427,712603,53.2244,4.5616,1
1009873,237886,712870,35.6558,5.4929,26
1009977,712938,778887,52.6972,19.2431,1
1009978,707472,712938,9.0,24.9987,8
1010300,713167,717215,89.7441,6.2634,33
1012538,115329,714728,15.1511,24.9352,18
1012539,714728,715166,15.7797,25.0137,18
1012686,714837,719378,29.4863,5.6967,1
1013150,119741,715166,31.5187,25.085,18
1013387,548146,715334,39.0683,5.6541,1
1014780,716325,728935,117.4947,16.6794,1
1015323,118509,716715,32.1403,10.7362,18
1015475,716824,717929,5.1424,9.5412,1
1016028,717215,717773,7.2495,6.7823,26
1016202,130333,717335,35.7025,9.7978,18
1016547,542695,717568,24.6911,3.4632,1
1016603,125019,717602,16.7531,13.9334,18
1016868,712870,717773,42.595,5.6825,26
1018341,107517,718802,29.4366,11.0319,1
1018342,718802,724729,29.0172,12.3071,1
1018674,103486,719028,65.7614,25.2411,1
1019119,242520,719349,14.4568,7.3098,1
1019160,719378,734118,92.2201,6.1596,1
1020528,719449,720352,5.5239,6.9211,1
1020529,562687,720352,160.3703,7.4838,1
1021861,707472,721278,21.4009,19.5936,1
1022416,720326,721659,24.8998,18.7426,18
1022417,128825,721659,17.9304,12.0959,18
1022758,719028,721894,22.561,22.4475,1
1024421,550296,723052,9.0492,8.3657,1
1024649,128825,723199,18.8812,7.2592,18
1024661,128200,723206,10.247,17.9541,1
1025035,723460,724265,13.0,19.8481,1
1025575,553451,723835,21.7715,25.9477,1
1026001,554208,724149,24.3242,8.357,2
1026167,134925,724265,24.1776,22.5891,1
1026572,105418,724547,75.1598,18.3533,5
1026824,723999,724726,4.3589,18.2989,18
1027801,542803,725454,68.813,8.6804,36
1027802,559180,725454,43.3654,12.0407,36
1028109,130842,725678,30.1787,23.8852,18
1028219,245421,725754,62.1986,4.5708,1
1028389,723206,725881,37.4566,18.4535,1
1028390,725881,726491,19.3391,20.8753,1
1029294,724726,726488,97.9081,19.452,18
1029295,136792,726488,25.5212,21.7105,18
1029606,136792,726724,7.2111,22.5465,18
1030860,246317,727599,6.4464,9.087,1
1031497,33189,728032,151.8368,5.6506,1
1031619,311354,728122,26.386,15.9374,1
1031620,315039,728122,37.7168,15.3132,1
1031642,556208,728142,24.1661,20.909,1
1031803,223319,728251,60.5034,6.5332,2
1032125,728485,757624,229.5944,9.3462,2
1032295,720372,728603,103.5085,5.8549,10
1032296,555493,728603,44.5346,5.7748,10
1032477,728724,731099,41.9881,5.5317,10
1032771,142646,728935,19.9833,15.3967,1
1033028,135780,729120,16.8589,11.2757,18
1033424,729403,730021,11.0372,19.5104,2
1033425,729403,729404,20.7866,22.2355,2
1033428,559965,729404,17.7947,17.4161,2
1034117,84005,729883,48.8131,19.3619,1
1034245,729971,730844,5.831,9.434,1
1034529,730163,742796,72.6705,23.2792,1
1035479,730844,734288,37.0021,8.6221,1
1035487,730849,731036,6.2716,19.2501,1
1035570,724729,730906,39.064,13.7476,1
1035571,165839,730906,161.0983,13.1445,1
1035751,730021,731036,13.9403,19.5104,2
1035752,731036,742329,97.0206,11.7355,1
1035846,731099,736006,40.3554,4.9495,10
1036770,572087,731748,14.0535,8.1082,1
1040320,734288,738011,17.4096,7.8102,1
1040624,431962,734490,38.7508,7.2434,1
1041427,290111,735059,8.9007,7.458,1
1041644,735223,771964,80.3665,4.5708,1
1041772,252938,735317,26.9052,7.895,9
1041955,679278,735446,65.5668,4.8139,2
1041956,735446,761161,20.445,5.0378,1
1042750,565975,736006,59.1918,4.3028,10
1042798,729120,736034,54.5344,14.3929,18
1043468,145797,736519,18.2026,16.6835,5
1043973,563751,736865,34.5579,6.0822,2
1045630,253413,738011,17.8979,8.2063,1
1045711,560059,738073,112.6183,15.4908,36
1045999,730842,738281,48.7363,7.1401,1
1046000,738281,747936,51.2597,6.0495,1
1047656,739467,741731,15.2971,20.5647,5
1047657,736519,739467,18.4932,20.9339,5
1047979,738073,739699,33.1478,14.6841,36
1048382,152260,739974,14.2244,12.6292,18
1048383,157054,739974,30.9408,15.4637,18
1048464,739699,740037,70.3649,14.1243,36
1048467,740037,740039,21.4735,15.4852,36
1048469,740039,740040,47.1192,16.2067,36
1048472,564998,740043,36.5954,14.5248,36
1049260,740043,740572,10.2956,14.2651,36
1049445,565238,740710,12.7105,7.2592,1
1051924,742447,749013,48.5107,6.0,10
1052424,164560,742796,54.3865,21.7584,1
1052514,253413,742857,28.8483,8.0761,1
1053019,572023,743216,17.2897,13.6015,35
1053021,743216,743217,26.2384,13.6015,35
1053022,743217,746292,15.9001,14.1492,35
1053390,735446,743480,25.4951,4.2737,1
1053551,158474,743594,5.2599,18.9732,18
1053552,159870,743594,5.1208,19.6767,18
1054145,188429,744005,48.3886,11.9171,2
1054301,263330,744111,88.5904,7.6787,1
1055634,745031,768633,21.7563,13.6475,1
1056728,159870,745772,18.5891,19.6374,18
1056729,745772,750019,45.9674,18.6919,18
1057192,741634,746126,27.2631,10.4497,2
1057195,576772,746126,38.5069,14.9222,2
1057362,567583,746247,44.5683,16.4463,36
1057699,573287,746480,50.0308,23.8981,35
1059924,572023,748060,4.7258,12.6531,35
1059925,574099,748060,18.43,11.8105,35
1060937,573287,748770,8.6994,25.543,35
1061133,748770,748906,18.5756,23.3972,35
1061514,539368,749190,8.5294,13.0384,1
1061515,600838,749190,40.1795,18.8367,1
1062173,571257,749640,30.6227,19.5377,35
1062175,749640,754064,37.0819,20.0763,35
1063340,255805,750454,69.7113,8.8967,1
1063617,662613,750640,33.8805,5.3325,9
1063626,590699,750649,31.273,4.511,9
1064225,751081,759500,89.867,20.8515,35
1064652,574641,751381,9.0571,11.8636,35
1064809,751491,757209,45.4753,20.1447,1
1066252,747936,752506,31.2481,6.4546,1
1067826,576763,753620,3.559,7.874,35
1068228,657375,753896,57.3721,12.0867,1
1068458,581926,754064,77.2775,19.1572,35
1069297,579262,754668,21.8144,15.796,2
1069610,750019,754884,40.025,19.1788,18
1069611,170732,754884,11.3431,19.9121,18
1069743,754978,782393,61.3433,5.7439,1
1070148,171116,755275,14.9443,10.3071,1
1071486,756203,771131,74.6262,29.1923,35
1071647,581602,756322,93.3345,6.5557,1
1071909,256019,756508,51.7515,4.5826,1
1072129,172075,756658,6.0828,14.5209,2
1072567,592455,756873,322.4774,22.2272,2
1072748,756873,769744,204.3638,23.5982,5
1072973,610107,756873,353.0576,20.7113,10
1073008,756873,797829,461.1052,32.3295,1
1073482,173293,757209,12.741,17.6195,1
1073989,756508,757545,13.6486,4.8408,1
1073990,757545,765566,22.4921,6.0495,1
1074088,581111,757618,10.4243,13.2178,2
1074883,757624,758164,77.6845,7.3151,2
1074884,579272,758164,26.7872,7.1478,2
1075307,758447,767090,140.7578,16.3584,35
1076130,752506,759012,45.59,7.68,1
1076139,759018,761403,16.8337,22.2747,2
1076145,759021,759228,6.2762,13.2268,2
1076396,759199,760151,21.6795,10.0927,2
1076431,585147,759228,48.9785,12.685,2
1076818,758447,759500,124.1758,17.7757,35
1077338,582986,759859,5.9442,14.5646,1
1077339,756873,759859,293.9176,24.6399,1
1077340,759860,760701,9.434,14.4589,1
1077464,759018,759944,5.8559,21.0695,2
1077738,175347,760151,3.6912,12.3639,2
1077759,760167,761430,11.5758,25.27,18
1077761,759970,760167,2.4495,24.0346,18
1077948,760287,760701,5.7812,14.4265,1
1077952,760287,760290,23.7978,15.0296,1
1077953,582511,760290,3.2998,13.5129,1
1077956,581219,760292,25.9679,10.4471,1
1077957,583680,760292,8.6795,9.3119,1
1078746,760831,770848,63.7504,6.3627,1
1078786,759199,760860,18.0555,8.5927,2
1078875,583384,760924,4.761,12.6237,1
1078937,584902,760964,51.9567,17.4569,35
1078958,593053,760978,36.4908,16.2687,2
1079170,761125,767311,35.9722,8.7076,5
1079508,265542,761364,27.5862,5.365,1
1079572,761403,764028,22.9269,20.7328,2
1079606,761430,771296,67.6314,23.1227,18
1080322,761930,777016,13.4536,7.9363,1
1080676,762171,765418,14.4945,23.4444,1
1080680,762171,767063,32.1443,21.8113,1
1082046,591119,763090,63.6229,11.7362,2
1082047,763090,763093,8.2015,15.4728,2
1083369,764028,767358,19.6274,18.9769,2
1084342,764702,767090,252.545,27.0204,35
1084384,593870,764702,216.1417,36.9529,35
1085429,765418,765952,13.3812,23.172,1
1085568,591450,765517,33.0687,22.7275,5
1085733,589258,765628,35.0761,19.0387,2
1085734,765628,768432,21.546,18.7971,2
1085960,583680,765789,27.8231,13.1196,1
1085961,765789,766253,8.6771,20.7112,1
1086149,765906,766558,8.7242,21.0737,5
1086299,766013,767511,53.6501,4.999,2
1086573,55599,766194,61.7603,3.5291,1
1087152,589084,766558,8.4984,19.7319,5
1087214,766599,767621,12.3827,20.6523,1
1087710,766949,767965,11.8743,5.958,1
1087894,767063,767064,41.1034,19.3663,1
1087896,766253,767064,29.3951,23.8956,1
1087932,588237,767066,11.7391,24.5659,1
1087934,767066,767067,11.2864,25.2072,1
1088286,767311,771684,22.2935,10.1218,1
1088351,767358,768033,5.3301,16.6456,2
1088570,590046,767511,11.0454,6.4806,2
1088612,767538,770982,26.4197,14.7478,1
1088721,265367,767616,52.1845,4.6926,1
1088728,767067,767621,11.2904,24.6844,1
1089227,767965,770797,22.1133,5.4495,1
1089327,768033,768433,4.8166,15.7952,2
1089624,591023,768239,5.416,26.5589,5
1089722,591902,768307,28.7383,13.2179,2
1089819,768239,768374,27.8667,25.5912,5
1090155,753896,768633,58.4345,11.7079,1
1090368,765809,768783,96.343,33.3017,35
1090369,768783,768897,4.0927,32.6898,35
1090544,768897,768898,26.405,32.1247,35
1091255,592489,769371,4.7258,34.6857,35
1091801,768374,769744,14.3933,19.0753,5
1092452,769057,770196,17.9141,20.96,5
1092453,770196,771732,17.7609,19.1433,5
1092777,593469,770419,7.705,33.1059,35
1092779,770419,770420,6.4477,33.7945,35
1093345,178682,770797,168.2188,5.8036,1
1093414,770848,773888,24.2876,4.1829,1
1093572,770964,772500,4.0825,3.0811,1
1093573,770964,790135,28.6201,3.9495,1
1093596,187406,770982,11.0889,16.107,1
1093777,750649,771115,17.72,4.7541,9
1093804,596812,771131,12.9486,33.0764,35
1093988,771262,772346,8.4918,16.8941,2
1094029,771296,772516,9.3808,19.8952,18
1094376,771262,771531,26.1169,8.7247,2
1094576,771684,781748,113.3358,9.6402,1
1094988,175817,771964,6.4031,4.6856,1
1095540,596821,772346,9.0,21.2895,3
1095789,191408,772516,12.8279,19.0211,18
1095941,772629,774631,65.0355,13.8004,10
1096984,773365,775365,17.8045,18.6945,5
1097503,773739,774167,8.7108,23.1484,5
1097713,773888,787906,58.3952,6.0264,1
1097775,597714,773936,3.8406,24.2995,1
1097898,761161,774022,15.843,4.6365,1
1098112,774167,774591,10.2429,22.7045,5
1098710,773936,774587,6.2442,24.5859,1
1098718,774591,774978,21.12,20.5172,5
1098788,600067,774631,19.0962,9.7872,10
1099269,774978,775599,7.9837,20.0667,5
1100110,601729,775559,11.5902,15.8418,2
1100679,774587,775956,13.3081,19.7531,1
1100681,775957,776070,10.7334,15.5397,5
1100682,604374,775957,16.1053,12.1181,5
1100838,775599,776070,11.9964,19.8186,5
1100979,776165,785280,34.9776,6.1071,33
1101516,194151,776541,6.0736,15.7477,18
1101767,776707,780976,51.4198,8.4186,2
1102177,602144,777003,3.559,17.301,5
1102203,662623,777016,7.6158,6.9873,1
1102558,775956,777275,14.2556,11.7314,1
1103351,777826,779068,12.9065,6.3574,1
1103352,603042,777826,75.0072,7.162,1
1103999,608427,778300,54.4488,29.5088,35
1104007,778306,780935,62.3068,10.9114,25
1104166,610714,778419,41.0433,14.3854,2
1104527,548913,778666,60.3794,4.0941,1
1104720,520029,778804,82.8553,8.0907,1
1104721,726254,778804,36.0416,7.0711,1
1104793,585356,778858,223.6239,6.5351,1
1104795,603042,778858,33.6155,7.2911,1
1105084,779068,779517,6.6777,6.0495,1
1105219,600666,779166,34.7083,8.831,1
1105714,607402,779517,19.6797,9.7849,1
1106445,609024,780034,54.9121,7.3761,10
1106533,780093,781430,16.9837,22.3375,5
1107369,199159,780662,20.3306,7.8102,2
1107370,780662,780976,5.7446,7.9363,2
1107388,780679,782835,15.1327,4.4246,1
1107749,606539,780935,62.9356,12.1322,25
1107978,265039,781101,46.9282,4.5738,1
1107981,767616,781105,54.8878,4.6926,1
1108944,208056,781748,111.7106,8.3646,1
1109540,782155,782638,14.4568,7.6712,2
1109541,199158,782155,5.6273,7.2801,2
1109921,608543,782425,7.3485,20.0741,5
1110510,782835,785152,16.8819,7.4096,1
1110644,772629,782934,150.0672,14.008,10
1110895,609985,783096,15.4272,24.1855,35
1110896,618630,783096,41.3884,24.9545,34
1110904,614102,783101,27.8747,13.6896,1
1110905,610267,783102,14.6654,21.3166,25
1112035,618630,783913,68.2407,23.4732,34
1112036,783913,784411,142.3639,25.1663,34
1112162,201553,783995,11.299,10.2661,2
1112682,201037,784363,43.5305,9.3754,2
1112759,784411,794270,79.5398,26.4308,34
1113015,295120,784577,253.9998,5.7511,1
1113016,683998,784577,9.1773,6.0495,1
1113628,275869,784999,41.5719,8.9088,9
1113840,785152,785851,17.3781,14.6291,1
1114019,785280,803247,47.6883,7.1838,33
1114239,771115,785425,10.6771,6.7237,9
1114264,200649,785446,9.3927,21.9658,18
1114265,209562,785446,37.1872,21.4545,18
1114519,781101,785635,24.324,6.451,1
1114520,785635,801641,46.728,6.6978,1
1114523,268277,785637,57.5006,5.734,1
1115602,786369,789501,34.3657,9.0041,2
1115603,786369,788277,37.3497,8.8801,2
1115995,786291,786647,68.3561,10.8619,25
1116713,614103,787147,7.6158,19.4089,20
1116798,779166,787201,96.0075,7.3444,1
1116930,787285,792791,51.1077,21.5518,1
1116931,785851,787285,12.1244,20.1834,1
1116967,594947,787311,250.1619,10.6286,2
1116968,621615,787311,28.4488,9.2844,27
1117142,204281,787424,10.6927,14.9149,2
1117143,787424,788540,16.0624,13.4654,2
1117762,787868,788269,33.0757,10.3977,2
1117763,787868,789501,18.0555,10.8869,2
1117817,287990,787906,220.7714,7.1067,1
1118330,209102,788266,36.9624,14.7196,2
1118332,788267,788540,4.3589,12.7842,2
1118333,788267,788269,20.0998,10.8748,2
1119228,623925,788874,39.6933,7.3852,1
1120115,613395,789486,44.0833,12.2619,10
1120952,206442,790070,10.2956,12.3453,2
1120959,790070,790075,26.4764,12.1124,2
1121052,766194,790135,28.178,4.3203,1
1123311,618971,791751,22.942,19.0783,5
1124168,209725,792340,32.438,13.8737,2
1124198,624183,792367,31.3363,19.4258,34
1124199,792367,799678,54.2887,30.6127,34
1124202,792369,793939,16.0174,11.5199,33
1124432,792526,793219,25.3574,6.7082,2
1124433,209527,792526,10.4722,7.5967,2
1124598,792369,792654,13.8724,12.9215,34
1124599,624183,792654,22.891,8.8741,34
1124600,617978,792655,24.8535,14.3755,20
1124601,621799,792655,8.8898,11.0613,20
1124781,208949,792791,10.4403,19.6918,1
1125397,793219,793736,8.0623,7.5074,2
1126139,793736,794525,29.8831,8.246,2
1126337,627604,793887,18.5236,19.6495,5
1126779,788734,794201,12.492,8.1291,1
1126781,794201,802835,59.3314,8.3245,1
1126845,212509,794248,29.7489,13.1708,2
1126885,627710,794270,20.8407,22.3682,34
1127270,212596,794525,35.4479,8.7024,2
1128120,634847,795107,57.4389,5.4704,27
1129328,789486,795922,77.7329,13.7632,10
1129941,213964,796350,14.3062,10.2227,2
1130321,796595,798126,8.5177,23.874,34
1131154,212506,797165,9.7639,4.0233,2
1131635,627604,797479,18.8331,20.0266,5
1131785,797585,799344,11.8365,23.5048,34
1131788,629406,797588,7.4312,29.4425,20
1131982,797718,799641,14.7385,17.4549,2
1132052,797588,797764,27.3748,26.7084,20
1132591,798126,799344,13.2469,22.542,34
1132596,798129,799350,9.8723,32.9208,19
1132857,627288,798302,39.9291,8.8104,33
1132858,798302,798658,34.2047,14.0649,33
1132981,215072,798387,29.5719,19.6111,2
1133268,798585,799970,41.4488,18.4511,2
1133376,798658,799560,14.8008,18.17,33
1133709,798387,798882,4.6904,19.7679,2
1133710,798882,802395,42.4853,18.3758,2
1134395,634172,799350,15.6702,32.9823,19
1134520,797479,799439,21.0728,20.9547,5
1134691,799560,800092,41.2699,18.0622,33
1134810,799641,800629,18.2635,16.5802,2
1134861,799678,800089,11.4455,29.2912,34
1135165,209121,799883,53.301,11.5244,1
1135166,223686,799883,37.7403,18.72,1
1135293,216076,799970,4.8189,21.3702,2
1135628,800194,802738,45.299,7.9185,1
1135718,213856,800259,20.3388,20.0729,2
1135935,800092,800413,9.551,18.7627,33
1135936,634577,800413,6.8232,21.1048,33
1136243,800629,801296,25.7617,15.4085,2
1136535,800831,802282,14.0712,9.3462,2
1137219,637939,801296,20.9444,15.997,2
1137483,745031,801483,15.0218,10.182,1
1137701,279892,801641,15.4601,6.0346,1
1139013,799439,802544,37.2072,20.5294,5
1139296,219955,802738,24.379,7.0421,1
1139324,634577,802755,28.6522,24.4933,33
1139431,286129,802835,340.8441,6.3865,1
1140009,280998,803247,67.1234,7.5452,33
1140646,744005,803695,9.9781,17.2133,2
1141015,52618,803949,11.2052,6.3668,1
1142014,639395,804642,6.2716,28.2758,33
1142015,639947,804642,6.5574,30.2382,33
1142889,805245,808967,56.2099,8.0358,1
1142917,805263,807155,22.005,17.6491,1
1143425,797829,805609,48.9639,31.1382,1
1143426,643229,805609,27.5721,29.7824,1
1143510,639947,805670,32.107,32.1137,33
1143514,805670,817987,80.0936,18.3814,33
1144109,806075,808019,19.5965,29.8063,19
1144985,806682,810954,82.7023,16.9168,1
1145647,807155,808173,12.3153,17.1116,1
1146135,807501,807502,15.6205,16.1918,1
1146136,807279,807501,22.6936,16.2078,1
1146354,642586,807656,68.6032,13.4508,33
1146356,807656,812415,41.4678,13.5524,33
1146428,41338,807701,51.5743,11.0861,9
1146887,644932,808019,9.8082,28.401,19
1147051,222645,808142,5.4975,15.6189,2
1147052,808142,809720,22.1133,14.7861,2
1147094,647524,808173,17.7733,16.7924,1
1147422,647009,808401,15.1162,24.585,1
1147800,807279,808661,111.5572,14.2683,1
1147801,808661,809119,23.4307,13.8075,1
1148243,808967,813210,24.235,4.5274,1
1148256,644774,808976,7.461,16.8967,5
1148606,807896,809221,9.1598,11.6317,33
1148608,648195,809221,8.3292,10.7849,33
1148618,645930,809229,5.0,12.3277,1
1149529,646140,809876,8.3066,29.8492,19
1149530,809876,811798,18.1246,26.6488,19
1150195,283424,810347,95.3328,7.5794,33
1151073,756873,810954,504.1731,30.4838,1
1151135,51091,810995,332.1461,8.2138,1
1151238,811071,819281,122.0246,26.0348,1
1151664,811383,819623,114.2891,4.8002,2
1151997,228247,811627,88.7299,10.1098,1
1151998,232957,811627,314.5711,11.2052,1
1152270,811798,812982,9.975,21.8874,19
1152273,810318,811802,34.2961,8.9602,33
1152835,812205,814314,68.2155,19.6054,6
1153139,811802,812415,20.3672,4.8597,33
1153554,812721,812983,17.2755,6.7514,6
1153555,812721,812984,7.4833,8.246,6
1153921,812982,813461,53.5942,23.1601,19
1153922,812983,813324,13.1445,4.4009,6
1153923,812205,812984,14.4442,9.3367,6
1153976,813024,818364,35.6791,4.437,1
1154261,813210,815538,26.0725,4.3574,1
1154262,808976,813211,38.0248,17.1448,5
1154415,813323,813324,45.3542,5.6433,6
1154612,660108,813461,42.3556,23.6253,18
1155862,814314,819763,61.3016,28.5123,6
1155968,650614,814379,16.7199,26.3049,1
1155975,228247,814384,35.5059,12.2268,1
1156653,647524,814872,25.5995,13.3034,1
1157132,815204,815705,35.6542,24.0759,1
1157133,654039,815204,6.2716,24.7678,1
1157639,656520,815538,24.7656,3.6213,1
1157878,815704,815772,11.5374,22.2178,1
1157879,815704,815705,4.5338,22.9886,1
1158189,814872,815927,12.8366,9.9712,1
1158807,655562,816351,4.6904,12.3643,1
1158895,663294,816403,74.7942,5.0,1
1158896,658319,816403,26.0038,4.0,1
1159585,224068,816873,43.7112,14.609,1
1159587,232974,816873,8.8045,12.9428,1
1160281,656775,817345,7.3485,17.6478,5
1161035,235959,817872,71.4446,15.2283,2
1161203,657949,817987,7.0159,3.7025,33
1162895,226628,819113,55.4707,9.5155,17
1163140,819280,819281,8.0416,24.2418,1
1163831,818694,819763,51.6398,30.5369,6
1163979,819280,819865,29.6816,24.7296,1
1164328,817980,820105,6.4205,7.0386,1
1164329,284461,820105,18.9209,7.1875,1
1164774,243024,820396,191.8121,6.5977,2
1164775,819623,820396,14.3527,4.7541,2
1165941,661695,821206,18.591,8.6023,1
1166239,817345,821405,46.3777,18.2629,5
1166745,819865,821776,35.498,22.7666,2
1166746,821776,822386,9.1226,21.7468,2
1167638,30116,822386,57.2606,23.5613,2
1167795,40944,822487,68.8867,17.9285,5
1167797,37035,822487,73.0786,16.6276,1
1167806,686085,822487,63.874,21.2321,4
