edge_id,src,dst,length_um,radius_um,usage
314,209,544,7.5498,11.9345,2
547,361,655737,12.2066,23.6854,1
594,391,641,10.8064,10.4093,4
813,544,327426,108.8174,10.6892,2
975,641,316775,88.82,11.7681,4
1215,795,25164,17.9528,15.0322,1
1239,813,438642,11.225,8.765,2
1240,813,506239,12.7279,6.1858,2
1461,958,1330,3.7859,5.0794,1
1702,1120,319384,7.6305,12.9428,1
1899,1259,430601,12.261,11.3106,2
1985,1330,322657,22.166,4.2426,1
2165,1458,670888,29.9054,6.3284,1
2208,1491,321206,25.197,6.1401,1
3336,2319,236448,6.8232,11.5509,16
3484,2432,304481,9.1469,7.7457,1
4064,2875,28146,107.6998,6.8301,1
4065,2875,316235,48.766,4.9495,1
4445,3165,304481,53.0094,7.68,1
4446,3165,305620,54.6158,7.3805,1
4611,3298,307078,56.1694,4.6213,1
4817,3452,3453,7.0439,5.734,1
4859,3479,4586,4.4535,5.1881,1
6197,4494,5460,82.3529,5.5649,1
6314,4586,327622,54.95,5.2779,1
7061,4494,5127,29.3598,5.9137,1
7331,5323,307078,36.5787,3.9241,1
7734,5616,309053,4.25,7.129,1
8397,5460,6099,30.7734,4.7541,1
8691,6323,309927,20.5318,5.9853,1
8871,6440,329334,78.4049,5.2417,1
8872,6440,25502,41.9868,6.6139,1
9079,6597,310109,107.1836,6.8541,1
9491,6597,6906,21.6564,6.8541,1
10109,7370,48922,108.4963,5.0368,1
11109,8080,495278,71.1633,4.8452,2
11692,8312,8499,4.3589,7.0355,1
12206,8864,322610,6.549,12.2505,8
12278,8912,237600,3.2787,18.3576,16
12279,8912,105872,62.2415,18.0811,15
14338,8499,10435,50.2494,7.8075,1
14555,10584,434190,6.7741,23.2427,1
14556,10584,566044,6.9761,22.3704,1
16041,11655,818694,92.8081,30.2964,13
16042,11655,22486,17.2498,26.9105,13
16476,11963,317988,46.2877,7.3169,1
16601,12049,322811,9.2916,4.5247,1
17633,12781,285312,5.1208,4.2426,1
17965,1491,13013,118.1637,6.8416,1
17966,13013,329327,82.6357,7.3247,1
18148,13147,321941,152.1436,5.1476,1
18149,13147,16379,75.71,5.4704,1
18386,11963,13326,39.4715,5.9161,1
19431,13326,14081,18.1934,5.1375,1
19432,14081,326403,24.448,5.0517,1
20001,14490,324932,85.6892,4.0335,1
20067,3453,14535,19.6885,5.1926,1
20289,14687,324140,5.1208,8.1542,2
20738,14998,338284,221.5121,7.4736,4
20739,14998,321224,14.3047,7.5886,4
22087,15940,813330,23.0796,10.5825,1
22088,15940,287300,23.6761,14.8605,2
22343,16114,18085,63.7887,4.2976,1
22714,16379,328509,4.0415,5.9545,1
23585,17016,330012,30.576,6.8166,1
25118,18085,332056,42.3386,4.6111,1
25120,18086,339385,62.9682,8.5149,1
26963,19371,338060,35.0999,5.5902,1
27245,19566,683992,83.9764,15.103,4
27278,19371,19585,55.1543,9.294,1
27392,19673,335034,9.877,13.3218,1
27585,19673,19803,3.0,13.0896,1
28357,20366,20373,9.434,6.1336,1
28358,20366,22628,9.9499,5.6395,1
28371,20373,734082,30.8707,6.451,1
28451,20435,333712,44.3459,9.1077,1
30461,21853,22012,4.4721,5.3723,1
30667,22012,338060,29.1776,3.618,1
30998,22263,67049,169.2733,10.0607,1
31000,22263,324754,49.9333,9.8654,1
31492,18086,22600,166.5923,8.8524,1
31980,22945,341479,7.3409,8.2382,1
32121,23045,325873,8.5245,7.9169,2
32577,21853,23384,37.4566,6.1889,1
32578,23384,23560,8.6023,5.6079,1
32614,22754,23412,24.1039,5.8208,1
32836,23560,340794,25.1794,4.9839,1
33085,23737,342484,6.2716,4.9286,1
34382,22945,24634,80.206,7.7776,1
34764,24897,322811,32.9191,5.3417,1
34947,25031,30501,28.3885,8.9003,1
35033,22600,25089,64.0391,8.4853,1
35089,25128,26343,51.9038,10.5477,1
35147,25164,33722,14.2146,16.6105,1
35617,25500,332632,34.5591,5.6691,1
36777,26343,354629,110.529,10.0499,1
37257,26678,348865,31.1073,7.5927,1
37358,26752,353366,51.617,4.729,1
37934,27151,822224,178.5702,5.3735,1
38409,27499,31684,107.4709,8.8296,1
38655,27666,374917,28.8386,9.267,1
38656,27666,47332,19.0263,14.3896,1
38932,22486,27849,31.9192,22.0967,13
38933,27849,680317,35.2775,16.4622,13
39350,28143,35153,69.3065,5.0794,1
39381,28164,350365,16.3325,9.3531,1
39665,28360,29240,49.99,5.6454,1
40318,28827,29757,26.4764,10.4676,8
40663,29062,359930,72.4124,13.3199,8
40833,29182,330305,34.8553,11.8751,8
40924,23778,29240,93.4826,5.9522,1
40978,14687,29282,39.78,6.4683,2
40979,29282,31663,76.1059,5.3452,2
41284,28164,29500,24.2281,5.7358,1
41631,29062,29757,45.0111,11.0434,8
41783,24897,29859,35.1544,7.255,1
42170,30116,43406,28.5754,25.6075,4
42455,30310,688960,67.3391,4.3509,1
42745,30501,48259,149.1729,6.7814,1
43363,30940,362712,82.6648,4.7404,1
43442,30992,348712,171.0318,5.6323,1
43552,31066,354267,17.6792,5.458,1
43690,31164,328984,14.1774,14.4677,1
43936,29500,31326,44.2041,5.2631,1
44225,31540,355749,4.6547,12.6577,8
44386,25498,31663,11.9117,5.9155,1
44387,31663,40573,21.8632,5.0616,1
44388,31664,324431,39.5165,4.2361,1
44389,31664,330343,13.3375,4.2976,1
44489,31734,637662,8.2462,17.2838,1
45137,31540,32192,28.0891,16.4062,8
45348,32340,356945,8.2597,10.2328,1
45349,32340,358011,10.779,11.9044,1
45478,32192,32432,8.3666,19.6469,8
45561,32485,44177,156.7833,6.2264,1
45576,32302,32497,16.1555,11.025,1
45884,32709,357045,7.5719,10.4375,21
46266,32982,356226,22.6421,7.1411,1
46538,33189,346906,163.3136,5.8941,4
46674,33291,357205,74.7953,5.099,1
47128,32432,33610,31.8434,18.5682,8
47234,33610,33694,32.3265,18.9056,8
47235,33694,359929,9.8489,19.5277,8
47275,33722,366008,12.47,16.4463,1
47495,33875,37431,70.4628,10.0479,1
47590,33939,35361,26.1916,10.0826,1
48343,34460,359755,15.5421,20.6582,8
48804,34797,360449,13.2539,20.8213,8
48899,33875,34870,21.4709,4.9433,1
48900,34870,361284,9.5029,5.2607,1
49305,35153,325722,25.1263,4.3723,1
49526,35312,35481,5.7446,9.2195,21
49597,35361,37401,25.807,11.3524,1
49696,35438,359819,41.1623,7.6468,1
49766,35481,361488,8.2462,9.9248,1
49767,35481,40312,83.3847,9.5595,20
50328,35865,43911,28.5164,17.0774,18
50563,36039,361717,17.9536,21.2715,8
51357,33291,36571,50.8429,4.729,1
51359,36571,365256,10.1653,4.3589,1
51466,36640,329678,9.7125,12.904,12
51537,36694,57788,189.591,19.141,3
51767,36849,352984,15.4719,2.3428,1
51911,28146,36952,17.6149,10.2038,1
51912,36952,336876,65.5685,8.4232,1
52025,37035,679168,14.8099,9.6285,4
52029,37039,348337,16.9509,1.8251,1
52085,37039,37084,20.4668,2.1213,1
52086,37084,63805,19.405,2.8284,1
52524,37401,366449,8.2462,11.2142,1
52572,37431,40154,53.647,19.6359,1
52576,37434,365408,21.1476,3.6427,1
53743,38248,369630,25.4755,7.7973,1
53853,38327,330644,11.2398,4.3008,1
53860,38332,328352,68.2463,6.8239,1
54229,38605,674535,32.8215,13.2249,7
54230,38605,47414,16.9648,14.6486,7
54362,38698,366587,20.8087,21.3822,8
54735,38962,55429,43.2106,5.7748,1
54736,14535,38962,40.7538,5.1926,1
54874,35438,39060,99.4535,7.2058,1
54875,39060,371195,167.5938,6.4641,1
54999,37434,39160,36.0832,2.9954,1
55000,39160,40311,32.9848,2.9954,1
55007,39165,54475,39.6569,15.9948,12
55105,39239,39392,2.4495,11.9364,8
55326,39392,370997,19.8382,13.4746,8
55654,39624,366449,29.2347,12.8619,1
55655,39624,39696,5.4772,15.3422,1
55784,39707,375131,81.4616,7.0094,1
55958,39828,56929,17.3781,6.6315,1
56161,39971,372121,28.5073,7.5799,2
56162,39971,375056,29.0,5.0083,1
56422,40154,40780,10.0499,25.2818,1
56653,40311,372501,25.5153,3.8724,1
56743,40371,372424,15.5242,9.5647,20
56820,39696,40422,17.5499,13.5211,1
56822,40422,41279,13.9284,12.0428,1
56947,40506,329746,34.7515,8.0469,2
57038,40573,333662,37.3988,6.1236,1
57164,40653,41784,15.1327,19.0148,1
57350,38698,40780,41.6293,24.0617,8
57576,40944,680317,5.2281,14.4542,13
57652,40780,40999,2.4495,25.075,7
57653,40999,373495,10.6301,25.075,7
57837,41121,240205,14.1303,6.0895,3
57838,41121,244036,10.9545,5.3218,3
57862,41136,41137,2.2361,6.1644,1
57868,41143,371711,21.3828,9.434,20
58056,41279,376428,31.3369,11.1074,1
58139,41338,289266,30.499,11.8851,4
58761,41784,374935,12.2474,21.9762,1
59072,42017,42887,35.609,9.7333,2
59184,42090,42615,29.6816,2.8708,1
59499,42317,43498,13.9642,6.0738,1
60018,42680,372501,156.9364,3.2913,1
60300,41137,42887,30.6757,8.2057,1
60301,42887,378401,31.7683,9.8669,3
60404,42967,374935,7.1414,23.4097,1
60405,42967,44131,17.1464,23.3878,1
61020,43406,684824,37.6017,25.7953,4
61140,43498,46344,33.541,6.2838,1
61733,43911,682904,20.5345,12.4243,18
62057,44131,45964,29.1548,24.1908,1
62122,44177,45311,43.7493,6.3121,1
62135,44188,390076,94.6414,10.19,1
62308,42090,44305,60.5723,4.0503,1
62311,44307,370997,60.6071,15.3071,8
62312,44307,382180,40.223,15.6683,8
62370,44349,66534,51.6624,16.8648,1
62570,44485,328556,42.2966,5.7913,2
63630,45229,379131,18.5293,13.0057,20
63746,45311,380536,5.2599,6.3121,1
64197,45631,50478,13.3,7.3786,4
64399,45771,59635,36.7166,11.3816,1
64664,45967,379673,18.0185,13.4387,20
64929,45964,46155,2.2361,25.504,1
64930,46155,380730,21.1217,25.7831,1
65029,46225,382461,28.7858,10.1256,1
65030,46225,380828,7.9863,6.0092,1
66557,47332,58044,11.7473,19.3718,1
66794,47491,370944,91.7505,12.8691,1
66998,47639,288018,22.9613,8.5952,28
67205,47780,682189,15.6808,15.5728,1
67263,47823,383091,9.5568,10.0682,1
67264,47823,384285,15.272,12.1396,1
67405,47920,330697,22.6618,15.8453,1
67738,36694,48151,41.7463,23.179,3
67911,48259,686751,25.7617,4.6596,1
68690,47491,48803,16.5227,13.7632,1
68782,45967,48858,87.1149,13.5356,20
68873,48922,344169,86.9617,4.8139,1
68912,48951,386496,17.0588,10.5313,1
69175,49159,387320,19.4594,7.8875,3
69334,49166,49263,20.025,3.0275,1
69560,49422,387655,12.6911,24.6609,1
69822,49597,388536,17.4706,22.0754,4
69964,49692,387545,38.9706,3.7936,1
70092,49787,387545,15.8653,3.6029,1
70093,49787,393236,51.4738,3.285,1
70559,50108,385453,25.4165,21.2924,7
71088,50478,55977,33.4813,9.6602,4
71379,50686,686088,31.9878,14.7478,1
71583,50836,390465,14.8754,17.5457,8
71829,46344,51003,64.4515,7.3248,1
71831,51003,60497,131.8939,8.6585,1
72501,51495,339388,68.0727,4.6158,1
72502,51495,333077,9.3393,3.9142,1
72513,51505,55797,18.1904,7.8075,4
72769,47015,51677,74.7663,8.226,1
72770,51677,384962,38.2965,4.89,1
72915,51782,390559,14.2199,16.6679,1
72918,51784,814238,99.2522,6.8804,1
72957,51807,333399,31.0826,5.8541,1
72958,51807,333071,5.6236,6.0467,1
73031,51850,389178,19.2787,15.7036,20
73495,45631,52186,16.2275,6.7723,4
73499,48151,52189,19.3336,22.6719,3
74768,53089,389475,19.2894,18.0961,4
74844,53142,656311,4.7258,12.2179,2
74997,53089,53250,10.6301,18.2049,4
74998,53250,395449,43.8547,30.5598,4
75570,51850,53673,21.6795,19.3144,20
75571,53673,396020,20.9178,19.8693,12
75869,53673,53896,22.7596,20.3311,8
75915,53932,402676,90.5937,5.1636,1
76364,40506,54243,81.0062,8.4553,2
76379,54255,395936,7.7028,15.6608,2
76383,54258,54680,13.6015,23.2717,2
76396,54266,395066,11.2052,18.8786,1
76423,54284,670888,74.0825,4.89,1
76424,54284,688123,27.7829,3.6427,1
76704,54475,336965,20.1494,15.7473,12
77003,54680,395939,3.448,21.6154,2
77890,55319,394845,11.481,17.4624,2
77891,55319,56307,10.2956,19.0335,2
77958,36640,55367,51.0392,9.2656,12
77960,55367,58357,63.9653,6.6623,12
78045,55429,343537,57.5256,5.3183,1
78420,55698,322650,105.5971,6.5311,2
78563,55797,64698,27.9464,8.3031,4
78693,55898,56016,7.1414,21.9883,2
78694,55898,55899,4.2426,22.524,2
78704,55906,56158,3.0,18.0416,12
78806,55977,59635,25.2675,14.5414,4
78863,56016,56633,22.8254,19.071,2
78999,56110,818967,88.0341,16.8946,18
79000,35865,56110,77.6595,13.5336,18
79031,56132,63457,22.2236,22.0284,3
79032,52189,56132,7.2425,20.7645,3
79074,56158,400175,25.7034,17.3644,12
79090,56168,394548,37.8021,4.0233,1
79091,56168,400873,34.7994,2.8501,1
79092,56169,395697,14.9852,15.5989,2
79205,56243,62366,14.4741,9.6497,18
79292,56307,57093,10.4403,21.5862,2
79618,56544,57278,19.2614,17.0178,2
79752,56544,56633,16.5831,18.1394,2
80178,56929,237463,191.5985,5.6272,1
80527,57183,403602,113.7351,3.6427,1
80666,57278,57522,13.3417,16.0871,2
80737,57332,304707,43.8254,4.8947,1
80996,57522,401570,22.5536,19.0442,2
81122,55698,57603,9.7681,7.5667,2
81221,57671,400190,5.2192,11.7632,2
81222,57671,58343,27.2947,17.6335,2
81318,57739,334991,130.17,6.7749,1
81380,57788,685412,3.9581,15.1766,3
81750,58044,666442,3.1623,21.2642,1
81888,57183,58141,55.7315,3.5616,1
82183,57093,58343,16.4012,23.8022,2
82201,58357,336267,10.419,6.7016,12
82258,58393,111415,95.7787,16.9206,1
82554,58601,715840,73.5791,9.4604,1
82569,58610,400859,22.9831,4.1231,1
82675,58683,74889,31.4881,15.8314,2
83029,58924,395935,67.7864,3.3708,1
83256,59089,61748,38.1314,16.4012,12
83427,59197,403707,24.0416,19.891,2
83602,59319,402758,3.6968,18.1696,6
84111,59677,59990,7.3485,23.1164,6
84563,59990,403977,8.5245,25.2728,6
85277,60497,67441,92.3634,8.447,1
86487,61342,386251,164.9128,12.8291,1
86616,58610,61426,106.8223,3.9324,1
87035,57950,61722,43.0116,7.1947,1
87037,61722,69900,81.4002,5.9619,1
87069,61748,64843,65.7419,14.0529,12
87584,62109,244036,13.5154,4.3723,3
87585,62109,244885,7.6085,3.5,3
87881,62316,400287,118.8139,25.1219,2
87957,62366,66420,26.0192,15.8069,18
88442,62719,673559,17.4133,10.8103,1
88573,62804,417910,70.2975,9.2969,1
88786,62736,62961,33.3766,5.1213,1
89170,63232,69561,131.2821,4.0,1
89397,61426,63392,63.0,3.6029,1
90770,64348,691622,36.9414,4.2078,1
91033,64530,411995,92.479,4.9155,1
91270,64698,338900,8.3865,8.6137,4
91453,64843,421332,109.4809,11.726,12
91659,64974,64976,7.0711,9.5802,2
91662,64976,302380,120.5736,8.0552,2
92922,65884,67777,93.0269,6.373,1
93503,66302,407273,127.0324,16.7249,2
93504,66302,417203,39.5985,16.9887,2
93667,66420,691041,6.7082,19.873,18
93835,66534,69387,24.9466,14.7336,1
93952,66612,83722,68.5614,6.1298,1
94106,66725,412453,24.5334,5.5,1
94424,63457,66940,18.3428,25.0845,3
94590,67049,345134,71.4368,8.3245,1
94637,67086,69387,14.7761,12.1648,1
94639,67086,405792,8.5635,10.9429,1
94818,67201,70071,36.1248,19.815,5
95148,67441,67777,15.2643,7.806,1
95569,67742,415830,84.0143,6.0707,1
95812,67925,411281,74.0675,7.9155,21
96602,68471,415185,39.7827,29.0358,5
96739,67925,68562,13.6015,7.3407,21
96741,68562,68563,3.6056,7.5261,21
96797,67742,68607,22.1359,9.8357,1
96965,68726,413054,34.4719,11.6821,1
96967,68726,71247,32.0156,8.3057,1
97201,68471,68884,11.8743,28.9386,4
97232,47414,68904,59.7671,19.5229,6
97496,69088,69526,14.7045,5.458,1
97497,66612,69089,108.4804,5.0495,1
97500,68884,69091,3.7417,28.4592,4
98201,69561,421669,19.5164,3.5616,1
98683,69900,76549,70.157,6.1833,1
98834,69091,70007,17.2047,28.87,4
98929,70071,71599,21.4009,8.9893,5
99128,70223,688123,43.9325,4.3198,1
99147,41080,70237,55.4682,5.6623,1
99149,70237,72796,4.3461,4.9495,1
99480,70469,691482,35.0381,23.6658,3
99488,70469,70475,41.4485,21.666,3
99805,70007,70704,29.0172,27.925,4
100200,70969,245123,49.0748,4.3284,1
100601,71247,435582,89.9074,5.3779,1
101121,71599,423244,97.3823,21.0739,5
101322,71734,468098,55.0242,13.0455,1
101471,71832,417203,103.905,15.8339,1
101798,72060,423710,30.2379,21.1527,4
102017,72215,422871,23.9653,22.7777,3
102230,72370,72500,12.2474,19.6086,4
102233,72372,425377,45.7639,22.0784,4
102411,72500,423714,21.3989,20.3317,4
102588,72626,421669,46.3956,4.6111,1
102938,57739,72863,84.668,5.958,1
102940,72863,106404,135.2418,6.1596,1
103403,73182,73491,6.5574,16.4154,1
103836,72215,73491,26.6458,18.8809,3
103837,73491,429590,36.2123,13.3166,2
103984,73603,428143,49.3221,22.1018,4
104153,73718,366025,155.0823,5.365,1
104154,73718,339238,34.1106,4.5738,1
104298,73822,74754,26.0,8.1513,12
104524,73972,75767,32.3883,20.6568,4
104631,74047,74048,3.7712,11.428,3
104632,74048,697840,37.6194,14.5732,3
104634,74049,74127,7.4981,16.4463,3
104734,74127,695922,38.0263,13.9427,3
104957,74298,432174,51.9711,7.4758,1
105098,74404,428579,15.7023,6.1596,1
105620,74754,428607,10.198,10.3581,12
105820,74889,342383,13.3915,16.8225,2
106207,73182,75161,45.5741,15.5396,1
106334,75161,75252,13.9642,15.9739,1
106335,75252,429694,11.4601,17.7896,1
107077,75759,75760,20.0998,14.9473,1
107078,75760,429453,19.9388,18.4007,1
107084,75767,429328,4.6779,22.3895,4
107784,76250,430813,9.363,19.4993,4
107794,76256,77344,11.7047,11.7411,12
108155,76507,429693,24.0116,20.6368,1
108212,76549,79551,130.9733,6.6115,1
108226,76561,693885,44.1173,4.0388,1
108281,70223,76601,73.8804,5.4312,1
108336,76643,431345,3.2998,17.72,1
109016,72820,77096,69.7822,6.2634,2
109363,77344,432360,8.0989,12.3471,12
109981,77781,698052,40.343,3.5616,1
109982,77781,97655,60.5569,4.3528,1
110441,78113,440778,106.2374,6.6115,1
110760,78339,443659,87.0032,8.8794,1
111096,78555,88196,66.5776,6.733,1
111097,78555,346355,38.9532,6.9248,1
111416,78793,80193,63.5059,1.9318,1
111449,78817,81646,11.8842,16.6416,12
111552,78077,78893,14.0357,3.8028,1
111553,78893,81366,29.6311,4.1795,1
112476,79551,80617,14.0357,5.465,1
112570,79616,79840,18.0278,15.0011,1
112637,79657,699683,10.7961,26.5233,6
112741,76561,79723,59.1805,4.2976,1
112907,79839,434200,7.2034,19.3284,1
112908,79840,436503,14.3074,17.071,1
113400,80193,80495,15.2971,2.1213,1
113742,77096,80434,123.5557,5.4218,2
113829,80494,81022,7.5498,9.0735,12
113830,80495,81030,13.9642,2.9142,1
114060,65577,80653,31.6193,7.8827,2
114073,76601,80662,28.1568,4.4954,1
114592,81022,81518,9.8489,9.2546,12
114660,81070,429548,59.4643,5.6506,1
114661,81070,440986,29.5852,6.0467,1
114697,81093,430301,67.3721,8.4244,1
114698,81093,81791,9.9499,6.8541,1
114703,81099,435433,19.4651,20.5195,1
114707,81101,436986,5.971,15.0662,1
115076,81030,81366,33.4813,3.6795,1
115110,81389,85321,3.0,6.0828,3
115115,81392,83669,44.1135,5.3327,1
115290,81518,81604,9.2736,10.0234,12
115413,81604,86042,75.6703,10.4375,12
115680,81354,81791,25.632,7.0958,1
115871,81926,83722,117.0045,5.6109,1
115872,81926,93962,36.4803,4.9338,1
116065,82058,439469,14.8549,9.2711,12
116320,82249,438070,10.2956,22.003,1
116919,82249,82693,11.9164,21.1052,1
118008,83482,439839,27.7969,17.7817,1
118279,83669,443550,111.1755,5.8698,1
118329,83708,438933,94.986,6.4128,1
118854,84005,169799,142.0176,25.8185,3
118862,84005,760534,163.025,27.0305,3
119981,84811,703231,25.1794,10.7622,3
120043,84851,450511,87.6242,6.8571,1
120592,85238,87282,9.0,14.3165,1
120615,85254,288224,9.5219,4.5813,1
120617,85255,88196,11.7945,5.4536,1
120803,85376,473266,80.7294,5.9036,1
120804,85376,126069,34.7946,6.1202,1
121145,85621,705242,10.8934,19.2313,18
121303,85727,717602,67.7207,17.829,18
122076,81354,86284,62.7535,13.2548,1
122077,86284,445253,3.6818,20.0131,1
122652,86694,445600,41.2765,21.1326,1
123129,87030,342527,10.0499,5.4,1
123474,87282,700356,5.2345,12.723,1
123585,87370,90931,4.5826,4.3528,1
123833,79657,87541,29.7788,22.9728,6
123834,87541,100950,30.7119,19.9336,6
123974,87631,454730,55.8589,5.1421,1
124031,87673,348454,29.2746,5.3218,1
124355,87899,446768,7.8031,20.033,1
124920,87899,88311,8.775,18.9588,1
124921,88311,89555,14.6287,18.6681,1
124922,79723,88312,90.249,4.6111,1
125662,88835,693962,19.6278,3.4611,1
126367,89348,97412,26.3239,15.6883,18
126941,89754,354556,53.1779,20.7186,8
127100,89555,89882,8.2462,17.8139,1
127320,89882,90032,4.6904,16.1486,1
127590,90208,100443,46.8722,14.6511,12
127592,81646,90208,36.2232,16.3467,12
128614,90931,94573,9.434,6.1964,1
131294,92823,707245,12.7138,8.6254,2
131298,92827,699050,104.3472,5.4218,2
131299,92827,121935,64.846,5.0517,1
131646,93079,101343,260.9732,9.4656,1
132868,93962,126269,74.891,4.1231,1
133390,94321,103486,31.2289,26.5609,5
134579,95184,454086,91.3777,6.6292,21
135285,95684,464429,75.8441,6.3326,1
135327,95711,706540,23.0217,4.3028,1
135328,95711,709217,3.8297,3.4611,1
135501,95835,460542,3.3993,13.2209,1
135800,95184,96045,74.5989,7.5478,21
136053,96232,461205,4.5826,21.2242,1
136140,96293,98512,49.0816,6.0927,1
137090,96863,96945,7.6811,23.0062,1
137296,96045,97081,27.6586,9.3372,21
137761,97412,712281,20.497,12.1838,18
138087,69089,97655,90.3612,3.9496,1
138097,97081,97661,21.4243,9.4124,21
138465,97661,97925,13.6382,9.6075,21
138957,98278,474977,91.4473,6.9567,2
139063,98346,118767,73.135,4.3028,1
139291,98512,104133,244.1536,5.9402,1
139375,78791,98575,36.0275,6.0173,12
140255,99186,113539,23.6467,3.9822,1
142680,100916,466237,32.8684,10.6789,21
142923,100766,101086,52.1249,10.7234,1
143172,100916,101246,9.0,10.1789,21
143310,100766,101343,12.1244,11.3033,1
143930,101778,708041,16.5831,12.8216,3
143942,101788,715723,46.7297,6.7723,2
143943,92823,101788,26.1051,7.6737,2
143974,101809,707465,17.8792,4.9338,1
143975,101809,126842,56.001,4.511,1
144442,102149,142527,82.9337,6.6328,4
145086,101086,102602,40.8044,10.2648,1
146045,103316,136681,61.8237,21.7653,3
146286,103316,103486,31.6899,23.1219,3
146402,101246,103562,71.9444,8.6231,21
146534,103649,472781,8.5375,24.8415,1
146535,103649,473981,6.2716,25.7281,2
146587,103683,109624,45.2573,11.1486,1
146888,103898,117985,16.6497,4.872,1
146889,103898,241153,46.9796,4.3509,1
146930,103927,817407,89.4763,8.5449,1
146932,103927,253195,49.9333,8.7246,1
146946,103938,474277,14.8847,26.7094,1
147223,104133,476473,24.7386,6.7016,1
148040,104733,476018,12.0646,20.5623,2
148082,104762,474231,24.7819,7.0,1
148083,104762,106825,42.6497,6.8875,1
148425,105005,475368,4.714,27.8199,1
148841,105293,113846,128.2381,7.0421,1
149009,100950,105418,13.8764,20.9316,6
149045,105442,347947,13.4743,16.2782,1
149046,105442,117733,37.1202,16.0663,1
149164,98575,105516,15.0333,5.78,12
149979,106103,246266,18.12,5.9713,1
149980,106103,203600,69.3253,4.8139,1
151002,106825,111125,103.0776,8.6886,1
151529,107188,107255,18.0555,17.1082,2
151616,101778,107251,14.5507,13.9071,3
151620,107255,479959,15.8114,16.7374,2
152159,107647,346906,16.9607,6.5557,4
152735,108057,478861,42.5245,6.7785,3
152736,108057,481465,9.3452,3.4758,3
153790,108799,480707,79.5725,6.5355,21
154472,109265,710700,26.3418,3.5811,1
154498,109283,111678,64.5058,5.9713,1
155007,109624,353438,48.7237,12.8133,1
155658,110081,111418,27.037,9.2736,2
156750,110851,111050,4.6904,7.6468,21
157031,111050,112062,34.0147,6.8206,21
157142,111125,491300,113.4637,7.1734,1
157573,111418,486464,14.9778,9.9519,3
157574,111418,111738,16.6733,10.4247,1
157822,111603,716715,23.2376,16.8473,18
158505,112083,202688,61.1199,7.4407,1
158918,112376,491141,113.5805,6.5465,21
158921,112378,498953,140.6961,7.1193,1
158931,111678,112387,107.2707,5.7787,1
158932,112387,496783,105.423,5.458,1
159302,112062,112648,151.3704,6.4155,21
159689,112905,488161,13.3417,6.9873,1
160044,112905,113158,6.0,6.4363,1
160574,113539,151735,48.5163,5.381,1
161036,113846,119873,105.1951,9.1791,1
161217,113972,477529,428.5184,8.0932,3
161891,114446,119715,147.2617,5.2421,21
163131,111603,115329,24.4709,21.7775,18
164235,107251,116145,17.1091,12.6965,3
164237,116145,716327,20.8487,10.5902,3
164450,113972,116296,86.2322,7.2636,3
164709,111415,116468,23.2236,24.1945,1
166527,117733,147477,65.4516,16.7995,1
166737,117878,121010,100.03,6.5927,21
166738,117878,501850,77.9637,7.5745,21
166858,117964,743867,57.2539,22.0491,1
167633,89348,118509,32.4107,11.4874,18
167753,118590,489715,90.9772,5.9907,1
167755,118590,501048,27.8268,5.7439,1
167952,118730,120025,113.0531,5.8912,21
167953,118730,500242,52.7668,6.2417,21
167965,118738,501856,114.9232,5.3218,1
167966,118738,122210,92.7847,5.7446,1
168142,116296,118876,84.6759,6.7371,3
168353,119029,501392,51.5429,6.0981,1
168544,119172,120512,48.4355,9.0759,2
168820,119355,122210,59.3464,6.2264,1
168965,119456,500242,7.3485,6.9432,21
169220,119639,716327,4.714,10.0497,3
169291,119687,123111,16.4655,17.6765,1
169307,119698,123139,28.0015,5.7016,1
169329,119715,120025,9.0,5.9407,21
169362,119741,125289,38.614,21.9031,18
169402,92827,119766,68.0891,5.3218,1
169558,119873,128080,127.1928,9.7544,1
170468,120512,500255,88.5645,8.9957,2
171084,119639,120922,22.9427,8.2513,3
171085,120922,720214,15.5824,6.2838,3
171203,121010,122049,114.9174,6.6657,21
171216,121018,503937,41.7878,6.0467,1
171217,121018,504956,20.9178,7.6842,1
172510,121935,718314,10.8934,4.3008,1
173777,122821,503786,74.6661,8.8079,3
173919,122916,124083,26.096,6.6904,1
174235,123139,125634,14.2624,6.5123,1
174348,123226,352129,15.8219,23.6655,1
176873,125019,721267,18.6815,17.1024,18
177247,125289,720326,5.4772,19.2094,18
177334,125353,353437,4.5461,6.8459,4
177452,125436,723460,69.3568,20.746,2
177453,125436,727357,97.3332,19.094,2
177733,125634,720877,12.083,5.0517,1
178365,126069,617174,131.1322,6.9248,1
178652,126269,723627,53.3354,4.511,1
179146,126600,507170,124.7437,10.6301,3
179247,126669,721892,25.2763,20.0856,18
179248,126669,721267,6.4722,19.4646,18
179496,119766,126842,30.1613,4.899,1
180250,127367,720800,33.6799,14.9384,3
180423,127494,133046,118.6128,7.2108,1
181204,128070,128161,7.874,7.4491,1
181335,128161,516562,32.9545,6.733,1
181354,128177,516856,3.559,12.2105,2
181355,128177,130765,63.6553,13.1703,2
181386,128199,721892,3.448,20.1108,18
181387,128199,722478,10.0277,20.96,18
181388,128200,721894,4.761,19.9295,2
181396,128205,718314,45.6861,5.1627,1
181397,128205,723214,15.5849,5.9569,1
181475,128259,130066,129.5955,8.3951,1
181476,128259,128471,6.4031,8.8272,1
181768,128080,128471,9.4868,8.9711,1
182623,129056,724415,58.8463,4.4556,1
183015,129337,518743,25.8263,7.8134,1
183029,129347,519206,23.331,7.1947,1
183030,129347,525199,50.2494,7.1947,1
183454,129651,290852,23.4495,11.1803,28
184445,130333,723854,7.3711,7.3024,18
184529,130398,133355,71.5612,6.1071,1
184669,130493,723999,17.7576,13.2741,18
184670,130493,723199,7.874,8.8289,18
184696,126600,130511,89.5433,9.3462,3
185059,130765,528933,86.9493,14.9156,2
185174,130842,722478,50.2998,22.9705,18
185757,131260,520885,24.2258,6.4128,1
187748,132665,723624,6.3421,11.9761,3
187749,132665,133995,3.4157,13.2124,3
187819,130511,132713,103.899,8.1238,3
188041,132713,132883,3.4641,8.4228,3
188122,132943,149319,42.8654,14.4472,5
188123,132943,358654,98.0442,6.7986,4
188272,133046,534470,111.2545,6.3326,1
188710,133355,526361,10.247,6.3609,1
188768,133402,367755,125.8451,7.5497,1
188777,133408,353702,61.9292,6.9619,1
189599,25498,133993,108.7996,6.2321,1
189601,133993,495300,6.4492,6.557,1
189891,123111,134196,82.9732,19.1694,1
189892,134196,148386,95.4108,19.9053,1
190194,123226,134414,42.2243,25.63,1
190915,134925,726491,50.5459,22.9044,2
191011,134991,135365,9.6437,7.4725,1
191428,134414,135302,29.8496,30.4905,1
191683,135496,253212,30.3592,20.9119,15
192101,135780,723854,14.7949,9.4006,18
192823,136266,142377,56.3705,25.4083,2
192824,135302,136266,9.8723,31.0463,1
193463,136681,730163,18.4089,23.874,3
194186,137208,725678,50.3463,23.1401,18
194187,137208,726724,45.3735,21.9382,18
194484,137420,727357,17.8294,16.9893,2
194485,137420,140297,21.7945,19.3157,1
194489,133995,137422,17.4992,14.1774,3
194490,137422,729716,9.8263,14.6716,3
194985,137771,532974,4.7258,7.9332,1
194986,137771,139819,38.0657,7.9978,1
195314,138000,535173,37.4116,7.9121,1
195807,138352,156536,39.7883,4.3203,12
196033,138513,140508,31.305,14.5769,2
197515,139586,546385,117.6892,7.724,1
198542,140297,143772,37.4836,18.1908,1
198620,140351,540159,43.8546,6.9432,1
198708,140413,730439,5.5578,5.8549,1
198847,140508,144976,74.7529,16.7284,2
199083,140698,538157,21.2368,7.9078,1
199288,140842,536814,37.7757,8.5497,3
199892,141277,739978,48.4,13.9048,3
200925,142019,144000,46.1844,6.2429,1
201449,142377,146834,93.521,16.4262,2
201654,142527,295946,178.8646,6.7787,4
201853,142646,149831,24.9925,8.7383,1
201854,142646,144390,11.9478,14.5695,1
202929,143434,557882,143.1875,6.4031,1
203017,143499,147305,74.2496,7.0801,1
203018,143499,144072,70.859,6.6296,1
203116,143575,195639,303.1395,14.4078,4
203117,143575,155309,14.4568,18.1659,4
203532,140842,143881,66.7008,8.5853,3
203717,144000,144072,9.9499,6.9784,1
204179,143881,144339,61.79,6.8143,3
204247,143772,144390,30.8062,14.7542,1
205066,144339,144961,16.4317,6.7787,3
205087,144976,546235,6.4464,19.3235,2
205309,145140,155739,43.641,4.885,1
205430,145222,320574,43.3513,5.7878,1
205618,145353,546380,20.6935,18.5032,2
206025,145644,551751,52.6846,7.4051,1
206149,145734,149288,71.8192,5.6081,1
206245,145797,724547,53.8981,15.2803,6
206633,39828,146067,128.7828,6.5945,1
206634,146067,252760,31.7857,6.2264,1
206744,146145,734807,54.5558,5.9713,1
207386,146594,565051,167.7584,6.9954,22
207497,146669,533863,18.868,19.9973,1
207668,146789,734807,59.4475,5.6926,1
207735,146834,154313,45.7363,16.1874,2
208396,147305,563314,95.9074,9.2865,1
208616,145140,147456,63.123,3.5348,1
208617,134982,147456,41.5104,3.3904,1
209763,148269,250404,9.4458,6.7336,3
209764,148269,173856,19.799,9.4049,3
209924,148386,149886,11.4066,19.0947,1
211176,149288,553146,8.5732,5.6081,1
211221,147477,149319,7.874,19.8397,1
211222,149319,359342,17.2595,20.0141,6
211307,149376,551608,40.5079,19.9241,2
212050,149886,150688,12.5521,21.2914,1
213161,150681,152160,53.0821,8.2671,1
213172,150688,525149,25.364,22.4144,1
213198,150714,358751,23.6973,22.8289,11
213946,151234,557881,12.741,13.8562,1
213993,151271,358324,18.1751,8.9772,1
214423,149376,151575,63.5925,19.962,2
214424,151575,154575,43.6005,17.0885,2
214590,151693,372901,65.4332,5.1083,1
214644,151735,289853,9.9499,7.1067,1
215402,152260,736034,18.43,14.8,18
216390,152964,566118,50.4083,6.5557,1
216764,153218,565320,127.3277,5.6213,22
216765,153218,157374,62.8092,7.0355,22
217457,153712,364079,30.0606,7.0958,4
218213,154242,156025,40.3113,20.2211,2
218332,154313,155592,9.1727,20.1796,2
218702,154575,560452,13.3125,17.1888,2
218870,154691,157486,43.7035,16.5855,1
218906,154722,252013,15.6915,19.5892,1
219241,149616,154956,8.6023,22.5988,4
219289,154989,563870,12.3895,6.7371,22
219742,155309,256229,41.9026,17.7135,4
219769,155326,155714,9.8995,7.4806,3
220146,155592,358270,15.0739,18.1343,2
220188,155629,576467,104.2833,7.0711,1
220305,155714,156312,54.9727,5.0543,3
220338,155739,156631,4.378,6.3226,1
220748,156025,568154,64.8331,20.4566,2
220988,156191,739919,55.6447,8.3921,1
221020,156214,565026,59.7513,6.4363,3
221159,156214,156312,125.4352,4.4964,3
221470,156536,370818,90.2675,5.1112,12
221521,156568,565051,90.9243,6.7129,22
221522,156568,568462,28.3255,6.5332,22
221921,156850,223319,146.7242,6.0092,1
221922,156850,523839,35.141,8.2664,1
222333,157153,549266,20.1577,25.523,1
222638,157374,586234,131.3849,7.0355,22
222792,157486,159841,38.1314,16.1234,1
224170,157054,158474,12.2474,18.5995,18
225396,159363,571109,65.9461,4.977,1
225397,159363,159828,59.0424,5.6081,1
225642,159536,165059,95.8488,7.7416,1
226030,159810,741731,20.0666,18.8516,6
226032,159810,160122,4.3205,19.2625,6
226053,159828,586496,234.0214,6.2281,1
226071,159841,576621,52.7478,16.1077,1
226454,160122,164808,32.2731,18.8639,6
226610,160231,566118,69.826,6.7016,1
226732,160319,252133,12.4766,18.6869,1
227026,160524,574102,47.7214,10.7227,1
227028,160524,160526,78.8162,9.5306,1
227174,160634,174563,45.5089,9.1924,4
227470,160834,560999,95.0099,6.3638,3
227472,160834,162077,68.8549,6.1203,3
227478,160840,581502,102.1154,4.6993,1
227945,161167,745772,9.5459,18.13,1
228042,161239,573264,10.6301,7.5893,1
228043,161239,577677,85.3086,6.1889,1
228441,161513,565926,93.1101,9.6458,1
228442,161513,577562,38.5097,8.3951,1
229233,162077,162168,69.0724,5.3033,3
230285,162827,573089,27.0119,6.6472,1
230286,162827,578859,20.9921,7.68,1
231856,163971,577677,7.5425,6.0552,1
231857,163971,580254,53.1256,5.9402,1
232152,164170,578027,3.559,12.7869,1
232699,164560,751491,19.1282,21.1184,1
233047,164808,167438,20.0721,20.7219,6
233397,165059,166845,57.3585,5.4157,2
233618,165216,578859,4.0415,7.4051,1
235300,166413,167075,17.6918,20.1307,2
235603,166641,182056,85.5265,11.2133,11
235604,166641,361168,85.8817,15.7553,11
236228,167075,169794,39.3065,18.9849,2
236738,167438,171818,36.9083,17.6865,6
236957,167594,748893,45.5948,8.0903,1
237006,167633,579102,75.6461,6.085,3
237195,167768,168131,31.0805,2.1583,1
238533,156631,168720,25.4842,5.979,1
238804,167263,168926,27.8029,6.7016,1
238805,168926,594663,74.3841,6.7404,1
238849,168965,170701,21.8149,19.9944,1
239074,169123,169499,13.4454,21.0292,1
239075,169123,170701,3.9016,20.3094,1
239604,169499,580297,21.0555,22.2903,1
239639,168720,169520,29.4279,5.9402,1
239681,169551,253001,22.9374,20.2805,1
239896,169709,253122,4.468,13.3233,1
240023,169794,588095,27.3537,19.4289,2
240028,169799,756658,21.5484,17.2606,3
240267,167556,169973,73.0068,2.7763,1
240268,167768,169973,24.779,3.3166,1
240833,170375,585675,110.1385,4.9641,3
241344,170732,759970,42.7707,21.6382,17
241506,170839,592710,83.6673,6.2749,1
241805,171060,171345,18.3576,6.2264,1
242063,171236,619161,268.3841,7.3024,23
242210,171345,607159,229.5835,8.5503,1
242897,171818,761125,35.5668,10.3363,6
242966,169520,171866,5.4975,6.5182,1
243619,172333,172581,4.6904,6.4342,1
243965,172581,185907,151.9934,7.0204,1
244081,172656,584044,181.7819,8.0176,22
244115,172684,252221,18.0462,24.868,5
244116,172684,175656,12.3693,25.5519,5
244145,172699,586141,36.1801,5.6079,1
244319,172826,591231,10.419,8.2525,1
244326,172831,759569,19.779,13.1691,3
244327,172075,172831,9.2405,14.0352,3
244328,172832,188348,117.0233,13.9596,1
244966,173290,759425,9.8263,7.0283,1
244971,173293,175191,14.9858,17.3668,1
245275,173502,592324,52.4944,6.2838,1
245416,170375,173614,59.975,6.7428,3
245417,173614,600633,100.6164,6.7428,3
245447,173637,591102,12.8577,7.3761,1
245732,173843,254074,19.0962,16.9532,1
245914,173968,310208,70.088,5.6825,4
246158,174149,367788,35.4683,6.6328,1
246232,174201,179472,11.893,24.4119,1
246598,174472,594396,42.785,5.6926,1
246735,174563,374314,68.2752,12.5326,4
247315,174472,174966,40.1123,5.1421,1
247404,175035,598209,122.9715,8.2969,1
247611,175178,760860,26.6723,10.2227,3
247612,175178,180592,43.5421,10.4662,3
247613,175179,760534,19.4951,19.5959,3
247614,175179,176836,9.2832,14.1184,3
247635,175191,760750,7.1582,18.8392,1
247853,175347,759569,11.9216,12.5688,3
248002,175462,594150,6.3509,24.868,1
248264,175656,254439,19.7569,29.3193,5
248407,175035,175763,16.4317,8.2417,1
248707,175968,177414,17.8326,18.3283,2
248844,176068,593305,72.4862,5.5335,1
248845,176068,599393,31.1956,5.0079,1
249120,175763,176244,7.0711,8.8875,1
249121,176244,179907,109.6768,6.2583,1
249540,176538,602829,86.3983,18.3845,2
249766,176688,596950,30.4576,10.8361,1
249767,176688,598458,24.6082,14.1072,1
249769,176690,596950,13.3666,10.6217,1
249972,176836,180976,26.4512,12.4191,3
250655,177300,206168,79.8288,17.8441,6
250826,176538,177414,8.7178,18.2743,2
251526,177913,299316,79.0253,14.0855,2
251991,178239,178316,14.8997,7.6811,1
251992,178239,606673,105.7261,6.3406,1
251999,178244,382901,339.1642,6.9942,1
252000,178244,361516,158.3614,8.539,1
252357,169551,178518,20.3224,19.7336,1
252368,178526,764921,108.055,9.8283,1
252369,178526,770579,59.4886,9.9196,1
252380,178533,183738,11.3578,16.5459,1
252496,173856,178609,4.2426,13.1148,3
252498,178609,200896,29.5635,11.0105,3
252505,178613,182396,49.0,4.3008,1
253662,179407,595385,11.7426,26.0664,1
253663,179407,599108,29.3239,24.9012,1
253768,179472,582890,23.8397,23.4419,1
253788,179488,598185,34.2146,8.4259,1
254459,178518,179949,6.4807,18.7874,1
255344,180592,186558,34.3738,8.9267,3
255881,180976,767538,12.5433,14.7478,3
256050,178613,181087,67.7938,4.9936,1
256051,179907,181087,46.4973,4.7431,1
257333,181986,605438,13.772,4.5414,1
257334,181986,186919,65.6201,5.6967,1
257420,182043,369180,28.8508,8.6988,11
258029,182482,254296,5.831,19.0623,1
258508,182809,204251,334.6282,6.6401,4
258543,181010,182833,49.2037,8.4208,1
258544,182833,184484,22.8254,7.1413,1
259263,182396,183348,46.6905,3.7606,1
259827,182482,183738,21.9773,18.577,1
260397,184146,367300,5.4772,7.4699,4
260412,184157,191197,80.287,6.6235,1
260851,184468,606673,32.8532,5.3284,1
260852,184468,609601,47.676,6.0688,1
261869,185245,610662,21.3385,7.9754,1
262274,185529,188880,53.6004,16.4096,2
262283,185536,188348,51.4738,12.4576,1
262787,185907,626222,88.8482,7.1193,1
263327,186294,253754,15.6098,18.9076,1
263396,186333,187662,13.6382,16.3227,1
263731,186558,187392,18.6041,7.6474,3
263980,186727,611881,60.9563,6.2281,1
264257,186919,186979,3.0,5.8303,1
264338,186979,613948,51.1142,6.0738,1
264601,185536,187157,16.0762,11.6776,1
264911,187392,776707,45.7457,7.8516,3
264932,187406,190968,31.4246,15.021,3
265201,187602,253195,20.4858,5.3218,1
265285,187662,255074,12.6711,16.7777,1
265292,187666,255076,6.4031,19.7413,1
265298,187666,187669,8.4853,18.8378,1
265356,187709,255203,15.5043,23.4857,1
265803,188037,611115,16.3978,10.2648,1
265947,188139,638196,169.998,7.6468,1
266256,188360,604636,11.2398,18.1548,1
266362,188429,211517,27.4874,8.0355,2
266714,188684,192147,156.9267,11.0652,1
266980,188880,191303,43.6005,16.9556,2
267495,189278,626222,132.3946,9.4531,1
267746,189460,616077,7.4536,6.2106,1
268748,190187,613948,16.9974,6.2016,1
268750,190187,619772,18.8503,5.1795,1
268881,187682,190279,3.4641,22.6627,1
268882,190279,255940,18.4347,23.9686,1
268915,190302,191884,27.0924,4.2321,1
269610,190787,627343,115.8879,6.1889,1
269852,190968,780679,33.3916,7.5199,3
270111,188037,191157,32.0468,10.3581,1
270168,191197,626291,47.1013,6.3894,1
270302,191303,191959,15.3623,15.9477,2
270436,191408,776541,10.4828,17.1134,17
270821,191682,254989,20.2786,19.4535,1
270829,191687,195661,8.6023,16.7845,1
270878,191721,617284,28.2017,2.9208,1
271106,191884,619919,7.6739,4.2321,1
271222,191959,195692,63.1664,13.0232,2
271467,192147,622424,24.3029,12.5323,1
272326,192728,780167,66.645,5.6671,1
272397,192783,627105,31.6052,6.2429,1
272598,192937,619096,17.0587,3.2394,1
272858,193106,366025,41.7931,5.1881,1
272859,193106,204751,47.3862,4.3969,1
274327,194151,200649,38.589,18.9329,17
274331,194155,778283,79.3431,5.0,1
274332,194155,195150,5.0111,4.1583,1
274509,194285,196807,7.3485,22.5613,1
274877,194529,618469,48.5215,6.4221,1
275169,194720,197412,46.3249,12.5792,1
275288,194815,630031,102.3778,8.7067,4
275478,194954,601144,213.4437,8.2785,1
275492,194963,199738,66.4003,8.2417,23
275657,195078,625414,8.2765,5.0838,1
275762,195150,783609,25.318,3.2394,1
276170,195407,378652,76.3275,34.2965,1
276263,195432,625703,74.788,10.0729,4
276331,195474,200850,136.576,6.2822,1
276575,195639,767311,64.2811,10.5106,4
276606,195661,255670,23.3357,18.4714,1
276651,195692,631953,35.5246,11.8751,2
276853,195850,626468,7.1764,6.2281,4
276854,195850,627841,11.1654,7.0801,4
276881,195474,195869,34.3657,5.0378,1
277357,196219,199893,56.9561,5.5414,1
277403,196248,778083,21.853,5.0196,1
277404,196248,200742,38.3869,4.7541,1
278146,195622,196773,116.3228,4.6365,1
278192,187669,196807,19.3391,19.6495,1
278215,196823,626270,23.7814,9.0154,1
278216,196823,627838,8.0208,9.326,1
278506,196773,197023,5.099,5.2068,1
278586,197085,626476,37.9325,4.4964,1
278587,197085,630033,12.7629,3.4758,1
278619,195869,197112,54.8635,6.9937,1
278646,197023,197130,18.4662,5.8735,1
278786,197234,198512,86.7237,4.8408,1
278895,197312,627841,64.8742,9.6076,4
279033,197412,198456,13.3417,13.9032,1
279338,197626,197786,78.4729,7.0094,2
279339,197626,643715,96.4863,9.8701,2
279643,197850,783995,35.5434,9.1969,3
279644,197850,782638,16.1452,7.7054,3
279833,197994,782179,22.5638,8.4022,1
279905,198044,198155,23.1084,5.4495,1
280191,198244,200922,22.1133,7.0355,1
280196,198244,198248,16.9706,6.6177,1
280370,198155,198377,23.2809,5.7386,1
280371,198377,199276,41.5812,6.2741,1
280375,194529,198381,51.0882,6.2368,1
280485,198456,632380,6.9041,13.0712,1
280491,198460,627672,33.9215,4.1213,1
280561,197130,198512,86.539,5.5076,1
280814,198708,631524,17.2208,5.7604,1
280938,198794,623468,116.7433,5.8941,1
280973,197312,198817,141.3506,8.7202,4
281304,199052,201609,26.3439,10.5304,1
281455,199158,199159,5.3852,7.5452,3
281624,199265,643331,176.6481,6.4128,4
281637,199276,627838,81.998,8.1181,1
281645,198708,199282,12.3288,4.4689,1
282288,199738,652081,136.6102,6.982,23
282490,199886,635974,12.8841,11.593,2
282504,199893,200976,28.9137,6.8012,1
282673,198460,200004,15.0665,4.5,1
282674,199282,200004,32.7719,4.3708,1
282818,198817,200108,81.9573,9.3309,4
283064,195407,200293,97.8296,24.846,1
283679,200742,785012,6.2716,5.1926,1
283833,200850,201276,15.748,7.9681,1
283890,200896,202106,12.6886,7.0216,3
283907,200907,255945,11.1455,9.3553,1
283929,200907,200922,30.4138,7.6833,1
284006,200976,201069,7.1414,7.4634,1
284080,201037,788277,28.4462,9.5026,3
284407,201276,647048,110.5245,7.6712,1
284670,201452,377091,307.8669,8.3263,1
284672,201452,272331,96.7299,9.1492,1
284815,201553,784363,4.4721,9.5911,3
284891,201609,201682,20.6398,9.4625,1
284984,201682,204956,55.5068,9.4163,1
285010,201698,205721,25.716,7.5406,1
285630,200108,202136,78.9747,11.3309,4
286369,202688,300449,115.1486,7.8102,1
287127,203209,257100,9.9499,16.0446,2
288586,204251,207254,42.6263,6.0822,4
288630,204281,788266,29.3655,15.6173,3
289569,204956,206726,24.5357,10.7471,1
290211,205408,632376,52.1664,4.5616,1
290229,205421,207488,20.1246,6.03,1
290361,205525,642920,72.2326,9.4244,2
290625,205721,793590,23.0543,6.5826,1
290846,205872,223122,71.0563,10.2586,1
291248,206168,377604,16.5379,17.5545,6
291650,206442,207318,6.2004,11.979,3
291652,206444,790075,12.161,11.2193,3
291653,206444,790274,38.9986,11.9314,3
291801,206543,638196,74.0855,7.0674,3
291802,206543,207621,19.8494,6.0346,2
292070,206726,650625,28.6628,11.4034,1
292562,207089,207501,14.4914,11.3524,2
292781,207254,719349,506.0099,7.1133,4
292873,207318,208880,21.5948,12.1226,3
292972,207393,212536,67.3573,6.5332,1
293126,207501,212876,72.7324,11.0227,2
293297,207621,208454,184.5779,7.5091,2
293938,208056,210824,20.5081,7.4491,1
294126,207488,208193,8.6603,6.8758,1
294144,208204,210980,257.2275,7.7848,2
294263,208289,214286,32.0247,7.7782,3
294506,208454,648676,29.023,9.7358,2
295078,208848,649619,8.0,5.3852,2
295123,208880,792281,13.4247,12.8352,3
295219,208289,208949,37.1263,9.1184,3
295450,209102,209421,8.8318,14.654,3
295479,209121,796411,20.7364,3.7913,3
295572,209183,212700,29.6311,2.2361,1
295820,209376,790274,45.1349,13.5,3
295884,209421,792340,3.8586,14.8802,3
296037,209527,794810,14.6401,7.8827,3
296078,209562,214451,29.9796,19.1747,17
296090,209570,263527,44.6878,6.0822,1
296254,209692,794810,11.4537,8.4619,3
296300,209725,210317,6.8475,13.0765,3
297051,209376,210248,19.8511,14.7136,3
297136,210317,210875,32.3763,12.1789,3
297858,210824,217265,130.4036,7.129,1
297929,210875,210970,18.4331,12.3498,3
298017,210938,792281,36.0447,13.5447,3
298018,210938,794132,6.1283,14.0328,3
298061,210970,794248,14.8661,13.1708,3
298073,210980,651825,27.0103,6.2037,2
298440,211233,797165,27.9165,5.9313,3
298468,211256,659203,33.0606,5.0368,1
298705,211420,794132,11.4988,14.6088,3
298706,211420,213716,28.9943,14.5562,3
298853,211517,252354,15.7878,9.744,2
299314,211833,522460,4.761,6.9567,2
299945,210248,212287,26.8618,15.7913,3
299947,212287,212288,8.2529,16.651,3
299975,211233,212310,51.4296,7.4479,3
299976,212310,213964,32.2783,8.3079,3
300199,212460,216658,13.5078,6.9034,1
300264,209692,212506,31.6178,6.5539,3
300268,212509,212627,7.874,13.0151,3
300314,212536,671259,116.4231,6.2281,1
300395,212593,215886,45.3933,8.247,3
300396,212593,797301,25.1263,8.8023,3
300400,212596,797301,16.7,8.9399,3
300456,212627,796350,13.9284,12.067,3
300558,212700,660882,28.5715,3.1796,1
300564,212704,228550,5.3367,5.4155,1
300850,212907,807502,74.9061,19.779,1
300851,212907,223939,34.6157,17.1889,16
301186,213155,652081,38.4838,6.1127,23
301188,213155,661150,17.8326,5.6109,23
302131,213716,213840,13.6748,14.9803,3
302155,212288,213856,14.0673,17.2334,3
302691,213840,214216,33.4033,16.3887,3
302692,214216,214354,8.7178,16.4204,3
302783,214286,796411,37.1383,8.571,3
302826,214319,649619,61.5224,4.8139,2
302828,214319,215020,6.7823,4.3574,2
302875,214354,215679,47.8075,15.8114,3
303001,212907,214451,31.9527,20.6434,17
303025,212876,214470,20.6398,11.0227,2
303087,214514,377931,12.2972,35.2702,1
303177,214573,677062,162.0802,9.6974,1
303825,215020,670732,77.4234,5.9103,2
303890,215072,215433,16.5345,19.4493,3
304405,215433,798585,20.6855,18.0092,3
304730,215679,215810,12.1564,15.4224,3
304899,215800,335784,130.4663,12.2664,4
304913,215810,216823,19.163,14.0167,3
305126,215959,379043,6.2716,31.6099,1
305307,216076,800259,9.8432,22.3785,3
305624,211833,216296,31.4272,6.5555,2
306128,216658,221242,15.8339,4.6751,1
306359,216823,223745,93.4505,10.0707,3
306549,216965,802282,22.6323,9.6452,3
306550,215886,216965,32.18,8.105,3
306913,217206,659203,52.8709,4.8139,1
306992,217255,295035,27.2534,4.1829,1
307004,217265,218606,23.6408,7.5374,1
307274,217453,671504,44.1026,9.8464,2
307764,206543,217796,185.3348,10.251,1
307765,217796,218790,12.6886,13.2734,1
308163,218084,234546,255.5504,6.1567,1
308901,218606,221481,34.6041,8.1203,1
308972,218647,252770,31.8952,25.7739,1
309104,218742,391516,93.5551,16.9704,12
309423,218967,663190,24.1926,5.8941,1
309469,219005,254439,64.0885,33.3479,5
309470,219005,220386,4.2426,35.8384,5
309505,219036,220675,19.3391,4.899,23
309517,219044,677949,97.5033,9.9955,1
310152,219489,228599,131.9924,6.7787,3
310476,219721,384102,17.6078,16.8561,6
310610,219814,802395,20.3142,15.0961,3
310682,218967,219862,39.5727,5.8941,1
311352,220358,800831,106.4738,10.5695,3
311353,220358,222645,44.5097,14.4598,3
311398,220386,258827,33.7079,36.282,5
312590,221242,236381,25.5907,5.3028,1
312613,213641,221256,46.9622,4.872,1
312927,221481,221675,16.2224,7.4011,1
313205,221675,805876,14.1951,7.1383,1
313710,222046,670524,13.1743,3.5291,1
313711,222046,686632,74.5721,4.6993,1
314088,222312,235959,133.3742,16.3085,3
314089,219814,222312,27.3679,14.4262,3
315187,222838,223098,5.1962,3.5616,1
315274,223160,678610,38.9915,6.2696,4
315897,223596,805876,82.764,7.5794,1
315899,223596,225618,93.498,8.0282,1
316022,223686,224068,6.3421,17.9721,3
316101,223745,811383,17.0945,6.3093,3
316363,223939,226628,12.2342,8.1782,16
316850,224285,258912,15.8605,19.86,2
316996,224388,809119,16.5126,14.0363,1
316997,224388,225188,37.9075,15.9848,1
317244,224565,237886,117.8898,5.0043,23
317284,224593,678001,2.8674,8.1853,1
317520,224593,224761,43.1856,7.1749,1
317830,224761,224964,10.0499,7.0192,1
317871,224992,810848,30.8452,17.5,1
317873,224992,813450,53.8054,19.8199,1
318024,225100,810696,10.2307,16.2191,1
318148,225100,225188,5.2579,17.7549,1
318198,225227,227333,35.3412,3.3028,1
318763,225618,226949,12.7236,8.3657,1
319962,226454,817872,64.6065,13.5013,3
319963,226454,809720,24.5967,13.6079,3
320399,226764,227118,47.1911,3.1463,1
320660,226949,227685,28.1997,8.3959,1
320954,227166,229542,29.8831,4.9338,1
320955,227166,230897,61.3677,4.9338,1
321086,203600,227266,39.3319,4.4665,1
321087,227266,241247,14.7309,5.0378,1
321682,227685,813024,15.6098,8.0903,1
321874,227811,389274,47.4513,29.1683,1
322339,228120,248233,109.8332,4.8166,1
322945,228550,253910,12.0623,5.458,1
323003,228599,229346,36.1109,7.1056,3
323525,182043,228963,237.7121,9.4845,11
323526,228963,395464,137.5439,13.0483,11
324100,229346,691066,13.1909,6.1056,3
324587,229702,231505,46.9148,5.4218,1
324973,229985,230150,15.1658,5.6569,1
325216,229702,230150,38.6911,4.6708,1
326021,187602,230712,43.1972,4.9495,1
326292,230897,696485,109.8084,5.1029,1
326679,231184,700807,81.1542,7.6787,1
327114,231505,231788,46.5296,6.1127,1
327116,231506,690477,37.8095,7.8719,1
327527,231788,706948,62.57,5.7899,1
327733,231931,691654,43.7099,5.5649,1
327734,231931,237779,91.2414,5.1926,1
327776,231963,232152,22.1786,25.267,1
327788,231970,232152,17.3654,25.8514,1
327897,232048,232384,78.543,4.8452,3
328315,232344,695654,4.5461,6.5822,1
328381,232384,696877,49.7214,4.4068,3
328406,218647,232403,22.2723,30.9911,1
328645,232571,233283,48.6313,7.0312,1
328669,212704,232587,15.8399,4.0335,1
329023,232836,265104,18.3091,5.8549,1
329098,231963,232891,84.488,22.8145,1
329100,232891,818339,3.7417,20.4984,1
329196,232960,699971,24.9043,4.9936,4
329217,232974,238590,48.6613,10.9118,3
329289,233024,696877,3.1447,4.1231,3
329649,233283,237690,70.9718,7.415,1
330265,233718,819113,3.6827,12.9606,16
330383,233803,235351,37.5366,8.2525,1
330437,224964,233838,91.7932,7.8421,1
330438,233838,236175,27.6043,7.5794,1
331418,234546,714837,51.0316,6.2027,1
332508,235351,237561,42.5911,8.357,1
333633,236175,735650,110.2769,7.7973,1
334030,233718,236448,22.3745,11.5509,16
335431,237463,246266,88.703,5.5148,1
335467,237488,316793,44.1475,10.214,1
335517,237525,257763,42.2243,10.118,1
335613,2319,237600,20.267,15.5819,16
335742,237689,400063,91.9638,16.3752,6
335743,237689,384102,16.1658,16.0139,6
335744,237690,238230,10.3441,7.5498,1
335878,237779,240901,38.1314,5.0,1
336503,238230,238940,6.7082,7.68,4
336637,238328,260212,38.979,26.0884,1
337484,238940,245487,69.4766,7.1838,4
337744,239126,395533,59.4325,6.2633,1
338761,238590,239843,4.6428,8.4228,3
338762,239843,240205,4.5826,7.9702,3
339203,240161,717215,5.6273,5.8407,4
340307,240901,246241,59.0931,4.6795,1
340797,241247,270917,74.7172,4.5634,1
341950,204751,242081,67.2368,5.1938,1
342530,236381,242488,7.4087,5.6213,1
342531,242488,393653,29.5296,4.2426,1
342576,242520,727599,49.6711,8.3037,4
343271,243024,252105,108.4476,7.0674,3
344263,243737,243847,5.7446,5.6109,1
344426,243847,730176,161.4621,5.8208,1
344427,243737,243848,130.702,5.3723,1
345863,81389,244885,38.7284,5.0414,3
346063,245020,727477,6.1644,8.0282,1
346199,70969,245124,13.3218,5.7865,1
346200,245124,252013,114.7453,12.1911,1
346201,245125,706886,68.7677,5.958,1
346202,245125,250952,53.5257,5.0196,1
346226,87370,245143,16.2241,5.2631,1
346701,245123,245476,21.2106,4.3284,1
346722,245487,735317,58.6307,7.432,4
347678,246164,247411,16.7332,4.6795,1
347906,246317,729971,12.2429,8.779,4
348129,246467,726022,15.0333,6.5927,1
348381,246648,731323,46.1158,4.5826,1
348439,246689,246690,4.2426,5.6506,1
348440,246283,246690,8.124,4.8139,1
349042,246689,247107,46.3357,5.4075,1
349043,247107,252346,75.379,5.5317,1
349149,246241,247181,25.7876,4.6795,1
349150,247181,743607,53.5973,5.0,1
349249,85321,247254,10.2256,5.9569,3
349250,102539,247254,6.1695,4.9155,3
349340,51784,247317,46.6893,7.9121,1
349341,247317,249413,37.0075,6.9646,1
349486,247411,249693,12.53,4.7913,1
349634,94573,247523,10.9697,7.8102,1
349635,247523,248246,13.9084,8.2926,1
350662,248224,388454,8.5245,13.6724,1
350676,248233,250215,31.3865,3.3028,1
350692,248246,248355,42.28,17.7759,1
350848,149616,248355,32.5478,25.3572,4
350849,248355,252221,37.3195,26.2045,5
352349,205872,249413,210.1603,9.8689,1
352371,249428,738677,34.0881,4.6904,1
352459,105872,249499,14.7422,17.5336,15
352460,135496,249499,7.3485,17.4913,15
352734,249693,737536,13.7921,4.6365,1
352779,249728,732705,14.4106,3.6056,1
352780,249428,249728,3.4641,4.148,1
353460,245476,250215,172.9062,4.6312,1
353727,102539,250404,34.9937,5.9051,3
354107,250660,392280,18.1904,6.7371,1
354375,250846,251779,10.1912,12.3871,1
354530,250952,744111,33.0255,5.9986,1
354554,53142,250972,40.679,13.2181,2
354673,251061,749001,55.9404,8.2453,1
354733,251112,734118,17.0,6.7371,1
354734,251112,761364,97.4628,6.451,1
354779,245020,251144,160.4338,6.7774,1
355116,251373,253058,28.4429,5.0368,1
355694,227811,251779,37.5843,24.9907,1
355929,251939,774512,192.0278,7.3294,1
356128,252078,309079,163.1073,5.0724,1
356165,252105,268903,120.852,7.8793,3
356200,154722,252133,3.3665,19.4254,1
356201,252134,253362,36.0482,15.429,1
356202,252134,252282,4.3108,14.3873,1
356316,252213,252558,36.6753,16.6368,1
356428,154956,252290,32.1685,21.5503,4
356502,252346,732935,98.7421,6.3226,1
356509,252354,356592,18.3727,8.3263,2
356786,252282,252558,26.6729,14.3353,1
357093,252770,388992,3.448,14.2562,1
357333,252938,784999,157.4004,8.0137,4
357416,160319,253001,20.6955,20.1771,1
357499,253058,713167,138.9412,5.7878,27
357500,253058,254208,9.1104,6.1558,28
357596,253122,253200,18.9478,13.6973,1
357707,252213,253200,53.2923,15.9988,1
357725,253212,254375,38.4993,23.3325,15
357933,173843,253362,16.0384,15.549,1
358304,253609,747283,16.1142,6.6472,1
358502,178533,253754,3.8297,16.7777,1
358963,187709,254074,6.7823,20.7514,1
359152,254208,267817,94.1701,6.4419,28
359263,179949,254296,3.6056,17.775,1
359387,254375,265151,40.9731,14.4428,15
359463,198248,254434,31.4059,10.2411,1
359577,186294,254511,8.7496,19.9846,1
360249,187682,254989,6.2093,20.2466,1
360378,254511,255074,13.784,18.5699,1
360380,186333,255075,16.3673,18.3539,1
360382,255075,255076,10.403,20.1989,1
360428,252760,255097,25.7186,6.9034,1
360429,223122,255097,56.9932,7.1133,1
360579,191687,255202,36.3129,20.1956,1
360580,255202,255203,8.9082,24.7082,1
360817,191682,255369,10.7705,21.096,1
361226,255369,255670,39.217,20.7603,1
361353,194285,255754,3.3166,24.5647,1
361370,255765,255766,20.3316,7.0229,3
361371,202106,255765,8.0208,4.3523,3
361373,255766,256367,22.2669,11.3846,3
361427,255805,742857,22.6471,7.9282,4
361469,209570,255837,18.0647,6.6401,1
361624,255754,255940,8.8717,24.3676,1
361631,169709,255945,25.0976,11.3364,1
362185,254434,256319,54.6148,12.3551,1
362258,203209,256367,37.3502,14.0542,2
362259,256367,259184,24.7885,8.7139,1
362282,252290,256383,23.0115,21.0814,4
362283,256383,257965,11.1878,21.8659,4
362638,256640,750454,29.524,9.6424,4
363220,257055,746924,47.648,6.6623,1
363286,224285,257100,19.6977,17.0147,2
364127,257688,774775,87.496,9.0777,1
364227,256319,257763,14.3682,11.923,1
364532,257965,268632,87.0508,23.5685,4
365861,258912,268491,62.7719,12.2247,2
366251,237488,259184,11.431,7.4485,1
366285,258827,259208,23.5337,35.0748,5
366286,259208,259353,6.364,31.8166,5
366538,256229,259402,26.1992,19.3639,4
366539,259402,291500,20.9603,20.7596,4
367112,245172,259816,26.3042,24.0031,1
367676,260212,265028,13.2445,14.9856,1
367998,260440,261076,20.4695,4.9495,1
368130,260537,269414,97.9285,7.0,1
369557,261557,262721,16.4012,22.3275,1
369571,261568,262723,15.3911,26.209,1
369574,261568,261569,11.55,26.6954,1
369575,261569,392241,3.35,23.6364,1
369604,261589,269776,111.984,15.8892,6
369773,256640,261714,53.9351,8.4345,4
369774,261714,760831,7.2111,7.8367,4
371205,259816,262721,14.0694,22.5213,1
371207,261557,262723,6.9516,23.6043,1
372076,263330,788734,79.6158,7.4833,1
372307,263492,310575,50.6787,6.3901,1
372333,259353,263507,25.318,31.9041,6
372334,263507,264833,27.8448,33.8484,6
372356,263492,263527,5.6273,6.9228,1
372950,263958,264477,20.0998,8.8296,1
373472,264312,306106,33.7672,8.4117,1
373711,264477,269013,69.383,6.8632,1
373908,264615,762850,14.9406,9.8995,1
374506,265028,393972,7.8951,11.1747,1
374633,265104,484812,80.7919,6.2445,1
374693,265151,331299,38.943,10.4252,15
374988,265367,265542,15.6525,5.1421,1
375066,265423,781165,89.4383,11.7348,1
376252,266269,394386,17.5615,15.8389,1
376253,266269,392563,4.5907,21.7265,1
376274,266281,338220,32.9798,9.142,1
377450,267136,338672,20.3224,21.1549,4
378039,267528,272212,49.5616,10.5049,1
378125,267585,267790,4.3589,7.9909,1
378419,267790,789251,80.7857,6.8729,1
378457,267817,776165,99.0252,6.03,28
378623,267933,334021,14.4703,19.2187,2
378624,267933,269054,24.7415,18.5678,2
379120,268277,781105,75.6813,5.3852,1
379396,268491,334021,67.1456,12.304,2
379600,268632,275742,54.8093,16.0171,4
379802,261654,268778,111.7766,6.5339,1
379984,268903,385752,51.5772,8.8703,3
380140,269013,271178,73.0068,5.8303,1
380201,269054,269672,4.4845,20.3657,2
380225,269073,271005,34.106,9.9875,1
380418,269211,778524,3.559,7.1401,1
380706,269414,272410,39.2556,6.8541,1
380934,269573,274598,47.1063,9.6162,12
381162,269727,362282,12.2338,21.9925,4
381228,269776,279648,52.0715,14.1154,9
382191,270450,774512,34.1822,8.1368,1
382192,270450,272248,12.8452,6.7016,1
382839,270917,277023,59.9852,5.2249,1
382968,271005,397667,33.0807,8.4844,1
383035,269672,271057,22.4577,19.0615,2
383213,271178,783692,15.5849,5.8723,1
383256,271207,382814,121.9117,5.1926,12
383257,271207,276762,35.7941,4.7541,12
383343,269056,271267,29.0937,10.6725,1
383786,271580,779089,33.8707,6.5164,1
384693,272212,272907,5.6862,10.6356,1
384748,272248,786661,6.377,7.5027,1
384883,272331,275691,4.1231,7.9671,1
384967,272381,402997,30.6814,21.1769,1
385008,272410,788985,28.6279,7.0283,1
385454,272730,273713,7.3485,6.9873,1
385697,272907,382468,35.16,8.3477,1
386028,273138,274553,40.4228,4.9495,1
386262,272855,273302,4.7376,15.0479,1
386713,273302,273634,6.6111,16.3854,1
387143,272846,273916,51.7011,7.1133,1
387323,274043,474586,241.3522,6.7564,1
388023,274553,286345,82.7164,4.7913,1
388258,274727,395464,5.2118,17.7661,11
388816,275131,314540,31.2019,6.9495,2
388817,275131,282013,29.6011,4.7408,2
389083,275309,296539,213.5928,7.2636,1
389709,275742,450824,29.1357,14.2156,4
389888,275869,807701,30.9713,10.3377,4
390057,271515,275985,63.663,18.3995,4
390059,275985,277737,25.9097,15.7284,4
390296,276146,418908,5.099,8.1203,1
390297,276146,431365,9.7297,7.874,1
390298,276146,429899,20.3142,10.4562,2
390531,276302,785637,57.2723,5.1029,1
390532,276302,279586,29.2746,3.7936,1
390824,276517,790881,47.2708,9.6414,1
391374,276909,397216,164.1717,6.2264,1
391653,277100,278378,12.8393,4.307,1
391913,277292,808130,37.3831,7.8037,1
392107,277428,803138,59.2712,14.5511,1
392142,277456,450786,24.4126,7.3309,1
392398,277637,429899,19.2435,18.1489,2
392399,277637,277965,4.0595,22.4695,2
392535,277737,490900,60.2412,11.1335,4
392881,277965,456253,11.6476,23.1178,2
392928,276517,277998,48.6415,9.1891,1
393039,278082,783017,115.5061,8.659,1
393439,278372,804065,8.518,9.2156,1
393589,278472,606241,215.2317,10.4289,2
393590,278472,278582,17.0261,11.0214,2
393749,278583,508785,74.8101,15.4189,2
393751,278582,278583,12.8712,10.2468,2
393763,278593,279513,11.0905,17.1516,1
393818,278630,279551,10.6771,6.451,1
393846,278650,460698,20.1715,19.8082,1
394078,277428,278806,42.0833,15.0646,1
394304,278966,280475,22.9129,7.2007,1
394392,274879,279030,51.7784,5.6506,1
394789,279312,511524,46.5976,7.2024,1
394790,279312,446893,9.3452,5.7007,1
395087,279513,279823,4.899,18.3205,1
395144,279551,282123,268.7397,7.4155,1
395146,279553,820958,224.7599,6.8507,1
395147,279553,280475,43.3705,7.2592,1
395192,279586,817980,28.1366,5.8552,1
395277,279648,480805,18.0185,8.4328,9
395524,279823,280000,25.9615,19.2201,1
395787,279999,810685,78.6702,24.2878,1
395789,280000,808752,25.9679,19.9331,1
395923,280101,281145,11.7898,13.9205,1
396232,280314,810684,5.3502,27.3388,1
396304,280364,396785,9.1652,26.7291,1
396349,280399,774775,97.3613,9.5342,1
396350,278082,280399,67.7791,8.1453,1
396419,277023,280452,37.4744,5.9522,1
396421,280452,632405,225.4208,5.5561,1
396428,280457,805990,61.3845,13.8284,1
396557,274727,280553,14.1145,17.3276,11
397068,230712,280925,83.1264,7.4244,1
397069,280925,293897,11.5758,10.8616,1
397082,280933,374917,6.768,7.9671,1
397083,280933,734082,5.6984,6.9775,1
397163,280998,810347,26.4953,7.3143,28
397275,281077,392280,32.7872,6.5927,1
397371,281145,813697,24.2464,16.3529,1
397428,281187,281188,5.8689,18.4647,11
397429,280553,281188,8.4722,16.6221,11
397562,280756,281276,36.3074,20.371,2
397563,281276,289382,55.2287,23.0617,2
397612,278372,281311,89.5545,8.6485,1
397613,281311,283780,17.0294,7.1067,1
397906,277456,281516,23.0294,10.6786,1
397907,281516,498979,20.0686,12.162,1
397989,281572,484865,16.9629,30.3293,3
398174,281706,814047,19.7484,16.454,1
398787,282123,284720,25.2587,7.7404,1
399308,282489,397024,3.3823,24.3814,1
399695,282772,320629,54.1202,6.0173,1
399696,275309,282772,214.7184,7.3407,1
399718,282791,284619,15.8535,7.482,2
400298,237525,283192,20.9762,8.6113,1
400299,266281,283192,44.8665,11.0081,1
400481,283307,289632,17.4674,22.4479,1
400482,280364,283308,9.4104,27.8941,1
400601,283393,820051,2.7689,5.9907,1
400647,47639,283424,50.3477,8.3773,28
401013,283673,285573,65.2934,9.8365,1
401014,283673,287452,28.6705,7.1734,1
401184,151693,283780,56.2805,6.0738,1
402098,54623,284418,20.7766,8.9346,1
402100,284418,808446,59.8514,6.2838,1
402161,112083,284461,75.5932,7.8075,1
402216,284494,474586,365.7776,6.2838,1
402217,284494,511162,19.0759,7.3247,1
402242,284512,290233,58.4627,13.39,3
402390,284619,516693,28.6007,8.7745,2
402558,232836,284720,110.8287,5.9329,1
402657,284787,497063,22.7669,8.8818,1
403399,285312,820502,33.8181,3.9921,1
403439,285344,444776,106.0655,5.0331,1
403440,285344,577415,51.0903,6.2445,1
403699,283307,285527,7.6085,22.3901,1
403763,284792,285574,10.3172,8.8805,2
403764,285574,517910,4.899,4.8599,2
403983,274598,285722,46.5212,9.8464,12
404108,285808,286663,24.9564,17.3436,2
404374,285995,288466,57.4708,13.1058,2
404375,285995,286663,4.1366,15.8215,2
404540,12781,286113,16.1314,4.1829,1
404562,286129,291923,83.6301,6.3546,1
404766,286277,286278,6.2926,14.1492,1
404767,286277,515332,12.7622,15.5472,1
405133,286534,421912,208.4882,7.6112,1
405359,286703,395896,19.7146,16.4283,12
405893,287085,498979,23.978,18.6721,1
405894,287085,549305,20.1067,22.1629,1
406198,287300,287938,8.3066,15.4584,2
406392,287452,289561,18.7646,8.6313,1
407062,177913,287938,40.9919,15.3926,2
407135,102149,287990,57.7177,6.5557,4
407180,129651,288018,26.3947,9.7133,28
407491,85254,288223,19.1746,5.3033,1
407492,286113,288224,25.4755,4.2976,1
407637,288329,553203,21.3698,8.7979,2
408192,285992,288716,22.2676,16.3963,1
408193,288716,293047,42.2831,13.8357,2
408473,99186,288901,4.2426,4.0388,1
408639,288329,289016,8.8694,8.4853,2
408877,288901,289177,14.8997,4.1069,1
408878,117985,289177,3.3665,4.0503,1
409004,215800,289266,66.863,12.5415,4
409500,289632,400086,8.2999,20.9516,1
409822,288223,289853,19.2873,6.8632,1
410367,290233,297997,47.6221,12.2064,3
411260,290852,297453,123.8951,8.8305,28
411265,290855,560926,65.2722,21.736,2
411266,290855,611273,37.141,22.049,2
411613,217255,291087,21.9716,4.6708,1
411614,286345,291087,40.1123,4.8408,1
411770,291203,550478,4.3205,17.7989,2
412174,267136,291500,19.9583,20.2473,4
412738,291879,398064,22.5019,23.5145,80
412739,291879,295646,23.8164,22.6069,80
412802,291923,296184,56.6569,9.562,1
413086,291203,292129,4.8189,17.6682,2
413326,292312,409302,74.036,6.5945,1
413328,281077,292312,34.4964,6.6315,1
413353,289561,292329,43.5495,11.5585,1
413554,292468,572217,8.2865,11.3692,1
413932,54623,292751,135.1764,11.4649,1
414332,293047,296849,36.0345,9.294,2
414447,281187,293126,69.6028,18.521,11
414722,292329,293323,17.9224,16.8461,1
414725,293323,574178,16.556,15.3404,1
415532,248171,293883,110.9451,5.9667,2
415552,273229,293897,101.3953,7.0552,1
415823,294090,806414,10.007,5.1029,1
415824,4903,294090,29.4562,3.1796,1
415943,253910,294175,24.4393,4.3723,1
415944,241153,294175,4.899,3.0725,1
416129,232587,294310,5.0881,2.2361,1
416130,233138,294310,9.9666,3.8566,1
416866,294856,294977,4.8103,25.6089,2
416881,294865,626119,55.4196,9.649,1
417036,294977,295612,6.7515,27.2054,2
417092,295025,708525,112.8805,9.525,1
417102,233138,295035,15.438,4.8002,1
417917,295597,575450,16.4114,10.0519,1
417918,295597,296625,7.1414,8.5311,1
417937,295612,608634,24.59,27.8336,2
417989,295646,401367,7.6085,21.4654,80
418416,295946,543822,111.022,7.0,4
418518,293883,296025,31.4006,4.1231,2
418519,296025,297293,20.2485,4.1829,2
418679,248171,296134,14.005,6.5977,2
418680,282013,296134,37.9561,4.9839,2
418744,296184,300439,51.3517,11.3137,1
419270,296539,299315,67.8151,6.4031,1
419379,296625,298104,40.6872,8.1056,1
419915,292751,296997,45.288,9.6436,1
420534,297453,314648,220.6944,7.5415,28
421295,297997,636778,31.4983,20.6458,3
421456,298104,298324,22.7266,7.7287,1
421626,298224,676804,26.9637,15.3603,2
421805,298341,298618,11.3235,19.0511,1
421866,298384,299315,19.2671,8.5401,1
422187,272381,298618,23.2128,20.0963,1
422385,264833,298753,48.0717,30.7029,6
423159,299316,677200,98.1541,15.1215,2
423740,299720,551447,51.2835,6.8759,4
424085,299966,630547,32.9061,19.568,3
424775,300439,437915,11.0604,11.0652,1
424789,300449,301038,4.6904,8.7528,1
424871,300503,402512,25.9808,10.3477,1
424907,298576,300531,61.5635,9.4792,1
424908,300531,310517,52.2791,7.2111,1
425000,297293,300595,41.9285,5.3617,2
425184,300724,558203,84.7647,6.6437,4
425185,300725,405581,7.6085,6.5414,4
425186,300724,300725,6.4031,6.2386,4
425279,300789,608634,10.1242,25.9964,2
425408,300880,648446,27.6225,10.6971,2
425631,301038,317180,154.9484,12.8164,1
426196,261589,301446,33.1863,12.4057,6
426197,301446,319707,58.1378,18.3242,6
426619,301739,404176,6.0828,15.2224,12
426897,301936,630547,23.1205,16.9015,1
427175,302137,621665,95.7949,13.6133,3
427176,302137,470405,69.735,13.2428,3
427468,302339,505578,30.2262,15.4052,1
428278,301936,302906,21.0132,9.0258,1
428846,303307,303308,4.2426,6.5636,4
429030,303439,646155,25.2323,8.938,4
429264,303619,743480,125.2899,4.7434,1
429265,303619,657841,8.1172,5.7118,1
429389,303706,390730,31.2854,12.1125,2
429416,303728,473266,85.3481,5.6993,1
430299,298753,304362,23.1517,30.9265,6
431164,304961,311907,42.3661,15.8802,12
431336,299720,305080,75.6902,7.9582,1
431337,305080,504453,15.5443,6.7749,1
431456,2432,305161,59.8127,7.4461,1
431457,305161,305191,6.0828,7.1056,1
431500,3298,305191,30.9785,6.0,1
431571,303308,305243,35.0571,5.7269,4
431573,305243,306153,25.9422,4.6708,4
431574,305244,555617,22.9637,6.0402,4
431575,305244,306153,13.9284,5.5076,4
432122,3415,305620,55.847,5.9508,1
432252,305711,372901,51.2445,4.8341,1
432253,305711,630666,37.7845,4.3301,1
432798,269073,306106,43.2589,9.3802,1
432863,306149,544153,25.9679,4.7386,4
432864,306149,558203,31.4084,5.9051,4
434197,4317,307071,51.3409,8.5576,1
434198,5544,307071,95.1292,9.0182,1
434724,307439,313103,31.6421,18.8359,80
434987,304362,307616,29.7993,29.7077,6
435884,308249,616710,14.9295,17.6344,1
436791,308903,518676,26.8432,11.5273,4
436792,308903,684609,20.0938,10.6892,4
437003,5127,309053,30.3902,6.8163,1
437112,309139,312260,36.1939,6.0173,4
437311,306707,309272,84.8882,4.7913,1
437312,309272,739636,36.8486,5.2913,1
437910,173968,309700,44.3546,6.2196,4
438223,4317,309927,110.6883,7.4806,1
438318,300595,309992,68.8549,7.5415,2
438319,1092,309992,62.8941,6.8012,2
438491,5544,310109,18.9561,7.8012,1
438625,310208,562329,30.5287,4.4707,4
438886,5323,310396,44.4072,4.3523,1
438887,6099,310396,10.6145,4.6111,1
439064,310517,314366,42.3136,8.3225,1
439231,310631,336488,58.0986,5.1112,1
439232,310631,393855,96.3725,6.7759,1
439814,311036,630666,16.1967,5.2676,1
439815,958,311036,52.1589,6.4936,1
440044,5616,311191,51.1468,6.6328,1
440045,8312,311191,43.5431,6.7787,1
441094,301739,311907,20.1384,16.3887,12
441489,311163,312186,39.5095,4.6111,4
441597,312260,728032,20.0918,5.6967,4
442799,313103,318568,30.576,18.3442,80
443473,6906,313585,145.524,6.5414,1
444120,209,314034,38.3797,13.1634,2
444601,314366,319703,24.8238,8.9596,1
444755,314472,405751,62.7127,12.6708,51
444756,314472,408329,32.8312,9.2016,39
444843,296997,314540,8.226,8.5311,1
444947,314613,403948,39.1706,19.0212,11
445472,313585,314979,72.6688,5.8698,1
445559,1120,315039,46.9446,14.5165,1
447303,29859,316234,67.3238,6.3287,1
447304,316234,316235,24.6982,4.6856,1
447928,3479,316650,39.5011,4.8002,1
448108,8864,316775,47.9884,12.6501,8
448109,316775,684609,42.3858,10.9299,4
448130,267528,316793,6.917,10.032,1
448700,314648,317180,23.7065,12.2699,28
448701,317180,322165,29.1548,14.0102,29
448766,391,317223,3.5901,8.0428,4
449584,317793,324976,69.491,5.5822,1
449585,317793,318225,69.6707,4.6213,1
449857,10435,317988,3.3993,8.6309,1
450197,12049,318225,41.0609,4.4665,1
450698,318568,407853,22.8035,19.222,80
451596,314979,319206,62.9873,5.1197,1
452323,319703,320767,19.4822,7.284,1
452328,307616,319707,8.6023,24.4231,6
452837,320053,403705,32.4568,20.6608,3
453225,320321,323658,87.4185,6.2838,4
453597,7370,320574,14.3607,5.8309,1
453683,320629,419781,113.8991,7.9827,1
453815,268599,320715,31.1268,6.3763,1
453880,320767,408903,30.7607,6.1236,1
454510,28143,321206,90.4089,4.6213,1
454537,320321,321224,11.1803,6.3988,4
455551,319206,321941,48.6221,4.8408,1
456510,23983,322610,39.4968,11.1323,8
456564,8080,322650,5.1208,5.0,2
457994,51505,323658,83.1946,6.7371,4
458698,324140,328556,30.2324,7.5311,2
458768,322165,324199,17.0,11.8294,29
458769,70714,324199,86.9725,12.2879,29
458867,239,324273,116.4174,6.9432,2
459091,25500,324431,51.4492,5.937,1
459525,324754,328352,123.7174,7.4833,1
459776,17687,324932,99.088,7.1875,1
459836,38327,324976,48.3908,5.2035,1
460288,319384,325279,113.7058,12.8319,1
460289,31164,325279,34.7611,13.7261,1
460913,322657,325722,41.328,3.5355,1
461117,1092,325873,153.5611,6.1742,2
461254,29182,325971,17.792,11.0216,8
461255,23983,325971,3.6056,11.1323,8
461885,16114,326403,20.5344,5.1083,1
463348,58683,327426,92.7451,12.5488,2
463632,327622,331275,85.3346,5.7865,1
463983,65577,327869,85.7574,6.3326,2
463984,324273,327869,64.2262,5.8941,2
464906,328509,337669,74.8354,5.5317,1
464954,23045,328543,41.3844,7.1149,2
465573,328984,330697,22.1585,14.6782,1
465786,328412,329132,10.0499,9.4244,1
466045,329327,330344,82.5712,6.8617,1
466396,329579,332632,129.7536,4.4246,1
466397,329579,331275,10.6301,5.6506,1
466531,39165,329678,11.1455,15.0013,12
466622,328543,329746,34.9428,6.6472,2
467430,330305,336541,87.4128,12.0728,8
467481,55478,330343,49.8687,5.3782,1
467482,38332,330344,25.5713,5.8208,1
467915,25502,330652,38.3753,6.6472,1
467916,330652,332374,10.3441,6.733,1
467987,329132,330705,52.7236,8.9159,1
470341,332374,333405,86.6083,5.7865,1
470938,329334,332793,20.9045,3.8452,1
470939,332793,333671,7.1414,4.216,1
471335,41080,333071,38.3755,5.8549,1
471341,333077,333405,5.3852,5.3284,1
471573,333248,347947,149.2548,15.7469,1
471574,47920,333248,16.1314,16.5855,1
471776,55478,333399,18.8827,5.8166,1
471838,330705,333441,50.1404,9.3656,1
472155,85255,333662,72.7026,6.3533,1
472172,333671,344283,65.307,5.3349,1
472242,333441,333712,14.6875,9.8742,1
473527,334649,438642,4.3653,9.8742,2
473573,334680,339238,59.5399,4.5738,1
473574,334680,335457,24.5153,6.4155,1
473840,330012,334865,35.8903,6.7016,1
473841,334865,340497,139.7335,9.2224,1
474030,334991,336910,28.7054,7.3104,1
474104,19585,335034,17.6415,11.3983,1
474336,19803,335204,146.731,10.1522,1
474690,58393,335457,15.3948,6.5822,1
474769,44485,335516,44.1965,4.7408,2
474770,57603,335516,10.5987,5.985,2
475325,80653,335909,185.3132,8.0832,2
475326,54243,335909,44.426,8.0239,2
475822,336267,338766,33.2415,7.2327,12
476072,336441,338284,29.95,6.117,4
476102,336457,341397,122.5543,11.3739,12
476145,336488,421765,106.7692,5.6125,1
476224,89754,336541,74.6702,12.3643,8
476750,335204,336896,19.3362,9.1229,1
476751,336896,342122,71.1817,9.7309,1
476769,336910,338732,25.0998,9.0582,1
476837,332056,336953,42.3031,4.4203,1
476857,78817,336965,48.3908,16.1536,12
478649,269056,338220,3.559,7.5074,1
479003,328412,338464,223.8472,9.8489,1
479004,338464,338999,4.6428,10.0234,1
479298,269727,338672,7.6158,22.5927,4
479390,338732,339414,26.5707,10.1595,1
479434,78791,338766,34.8613,7.3098,12
479609,338900,348870,105.385,8.1181,4
479768,338999,342001,124.1867,9.2523,1
480321,24634,339385,64.2054,7.7457,1
480364,103683,339414,127.7193,9.6618,1
480405,337669,339440,27.8787,6.1237,1
480406,22754,339440,8.36,6.4128,1
480855,336441,339753,56.4092,5.4155,4
480856,339753,350069,78.1153,5.0,4
481335,339388,340087,5.831,7.2327,1
481915,25128,340497,61.2835,11.5435,1
482328,23737,340794,64.8768,4.9286,1
482507,340087,340926,91.4986,5.6123,1
482509,96189,340926,67.2681,5.3228,1
482884,336953,341196,46.4925,4.1621,1
483165,341397,405600,117.8346,14.4071,12
483287,341196,341479,62.1611,6.5925,1
484020,342001,346222,127.404,8.7901,1
484024,20435,342003,71.8249,10.1204,1
484025,342003,354624,135.2548,10.2383,1
484185,342122,343602,16.8044,8.9159,1
484557,342383,353170,115.6028,16.4721,2
484685,26752,342484,46.7404,4.872,1
484752,87673,342527,45.6983,4.9936,1
486237,98346,343537,32.4346,4.0388,1
486317,343602,347332,33.9444,8.1401,1
486401,23412,343656,22.4425,5.5822,1
487121,106404,344169,26.9361,5.8941,1
487279,336876,344283,103.4843,6.0136,1
488930,345413,345414,17.0261,21.221,80
490092,343656,346222,28.0179,7.1368,1
490278,330644,346355,127.7537,5.5335,1
490295,345134,346366,56.6745,7.589,1
490811,72796,346725,49.1766,5.651,1
490812,133402,346725,54.8756,5.0724,1
491491,346366,347217,53.2447,5.2631,1
491492,134982,347217,41.3951,3.7199,1
491655,26678,347332,17.7169,7.1401,1
492241,347750,367846,155.4799,14.1593,29
492242,70714,347750,70.5305,13.5178,29
492562,331299,347973,16.0312,16.3458,15
492563,269776,347973,33.3342,19.2933,15
493066,36849,348337,19.972,2.3428,1
493207,348454,355267,54.7083,4.5708,1
493562,28360,348712,20.7659,5.862,1
493773,27499,348865,24.7184,7.9978,1
493780,348870,349818,10.3923,6.7371,4
493819,348900,415150,23.4141,7.4011,1
494874,139200,349674,96.5965,9.507,4
494875,107647,349674,4.761,7.9367,4
495083,349818,349819,2.0,6.4031,4
495085,125353,349819,21.0317,6.8071,4
495445,350069,358406,100.2946,5.5414,4
495887,17687,350365,691.9196,9.9509,1
496187,100443,350574,44.3759,14.6669,12
496301,350655,356206,146.5401,7.9582,1
496302,118767,350655,23.2236,6.6833,1
496638,350574,350900,6.0,15.9682,12
498116,105516,351908,26.4113,5.1029,12
498117,138352,351908,21.7077,4.511,12
498426,116468,352129,18.0062,23.1819,1
499062,352599,352934,7.9092,3.8637,1
499553,30940,352934,22.7205,2.9142,1
499595,352967,353650,23.6854,12.5147,2
499596,352967,353170,5.9161,15.1376,2
499623,352984,355292,3.1623,2.2361,1
500143,353366,354476,17.246,6.3901,1
500247,353437,378599,237.1856,12.7008,4
500248,132943,353438,20.1577,10.5301,1
500308,350900,353480,26.8887,16.1861,12
500546,353650,355134,107.9305,11.9084,2
500624,96189,353702,186.435,7.1328,1
500678,314540,353741,14.8287,8.437,3
500679,299720,353741,8.4656,8.1203,3
501264,25089,354145,118.1435,8.1478,1
501265,354145,370944,132.0002,10.0288,1
501449,39707,354267,143.2767,6.1596,1
501633,133408,354397,68.9122,6.8111,1
501652,30992,354411,45.021,5.0616,1
501653,354411,373722,164.6525,6.6401,1
501750,31326,354476,13.3915,7.0421,1
501858,136266,354556,28.015,29.4882,3
501952,32485,354624,31.1858,7.1734,1
501962,32497,354629,41.8688,10.0499,1
502599,345413,355062,27.7629,20.7161,80
502600,355062,415331,28.2469,18.4435,80
502698,355130,409302,104.6693,6.0467,1
502702,355134,358270,57.0438,14.2782,2
502814,355218,360146,52.5833,8.3927,4
502815,139200,355218,12.5521,10.4017,4
502880,355267,358115,23.1948,4.3574,1
502907,4903,355292,22.3159,2.2361,1
503539,28827,355749,54.9758,12.2872,8
503617,355804,357870,44.0025,12.2686,1
503618,32302,355804,13.0128,12.4808,1
503818,355936,645592,28.1069,8.2785,9
503944,356020,356229,88.6228,7.3124,1
503946,354397,356020,99.6193,6.8111,1
504256,33143,356226,46.1916,6.8896,1
504434,336457,356355,233.1113,10.5415,12
504667,356518,434190,8.9007,24.0815,1
504929,356229,356712,5.099,7.4159,1
504930,356712,360900,33.9706,7.2098,1
504994,353480,356758,29.2233,16.0924,12
504995,356758,356955,3.0,16.4677,12
505064,32709,356814,22.6139,10.7469,21
505260,31684,356945,18.1537,9.7721,1
505399,35312,357045,88.82,9.7088,21
505516,356814,357131,59.3631,9.501,21
505517,63255,357131,726.0661,9.0424,21
505629,32982,357205,119.5422,6.1551,1
506052,356206,357506,22.2261,8.105,1
506588,33939,357870,15.1511,10.3705,1
506734,87030,357966,138.9172,7.0866,1
506735,357966,361419,23.0434,6.8901,1
507161,354556,358277,62.9047,26.6521,11
507228,357506,358324,73.0342,7.8301,1
507357,153712,358406,49.682,6.783,4
507491,358490,367353,68.1469,4.899,1
507493,358115,358490,3.4641,4.6856,1
507715,358654,366725,110.752,7.2592,4
507859,358277,358751,11.3578,24.6034,11
508700,359342,364542,43.0465,18.7482,6
508802,359412,415550,9.9944,12.2059,12
509130,358011,359656,16.9581,12.6225,1
509273,359755,359929,17.8045,20.3428,8
509364,33143,359819,20.0832,7.2592,1
509526,359930,361551,14.1699,12.1093,8
509832,160634,360146,47.7317,7.1581,4
510239,34460,360449,3.7859,19.3778,8
510554,360663,370627,286.7416,11.3605,1
510888,174149,360900,38.566,7.7188,1
511273,150714,361168,52.159,19.9143,11
511445,361284,366178,46.436,4.977,1
511745,359656,361488,16.5865,11.4184,1
511790,151271,361516,50.3885,10.3762,1
511837,361551,368108,47.7831,11.4425,8
512061,361717,362654,7.9303,21.1525,8
512458,356897,361996,7.1181,21.5171,6
512860,271515,362282,8.6987,20.2194,4
513383,34797,362654,19.6808,21.5534,8
513475,41136,362712,81.4789,6.3226,1
514336,363338,363897,9.5044,20.3338,8
514448,171866,363419,41.4367,6.0092,1
514449,363419,367285,22.3607,5.1421,1
515093,36039,363897,5.2599,20.6341,8
515653,360663,364289,72.9673,3.7913,1
516008,177300,364542,15.2534,18.1157,6
516262,356955,364731,77.4145,16.2768,12
516263,189574,364731,37.2424,17.6236,12
517013,365256,369464,50.514,4.6289,1
517062,363338,365292,23.497,19.3284,8
517211,364289,365408,55.001,3.5616,1
518044,44349,366008,11.3431,16.8648,1
518203,359412,366123,43.6323,13.1465,12
518267,38253,366178,18.412,3.7936,1
518864,365292,366585,19.5533,18.9813,8
518865,366585,366587,3.35,20.3285,8
519056,184146,366725,15.2753,7.6178,4
519554,367072,367403,38.2139,7.4461,1
519555,367072,369547,18.8348,6.5792,1
519873,364079,367300,89.8554,7.5074,4
519950,367353,367643,22.1811,4.999,1
520026,367403,373722,119.7712,7.2456,1
520511,174540,367755,69.5909,10.7779,1
520559,212460,367788,82.229,6.4806,1
521024,39239,368108,5.2599,11.7473,8
521861,38248,368701,13.536,7.9754,1
521862,368701,376452,90.1436,6.8012,1
521863,39971,368702,22.9613,8.717,1
522485,369131,378949,29.0402,16.4095,12
522557,182056,369180,15.5849,8.6988,11
523083,42317,369547,36.842,5.6109,1
523202,368702,369630,20.0499,8.539,1
524649,40653,370627,9.4207,17.4657,1
525254,218742,371047,86.725,18.5181,12
525255,189574,371047,10.4563,19.9239,12
525445,367285,371180,46.9255,4.7408,1
525446,371180,377419,46.1628,3.4093,1
525471,57950,371195,444.475,6.3541,1
526094,361996,371641,17.1172,21.8808,6
526189,40371,371711,39.2202,9.5647,20
526190,40312,371712,14.5488,9.6667,20
526776,42017,372121,58.0747,7.8885,2
527206,371712,372424,21.8123,9.434,20
528076,373024,417825,23.1349,15.5297,12
528077,373024,383164,60.1156,14.3571,12
528082,369131,373027,29.8736,17.1723,12
528083,373027,426276,102.9806,13.9218,12
529427,373983,387572,97.1236,6.6115,1
529429,320715,373983,165.3239,6.5806,1
529686,367643,374177,96.8349,6.2237,1
529890,214871,374314,75.1731,16.977,4
530756,373495,374942,11.8322,24.5523,7
531044,41143,375143,53.2005,12.0824,20
531265,375056,375291,5.6862,2.2882,1
531681,43454,375564,62.9682,3.7383,1
531682,375564,376245,4.2295,5.7878,1
531684,38253,375567,59.1508,4.0233,1
531685,375567,382182,67.6029,3.8724,1
531916,370818,375739,38.833,5.5317,12
531931,361419,375754,90.377,5.4274,1
531932,250660,375754,93.0388,5.8807,1
532241,42615,375989,16.5567,2.8708,1
532242,375989,376453,58.9474,3.7417,1
532610,44305,376245,21.5536,5.0949,1
532885,44188,376428,14.0594,11.0283,1
532917,376452,376453,13.8934,4.3708,1
533225,374942,376670,18.1261,23.8156,7
533789,239126,377091,68.6311,6.6529,1
534242,377419,383070,71.1407,3.5675,1
534335,375739,377484,14.3527,4.5274,12
534336,377484,382814,39.8623,4.7361,12
534456,375143,377573,37.741,15.5661,20
534492,219721,377604,27.0914,17.2174,6
535307,378204,378640,21.8225,14.766,20
535509,271057,378342,18.2587,20.8395,2
535510,378342,381190,4.899,21.7279,2
535599,378401,382853,54.0134,8.8967,3
535875,214871,378599,15.0,18.8546,4
535930,377573,378640,11.3535,16.0746,20
535945,377931,378651,7.6811,34.1846,1
535947,378473,378652,7.1414,28.1585,1
536253,215542,378878,8.2765,32.8929,1
536261,378651,378883,4.2426,32.9304,1
536263,378883,378884,2.2361,32.2937,1
536264,378473,378884,3.4641,30.4421,1
536351,378949,421327,46.9929,13.2411,12
536482,378878,379043,5.099,32.6538,1
536483,215959,379044,6.0828,31.2563,1
536612,378204,379131,12.7802,13.8562,20
536715,376670,379202,20.3005,24.4629,7
537020,45229,379409,12.1381,12.9154,20
537410,379409,379673,10.1708,13.2769,20
537598,214514,379809,15.6808,32.2677,1
537599,379044,379809,4.2426,30.301,1
537616,271267,379823,38.5141,13.9522,1
537618,272855,379823,11.3725,15.0816,1
538609,380536,385584,43.8343,6.6328,1
538891,380730,385995,42.0276,24.2919,4
538897,379202,380734,19.2376,23.9886,7
539043,380828,385241,71.4931,5.3166,1
539541,381190,449334,54.7723,15.7352,2
540949,375291,382170,100.6432,5.1167,1
540950,382170,384097,19.532,6.7371,1
541191,382344,482034,79.3275,26.7205,1
541196,382344,698318,40.7538,22.0344,4
541365,47015,382461,45.9307,13.5974,1
541376,274043,382468,43.9836,7.1742,1
541596,367846,382622,124.3141,13.8123,29
541918,49159,382853,34.3883,8.5408,3
541995,300503,382901,314.9317,8.2018,1
542263,383091,383444,18.6041,7.2349,1
542363,383164,421327,9.9163,10.5259,12
542372,382622,383171,7.874,13.3976,29
542930,382180,383551,11.4734,15.1086,8
542931,383551,387402,36.4623,13.737,8
543242,215542,383771,28.6793,25.719,1
543243,383771,384430,7.5498,18.6137,1
543719,384097,384962,7.624,6.03,1
543854,383444,384211,9.9666,4.9433,1
543947,48951,384285,10.9687,12.4961,1
544129,380730,384412,26.9477,26.1147,3
544157,232403,384430,13.6928,21.8192,1
545056,385085,422557,6.0331,11.8026,1
545589,380734,385453,44.1824,22.349,7
545772,53932,385584,85.5317,6.151,1
545779,383070,385591,12.2474,4.511,1
545990,385752,646155,206.2353,8.7901,3
546139,49166,385854,33.0,2.3428,1
546140,385854,386489,21.2603,3.2975,1
546338,49597,385995,9.6339,21.9862,4
546728,48803,386251,6.2093,14.1242,1
547031,384412,386478,30.2912,18.5933,3
547048,382182,386489,36.425,3.7606,1
547062,49422,386496,33.9036,15.7661,1
547971,385085,387159,14.2409,9.033,1
548191,386478,387320,22.3358,9.1125,3
548202,49692,387326,7.7388,3.7199,1
548317,387402,388890,16.2884,13.2233,8
548684,387655,388892,17.3319,23.2429,1
549291,388093,389525,10.0499,13.8948,1
549292,388093,388992,9.4868,14.7478,1
549787,250846,388454,16.2865,12.3871,1
549897,388536,388991,5.4467,23.268,4
550122,51782,388704,32.3956,20.757,1
550127,388704,395590,23.2886,16.6104,1
550389,50836,388890,5.4829,14.334,8
550392,388892,390121,7.1647,19.6172,1
550553,50108,388991,15.8535,22.849,7
550554,388991,391824,59.4857,22.8836,3
550833,48858,389178,34.938,13.2454,20
550981,238328,389274,17.8077,28.2135,1
551260,387326,389475,115.7052,10.7962,1
551271,389475,394845,38.7752,17.7402,2
551347,248224,389525,4.7258,12.985,1
552128,390076,394525,44.3847,7.5107,1
552188,390121,391271,8.2478,21.3703,1
552678,53896,390465,57.0258,19.9874,8
553069,390730,403303,10.1105,9.9426,2
553080,387644,390737,31.5748,7.2111,1
553828,391271,392964,10.3976,22.8686,1
553854,390559,391290,23.8312,17.0229,1
554080,385591,391450,47.7493,4.2976,1
554081,391450,394841,38.3275,4.7361,1
554328,390737,391610,16.0985,8.6553,1
554329,389475,391610,14.081,14.1876,1
554840,387572,391957,43.0581,6.9343,1
555733,392241,392563,8.8318,22.2593,1
555820,392612,445916,34.3589,26.814,1
556457,393049,393343,13.5858,24.1255,1
556802,269573,393277,10.5672,10.032,12
556891,393343,394133,18.0202,30.9251,1
557015,391290,393425,15.1783,16.8058,1
557017,53902,393425,8.9256,16.1123,1
557359,393653,395013,10.0995,5.692,1
557633,242081,393855,75.4321,7.0711,1
557787,393972,394386,3.0,10.2648,1
557924,394082,405959,12.47,9.1368,1
557965,245172,394115,27.1998,26.5987,1
557966,394115,395052,5.099,28.039,1
557994,394133,395605,22.7847,33.6947,1
558150,392964,394254,11.7521,24.8712,1
558151,54258,394254,5.8214,26.2639,1
558418,393049,394431,13.5648,22.4367,1
558557,394525,410278,107.5557,8.3225,1
558584,393236,394548,12.4766,3.7055,1
558594,54266,394555,4.0415,15.1726,1
558816,276762,394710,81.1542,5.2631,12
558818,393277,394710,17.4929,7.9185,12
559009,394841,395533,31.0644,5.1926,1
559030,54258,394856,4.8189,27.0985,1
559031,394856,395605,9.0307,30.0222,1
559244,395013,401300,79.781,7.1763,1
559300,282489,395052,11.2889,25.8217,1
559323,394431,395066,5.4999,22.0926,1
559861,395449,407113,84.3319,28.3842,1
559862,395449,400296,39.9264,46.6608,6
560072,395449,395590,45.2626,25.0881,1
560216,54255,395697,7.5203,15.4176,2
560493,391516,395896,43.6005,16.5615,12
560555,394607,395935,12.8668,2.7247,1
560678,55906,396020,14.1853,18.527,12
560868,53902,396155,13.1016,14.6716,1
560870,396155,397380,10.2431,12.9624,1
561109,395939,396331,4.714,22.8877,2
561290,396460,403200,114.8085,11.4184,12
561360,392612,396508,28.3543,17.7548,1
561829,285527,396785,7.6376,22.968,1
562016,396917,399874,80.574,47.0265,6
562323,283308,397024,5.5377,25.6494,1
562608,391957,397216,27.2213,5.7446,1
562783,55899,397336,6.1283,22.284,2
562835,396331,397374,9.6206,23.1838,2
562836,397374,398190,4.6963,22.3254,2
562842,397380,397474,8.3224,9.5137,1
562959,395936,397463,25.0022,17.72,2
562960,397463,398785,13.6892,17.8322,2
562978,397474,397672,6.0919,5.1401,1
563232,275067,397667,18.254,6.7404,1
563553,396460,397903,66.1362,11.4184,12
563554,285722,397903,3.2998,10.8603,12
563783,383171,398064,111.3283,18.6117,29
563784,398064,398065,16.5529,21.0772,51
563945,398190,398785,28.4412,19.7542,2
564128,397336,398320,98.4536,18.6429,2
564953,56169,398880,9.4516,14.8878,2
565972,357976,399579,168.8679,8.938,39
566396,399874,400186,10.1851,49.4617,6
566572,398880,399992,8.0623,16.8639,2
566573,58147,399992,5.099,18.8325,2
566687,400086,400717,5.3852,20.3466,1
566813,59089,400175,19.6723,16.5373,12
566830,400186,400296,4.5607,50.177,6
566836,400190,401284,20.1793,18.8683,2
566972,391824,400287,139.1814,26.4192,3
567000,400287,428024,133.3591,21.5979,1
567608,298341,400717,13.6748,19.8784,1
567806,398065,400852,62.1208,15.4173,51
567815,58141,400859,9.6724,3.5616,1
567841,58924,400873,14.0238,2.9889,1
568410,58147,401284,9.437,22.2233,2
568440,401300,401538,16.0312,9.1957,1
568534,401367,403188,26.4197,21.4881,80
568774,298576,401538,6.8069,11.4638,1
568820,59197,401570,7.188,19.1538,2
568922,293126,401639,19.5078,17.6913,11
569543,400063,402106,16.2481,17.6777,6
569544,402106,406595,23.7065,19.6805,6
569586,400852,402134,24.2899,11.6563,51
570348,402676,413431,119.9546,5.3735,1
570466,60369,402758,9.363,18.8755,1
570790,402997,404348,10.4881,21.6572,1
570942,59319,403106,13.6198,17.5277,6
570944,59677,403106,5.7009,19.7749,6
571061,307439,403188,20.0139,21.1612,80
571077,314472,403200,95.843,11.315,12
571216,355936,403303,33.6931,9.2546,8
571217,403303,702730,13.6748,8.2671,6
571407,401639,403442,32.5269,17.4496,11
571627,402758,403603,187.4336,24.3153,7
571906,403603,426395,176.7832,28.2289,5
571935,403603,437001,144.5504,20.3026,12
572079,403705,757204,67.2582,18.6547,3
572081,403707,405019,21.8655,20.8364,2
572433,403442,403948,10.198,17.5347,11
572456,396508,403962,19.3913,7.8012,1
572457,403962,419109,13.4866,8.3477,1
572475,396917,403977,77.4973,35.2977,6
572760,286703,404176,42.5598,15.73,12
572885,404262,404626,46.929,4.2737,1
573007,307916,404348,7.7817,21.6692,1
573375,62736,404626,33.7589,5.6926,1
573511,402134,404730,39.9249,11.4522,51
573890,62316,405019,30.3209,19.6898,2
574668,405560,405721,2.4495,24.3295,1
574699,405581,466827,57.11,4.9122,4
574731,304961,405600,18.3485,14.8987,12
574906,405721,408743,19.105,20.7777,1
574947,405751,406142,112.0223,12.6708,51
574999,71734,405792,7.1414,10.8327,1
575216,405959,419109,18.0015,9.3477,1
575488,404730,406142,23.0217,12.0208,51
575809,307916,406366,9.8939,22.3004,1
575810,406366,406840,3.0,23.0587,1
575816,404262,406373,19.5988,3.3839,1
575817,63392,406373,24.0069,3.5348,1
576138,406600,698082,38.6221,11.8759,1
576472,405560,406840,8.544,23.5567,1
576848,62804,407113,10.8474,11.343,1
577067,398320,407273,200.478,15.7477,2
577908,407853,409245,21.4709,19.4646,80
578615,408337,431857,57.434,5.2421,39
579008,394082,408621,27.2438,11.1176,1
579011,408621,427650,8.6512,13.4628,1
579425,408903,410165,18.4662,6.8239,1
580154,409408,617174,29.6311,6.0467,1
580155,304707,409408,43.7988,5.2421,1
581461,63232,410319,8.8506,5.4155,1
582827,63255,411281,31.3475,9.5866,21
583133,408743,411494,29.9833,11.948,1
583134,411494,413185,32.3883,7.1386,1
583144,345414,411500,29.8831,21.6516,80
583145,409245,411501,26.4764,20.6125,80
583146,411500,411501,4.2426,21.9476,80
583669,62961,411882,34.2199,4.4126,1
583734,65884,411931,71.3785,5.1476,1
583735,411931,427039,100.2209,5.9407,1
583737,357151,411933,42.3228,7.1947,39
583738,357976,411933,37.2429,8.1417,39
583815,375131,411986,505.165,7.4821,1
583826,410319,411995,31.5947,4.9155,1
584406,64530,412410,57.195,6.117,1
584464,411882,412453,9.4163,4.7913,1
585334,61342,413054,59.2732,11.9276,1
585547,348900,413185,12.2837,7.874,1
585898,413431,429063,150.7352,6.1644,1
587418,406595,414495,64.1015,20.4002,6
587419,356897,414495,6.5064,20.7287,6
587706,412410,414687,16.9243,7.2327,1
587707,68471,414687,28.0179,18.8719,1
588354,387159,415150,65.5872,6.8182,1
588410,67201,415185,7.5719,28.6951,5
588614,415331,419758,105.3281,18.3802,80
588943,356355,415550,48.9955,12.083,12
589342,411986,415830,94.3476,6.1742,1
589920,408329,416236,49.2849,5.7996,39
589921,416236,422829,43.2666,5.7604,39
590962,314613,416979,189.9149,18.4978,11
591559,417379,698082,7.8746,15.2212,1
591655,366123,417443,10.6562,13.0029,12
592185,417443,417825,22.0227,13.1095,12
592531,418071,427540,14.8212,18.079,11
592532,418071,426293,8.226,17.4045,11
593709,273634,418908,18.8213,13.1694,1
594237,355130,419272,61.2998,5.5649,1
594684,417910,419602,13.5601,9.7154,1
596477,416979,420888,67.2533,16.0988,11
597085,421332,424549,36.8971,10.8234,12
597594,66725,421674,79.3347,9.5954,1
597595,71832,421674,21.0238,14.244,1
597713,421765,490196,65.8432,5.9777,1
597921,417379,421912,34.6796,11.9993,1
598815,422557,428459,58.2752,12.8505,1
598825,419758,422564,42.638,19.6469,80
599203,408337,422829,28.8964,5.8549,39
599259,68607,422871,30.8167,18.735,1
599260,72060,422871,41.6253,22.9222,4
599774,74404,423232,147.4151,5.7865,1
599796,423244,426395,143.3727,30.9828,5
600280,412275,423523,88.2333,2.6688,1
600281,72626,423523,15.0333,4.3523,1
600538,72370,423710,8.4656,20.5366,4
600545,72372,423714,14.573,21.4909,4
600664,295025,423796,149.1789,9.1368,1
600666,419781,423796,6.5574,9.8809,1
601731,424549,425598,18.5772,9.4219,12
602898,73603,425377,28.7981,22.9895,4
603203,425598,427097,14.3023,8.7441,12
603846,426057,426276,45.7785,9.2447,11
604146,419272,426276,114.3372,7.4,1
604173,420888,426293,105.7213,16.3207,11
604566,417203,426569,62.7237,11.6853,1
604567,426569,429975,28.9636,5.6213,1
604683,70704,426658,73.6499,23.7242,4
605242,427039,432174,58.9105,7.2963,1
605328,73822,427097,11.4552,7.4736,12
606117,426453,427650,6.9442,14.0708,1
606123,73972,427653,18.9121,18.3298,4
606824,427653,428143,14.0,19.3559,4
607245,86042,428367,73.2541,21.8537,12
607352,427540,428411,36.7741,19.1704,11
607420,426453,428459,11.7851,13.8155,1
607452,428467,676804,42.8447,15.0433,2
607453,428467,702699,30.4778,17.7165,3
607458,428467,633026,29.4423,18.6887,1
607509,428504,445367,37.3363,5.6825,1
607548,426057,428532,4.761,9.0182,11
607549,428532,434500,101.789,9.8913,11
607616,428579,430301,14.2792,8.126,1
607635,428596,428597,29.5844,21.738,4
607637,426658,428597,22.5435,20.182,4
607658,76256,428607,20.0915,11.0873,12
608000,428861,451673,10.0499,11.1962,1
608032,357151,428890,86.9342,5.6993,39
608268,78113,429063,38.8759,5.6317,1
608624,75768,429328,11.8634,19.2724,4
608734,428411,429410,82.4473,18.9095,11
608800,429453,430306,17.2371,20.0992,1
608939,74298,429548,22.2935,6.5288,1
608998,76509,429590,14.6742,9.8912,2
609132,429693,429694,8.5245,19.4378,1
609140,75768,429699,8.2865,16.8652,4
609141,429699,430309,12.615,17.6827,4
609231,429771,433468,6.1373,20.5249,11
609487,75759,429941,38.4494,13.1708,1
609973,410278,430273,128.0738,8.654,1
609974,78339,430273,23.9096,8.1796,1
610020,76643,430306,15.4616,18.849,1
610026,76250,430309,14.0136,18.611,4
610320,430525,441760,9.1287,16.2053,80
610321,430526,431715,11.8181,18.9316,80
610322,430525,430526,14.5602,17.2498,80
610373,430566,440839,6.2628,11.7879,11
610421,430601,481559,16.68,11.5849,2
610708,428596,430813,23.5315,21.8763,4
610851,428024,430912,32.8874,9.5415,1
610990,431012,440839,27.158,9.819,11
610991,431012,431889,96.7729,7.9681,11
610992,431013,440845,9.1773,16.2634,11
611056,431057,435788,25.0799,5.2984,1
611076,76507,431069,3.3166,20.2646,1
611383,431290,446972,7.2495,28.3894,11
611462,431069,431345,13.8042,18.3984,1
611492,431365,434256,21.9317,6.8093,1
611613,431456,441760,28.954,16.2053,80
611725,431013,431525,25.5734,16.34,11
611936,431672,432122,25.6929,5.5468,1
611937,78077,431672,7.3909,5.0043,1
611999,422564,431715,94.4757,19.1247,80
612222,431857,487032,50.2295,5.3779,39
612264,431889,432490,18.8414,7.6787,11
612269,431892,432257,18.7083,26.4731,11
612361,1259,431962,13.5508,10.5313,2
612582,429975,432122,30.8545,4.4665,1
612768,432257,470301,136.5064,22.4516,11
613008,432360,433158,16.8317,12.3882,12
613194,82251,432488,125.6914,8.6221,1
613195,432489,434500,46.9148,9.7133,11
613196,432489,432490,5.831,7.8648,11
613204,431525,432493,10.7238,16.0268,11
613205,432494,457334,52.8257,16.4252,11
613206,432494,452223,4.43,22.4252,11
613330,432583,435969,18.602,13.0436,1
613438,429941,432655,41.5682,13.3008,1
613439,78608,432655,6.1148,13.6198,1
613975,433032,434204,15.3535,5.4063,1
614124,76509,433131,84.1458,18.9409,2
614153,82251,433131,72.4095,18.5101,1
614250,80494,433158,38.2012,10.8467,12
614457,433309,460728,8.0208,13.1148,11
614686,429410,433468,26.9856,19.8924,11
615728,434200,435360,9.4281,20.035,1
615732,432488,434204,86.9996,7.5794,1
615799,428504,434256,5.7446,5.1636,1
616185,431057,434530,25.0,5.4662,1
616207,430912,434544,24.3196,8.0552,1
616209,434544,434606,4.7124,9.9636,1
617358,79616,435360,13.536,18.8081,1
617462,79839,435433,21.9747,20.1838,1
617678,435582,435997,5.4967,5.9036,1
617748,434606,435633,9.3926,12.6884,1
617750,435633,436741,5.6162,16.1823,1
617804,371641,435676,137.5476,22.3831,6
617964,435788,437182,10.6771,6.8804,1
618218,435969,436900,8.1989,16.0663,1
618253,81392,435997,18.1075,5.6454,1
618956,432583,436503,31.8247,15.3894,1
619534,81101,436900,10.419,16.3898,1
619665,436741,436986,9.0585,16.0786,1
619716,82058,437001,11.7992,10.4003,12
621025,302339,437915,8.4656,12.3726,1
621254,81099,438070,10.247,22.1814,1
621993,82693,438569,7.0356,21.5746,1
621996,438570,439165,26.6801,14.7531,1
622006,438570,442156,20.3295,19.7877,1
622073,437182,438611,18.3848,6.4026,1
622537,80617,438933,23.2809,5.6541,1
622727,439060,484434,8.0623,19.6445,6
623309,428367,439469,63.8421,21.0428,12
623712,68563,439747,325.4844,6.7045,21
623848,438569,439839,29.425,20.2265,1
624416,440114,550661,165.1944,34.2854,1
625417,84851,440778,33.4237,7.1442,1
625515,430566,440845,106.3417,14.1241,11
625719,98278,440986,169.7072,6.6707,1
626317,441399,483804,18.7883,8.8549,1
626632,409800,441618,10.7732,9.525,2
626633,356592,441618,6.8069,8.1072,2
627318,442103,472634,56.1397,9.319,39
627391,433131,442156,75.9329,22.4678,1
628500,442939,481035,41.7213,6.4778,1
628501,442939,515141,24.8495,6.9967,1
628556,442978,482034,4.899,22.7454,1
628557,356518,442978,21.6487,22.4548,1
628617,443027,443196,16.9509,7.6155,1
628618,87631,443027,38.8244,6.4675,1
628853,83708,443196,79.9451,7.5148,1
629159,443418,443419,9.0319,27.5135,11
629161,443419,448336,27.5112,28.2223,11
629347,443550,449625,75.9985,6.5027,1
629516,105293,443659,259.8267,7.8384,1
629976,83482,443980,43.4268,17.0433,1
631117,443980,444792,22.1635,18.4765,1
631777,86694,445253,14.7045,21.7584,1
632073,445460,446966,18.6488,27.6273,11
632254,90032,445600,63.554,17.5228,1
632709,445916,454537,7.1846,26.6833,1
633941,444792,446768,27.9722,20.3026,1
634121,275067,446893,30.3967,6.3284,1
634216,431290,446966,12.0646,27.6628,11
634225,431892,446972,15.4668,28.4954,11
636023,278650,448236,10.094,11.9718,1
636024,278378,448236,6.675,7.8256,1
636161,445460,448336,20.4179,27.8102,11
636483,448565,490196,75.5381,7.1858,1
637595,449334,451985,3.0,11.3129,2
638003,449625,451096,12.4989,7.4159,1
638418,449912,543822,220.0237,7.5311,4
638419,309139,449912,71.2814,7.3098,4
638473,449955,526737,42.9328,14.6732,80
639085,449955,450382,201.1119,11.7432,80
639275,450511,455604,54.5894,7.5166,1
639718,450824,463588,19.6469,22.4013,4
639983,450382,451008,7.0711,10.738,80
640103,451096,455434,53.6418,6.6571,1
640150,451008,451125,7.6811,11.3129,80
640952,451673,477697,15.0748,11.2393,1
641390,451985,456211,10.4881,9.7735,2
641731,443418,452223,48.2115,25.0688,11
642301,452620,452959,8.0623,11.0408,80
642524,452620,452775,38.4838,13.8766,80
642770,451125,452959,121.396,11.4017,80
644212,429771,453972,38.108,19.6296,11
644366,439747,454086,227.749,7.2715,21
644794,454395,529197,49.0601,10.8009,1
644989,440114,454537,170.7442,30.4182,1
645264,454730,459427,36.8103,5.1421,1
646232,455434,470126,185.6454,5.9977,1
646457,93079,455604,7.1414,7.3124,1
646718,455781,550659,13.9306,35.2881,1
646719,455781,550661,4.9329,35.0857,1
646977,455980,524918,98.7128,19.2097,6
646978,455980,549237,4.397,17.3398,6
647306,282791,456211,26.6521,6.9219,2
647363,280756,456253,13.5031,22.8255,2
647691,456484,553378,11.8031,25.4544,6
647697,456486,552078,4.8189,47.3937,7
648353,454395,456959,15.2643,9.2647,1
648354,456959,559916,28.9713,7.7216,1
648399,335784,456990,40.0625,13.0073,4
648859,96293,457323,32.5474,6.5945,1
648874,433309,457334,3.6818,12.5592,11
649611,452775,457845,91.1811,27.2364,80
651266,458984,459450,126.9398,30.5738,1
651300,105005,458984,132.3628,31.3573,1
651924,459409,559916,22.3159,4.729,1
651946,95684,459427,6.5997,6.3326,1
653105,276909,460243,116.5204,6.1825,1
653170,460287,574763,105.7303,28.3265,6
653186,95835,460297,3.1623,11.6828,1
653451,460472,460542,4.0061,15.7095,1
653452,96232,460472,5.8958,18.176,1
653766,281572,460698,18.3723,27.5631,3
653767,460698,463588,6.1644,24.9187,4
653805,432493,460728,24.3447,14.4027,11
654465,96863,461205,12.6886,24.0232,1
656508,462660,554598,23.6079,11.8241,1
656854,96945,462905,7.0711,21.1475,1
656855,462905,464153,11.4164,20.3398,1
658646,459450,464153,46.1207,22.5096,1
659042,98278,464429,56.2317,6.0092,1
659044,464430,578593,2.7689,10.197,6
660623,464430,465538,35.2278,10.3635,6
661645,97925,466237,50.4975,9.5826,21
661983,459409,466481,64.8537,7.2785,1
662474,303307,466827,64.9359,4.8289,4
663288,283819,467395,90.2552,7.1067,1
663289,460243,467395,11.7473,6.03,1
663478,467533,475770,76.6094,11.3137,39
663652,445367,467658,20.9045,8.9813,1
663653,467658,477545,60.5392,9.2302,1
664273,119687,468098,28.3882,16.9855,1
664348,468155,594983,20.6473,19.5831,13
666167,467533,469416,82.9096,12.194,39
666168,469416,588802,21.3672,8.1908,39
666445,469629,582334,80.2205,12.3837,6
666446,469629,601254,38.1887,7.5261,6
667150,470126,476903,93.1683,7.2355,1
667421,453972,470301,42.8195,20.1985,11
667534,470375,478539,519.8952,8.7085,1
667572,470405,757204,23.8371,15.5657,3
667952,448565,470651,225.1155,8.8549,1
668139,470778,619017,172.5898,22.5247,13
669795,399579,471945,88.6172,8.1723,39
669797,471945,472633,4.1231,7.6888,39
670079,434530,472155,11.9024,4.9259,1
670121,472187,617164,56.5145,12.4774,1
670740,472633,472634,5.4263,9.8322,39
670940,470477,472781,31.152,22.4478,1
672628,104733,473981,20.5832,23.0527,2
672960,103562,474199,31.5278,9.911,21
673001,102602,474231,39.011,9.4497,1
673060,103649,474277,10.8883,25.9286,1
674034,474977,477394,16.8528,7.1756,2
674598,103938,475368,32.402,27.5452,1
675211,475770,633581,107.9745,8.2525,39
675563,476018,476136,10.072,20.8199,2
675727,107188,476136,36.4005,18.5964,2
676088,474199,476396,47.8528,11.2651,21
676089,108005,476396,44.0946,10.1141,21
676198,109283,476473,105.5367,6.1926,1
676615,476779,484001,15.9792,4.3523,1
676796,476903,485575,96.7293,8.0584,1
677510,477394,497234,184.1877,5.715,2
677566,477429,478861,22.5167,8.217,3
677567,477429,477529,13.3083,7.5311,3
677955,477697,731748,6.3443,10.5479,1
679132,470651,478539,160.6238,8.4603,1
681177,479959,481226,18.412,14.5766,2
682261,108005,480707,29.0995,8.1723,21
682403,480805,537170,54.2402,9.1103,9
682740,481035,489226,18.9091,6.0738,1
683016,481226,481464,12.1681,13.0935,2
683364,110081,481464,32.0469,11.0594,2
683488,481559,491746,22.4153,10.9099,2
683575,481618,624152,4.9554,13.9839,1
683720,481722,484872,34.7131,23.1928,13
684165,108799,482029,12.1335,6.5355,21
686487,483643,621278,38.7242,8.9084,1
686697,474226,483804,13.0894,8.4051,1
686953,484001,485102,8.6023,4.148,1
687100,482029,484106,85.2382,6.0355,21
687101,110851,484106,19.5533,6.2417,21
687572,435676,484434,28.1306,20.8723,6
687723,431456,484542,102.104,16.7014,80
687724,484542,485541,10.8883,16.7178,80
687728,484545,521816,153.9156,6.6978,1
687729,484545,488753,6.4031,7.0711,1
688127,145222,484812,92.8015,5.9545,1
688202,484872,635688,19.6554,24.697,13
688512,438611,485102,4.761,5.5075,1
689180,112378,485575,35.6043,7.1838,1
690432,481465,486464,64.3031,6.7293,3
691233,428890,487032,55.4557,5.1736,39
691556,111738,487257,16.7432,9.9412,1
692329,112376,487821,8.5049,7.2024,21
692330,112648,487821,62.8702,7.8301,21
692805,487257,488161,52.1802,8.0584,1
693359,488557,489094,3.0,20.1328,1
693632,255837,488753,292.1295,7.1756,1
694093,489077,631091,39.4208,4.977,1
694112,489094,492114,21.2132,21.6949,1
694293,476779,489226,16.765,5.7511,1
694966,113158,489715,29.9217,6.5164,1
696677,490900,499423,10.3923,7.6468,4
697018,114446,491141,14.1608,6.3668,21
697177,491250,728251,73.9564,6.5332,1
697249,491300,498958,103.9904,6.6472,1
697879,491746,595048,12.5786,10.0917,2
698077,491898,646825,8.4656,20.9484,1
698397,492114,494209,11.1803,23.9636,1
698591,492241,734490,54.9242,8.0902,2
699992,493209,633639,25.9161,10.4224,1
700363,493463,503901,162.3145,26.0905,13
700648,493677,646824,15.3298,11.5055,1
701393,494209,501305,42.2729,26.7702,1
701687,494422,495922,5.1962,13.0585,1
701989,484865,494626,10.0995,26.8786,3
701990,284512,494626,8.8129,21.8403,3
702617,495093,501094,66.7383,8.7796,1
702869,495278,803700,81.9085,6.1201,2
702896,316650,495300,49.6185,5.3019,1
703278,495573,497367,26.4197,6.2404,39
703449,495679,652260,18.3576,13.4391,1
704642,485541,496518,37.4759,15.0816,80
705034,119355,496783,41.1987,6.3121,1
705416,283819,497063,16.0312,8.1771,1
705854,497367,498394,11.7473,4.6583,39
707343,498394,663597,56.7561,3.7199,39
707840,286278,498737,38.6738,14.7815,1
707841,495922,498737,19.1311,14.3069,1
707860,477545,498750,43.5201,8.2498,1
707861,494422,498750,7.6158,10.7944,1
707906,497234,498781,21.1719,5.5335,2
707908,119174,498781,10.1612,5.9036,2
708164,122916,498953,120.9215,7.6155,1
708171,119029,498958,8.124,7.2749,1
708307,499053,658790,5.0,11.0954,1
708462,119174,499156,103.8059,5.7899,2
708463,119172,499156,7.461,7.9574,2
708532,495573,499206,32.9393,7.1774,39
708533,499206,663388,41.3239,7.2911,39
708838,284983,499423,18.3121,7.2772,4
710204,119456,500368,33.2951,6.5927,21
710205,122049,500368,79.7563,6.8553,21
710364,500486,501908,12.3693,8.0932,1
710763,500770,654090,46.3549,15.7069,1
711216,500486,501094,7.0711,7.5667,1
711515,501305,663438,9.9443,28.0596,1
711634,501392,502452,19.9499,5.5136,1
712257,501850,504612,27.6908,8.2144,21
712265,501856,503937,60.5383,5.1421,1
712339,501908,668380,70.387,8.6988,1
713084,502452,508129,59.9667,7.303,1
714379,503352,657680,32.3471,4.9497,1
714380,503352,504057,4.3589,4.6213,1
714396,503364,506233,17.1464,29.3661,1
714999,118876,503786,104.5241,7.3434,3
715166,503901,503902,5.0,26.7764,13
715167,503902,666575,12.161,26.6063,13
715965,306707,504453,22.5194,5.5,1
716194,504612,536690,389.3124,7.6018,21
716688,504956,507096,25.7423,8.5134,1
717568,308249,505578,54.74,17.1731,1
718488,506233,671542,17.8185,28.5755,1
718495,506239,574933,14.0712,5.9853,2
719410,504876,506906,61.5305,9.0471,1
719673,127494,507096,75.9598,7.754,1
719790,122821,507170,17.9444,10.315,3
720840,507905,671304,4.0277,20.0556,1
721168,508129,514190,124.2292,8.4186,1
721355,508258,508486,14.3527,3.8643,39
721383,500255,508275,96.1775,10.8012,2
721385,508275,513061,39.0683,12.8352,2
721696,508486,511828,56.4712,4.3523,39
722063,508743,508984,2.2361,24.4025,1
722128,285808,508785,20.1694,19.5395,2
722409,508984,511746,27.8209,23.315,1
723768,509947,656548,135.9634,4.7417,1
724888,124083,510723,62.8667,5.9977,1
724889,510723,514175,104.0118,6.7223,1
725081,510866,676431,48.4013,5.1926,39
725500,284787,511162,27.5741,8.7329,1
725733,511330,688011,49.2364,6.4685,1
726014,292468,511524,51.238,9.3551,1
726327,511746,677593,10.0333,22.5602,1
726444,511828,675507,23.4781,4.8408,39
728413,509947,513237,63.3561,4.0822,1
729726,514190,518884,44.2245,7.7728,1
730325,514638,682717,42.785,11.9787,13
730327,514638,514639,9.8489,12.4371,13
731060,515141,532669,21.8823,7.2317,1
731338,285573,515332,4.5461,15.7106,1
732206,441399,515959,44.6518,10.1218,1
733076,514175,516562,28.8174,6.5981,1
733083,286534,516565,4.397,6.9909,1
733253,284792,516693,14.1303,9.71,2
733488,513237,516851,42.2374,6.9873,1
733489,516851,689606,54.6535,7.1838,1
733497,513061,516856,49.5278,13.0935,2
733714,517005,517070,14.0633,8.8401,1
733772,513630,517045,27.3861,20.9487,1
733774,517045,689070,31.001,20.4373,1
733812,128070,517070,11.9443,7.7973,1
733816,517005,517073,12.2066,8.217,1
734276,517400,675869,38.2187,8.8737,39
734277,517400,538674,119.0168,8.0884,39
735008,290632,517910,42.8641,4.5306,2
735116,439060,517984,68.3268,23.0421,6
736100,456990,518676,22.4623,12.7195,4
736198,517073,518743,62.5504,7.0707,1
736397,130398,518884,54.6596,6.5701,1
736579,517984,519011,5.9067,26.0479,6
736656,496518,519057,143.4197,16.5023,80
736866,519206,521075,52.0609,6.6814,1
737574,519011,519704,6.675,25.8357,6
737750,519834,682717,46.1435,10.0726,13
738373,130066,520273,33.2749,8.6231,1
739198,520842,696772,96.9811,25.127,2
739253,129337,520885,29.4147,7.9169,1
739512,520273,521075,99.1374,8.1401,1
740552,516565,521816,40.2119,6.4789,1
741482,302380,522460,18.7172,6.8166,2
743445,523839,646155,261.5535,9.5866,1
743662,131260,523992,25.186,5.9402,1
744604,523992,524654,29.9096,7.7016,1
744605,134991,524654,46.0202,8.437,1
744749,524761,536949,24.1039,5.7554,1
744954,519704,524918,34.176,23.6832,6
745046,524977,550659,46.6743,32.6323,6
745053,456484,524977,35.2491,27.8295,6
745241,515959,525103,14.3973,12.7053,1
745309,146669,525149,6.5064,21.519,1
745381,525199,551751,205.9169,6.9465,1
746005,525663,695771,5.5578,6.8166,1
747017,526361,532055,68.1616,6.5822,1
747355,519834,526610,104.9619,7.6367,13
747542,519057,526737,69.8323,17.147,80
749503,442103,528146,54.0466,9.428,39
749504,528146,586189,193.0595,8.8293,39
749732,528305,528909,10.6301,25.3367,2
750593,528909,700030,13.2035,24.7281,2
750626,138513,528933,70.7332,14.8817,2
751022,525103,529197,9.0492,14.2415,1
751333,492241,529418,6.3004,11.3129,2
751404,20471,529462,46.7489,2.8028,1
751788,526610,529745,37.9078,8.1332,13
753744,531132,532981,152.7576,7.0711,1
754151,531429,533596,17.7482,24.8954,2
754152,531429,531430,7.0711,28.1683,2
754555,531712,542443,13.4164,8.7176,2
754556,290632,531712,21.6025,7.2598,2
755083,532094,704148,60.5824,6.0552,1
755884,532669,542323,15.7374,8.584,1
756342,135365,532974,68.6319,7.3761,1
756355,138000,532981,137.7861,7.1756,1
756634,132883,533178,123.0226,7.1585,3
757176,284983,533572,99.2505,7.0355,4
757177,296872,533572,104.5062,8.7202,4
757208,533596,704433,10.5548,19.2185,2
757468,533791,705338,28.8386,14.6586,2
757571,533863,538033,4.3589,19.685,1
757775,532055,534017,38.5681,8.744,1
757776,534017,536690,129.0743,8.8148,1
757870,534086,702215,15.8623,11.6206,13
757871,534086,536578,16.4012,9.8995,13
758423,140351,534470,44.9469,5.8941,1
759011,534890,709733,20.8646,21.4814,1
759417,145734,535173,139.1802,6.9646,1
761419,536578,549016,95.0684,7.9078,13
761593,146594,536690,165.3471,7.6938,22
761776,533178,536814,99.4675,6.3284,3
761964,290216,536949,13.8323,8.2338,1
762300,294984,537170,54.0062,8.9985,9
763501,157153,538033,14.7422,20.4554,1
763690,139819,538157,15.0333,8.8549,1
765404,539368,571904,22.3809,9.3284,2
765796,140698,539631,18.9737,5.7865,1
765797,142019,539631,30.5396,6.03,1
765828,539654,555715,22.5964,25.7698,6
765959,290216,539743,24.8126,9.1572,1
765960,539743,542443,7.3485,8.7176,1
766071,539821,715334,21.8937,6.8206,1
766555,143434,540159,31.5947,6.9432,1
767532,139586,540847,33.8329,6.4862,1
767534,159536,540847,204.3184,7.303,1
769207,542024,545124,16.6433,16.4164,2
769800,542443,554425,25.4951,7.6088,1
770325,538674,542803,34.0588,7.8421,39
772275,309700,544153,38.3101,5.567,4
772953,544631,547121,13.6015,8.6978,1
773639,545124,712947,43.5397,17.9602,2
775191,145353,546235,7.2495,19.2574,2
775417,546380,547504,37.8139,18.6869,2
775423,145644,546385,6.9821,7.6533,1
775494,470375,546436,372.5936,8.7631,1
776977,547504,551608,55.2175,19.4919,2
777667,542323,547988,14.4106,8.7745,1
777668,547988,554598,20.2129,11.7932,1
777898,548146,730842,59.368,6.3787,1
779110,549016,720372,43.5813,6.1203,13
779483,549266,551799,8.3066,31.0177,1
779537,288716,549305,23.8474,19.819,1
780088,549696,699177,48.1541,34.1674,1
780089,549696,723835,8.6987,32.3417,1
780625,550099,551741,36.1278,13.3484,1
780626,550099,550931,14.1052,14.0193,1
781162,289382,550478,11.8534,21.9129,2
781432,456486,550659,21.924,40.5118,7
781815,154691,550931,127.8406,15.2877,1
782944,151234,551741,48.6587,12.892,1
783182,551925,552588,10.247,14.7736,2
783393,552078,557171,25.6528,46.6016,93
783486,552132,724086,10.6719,17.3017,2
783487,552132,552299,6.7823,16.9237,2
783722,552297,553604,11.5758,16.4438,2
784119,552588,553604,7.0711,16.0137,2
784261,144961,552681,144.2429,6.1926,3
784262,155326,552681,81.9003,6.5332,3
784942,152964,553146,56.4491,6.0467,1
785019,294856,553203,33.589,17.1449,2
785274,457581,553378,7.0223,24.9993,6
785372,553451,553909,13.3417,21.0132,1
785565,553602,723541,68.4435,19.7645,2
785990,553909,728142,8.6023,20.909,1
786593,460287,554343,167.6945,28.5431,6
786594,554343,561197,40.952,27.5622,6
788217,555493,728724,4.6786,6.1644,13
788399,555617,563904,74.9209,5.6317,4
788455,555661,561617,79.63,7.0094,22
788529,457581,555715,8.0623,24.1658,6
788727,555842,727171,24.3721,11.7331,1
788728,555842,729650,38.6095,17.4436,1
789237,556208,730849,18.6011,18.6882,1
789251,556216,558486,17.4356,27.0843,1
790507,557127,575924,22.0454,23.071,1
790565,457845,557171,6.866,41.0487,80
790566,557171,574767,31.0798,37.1932,13
790853,555661,557366,104.5838,8.109,22
790854,154989,557366,83.0134,7.5027,22
791554,557881,561780,59.143,12.3494,1
791556,155629,557882,46.9077,6.7371,1
792422,558486,731049,9.2916,26.8937,1
792949,558864,572034,125.9524,14.7089,1
792989,117964,558895,8.9256,23.3827,1
792990,558895,655739,13.0767,22.8342,1
794081,289016,559663,29.2005,9.2676,2
794083,559663,565867,7.3485,11.3692,2
794484,559953,733633,21.8708,9.7446,1
794500,559965,736865,52.747,8.9983,1
794620,559180,560059,8.8318,15.1395,39
794647,551799,560079,34.1321,30.128,1
794648,557127,560079,8.775,27.5452,1
794884,560250,560965,113.8815,5.055,1
795172,154242,560452,11.5998,20.5125,2
795750,560856,562651,15.0,29.9811,1
795834,288466,560926,36.4951,14.4361,2
795897,560965,563138,74.7529,7.874,1
796215,539654,561197,27.1518,26.7578,6
796527,560250,561406,348.9842,4.6536,1
796840,561617,573900,163.4387,6.2838,22
797082,561780,563666,25.5147,10.3096,1
797123,311163,561808,25.8715,4.6111,4
797698,560999,562206,45.7165,6.0738,3
797874,561808,562329,16.7697,4.241,4
798336,562651,738134,4.8305,28.7893,1
799031,563138,570757,169.1922,6.3865,1
799285,563314,571422,83.4759,9.2001,1
799636,563567,742673,83.5701,8.7901,1
799760,563666,564765,40.0441,10.7123,1
800093,551447,563904,14.6097,5.2421,4
800699,563870,564333,6.884,5.2676,22
800700,564333,565320,10.5418,3.8534,22
801189,563751,564662,13.9284,7.4721,1
801190,564662,741634,15.6045,8.8596,1
801333,564765,565926,10.7776,11.3106,1
801653,564998,740040,46.9988,15.1587,39
801699,562206,565026,40.1345,6.2264,3
802876,292129,565867,14.0791,14.8883,2
803038,565975,742447,14.5945,4.3028,13
803126,31734,566044,8.6987,20.2159,1
805307,567583,567934,3.6056,15.9169,39
805802,567934,740572,85.5447,14.8508,39
806117,568154,572486,54.5145,20.9335,2
806178,568197,748115,34.4964,21.31,1
806561,568462,578386,70.0206,4.9839,22
808751,570004,746247,4.9329,16.5831,39
809161,570291,572176,12.8452,5.2035,1
809827,570757,571091,52.0096,4.511,1
810305,165216,571109,148.6345,5.5616,1
810482,570004,571246,18.5742,16.8648,39
810497,571257,746292,8.756,16.3623,35
810805,571478,571903,39.4462,4.6111,13
811202,571759,747666,6.2093,8.562,1
811401,571903,572252,20.3224,4.511,13
811402,571904,761930,12.6673,6.8596,2
811554,571091,572002,29.8329,3.8643,1
811806,572176,572860,7.1414,2.6213,1
811813,160526,572182,50.04,7.3079,1
811864,572217,585589,11.8743,11.8443,1
811913,572252,749013,74.6868,5.9495,13
812258,572486,573906,22.4901,21.7197,2
813099,160840,573089,6.1555,4.7431,1
813333,571422,573264,22.8059,9.0182,1
813339,571246,573268,21.4709,16.2053,39
813823,573609,748906,6.442,18.0017,37
814234,573900,576728,33.7627,5.9106,22
814241,573906,575388,29.968,21.4338,2
814505,574099,575976,13.6382,10.3457,35
814511,574102,574509,13.6098,10.5,1
814614,574178,575450,2.4495,11.7435,1
815025,574468,575681,12.2066,6.7986,1
815076,164170,574509,50.2191,11.5415,1
815250,573609,574641,8.3666,13.5687,37
815429,463501,574763,11.6428,28.9723,6
815436,574767,584595,25.7531,25.2704,13
815575,574866,744396,371.7236,6.9937,1
815669,574933,623005,9.3512,9.341,2
816320,166413,575388,75.4343,20.4121,2
816323,572182,575390,30.4193,8.744,1
816692,575654,575818,15.5885,8.9109,1
816914,571759,575818,82.6801,8.6718,1
817055,575918,585738,15.843,23.0476,1
817061,168965,575924,3.559,19.3121,1
817122,573268,575967,21.5407,15.1488,39
817135,575976,746480,64.2484,16.0279,35
817225,160231,576039,32.9478,7.1401,1
817226,576039,593878,285.1218,6.1401,1
817295,463501,576088,9.8939,29.4866,6
817296,465546,576088,113.4264,28.6339,6
817842,576467,587251,76.8071,6.9996,1
818049,576621,580816,43.391,16.2897,1
818199,167258,576728,103.4621,6.364,22
818250,576764,751381,18.5346,10.9016,37
818251,576764,753620,3.9158,8.654,37
818262,576772,577594,7.0711,17.6634,1
819142,298384,577415,37.855,8.4208,1
819336,167263,577562,43.7988,7.4736,1
819382,577594,754668,16.1596,18.023,1
819989,161926,578027,30.0666,12.2454,1
820019,576763,578046,20.4695,8.1796,37
820020,578046,578489,10.4403,10.3048,37
820345,571478,578277,46.1844,5.5495,13
820511,578386,580533,86.8536,5.6825,22
820644,578489,751081,82.1542,18.5322,37
820783,549237,578593,158.286,14.1303,6
821026,578770,579175,32.2645,10.6961,3
821478,162168,579102,41.9603,5.8807,3
821577,579175,756879,14.5645,10.875,3
821582,579179,755942,11.2793,10.3648,3
821602,579192,756360,29.0172,8.0826,2
821691,579262,753418,14.7065,18.2598,1
821858,579382,756587,8.8752,13.5417,3
821862,579385,756878,9.8939,11.8257,3
821866,579389,756593,4.9554,10.5074,3
822096,579389,579552,24.4336,10.0452,3
822123,579192,579571,19.9499,9.326,2
822128,579571,579574,25.0799,9.1309,2
822130,579574,579575,4.2426,8.5408,2
822201,579626,753418,10.5798,18.7543,1
822202,579626,757618,3.7859,14.4365,1
822583,579552,579890,11.5758,8.2769,3
822813,580067,756362,9.434,13.1093,2
823066,172832,580247,27.7068,8.6589,1
823077,580254,583788,30.4822,7.3247,1
823132,174201,580297,5.1208,23.4188,1
823475,580533,581210,63.7382,5.262,22
823763,580735,758158,7.188,12.9972,1
823874,169867,580816,64.8048,15.4956,1
824091,580974,760600,24.5386,22.2053,1
824286,581111,760978,45.829,18.9195,1
824425,581219,760924,24.0693,12.0227,3
824789,462660,581478,25.9018,7.4161,1
824791,581478,594274,20.3373,8.7625,1
824817,170839,581502,70.7594,5.3284,1
825063,581676,582334,7.4917,17.4868,6
825065,465546,581678,309.4344,23.6166,6
825066,581676,581678,11.1337,18.9886,6
825156,167556,581735,26.7519,3.1796,1
825419,581926,760964,17.4499,19.2354,35
825433,581934,759217,5.2493,12.4288,2
825677,581934,582108,7.3485,11.1674,2
825711,581210,582134,26.6166,4.7431,22
825712,167258,582134,3.6968,6.4078,22
825812,582208,759882,7.0321,16.8209,1
825813,582208,582209,11.0454,13.2665,1
825814,582209,765161,47.3778,13.6063,1
826012,575967,582354,49.5278,16.2057,39
826013,582354,584725,14.9666,19.1532,39
826337,580735,582598,34.5977,11.5117,1
826393,582632,761152,8.9069,11.3788,2
826773,582890,588830,6.0,22.9452,1
826910,582986,759860,5.2281,14.0775,3
827013,583062,761844,11.225,29.0598,2
827476,582511,583384,9.1652,12.2881,3
827503,583401,760718,19.655,21.124,1
827647,578277,583512,92.6607,6.2016,13
827961,583745,751081,81.691,23.8058,1
827962,583745,585345,12.8452,21.4477,1
828020,583788,588937,61.9825,6.6726,1
828083,583512,583831,38.3406,6.7723,13
828385,584044,589431,52.1842,7.129,22
829166,468155,584595,24.7229,20.1639,13
829314,584700,585074,8.7178,16.9053,1
829344,584725,765809,75.8569,27.115,39
829583,584902,756203,62.0151,20.8166,35
829815,585074,764674,15.7127,17.4254,1
830203,585356,759012,85.9922,6.373,1
830285,167633,585415,29.0689,4.729,3
830515,294865,585589,32.665,7.3708,1
830648,585415,585675,7.3041,3.6795,3
830754,175462,585738,10.083,24.0632,1
830896,585846,586234,21.1371,6.7016,22
831112,583831,585995,52.259,6.6529,13
831315,172333,586141,37.0315,4.9839,1
831381,586189,588802,19.9053,6.8163,39
831459,586251,702730,50.9192,11.6182,6
831460,586251,626277,14.6758,16.2835,6
831825,586496,587663,19.1511,5.985,1
831914,586558,763985,5.3918,18.5826,1
832909,176690,587251,90.9524,9.1868,1
832975,587296,595385,7.874,25.8028,1
833376,334649,587590,27.0298,9.0118,2
833377,409800,587590,15.9881,8.562,2
833475,179488,587663,132.4741,6.6921,1
834078,175968,588095,77.8389,19.3753,2
834238,588213,765906,11.8884,24.1453,7
834978,588735,590567,14.1774,6.4386,2
835109,575918,588830,13.3417,23.6326,1
835264,173502,588937,36.2261,5.6317,1
835468,589084,765517,64.7995,22.0893,7
835710,589258,763093,72.6032,17.3239,1
835943,585846,589431,31.5862,6.5557,22
835989,581735,589462,94.3119,4.1829,1
836318,588213,589702,51.4101,25.0608,7
837319,166845,590413,59.4475,6.2149,2
837530,590567,592527,12.0416,10.2045,2
837699,590696,599668,30.6757,5.3033,4
837703,590696,590699,8.775,5.4075,4
838182,589702,591023,11.225,24.8109,7
838311,591119,592322,23.8537,6.6028,1
838463,171236,591231,30.9659,7.4096,23
838464,172656,591231,38.694,8.9596,22
838762,591450,769057,12.8722,21.3304,7
839178,591738,768307,11.4988,13.5403,1
839179,591738,594947,29.1376,11.3137,1
839183,591741,768432,4.6435,16.7587,1
839184,591741,598958,48.8365,10.2589,1
839199,169867,591753,83.5703,13.8857,1
839200,591753,595526,64.5608,12.7476,1
839412,591902,597363,55.9553,11.7643,1
839847,172826,592208,45.7954,7.2098,1
839848,173637,592208,3.448,7.2098,1
840006,592322,595266,27.5318,6.3546,1
840198,592455,775559,69.9476,13.6141,1
840243,592489,592661,9.9499,33.3671,39
840452,592661,768898,22.2036,32.5857,39
840517,592324,592710,108.7587,6.9765,1
841002,593053,594942,10.8628,5.0043,1
841117,171060,593143,62.2807,7.4275,1
841118,593143,607160,108.4054,8.4922,1
841353,589462,593305,82.6117,5.4754,1
841591,593469,769371,7.0,34.3564,39
842161,593870,770420,9.4637,34.1232,39
842171,174966,593878,7.874,4.9495,1
842537,594145,595375,68.8912,21.4982,1
842543,587296,594150,10.247,24.7208,1
842710,472187,594274,14.4106,12.0979,1
842883,591102,594396,44.9705,6.8406,1
843126,590413,594566,34.7851,7.0688,2
843127,594566,605151,83.5858,5.365,2
843260,176853,594663,17.2047,6.2404,1
843638,594942,771531,4.7424,3.0275,1
843800,595048,618812,22.4677,13.1498,2
844108,595266,775822,35.57,9.4051,1
844461,595526,599491,50.9771,11.3593,1
844547,594983,595582,9.0481,20.5123,13
844548,470778,595582,13.8644,20.525,13
845185,300880,596023,53.5008,10.3458,2
845186,296849,596023,12.0224,10.3458,2
845462,596235,771732,29.7327,17.8807,7
845463,596235,773365,8.9256,18.0821,7
846302,596812,600769,32.4037,33.6227,35
846316,596821,597714,5.099,23.5358,1
847098,597363,775822,28.2115,11.2227,1
847487,176853,597662,11.5181,6.0822,1
847488,178316,597662,21.8632,6.9228,1
847565,597714,773739,3.6954,23.4091,1
848257,598209,612709,134.8089,8.5863,1
848441,598345,598458,17.7828,15.3464,1
848442,598345,600806,63.5444,12.2998,1
849293,598958,768433,74.0692,10.6456,1
849505,595375,599108,18.2757,24.5086,1
849768,599295,756873,114.9773,17.1464,1
849910,599393,600409,7.4424,4.6993,1
849916,465538,599398,89.3047,9.5219,6
849917,599398,601254,67.9709,7.6474,6
850049,599491,600399,11.694,10.6536,1
850308,599668,680878,23.8654,12.0535,4
850678,575390,599928,256.4454,8.5607,1
850680,599928,603877,39.8623,6.5182,1
850866,600067,780034,108.2497,8.3127,12
851300,600399,600806,26.9088,10.4385,1
851639,600633,601137,6.549,6.7428,3
851822,600769,603035,21.4009,32.0534,35
851917,268708,600838,57.1985,25.8445,2
852199,601044,775365,12.53,18.0192,7
852200,601044,777003,9.6954,17.5921,7
852332,182809,601137,39.4081,6.9188,4
852343,598185,601144,151.2248,9.1077,1
852606,188360,601329,9.9163,16.7982,1
853181,601729,778419,13.9603,15.0866,1
853451,585995,601917,202.1435,7.719,13
853788,602144,777909,10.7986,17.6741,7
854741,185529,602829,80.0916,17.1065,2
855020,603035,778300,4.9329,30.4875,35
855601,594145,603444,37.108,17.2648,1
855603,601329,603444,17.6068,15.5523,1
856195,185245,603877,53.7742,7.5027,1
856619,604175,604176,5.4237,5.1926,1
856900,604374,605701,10.4403,10.9078,1
856989,546436,604445,215.132,9.2466,1
856990,495093,604445,388.9979,9.8809,1
857257,604631,604636,43.4626,15.9847,1
857259,604631,605702,14.4568,14.3286,1
857998,188582,605151,55.0023,5.4909,2
858395,605438,606014,37.2578,4.0941,1
858755,605701,780093,13.1956,14.8192,1
858757,187157,605702,73.3644,12.967,1
859199,600409,606014,51.1016,4.1621,1
859513,606241,655637,74.7329,10.2121,2
859522,172699,606248,117.983,7.6178,1
859523,184157,606248,7.2572,8.6886,1
859943,606539,606733,31.1288,11.6593,19
860210,606733,607806,11.9164,11.0814,19
860818,184484,607159,12.5186,6.9989,1
861162,607402,783101,20.8726,13.2849,1
861368,604176,607557,105.957,4.9495,1
861369,183348,607557,20.6155,4.0306,1
861693,607806,786647,99.3886,11.2663,19
862103,574866,608123,10.116,8.2063,1
862104,22628,608123,10.387,6.9465,1
862540,608427,781952,4.4969,28.4687,35
862691,601917,608536,94.8999,9.3272,13
862701,608543,777909,40.1324,19.3574,7
863635,188684,609212,95.7653,11.3358,1
863976,609212,609468,50.0722,12.8552,1
863977,609468,611115,12.5344,12.4914,1
864159,186727,609601,37.3988,6.7759,1
864344,609727,781430,7.7183,25.2728,1
864345,609727,783102,10.9325,23.1859,1
864718,609985,781952,7.5425,26.1108,35
864767,165059,610021,310.5938,7.1947,1
864768,181010,610021,84.3534,6.9228,1
864891,610105,782425,5.7155,18.7248,7
864894,610107,782934,4.714,9.7947,12
865120,610267,778306,55.6566,15.6235,19
865227,609024,610349,8.7178,7.8367,12
865228,610349,627161,188.5683,12.1434,12
865678,189460,610662,63.9427,5.8537,1
865757,610714,616715,46.9148,14.8642,1
866535,611273,630547,130.2229,19.2781,2
867377,190081,611881,83.3367,6.2281,1
867411,604175,611903,55.1631,4.2737,1
867721,612124,783102,9.8413,21.233,18
868535,188139,612709,7.3485,7.7728,1
869495,608536,613395,32.6956,9.9345,13
869608,613475,613641,8.1467,7.2636,2
869609,188582,613475,36.9362,6.2429,2
869859,613641,616615,17.561,6.9343,2
870302,613960,615490,43.383,10.2791,1
870304,189278,613960,22.198,11.0439,1
870387,611903,614021,34.0033,4.2737,1
870388,614021,618469,60.7307,6.1567,1
870499,614102,792369,64.554,14.2724,1
870500,612124,614103,10.7703,19.8503,18
871376,610105,614730,33.6155,18.6996,7
872429,195622,615490,63.8931,7.1929,1
872443,303439,615499,47.8992,10.1961,4
872444,296872,615499,51.1881,11.1151,4
872448,615501,786291,30.3132,10.0789,19
872449,615501,787311,4.761,10.3959,19
872691,268708,615670,39.3475,19.269,2
872692,615670,641035,12.6007,10.8705,2
873281,190787,616077,25.1241,7.3478,1
873304,616095,787147,3.559,20.0992,18
873305,616095,617978,12.4097,18.1555,18
874022,197786,616615,69.6064,6.0738,2
874024,607160,616617,70.1629,8.4091,1
874132,616710,651105,21.2158,18.2028,1
874138,616715,620180,22.7596,15.1162,1
874234,616777,621812,48.5386,10.4155,2
874792,481618,617164,90.3506,11.725,1
874959,190302,617284,4.9666,4.3028,1
875150,614730,617422,22.5167,21.8934,7
875796,190081,617885,40.2561,7.6888,1
875797,617885,618450,9.798,7.9282,1
876560,618450,629146,110.4385,6.9765,1
877054,618812,664847,14.3402,18.0175,2
877291,617422,618971,14.4568,21.8682,7
877353,481722,619017,33.4348,23.6544,13
877457,191721,619096,6.9041,2.6992,1
877551,194963,619161,60.1526,9.1098,23
878174,191157,619610,6.9761,10.7234,1
878404,192783,619772,11.9164,5.381,1
878615,619919,622864,29.2899,4.5616,1
878980,620180,622990,32.45,15.2637,1
880509,466481,621278,140.9027,10.5074,1
880960,621615,627502,152.3319,8.9441,20
881027,299966,621665,43.781,16.2261,3
881218,621799,629405,49.7393,13.3917,18
881236,621812,797874,54.6961,8.3006,2
882092,194720,622424,24.6154,12.9763,1
882806,622927,791751,13.2413,19.438,7
882807,622927,624032,9.2736,19.9028,7
882894,622990,797718,58.9293,16.1384,1
882920,250972,623005,30.7142,12.5747,2
883437,619610,623371,33.1143,9.2202,1
883568,623468,624711,14.8511,6.0837,1
884331,624032,793887,9.0623,20.06,7
884499,624152,630602,23.3643,14.109,1
885272,624711,652750,210.8433,6.2196,1
886232,622864,625414,50.2105,4.8002,1
886631,199265,625703,74.7895,9.2195,4
886632,195432,625705,6.1373,9.2447,4
886633,196726,625705,69.8164,8.0711,4
887229,626119,627722,9.2736,14.3356,1
887432,623371,626270,28.4058,8.1771,1
887445,626277,680878,14.5144,18.3106,6
887464,616617,626291,139.1648,8.6254,1
887704,194815,626468,29.8747,7.4725,4
888599,196219,627105,3.2998,6.0828,1
888678,627161,795922,147.1364,14.5876,12
888863,627288,793939,42.6927,6.8525,34
888949,627343,627515,8.3066,5.8723,1
889167,627502,795107,13.2246,7.9366,20
889187,627515,629363,26.1746,7.3012,1
889395,626476,627672,12.9843,5.2035,1
889456,627710,629401,19.2094,20.0377,35
889471,627722,651240,51.6333,16.8652,1
890420,197112,628401,7.1647,9.449,1
890555,194954,628505,50.2441,6.5557,1
891083,196726,628884,21.4476,7.3852,4
891084,197197,628884,6.3509,8.5863,4
891441,198545,629146,19.7625,6.7371,1
891733,629363,637220,86.8018,8.0761,2
891788,629401,629402,5.3852,19.222,35
891790,629402,796595,29.0132,21.5733,35
891795,629405,797764,8.4582,20.4751,18
891796,629406,798129,9.7591,30.7595,18
892675,197197,630031,20.4015,9.3249,4
892678,195078,630033,59.0668,4.4068,1
893007,630267,797585,13.5241,26.1296,35
893008,630267,800089,35.3977,27.8823,35
893458,630602,633137,20.8282,13.7596,1
894167,483643,631091,12.261,6.4155,1
894779,198044,631524,23.1781,5.6118,1
895404,199886,631953,12.083,12.4696,2
895586,198545,632081,67.3317,6.0355,1
895992,632376,635293,15.864,4.3708,1
895999,632380,633258,5.3125,11.5958,1
896029,303728,632405,86.7525,5.3033,1
896888,633026,778877,6.2716,15.898,1
897058,488557,633137,18.147,17.5589,1
897217,633250,799681,46.194,27.1283,3
897230,199052,633258,5.9907,10.7999,1
897556,629363,633482,100.9433,8.8837,3
897625,633532,795922,41.5929,10.5859,1
897698,633581,670983,194.4475,11.159,39
898384,628505,634077,110.6207,6.5182,1
898385,198794,634077,40.6407,6.5182,1
898514,634172,801005,4.714,32.6724,18
898751,634349,803711,88.9432,28.3597,3
899430,634847,645692,52.6308,10.778,20
899659,632081,635002,168.4801,5.7016,1
900046,635002,635293,18.0462,5.0724,1
900606,493463,635688,125.044,25.2469,13
900985,198381,635957,26.8514,6.3609,1
900986,205421,635957,48.1387,5.9106,1
901015,635974,641815,56.0496,10.8856,2
902002,300789,636680,21.1305,21.9928,2
902003,298224,636680,24.3713,20.4487,2
902136,320053,636778,21.5767,22.8685,3
902760,637220,654324,213.49,9.2749,2
903379,637662,665045,13.7663,14.2125,1
903774,637939,639862,14.4568,17.0007,1
904128,202136,638196,23.7627,9.4051,4
904777,201069,638648,45.6427,7.6344,1
904778,638648,640103,18.4815,9.4219,1
905833,639395,802755,15.1057,27.44,34
906230,633639,639679,26.3223,14.1817,1
906465,639840,802544,18.473,20.2677,7
906493,639862,805263,8.5375,17.72,1
906830,628401,640103,187.9415,10.0975,1
907734,639840,640733,7.8102,19.452,7
908116,197234,641011,62.6638,4.7913,1
908117,641011,646490,24.7044,4.5616,1
908154,64974,641035,21.2289,10.1728,2
908324,641157,801005,41.7359,30.4394,18
908325,641157,806075,7.157,29.9673,18
908492,639679,641273,21.484,15.5541,1
908814,641493,642920,67.2855,7.7787,2
908815,208204,641493,74.8176,8.0221,2
909151,640733,641733,7.0711,18.4688,7
909273,641815,646441,36.5544,11.9772,2
909655,641273,642081,19.9565,17.3879,1
909775,633482,642174,43.1612,9.0547,3
909776,642174,654149,184.7996,8.9721,3
910356,642586,807896,16.278,9.2302,34
910520,642081,642701,20.2677,18.6538,1
910680,642834,805901,12.8841,14.4611,3
910889,642973,801949,38.3406,6.7371,1
911439,643331,666885,364.9878,6.2386,4
911975,216037,643715,115.4713,9.4163,2
912114,216296,643813,43.9305,6.2321,2
912115,572087,643813,22.4883,6.7078,2
912278,642701,643920,10.247,18.4068,1
912279,491898,643920,8.0346,19.2574,1
913477,641733,644774,18.7083,17.3573,7
913694,644932,646140,7.1414,29.3494,18
914575,489077,645569,48.4114,7.2094,1
914606,294984,645592,98.7168,7.77,9
914735,645692,813323,43.4537,11.7463,14
915796,207089,646441,12.083,12.3524,2
916260,645692,646767,8.6023,16.0451,34
916261,646767,810318,2.8674,15.9816,34
916351,495679,646824,16.5908,9.1671,1
916354,646825,647807,19.1084,20.2426,1
916617,647009,811071,10.7548,28.2482,3
916678,207393,647048,7.3485,7.4806,1
917022,645569,647290,12.939,9.1789,1
917326,529462,647510,16.023,7.1178,1
917344,647524,650665,66.5808,15.8381,1
917735,493677,647807,20.1989,16.8285,1
918250,648195,649130,4.5826,9.8669,34
918586,303706,648446,3.9158,12.7249,2
918907,205525,648676,45.1147,10.0234,2
919445,493209,649049,26.1831,6.8023,1
919562,649130,655732,32.6956,15.136,34
919593,649156,701997,88.5551,6.0355,1
919594,649156,679278,39.7618,4.6213,1
920247,208193,649599,35.7895,5.7956,1
920248,649598,649599,26.0342,4.5708,1
920618,649049,649863,12.4298,5.7604,1
921695,650625,651781,16.7778,11.4499,1
921754,650665,815343,45.1885,14.8824,1
922391,311354,651105,16.0624,17.6222,1
922412,651118,651788,6.5574,6.5355,1
922584,651240,680116,43.0581,19.266,1
922659,651289,810625,25.7294,9.8913,1
923331,219044,651781,182.3162,10.5562,1
923343,651787,814210,4.3461,3.8028,1
923344,651787,651788,9.8995,4.8028,1
923391,208848,651825,109.3445,5.8549,2
923760,649863,652091,11.1437,3.7161,1
923984,652260,654863,18.6055,18.1194,1
924163,646490,652393,93.6548,4.1231,1
924172,651289,652399,43.3705,9.0182,1
924669,211256,652750,9.551,5.7439,1
925716,653492,654803,8.544,2.639,1
925832,653574,813211,19.1746,18.8009,7
925871,653600,653861,15.5563,10.6493,1
926243,653861,654063,32.573,9.672,1
926518,654063,815784,40.6899,9.0552,1
926552,495334,654086,35.3349,4.4126,1
926559,654090,657944,76.0132,18.9818,1
926618,302906,654128,14.4568,4.241,1
926656,219489,654149,126.4885,7.7787,3
926894,216037,654324,133.8992,8.8541,2
927384,653574,654685,11.1803,19.466,7
927385,654685,655875,6.5574,18.7083,7
927545,654803,816240,8.3467,3.285,1
928126,205408,655207,57.5142,3.9324,1
928127,218084,655207,77.209,4.5634,1
928763,655637,657375,96.1139,13.1067,2
928887,655737,655739,2.2361,23.4186,1
929190,654863,655955,8.7273,18.1633,1
929191,655955,657030,5.1747,16.0919,1
929510,361,656189,57.4214,23.6959,1
929511,656189,692143,28.1069,24.6887,1
929559,655732,656223,3.0,19.8867,34
929680,529418,656311,27.8613,11.5964,2
929996,655875,656529,4.3589,18.4509,7
930015,511869,656541,94.2862,5.1926,1
930016,656541,657680,4.2295,5.521,1
930025,647290,656548,53.8432,7.7728,1
930168,656223,656653,2.8284,19.3873,34
930223,656689,658225,72.0882,6.8804,1
930224,656689,656690,3.7712,7.1756,1
930345,656529,656775,5.1962,18.5439,7
930698,657029,657695,10.8301,19.6286,1
930700,500310,657029,17.0477,14.3133,1
930701,657030,658283,6.9362,13.9364,1
931201,656690,657392,25.7644,7.0355,1
931202,216260,657392,98.3222,5.8452,1
931636,652091,657713,52.1287,11.6655,1
931638,657713,672141,31.1066,20.8674,1
931723,657774,817599,3.448,5.5317,1
931727,657778,658005,10.6771,5.6787,1
931823,657841,754978,100.8117,5.3779,1
931973,499053,657944,4.25,8.2749,1
931981,657949,658217,9.2736,5.4754,34
932009,657971,658790,7.1414,15.2412,1
932010,657695,657971,4.4969,19.2051,1
932055,658005,816469,12.9486,6.1531,1
932359,656653,658217,44.8442,12.8672,34
932433,657778,658274,22.0907,4.1069,1
932446,500310,658283,4.761,11.6471,1
932551,658354,659202,21.0,10.6292,1
933074,658732,658733,26.1725,3.0811,1
933075,657774,658733,27.9464,4.0306,1
933136,658784,818284,3.559,11.3434,1
933699,658784,659201,2.8284,11.7294,1
933700,659201,659202,24.4131,11.7294,1
935006,660108,818967,65.5323,24.4052,18
935549,495334,660497,70.1407,5.0299,1
935866,216260,660739,11.0604,5.2175,1
936069,660882,670524,64.076,3.7199,1
936446,219036,661150,63.4429,5.1881,23
936848,661430,818900,26.3607,3.9921,1
937334,661784,819556,6.7082,5.4312,1
938351,652393,662517,54.2975,6.1236,1
938353,662517,678493,98.7251,7.8369,1
938483,662613,662615,5.2281,7.2098,4
938487,662615,785425,9.0738,7.5667,4
938499,662623,801483,11.1056,6.6878,2
938621,662708,662709,3.1623,7.2749,1
938622,1458,662709,37.4344,7.0,1
939227,214470,663135,103.9583,11.1789,2
939228,217453,663135,22.6495,11.2241,2
939302,660739,663190,43.9824,6.0738,1
939581,663388,668030,32.1999,9.3541,39
939650,503364,663438,5.0553,27.9802,1
939880,508258,663597,35.7852,4.1231,39
941500,663533,664758,36.3456,4.0388,1
941628,664847,690040,15.987,20.2361,1
941899,665045,694381,60.1731,8.3805,1
942044,654086,665147,39.4208,5.0368,1
942565,298324,665507,132.142,6.8617,1
942567,665507,690863,67.9191,7.429,1
943129,664758,665901,46.3141,3.6056,1
943661,601411,666273,109.906,6.358,1
943895,664847,666442,12.2848,21.032,1
943977,660497,666506,18.9701,6.8313,1
943978,532094,666506,209.1218,6.8313,1
944089,666575,675372,95.4201,25.6534,13
946693,506906,668380,15.864,9.3538,1
947501,218790,668958,14.6363,11.3325,1
947502,668958,679339,63.1313,6.0138,1
948671,8862,669786,5.6273,3.4042,1
949958,504057,670685,30.2379,4.9495,1
949959,511330,670685,23.7978,5.2779,1
950033,670732,675433,61.704,6.5027,2
950120,670789,818151,132.5049,6.6115,1
950406,670983,677556,30.1588,11.5655,39
950764,219862,671259,133.5041,6.7371,1
950835,671304,673827,24.0416,16.0004,1
950940,658225,671378,60.5608,5.5856,1
950941,671378,679687,91.9142,5.0378,1
951173,508743,671542,5.244,25.6283,1
952023,507905,672141,6.9442,21.1018,1
952138,8862,672233,125.0906,6.2106,1
952139,672233,674050,29.7321,7.6712,1
952430,665147,672447,33.0067,5.6081,1
952431,672447,676191,24.2625,5.1926,1
954006,58601,673559,19.4394,9.9636,1
954401,673827,675239,13.5236,14.3097,1
954534,673911,778877,11.4455,14.8563,1
954726,25031,674050,7.5736,8.357,1
955413,674535,821405,72.0694,16.2873,7
955750,220675,674777,48.6278,5.1881,23
955751,224565,674777,28.6007,4.5414,23
956027,666885,674964,113.3441,7.7426,4
956028,223160,674964,7.157,7.5967,4
956416,675239,679530,22.6089,16.0387,1
956589,654128,675341,19.3907,5.4961,1
956627,514274,675372,104.8231,18.9326,13
956712,675433,675769,28.4937,6.3284,2
956817,510866,675507,17.6981,4.7913,39
957181,671504,675769,59.1702,7.8012,2
957332,668030,675869,77.3682,10.6904,39
957661,676104,697674,122.939,4.8723,1
957663,30310,676104,80.8716,4.6926,1
957791,511869,676191,3.6056,5.0,1
958123,676431,678904,180.4934,6.3326,39
959039,231184,677062,193.0924,9.0802,1
959227,314034,677200,34.5527,15.4215,2
959745,513630,677593,8.124,22.3911,1
959906,677712,684633,49.5367,8.5106,1
959907,677712,677949,3.5901,8.9708,1
960276,677978,683733,27.2781,4.8139,1
960306,223098,678001,20.221,6.1542,1
961130,232960,678610,90.2423,5.0368,4
961530,677556,678904,16.6166,8.7636,39
961913,19566,679168,52.8111,15.8614,4
962151,225227,679339,16.4283,2.6688,1
962229,514639,679395,15.8447,13.6763,13
962230,514274,679395,3.6132,13.599,13
963160,355936,680043,168.335,8.4244,1
963259,428861,680116,25.807,14.7462,1
964045,680056,680682,16.5529,5.7007,1
964321,680878,803695,9.4868,18.54,2
964593,681058,688026,30.0826,12.32,1
964595,518513,681058,18.2028,11.8474,1
964980,681331,681548,6.9682,4.241,1
964981,227118,681331,20.3115,3.7936,1
965275,677978,681548,110.3983,4.872,1
965297,679687,681561,8.6923,4.1926,1
965298,681561,684775,25.4056,3.7361,1
966369,679530,682330,26.4624,11.3712,1
966370,682330,683742,10.2589,6.7561,1
966391,682345,682729,11.5758,10.9865,18
966402,47780,682355,4.6786,12.8991,1
966934,682729,683316,9.0,8.8944,18
967189,682345,682904,7.0,11.4452,18
967206,682189,682915,12.3693,15.8463,1
967207,50686,682915,7.4312,14.8153,1
967765,683316,683671,5.4772,7.1742,18
968287,56243,683671,11.3358,7.4051,18
968398,518513,683742,21.6307,7.0421,1
968748,52186,683992,7.4981,6.2838,4
969052,684211,685841,16.321,5.2249,1
969453,684211,684488,49.3973,5.4157,1
969627,317223,684618,144.5795,6.2633,4
969628,312186,684618,31.6684,4.7541,4
969650,232344,684633,81.2937,7.4697,1
969841,684488,684775,18.2513,4.2976,1
969905,684824,686085,24.454,23.1301,4
970405,227333,685173,7.8951,3.0811,1
970732,685412,687785,22.8473,13.2773,3
971331,685841,694103,50.394,4.7431,1
971678,686085,697290,70.8378,20.2538,5
971679,59635,686087,62.8543,14.8534,3
971680,66427,686088,33.4465,17.1548,1
971698,686098,692015,577.6028,7.5495,1
971699,64348,686098,21.3073,6.3574,1
971943,686270,689069,29.5353,13.0936,1
972438,226764,686632,48.4802,4.2426,1
972618,686751,698288,96.2341,4.3528,1
972979,62719,686996,16.3605,11.6935,1
973189,687158,687486,7.0396,21.6898,2
973656,520842,687486,8.3865,23.9999,2
974072,686087,687785,25.3772,12.0593,3
974410,525663,688011,31.8416,6.9567,1
974433,688026,689327,14.1559,7.7363,1
975493,670789,688785,84.6936,5.9036,1
975728,688960,691490,15.843,3.3166,1
975893,687158,689069,35.2609,17.6426,2
975894,689068,689069,6.1283,14.7222,1
975895,689070,694399,33.7459,20.5125,1
976212,683733,689293,33.0781,3.9921,1
976213,685173,689293,21.5589,3.452,1
976270,686270,689327,23.5254,9.2341,1
976351,680682,689377,113.5738,5.7878,1
976352,69526,689377,57.6618,5.8735,1
976678,689606,704148,178.8935,6.5953,1
976900,678493,689772,82.4733,6.6472,1
976901,689772,692165,19.2556,6.0738,1
977278,85238,690040,25.9487,17.9024,1
977921,229985,690477,4.8189,7.8367,1
978472,406600,690863,32.6956,9.4074,1
978701,70467,691041,26.9691,18.8107,18
978735,232048,691066,16.5831,5.0,3
979308,66940,691482,4.8088,25.6694,3
979511,691622,695519,43.2319,3.5291,1
979545,691654,700807,242.9394,6.8093,1
980072,688785,692015,22.2261,7.0958,1
980251,692143,698025,3.7712,26.1959,1
980284,229542,692165,21.2603,5.2631,1
981646,66427,693093,271.1691,18.6324,1
982501,68904,693691,9.3452,23.1327,6
982759,69088,693885,55.0111,4.3028,1
982861,666273,693962,66.362,5.1194,1
983046,694103,696393,25.3443,5.9545,1
983456,647510,694381,18.0062,7.8646,1
983481,694399,700242,29.4581,21.4252,1
984474,72820,695108,4.5461,5.9407,2
985061,695519,706332,76.4264,3.9324,1
985257,233803,695654,36.6515,7.0355,1
985418,695771,702433,33.5692,6.458,1
985646,695922,696508,21.3073,10.4783,3
986325,232571,696393,64.323,6.4734,1
986472,696485,722149,126.5583,7.3425,1
986499,74047,696508,3.5434,9.7154,3
986825,231506,696736,55.6587,7.2449,1
986868,528305,696772,26.8452,26.1342,2
987613,697290,703583,43.0232,24.0125,5
988377,70475,697840,86.714,18.8589,3
988632,698025,710134,17.2838,26.7302,1
988647,74049,698037,12.8668,16.1814,3
988666,691490,698052,40.9512,3.1583,1
988999,697674,698288,130.2843,5.1636,1
989040,698318,750640,117.2391,9.1583,4
990075,695108,699050,49.97,5.099,2
990410,80929,699275,45.8376,16.5213,3
990411,698037,699275,9.2195,16.2565,3
990945,70467,699642,49.6622,17.3216,18
990946,699642,701168,14.3527,16.7774,18
991010,693691,699683,39.0256,24.5813,6
991434,699971,709121,78.8346,5.4218,4
991517,700030,701885,11.3431,23.7876,2
991815,534890,700242,44.2681,22.8691,1
991977,686996,700356,9.0848,12.288,1
992426,217206,700673,227.9777,6.2281,1
992427,700673,706886,49.2481,6.5355,1
993141,85621,701168,26.4701,17.428,18
993799,531430,701630,12.5698,24.6321,2
994149,701630,701885,9.9219,22.7046,2
994298,491250,701997,22.4128,6.2281,1
994378,696736,702055,28.1148,7.4159,1
994380,237561,702055,30.6322,7.3817,1
994615,529745,702215,41.6046,11.1985,13
994840,233024,702366,29.2897,3.5616,3
994841,238230,702366,64.1786,5.2749,3
994940,539821,702433,65.4294,6.8632,1
995338,702699,712938,13.4164,19.5977,3
996124,80929,703231,20.2104,13.7449,3
996601,703583,704503,13.0384,27.502,5
997811,533791,704433,22.5256,17.3454,2
997921,704503,709155,40.1373,26.3606,5
998983,85727,705242,47.0126,21.7047,18
999106,705338,705867,4.0,11.8811,2
999844,705867,707348,17.3237,9.834,2
1000125,88312,706055,2.8674,5.3779,1
1000513,706332,707465,8.544,4.9338,1
1000683,84811,706460,12.1518,12.3309,3
1000812,80662,706540,39.1436,4.3028,1
1001413,246164,706948,81.9634,4.729,1
1001834,80434,707245,109.4029,6.7028,2
1001975,707348,710510,21.4674,7.3444,2
1002155,382344,707472,50.2444,27.1638,3
1002941,706460,708041,22.6716,13.1797,3
1003608,708525,782393,54.9636,7.9404,1
1004455,240161,709121,22.2261,4.999,4
1004498,94321,709155,7.8918,26.3606,5
1005309,709733,711878,23.9668,19.2581,1
1005908,710134,739235,28.288,25.9196,1
1006447,542024,710510,17.7346,11.0881,2
1006468,709217,710523,9.8489,3.8944,1
1006729,706055,710700,24.4949,4.4096,1
1007619,711324,714481,35.462,8.6281,1
1008418,711324,711878,14.7181,16.9952,1
1008768,709701,712120,21.9408,9.0628,1
1008769,699177,712120,29.4136,24.5823,1
1008894,712218,716178,43.4281,4.5616,1
1008895,710523,712218,13.9284,4.7361,1
1008980,712281,717335,27.9464,11.5824,18
1009594,712685,721588,61.6262,22.3852,1
1009873,237886,712870,35.6558,5.4929,23
1009978,707472,712938,9.0,24.9987,3
1009993,712947,721200,42.7855,14.1755,2
1010300,713167,717215,89.7441,6.2634,27
1011487,107519,714012,7.6515,5.0476,1
1011488,714012,725684,69.2315,7.5225,1
1012186,714481,715625,11.1455,3.4155,1
1012538,115329,714728,15.1511,24.9352,18
1012539,714728,715166,15.7797,25.0137,18
1012686,714837,719378,29.4863,5.6967,1
1013150,119741,715166,31.5187,25.085,18
1013387,548146,715334,39.0683,5.6541,1
1013795,544631,715625,15.6738,4.6708,1
1013924,109265,715723,45.7299,5.5707,1
1014101,696021,715840,13.9437,6.7785,1
1014586,119698,716178,4.7258,4.1231,1
1015198,57332,716629,40.9675,4.7947,1
1015323,118509,716715,32.1403,10.7362,18
1016028,717215,717773,7.2495,6.7823,23
1016202,130333,717335,35.7025,9.7978,18
1016603,125019,717602,16.7531,13.9334,18
1016868,712870,717773,42.595,5.6825,23
1017009,715723,717867,23.0868,8.5957,3
1017010,717867,720800,27.2764,12.2013,3
1017493,547121,718209,29.9961,15.8904,1
1017494,556216,718209,53.9825,22.5238,1
1018674,103486,719028,65.7614,25.2411,2
1019119,242520,719349,14.4568,7.3098,4
1019160,719378,734118,92.2201,6.1596,1
1020265,720157,721350,27.0917,14.1263,1
1020270,720157,730017,34.9723,12.4996,1
1021276,129056,720877,23.4141,3.5937,1
1021749,721200,734853,99.0554,19.631,2
1021891,721299,722149,5.109,8.4545,1
1021967,721350,724689,36.7161,10.4816,1
1022314,721588,722045,17.6377,11.8733,1
1022416,720326,721659,24.8998,18.7426,18
1022417,128825,721659,17.9304,12.0959,18
1022758,719028,721894,22.561,22.4475,2
1022762,721897,723624,10.0,10.8773,3
1022763,720214,721897,11.0454,8.1072,3
1022963,722045,723004,44.2971,20.7045,1
1024352,723004,728264,27.1313,31.9131,2
1024649,128825,723199,18.8812,7.2592,18
1024661,128200,723206,10.247,17.9541,2
1025035,723460,724265,13.0,19.8481,2
1025162,723541,740333,54.0568,21.8651,2
1025287,723214,723627,35.9583,5.365,1
1025436,723733,724092,9.3423,16.3963,1
1025575,553451,723835,21.7715,25.9477,1
1025808,137420,724008,31.2232,10.4588,1
1025915,551925,724086,18.5622,15.5972,2
1026167,134925,724265,24.1776,22.5891,2
1026234,723733,724309,10.7238,14.8663,1
1026380,140413,724415,71.5301,6.2037,1
1026572,105418,724547,75.1598,18.3533,6
1026770,723004,724689,30.6658,20.5785,1
1026824,723999,724726,4.3589,18.2989,18
1026831,127367,724735,35.3223,13.7203,3
1027801,542803,725454,68.813,8.6804,39
1027802,559180,725454,43.3654,12.0407,39
1028109,130842,725678,30.1787,23.8852,18
1028389,723206,725881,37.4566,18.4535,2
1028390,725881,726491,19.3391,20.8753,2
1028553,552297,725985,6.6944,16.217,2
1028554,553602,725985,5.2087,14.9001,2
1028605,243848,726022,18.6815,5.7016,1
1029294,724726,726488,97.9081,19.452,18
1029295,136792,726488,25.5212,21.7105,18
1029606,136792,726724,7.2111,22.5465,18
1030083,727069,727070,11.1831,21.1719,2
1030084,727069,728263,10.0281,25.8545,2
1030085,552299,727070,11.6476,17.6955,2
1030242,724309,727171,21.145,10.8773,1
1030676,246648,727477,53.5195,6.4144,1
1030860,246317,727599,6.4464,9.087,4
1031312,725684,727907,15.6205,8.53,2
1031313,727907,729712,9.4868,6.2981,2
1031497,33189,728032,151.8368,5.6506,4
1031619,311354,728122,26.386,15.9374,1
1031620,315039,728122,37.7168,15.3132,1
1031642,556208,728142,24.1661,20.909,1
1031803,223319,728251,60.5034,6.5332,1
1031823,728263,728264,4.7199,29.5401,2
1032295,720372,728603,103.5085,5.8549,13
1032296,555493,728603,44.5346,5.7748,13
1032477,728724,731099,41.9881,5.5317,13
1032581,724092,728809,52.4505,10.121,1
1032582,558864,728809,58.8671,8.147,1
1033028,135780,729120,16.8589,11.2757,18
1033211,251939,729248,103.8872,6.6296,1
1033413,712685,729397,64.6302,27.053,1
1033424,729403,730021,11.0372,19.5104,1
1033425,729403,729404,20.7866,22.2355,1
1033428,559965,729404,17.7947,17.4161,1
1033789,729397,729650,74.5673,23.2454,1
1033895,141277,729716,38.4475,15.6141,3
1034245,729971,730844,5.831,9.434,4
1034319,730017,731793,13.4454,8.6914,1
1034528,729712,730163,31.9687,14.7134,2
1034529,730163,742796,72.6705,23.2792,1
1034545,730176,736350,40.4269,6.9873,1
1034926,152160,730439,65.5519,6.6296,1
1035479,730844,734288,37.0021,8.6221,4
1035487,730849,731036,6.2716,19.2501,1
1035751,730021,731036,13.9403,19.5104,1
1035767,560856,731049,32.5064,28.1932,1
1035846,731099,736006,40.3554,4.9495,13
1036173,731323,732705,6.4031,4.0941,1
1036770,572087,731748,14.0535,8.1082,1
1038439,246467,732935,188.7061,6.6315,1
1038993,733330,734270,11.9012,14.8331,1
1038994,733330,737802,51.4984,11.6263,1
1039407,731793,733633,10.6301,8.5114,1
1040294,559953,734270,23.6761,12.737,1
1040302,729248,734275,33.6089,8.654,1
1040303,278966,734275,623.8167,8.9596,1
1040320,734288,738011,17.4096,7.8102,4
1040488,721299,734407,42.2697,8.4545,1
1040489,253609,734407,57.1013,8.0761,1
1040624,431962,734490,38.7508,7.2434,2
1041127,734853,746931,45.6014,31.5092,2
1041620,735206,735578,9.6437,8.321,3
1041772,252938,735317,26.9052,7.895,4
1041955,679278,735446,65.5668,4.8139,1
1042144,724735,735578,286.0804,9.8633,3
1042251,257688,735650,56.5626,8.2764,1
1042562,150681,735874,77.4676,7.7213,1
1042563,156191,735875,85.7866,7.2243,1
1042565,735874,735875,29.8329,6.5534,1
1042750,565975,736006,59.1918,4.3028,13
1042798,729120,736034,54.5344,14.3929,18
1043125,146789,736267,52.7952,6.0822,1
1043236,736350,739196,19.2094,8.2353,1
1043468,145797,736519,18.2026,16.6835,6
1043973,563751,736865,34.5579,6.0822,1
1044247,737054,739978,78.5939,11.282,3
1044248,735206,737054,14.1774,9.8242,3
1044950,251373,737536,40.7131,4.4665,1
1045331,563567,737802,12.6754,8.7085,1
1045630,253413,738011,17.8979,8.2063,4
1045711,560059,738073,112.6183,15.4908,39
1045790,568197,738134,47.585,23.6517,1
1045999,730842,738281,48.7363,7.1401,1
1046000,738281,747936,51.2597,6.0495,1
1046560,738677,742069,111.5238,7.0622,1
1047289,260537,739196,101.8921,7.8301,1
1047337,739235,791303,82.3387,23.5157,1
1047656,739467,741731,15.2971,20.5647,6
1047657,736519,739467,18.4932,20.9339,6
1047885,3452,739636,53.8447,6.0414,1
1047979,738073,739699,33.1478,14.6841,39
1048296,146145,739919,193.0924,7.6088,1
1048314,736267,739932,176.2498,8.23,1
1048315,153433,739932,11.0454,8.1058,1
1048382,152260,739974,14.2244,12.6292,18
1048383,157054,739974,30.9408,15.4637,18
1048464,739699,740037,70.3649,14.1243,39
1048467,740037,740039,21.4735,15.4852,39
1048469,740039,740040,47.1192,16.2067,39
1048472,564998,740043,36.5954,14.5248,39
1048913,740333,748906,125.1646,18.9578,2
1049260,740043,740572,10.2956,14.2651,39
1049390,251144,740669,128.2056,4.8723,1
1051403,251061,742069,48.9036,8.779,1
1051924,742447,749013,48.5107,6.0,13
1052239,567454,742673,33.2696,7.1863,1
1052424,164560,742796,54.3865,21.7584,1
1052514,253413,742857,28.8483,8.0761,4
1053019,572023,743216,17.2897,13.6015,35
1053021,743216,743217,26.2384,13.6015,35
1053022,743217,746292,15.9001,14.1492,35
1053390,735446,743480,25.4951,4.2737,1
1053551,158474,743594,5.2599,18.9732,18
1053552,159870,743594,5.1208,19.6767,18
1053567,269211,743607,125.9828,6.1401,1
1053944,743867,808025,11.1626,18.8689,1
1054145,188429,744005,48.3886,11.9171,2
1054250,246283,744077,80.0125,3.9241,1
1054301,263330,744111,88.5904,7.6787,1
1054745,88835,744396,69.0483,4.3509,1
1055138,561406,744685,293.3648,7.923,1
1055634,745031,768633,21.7563,13.6475,2
1056728,159870,745772,18.5891,19.6374,18
1056729,745772,750019,45.9674,18.6919,17
1057192,741634,746126,27.2631,10.4497,1
1057195,576772,746126,38.5069,14.9222,1
1057362,567583,746247,44.5683,16.4463,39
1057699,573287,746480,50.0308,23.8981,35
1058320,740669,746924,56.6755,5.1623,1
1058330,746931,753200,60.6814,26.6623,2
1058829,272730,747283,173.5579,5.9545,1
1059364,570291,747666,15.4452,7.5822,1
1059924,572023,748060,4.7258,12.6531,35
1059925,574099,748060,18.43,11.8105,35
1060006,748115,749461,12.2661,23.9185,1
1060937,573287,748770,8.6994,25.543,35
1061117,161167,748893,77.0625,12.7702,1
1061133,748770,748906,18.5756,23.3972,35
1061148,572034,748920,22.2835,16.6829,1
1061265,265423,749001,94.2214,8.9003,1
1061514,539368,749190,8.5294,13.0384,2
1061515,600838,749190,40.1795,18.8367,2
1061911,749461,750945,11.5018,24.937,1
1062173,571257,749640,30.6227,19.5377,35
1062175,749640,754064,37.0819,20.0763,35
1062391,749798,750937,14.4329,5.7016,1
1063237,744077,750382,39.0256,3.9822,1
1063238,261076,750382,39.2386,4.6289,1
1063340,255805,750454,69.7113,8.8967,4
1063617,662613,750640,33.8805,5.3325,4
1063626,590699,750649,31.273,4.511,4
1064023,750937,751085,4.9027,6.117,1
1064225,751081,759500,89.867,20.8515,38
1064232,575681,751085,10.3176,6.7561,1
1064652,574641,751381,9.0571,11.8636,37
1064809,751491,757209,45.4753,20.1447,1
1066252,747936,752506,31.2481,6.4546,1
1066680,748920,752806,47.2652,10.6611,1
1067227,753200,755810,17.8359,22.295,2
1067826,576763,753620,3.559,7.874,37
1068228,657375,753896,57.3721,12.0867,2
1068458,581926,754064,77.2775,19.1572,35
1068880,167594,754367,59.782,9.036,1
1068992,754451,757961,63.5458,23.9303,1
1069037,754475,757984,30.1594,12.6943,1
1069287,749798,754665,47.8807,5.458,1
1069289,754665,755525,10.4386,3.8241,1
1069297,579262,754668,21.8144,15.796,1
1069610,750019,754884,40.025,19.1788,17
1069611,170732,754884,11.3431,19.9121,17
1069743,754978,782393,61.3433,5.7439,1
1070483,752806,755525,90.4266,4.1447,1
1070520,750945,755552,30.9857,23.2891,1
1070521,755552,758456,14.4875,21.0824,1
1070737,580067,755721,32.5804,18.4501,2
1070874,755810,756968,7.8568,25.8821,2
1071085,578770,755942,2.7487,10.815,3
1071350,754367,756134,23.8328,7.7916,1
1071486,756203,771131,74.6262,29.1923,35
1071704,579575,756362,10.872,10.5173,2
1072025,756587,757051,12.8487,12.1181,3
1072036,579179,756593,6.65,10.1487,3
1072129,172075,756658,6.0828,14.5209,3
1072244,260440,756746,6.3509,4.7361,1
1072245,261654,756746,21.6102,4.5274,1
1072567,592455,756873,322.4774,22.2272,1
1072748,756873,769744,204.3638,23.5982,7
1072973,610107,756873,353.0576,20.7113,12
1073017,579382,756878,5.5578,13.747,3
1073018,579385,756879,25.1149,10.7038,3
1073151,756968,757623,4.0955,28.4898,2
1073261,757051,757370,10.8401,11.2454,3
1073303,173290,757077,10.7806,6.6742,1
1073305,756134,757077,8.6603,5.6926,1
1073482,173293,757209,12.741,17.6195,1
1073730,757370,757944,10.8633,12.067,3
1073737,756360,757376,10.116,7.0707,2
1073738,579890,757376,6.5744,7.2108,2
1074088,581111,757618,10.4243,13.2178,1
1074097,757623,758632,7.8671,28.7559,2
1074559,581219,757944,31.4651,11.867,3
1074579,580974,757961,5.1332,19.6703,1
1074618,757984,759503,10.3968,15.2699,1
1074877,758157,758158,5.6667,13.2097,1
1075272,758426,764921,252.0992,9.7409,1
1075307,758447,767090,140.7578,16.3584,38
1075320,758456,759018,5.9126,22.1676,1
1075572,758632,759756,8.232,28.5829,2
1076130,752506,759012,45.59,7.68,1
1076139,759018,761403,16.8337,22.2747,1
1076343,759161,761807,36.9983,20.8013,1
1076396,759199,760151,21.6795,10.0927,3
1076417,582632,759217,9.6724,12.3428,2
1076705,197994,759425,130.798,8.4776,1
1076818,758447,759500,124.1758,17.7757,38
1076822,582598,759503,12.1381,11.6286,1
1077186,583062,759756,5.4886,28.8096,2
1077338,582986,759859,5.9442,14.5646,3
1077339,756873,759859,293.9176,24.6399,3
1077340,759860,760701,9.434,14.4589,3
1077369,759161,759882,14.555,21.0693,1
1077735,758157,760150,10.3494,13.5406,1
1077737,585345,760150,40.6858,17.0761,1
1077738,175347,760151,3.6912,12.3639,3
1077759,760167,761430,11.5758,25.27,17
1077761,759970,760167,2.4495,24.0346,17
1077948,760287,760701,5.7812,14.4265,3
1077952,760287,760290,23.7978,15.0296,3
1077953,582511,760290,3.2998,13.5129,3
1078372,760575,761125,380.635,8.2525,1
1078374,760575,761460,23.1733,9.6919,1
1078410,584700,760600,11.9641,21.3841,1
1078579,760713,761784,7.3358,27.541,1
1078585,754451,760718,60.9106,25.4226,1
1078626,760750,764537,34.1321,12.6478,1
1078746,760831,770848,63.7504,6.3627,4
1078786,759199,760860,18.0555,8.5927,3
1078875,583384,760924,4.761,12.6237,3
1078937,584902,760964,51.9567,17.4569,35
1078958,593053,760978,36.4908,16.2687,1
1078963,582108,760981,15.2753,14.1043,2
1079091,755721,761069,30.7179,28.235,2
1079092,760713,761069,7.8313,31.2358,1
1079146,754475,761109,40.458,11.1162,1
1079170,761125,767311,35.9722,8.7076,5
1079209,588735,761152,43.1818,8.2106,2
1079459,761069,761325,10.1727,32.9391,1
1079508,265542,761364,27.5862,5.365,1
1079540,761109,761385,12.9056,13.7494,1
1079572,761403,764028,22.9269,20.7328,1
1079606,761430,771296,67.6314,23.1227,17
1079643,758426,761460,23.7908,10.6538,1
1080131,583401,761807,29.7403,17.9179,1
1080157,572002,761823,108.4205,3.217,1
1080190,761844,762559,6.4031,27.5538,2
1080322,761930,777016,13.4536,7.9363,2
1081204,761325,762515,91.0685,30.047,1
1081275,762559,763087,6.0872,24.2227,2
1081409,762515,762643,37.1017,26.4737,1
1081705,257055,762850,71.5744,8.4497,1
1082039,760981,763087,16.5416,20.0697,2
1082046,591119,763090,63.6229,11.7362,1
1082047,763090,763093,8.2015,15.4728,1
1082920,763708,766857,40.1893,13.9868,1
1083212,263958,763920,15.7973,9.8489,1
1083213,763920,763921,8.1172,9.3403,1
1083215,267585,763921,44.4297,7.77,1
1083303,763985,764313,13.3819,16.3169,1
1083369,764028,767358,19.6274,18.9769,1
1083754,763708,764313,7.5903,13.1703,1
1084099,764537,769406,36.6333,5.7748,1
1084294,762643,764674,20.9145,22.2296,1
1084342,764702,767090,252.545,27.0204,38
1084384,593870,764702,216.1417,36.9529,39
1084593,586558,764823,8.165,19.0542,1
1085081,765161,766610,24.9469,19.0477,1
1085568,591450,765517,33.0687,22.7275,7
1085733,589258,765628,35.0761,19.0387,1
1085734,765628,768432,21.546,18.7971,1
1086149,765906,766558,8.7242,21.0737,7
1086235,575654,765972,246.6887,8.4243,1
1086236,764823,765972,50.6546,14.4309,1
1086256,761823,765987,47.3075,4.6546,1
1087152,589084,766558,8.4984,19.7319,7
1087236,766610,766613,12.9158,19.1913,1
1087568,766613,766857,8.957,16.0722,1
1088244,765987,767283,9.0492,6.4419,1
1088245,767283,771250,35.1979,4.7827,1
1088286,767311,771684,22.2935,10.1218,1
1088351,767358,768033,5.3301,16.6456,1
1088612,767538,770982,26.4197,14.7478,3
1088721,265367,767616,52.1845,4.6926,1
1089327,768033,768433,4.8166,15.7952,1
1089624,591023,768239,5.416,26.5589,7
1089722,591902,768307,28.7383,13.2179,1
1089819,768239,768374,27.8667,25.5912,7
1090155,753896,768633,58.4345,11.7079,2
1090368,765809,768783,96.343,33.3017,39
1090369,768783,768897,4.0927,32.6898,39
1090544,768897,768898,26.405,32.1247,39
1091255,592489,769371,4.7258,34.6857,39
1091306,769406,771298,25.0998,5.0378,1
1091801,768374,769744,14.3933,19.0753,7
1092452,769057,770196,17.9141,20.96,7
1092453,770196,771732,17.7609,19.1433,7
1092777,593469,770419,7.705,33.1059,39
1092779,770419,770420,6.4477,33.7945,39
1093017,768674,770579,131.1716,8.0903,1
1093203,592527,770708,32.6556,17.9936,2
1093207,770708,774469,69.9657,25.7453,2
1093414,770848,773888,24.2876,4.1829,4
1093596,187406,770982,11.0889,16.107,3
1093777,750649,771115,17.72,4.7541,4
1093804,596812,771131,12.9486,33.0764,35
1093972,764702,771250,94.2007,21.6373,1
1093988,771262,772346,8.4918,16.8941,1
1094029,771296,772516,9.3808,19.8952,17
1094032,208977,771298,134.5978,5.1736,1
1094376,771262,771531,26.1169,8.7247,1
1094576,771684,781748,113.3358,9.6402,1
1095437,772275,777251,268.1399,9.3261,1
1095438,772275,780167,427.6926,7.9067,1
1095540,596821,772346,9.0,21.2895,1
1095789,191408,772516,12.8279,19.0211,17
1095941,772629,774631,65.0355,13.8004,12
1096984,773365,775365,17.8045,18.6945,7
1097503,773739,774167,8.7108,23.1484,1
1097713,773888,787906,58.3952,6.0264,4
1098112,774167,774591,10.2429,22.7045,1
1098539,774469,786294,75.0736,21.481,2
1098718,774591,774978,21.12,20.5172,1
1098788,600067,774631,19.0962,9.7872,12
1099269,774978,775599,7.9837,20.0667,1
1100110,601729,775559,11.5902,15.8418,1
1100681,775957,776070,10.7334,15.5397,1
1100682,604374,775957,16.1053,12.1181,1
1100838,775599,776070,11.9964,19.8186,1
1100979,776165,785280,34.9776,6.1071,28
1101207,262044,776326,80.6327,4.9641,1
1101208,776326,778684,11.562,7.9362,1
1101516,194151,776541,6.0736,15.7477,17
1101767,776707,780976,51.4198,8.4186,3
1102177,602144,777003,3.559,17.301,7
1102203,662623,777016,7.6158,6.9873,2
1103351,777826,779068,12.9065,6.3574,1
1103352,603042,777826,75.0072,7.162,1
1103702,192728,778083,87.6464,5.0196,1
1103972,778283,790595,82.0061,4.3028,1
1103999,608427,778300,54.4488,29.5088,35
1104007,778306,780935,62.3068,10.9114,19
1104166,610714,778419,41.0433,14.3854,1
1104336,274879,778524,104.1073,6.458,1
1104560,273138,778684,76.8498,6.9216,1
1104793,585356,778858,223.6239,6.5351,1
1104795,603042,778858,33.6155,7.2911,1
1105084,779068,779517,6.6777,6.0495,1
1105116,268778,779089,21.9216,7.4049,1
1105378,779274,785526,103.2906,5.7016,1
1105379,779274,787400,22.5712,6.0,1
1105714,607402,779517,19.6797,9.7849,1
1106445,609024,780034,54.9121,7.3761,12
1106533,780093,781430,16.9837,22.3375,1
1107369,199159,780662,20.3306,7.8102,3
1107370,780662,780976,5.7446,7.9363,3
1107388,780679,782835,15.1327,4.4246,3
1107749,606539,780935,62.9356,12.1322,19
1107981,767616,781105,54.8878,4.6926,1
1108077,781165,803384,59.0461,13.0178,1
1108944,208056,781748,111.7106,8.3646,1
1109540,782155,782638,14.4568,7.6712,3
1109541,199158,782155,5.6273,7.2801,3
1109578,777251,782179,75.2263,8.3037,1
1109921,608543,782425,7.3485,20.0741,7
1110510,782835,785152,16.8819,7.4096,3
1110644,772629,782934,150.0672,14.008,12
1110774,264615,783017,86.1046,10.0732,1
1110895,609985,783096,15.4272,24.1855,35
1110896,618630,783096,41.3884,24.9545,35
1110904,614102,783101,27.8747,13.6896,1
1110905,610267,783102,14.6654,21.3166,19
1111013,197996,783177,35.1807,3.5355,1
1111014,783177,784223,16.5831,4.7308,1
1111598,201698,783609,10.5386,4.5392,1
1111717,783692,784564,8.1513,5.958,1
1112035,618630,783913,68.2407,23.4732,35
1112036,783913,784411,142.3639,25.1663,35
1112162,201553,783995,11.299,10.2661,3
1112483,784223,790595,76.0395,5.1194,1
1112682,201037,784363,43.5305,9.3754,3
1112737,271580,784399,8.8917,6.6328,1
1112738,272846,784399,15.3317,7.3098,1
1112759,784411,794270,79.5398,26.4308,35
1113628,275869,784999,41.5719,8.9088,4
1113646,785012,798937,60.5062,4.5616,1
1113840,785152,785851,17.3781,14.6291,3
1114019,785280,803247,47.6883,7.1838,28
1114239,771115,785425,10.6771,6.7237,4
1114264,200649,785446,9.3927,21.9658,17
1114265,209562,785446,37.1872,21.4545,17
1114375,785526,808446,58.9842,6.4031,1
1114523,268277,785637,57.5006,5.734,1
1115494,616777,786294,35.1686,14.8654,2
1115602,786369,789501,34.3657,9.0041,3
1115603,786369,788277,37.3497,8.8801,3
1115995,786291,786647,68.3561,10.8619,19
1116020,278630,786661,49.6488,7.8367,1
1116713,614103,787147,7.6158,19.4089,18
1116930,787285,792791,51.1077,21.5518,3
1116931,785851,787285,12.1244,20.1834,3
1116967,594947,787311,250.1619,10.6286,1
1116968,621615,787311,28.4488,9.2844,20
1117101,787400,788985,13.8684,7.1742,1
1117142,204281,787424,10.6927,14.9149,3
1117143,787424,788540,16.0624,13.4654,3
1117762,787868,788269,33.0757,10.3977,3
1117763,787868,789501,18.0555,10.8869,3
1117817,287990,787906,220.7714,7.1067,4
1118330,209102,788266,36.9624,14.7196,3
1118332,788267,788540,4.3589,12.7842,3
1118333,788267,788269,20.0998,10.8748,3
1119774,277292,789251,50.0333,5.9777,1
1120115,613395,789486,44.0833,12.2619,13
1120952,206442,790070,10.2956,12.3453,3
1120959,790070,790075,26.4764,12.1124,3
1122080,273916,790881,31.2174,8.0066,1
1122678,791303,805520,50.2991,17.6927,1
1123311,618971,791751,22.942,19.0783,7
1124168,209725,792340,32.438,13.8737,3
1124198,624183,792367,31.3363,19.4258,35
1124199,792367,799678,54.2887,30.6127,35
1124202,792369,793939,16.0174,11.5199,34
1124432,792526,793219,25.3574,6.7082,3
1124433,209527,792526,10.4722,7.5967,3
1124598,792369,792654,13.8724,12.9215,35
1124599,624183,792654,22.891,8.8741,35
1124600,617978,792655,24.8535,14.3755,18
1124601,621799,792655,8.8898,11.0613,18
1124781,208949,792791,10.4403,19.6918,3
1125397,793219,793736,8.0623,7.5074,3
1125939,208977,793590,63.3789,4.8284,1
1126139,793736,794525,29.8831,8.246,3
1126337,627604,793887,18.5236,19.6495,7
1126779,788734,794201,12.492,8.1291,1
1126781,794201,802835,59.3314,8.3245,1
1126845,212509,794248,29.7489,13.1708,3
1126885,627710,794270,20.8407,22.3682,35
1127270,212596,794525,35.4479,8.7024,3
1128120,634847,795107,57.4389,5.4704,20
1129328,789486,795922,77.7329,13.7632,13
1129941,213964,796350,14.3062,10.2227,3
1130321,796595,798126,8.5177,23.874,35
1131154,212506,797165,9.7639,4.0233,3
1131635,627604,797479,18.8331,20.0266,7
1131785,797585,799344,11.8365,23.5048,35
1131788,629406,797588,7.4312,29.4425,18
1131982,797718,799641,14.7385,17.4549,1
1132052,797588,797764,27.3748,26.7084,18
1132218,797874,798416,3.8297,10.3349,2
1132591,798126,799344,13.2469,22.542,35
1132596,798129,799350,9.8723,32.9208,18
1132857,627288,798302,39.9291,8.8104,34
1132858,798302,798658,34.2047,14.0649,34
1132981,215072,798387,29.5719,19.6111,3
1133029,798416,801008,44.4011,15.7548,2
1133268,798585,799970,41.4488,18.4511,3
1133376,798658,799560,14.8008,18.17,34
1133709,798387,798882,4.6904,19.7679,3
1133710,798882,802395,42.4853,18.3758,3
1133790,798937,802747,74.0068,3.8643,1
1134395,634172,799350,15.6702,32.9823,18
1134520,797479,799439,21.0728,20.9547,7
1134691,799560,800092,41.2699,18.0622,34
1134810,799641,800629,18.2635,16.5802,1
1134861,799678,800089,11.4455,29.2912,35
1134865,799681,799683,16.1245,26.4444,3
1134868,634349,799683,62.2513,25.8355,3
1135165,209121,799883,53.301,11.5244,3
1135166,223686,799883,37.7403,18.72,3
1135293,216076,799970,4.8189,21.3702,3
1135718,213856,800259,20.3388,20.0729,3
1135935,800092,800413,9.551,18.7627,34
1135936,634577,800413,6.8232,21.1048,34
1135962,633250,800429,32.6905,25.6108,3
1135963,800429,801008,30.963,22.7319,2
1136243,800629,801296,25.7617,15.4085,1
1136535,800831,802282,14.0712,9.3462,3
1137219,637939,801296,20.9444,15.997,1
1137483,745031,801483,15.0218,10.182,2
1138119,213641,801925,32.7312,5.0517,1
1138120,801925,809393,58.9406,5.5649,1
1138151,633532,801949,28.856,7.3761,1
1139013,799439,802544,37.2072,20.5294,7
1139324,634577,802755,28.6522,24.4933,34
1139431,286129,802835,340.8441,6.3865,1
1139779,802747,803076,52.1824,3.3839,1
1139780,221256,803076,44.8628,4.2737,1
1139859,803138,804855,5.4839,14.8476,1
1140009,280998,803247,67.1234,7.5452,28
1140201,803384,815055,38.612,11.8949,1
1140454,803562,811210,21.6513,14.449,1
1140646,744005,803695,9.9781,17.2133,2
1140654,239,803700,25.5125,7.5166,2
1141174,277998,804065,83.6056,8.9443,1
1141357,278593,804191,11.3578,16.7325,1
1142014,639395,804642,6.2716,28.2758,34
1142015,639947,804642,6.5574,30.2382,34
1142325,804191,804855,48.3161,15.7553,1
1142917,805263,807155,22.005,17.6491,1
1143294,803562,805520,14.9963,13.3976,1
1143481,278806,805649,19.7706,16.4134,1
1143510,639947,805670,32.107,32.1137,34
1143514,805670,817987,80.0936,18.3814,34
1143532,803711,805681,76.4654,24.5519,3
1143534,642834,805681,24.3782,15.2124,3
1143860,805901,806497,9.3571,16.8933,3
1143988,805990,806696,34.1924,15.4679,1
1144109,806075,808019,19.5965,29.8063,18
1144599,716629,806414,86.2224,5.4909,1
1144717,806497,808401,19.9123,19.4451,3
1145007,805649,806696,36.4476,16.6581,1
1145647,807155,808173,12.3153,17.1116,1
1146135,807501,807502,15.6205,16.1918,1
1146136,807279,807501,22.6936,16.2078,1
1146354,642586,807656,68.6032,13.4508,34
1146356,807656,812415,41.4678,13.5524,34
1146428,41338,807701,51.5743,11.0861,4
1146887,644932,808019,9.8082,28.401,18
1146897,673911,808025,22.1133,16.1031,1
1147051,222645,808142,5.4975,15.6189,3
1147052,808142,809720,22.1133,14.7861,3
1147094,647524,808173,17.7733,16.7924,1
1147422,647009,808401,15.1162,24.585,3
1147470,808431,814400,98.2497,5.1736,1
1147800,807279,808661,111.5572,14.2683,1
1147801,808661,809119,23.4307,13.8075,1
1147928,279999,808751,40.3609,20.2901,1
1147930,808751,808752,16.1245,19.8689,1
1147939,808758,809145,102.7781,10.6217,1
1148256,644774,808976,7.461,16.8967,7
1148496,280457,809145,29.5522,11.751,1
1148606,807896,809221,9.1598,11.6317,34
1148608,648195,809221,8.3292,10.7849,34
1148847,808431,809393,33.6749,5.0378,1
1149529,646140,809876,8.3066,29.8492,18
1149530,809876,811798,18.1246,26.6488,18
1149544,809887,810683,33.8966,26.067,1
1150195,283424,810347,95.3328,7.5794,28
1150389,273713,810482,70.1093,13.2593,1
1150392,810482,810483,11.8493,17.1484,1
1150596,810625,812721,20.1632,9.7435,1
1150692,810683,811673,8.7037,22.3349,1
1150693,809887,810684,67.8909,27.1397,1
1150694,280314,810685,52.7668,26.9784,1
1150710,810696,810848,5.099,15.7782,1
1151238,811071,819281,122.0246,26.0348,3
1151432,811210,816220,23.3809,14.0432,1
1151664,811383,819623,114.2891,4.8002,3
1152074,810483,811673,8.6731,17.1484,1
1152132,808130,811712,32.1782,7.1442,1
1152133,811712,818348,20.1025,6.9873,1
1152270,811798,812982,9.975,21.8874,18
1152273,810318,811802,34.2961,8.9602,34
1152835,812205,814314,68.2155,19.6054,13
1153139,811802,812415,20.3672,4.8597,34
1153554,812721,812983,17.2755,6.7514,14
1153555,812721,812984,7.4833,8.246,13
1153816,651118,812911,6.2074,7.3761,1
1153921,812982,813461,53.5942,23.1601,18
1153922,812983,813324,13.1445,4.4009,14
1153923,812205,812984,14.4442,9.3367,13
1153975,813024,814238,87.8066,7.1774,1
1154013,813052,813957,16.7653,5.2417,1
1154262,808976,813211,38.0248,17.1448,7
1154415,813323,813324,45.3542,5.6433,14
1154425,279030,813330,27.4773,6.0467,1
1154590,231970,813450,135.9191,23.0183,1
1154612,660108,813461,42.3556,23.6253,18
1154953,281706,813697,2.9814,15.763,1
1155134,813052,813831,8.1377,4.458,1
1155325,812911,813963,17.8941,5.5726,1
1155326,813963,816240,21.1713,3.6029,1
1155443,808758,814047,89.5755,14.008,1
1155689,813831,814210,18.9091,4.958,1
1155862,814314,819763,61.3016,28.5123,13
1155907,813957,814340,26.7369,5.2417,1
1155990,252078,814400,161.459,4.6993,1
1156342,653492,814653,3.6968,2.8059,1
1156471,653600,814743,8.0623,10.7213,1
1156913,15940,815055,50.514,13.1233,1
1157334,815343,815548,13.4205,13.7849,1
1157554,280101,815484,18.7705,14.0077,1
1157651,814743,815548,59.8665,11.529,1
1157988,815784,817251,47.1652,10.1005,1
1158008,228120,815799,108.8067,5.1194,1
1158009,815799,817407,38.7556,4.4954,1
1158620,795,816220,52.1891,12.8415,1
1158988,814653,816469,25.0022,3.9263,1
1159585,224068,816873,43.7112,14.609,3
1159587,232974,816873,8.8045,12.9428,3
1160148,658354,817251,14.0831,10.7893,1
1160281,656775,817345,7.3485,17.6478,7
1160630,814340,817599,101.7823,4.5822,1
1161035,235959,817872,71.4446,15.2283,3
1161203,657949,817987,7.0159,3.7025,34
1161467,658732,818151,18.7409,5.562,1
1161642,815484,818262,16.5764,15.4649,1
1161677,662708,818284,33.3766,9.7331,1
1162561,658274,818900,50.1653,4.3574,1
1162895,226628,819113,55.4707,9.5155,16
1163140,819280,819281,8.0416,24.2418,4
1163141,693093,819281,182.7165,20.4034,1
1163527,661430,819556,35.1473,4.6094,1
1163684,818262,819663,72.2442,9.3191,1
1163831,818694,819763,51.6398,30.5369,13
1163979,819280,819865,29.6816,24.7296,4
1164247,819663,820051,20.9258,5.6623,1
1164265,818348,820062,8.2462,7.6468,1
1164328,817980,820105,6.4205,7.0386,1
1164329,284461,820105,18.9209,7.1875,1
1164774,243024,820396,191.8121,6.5977,3
1164775,819623,820396,14.3527,4.7541,3
1164938,283393,820502,6.8799,4.6993,1
1165247,661784,820735,109.8251,4.4954,1
1165248,663533,820735,9.0308,4.0388,1
1165579,820062,820958,40.2892,6.2912,1
1166239,817345,821405,46.3777,18.2629,7
1166745,819865,821776,35.498,22.7666,4
1166746,821776,822386,9.1226,21.7468,4
1167404,665901,822224,5.7927,4.0941,1
1167638,30116,822386,57.2606,23.5613,4
1167795,40944,822487,68.8867,17.9285,13
1167797,37035,822487,73.0786,16.6276,4
1167806,686085,822487,63.874,21.2321,9
