edge_id,src,dst,length_um,radius_um,usage
668,442,788358,39.2457,5.8407,36
4770,3415,3799,26.9444,4.6365,1
6364,4617,306995,30.9461,5.1194,1
6755,4911,666252,26.6562,3.8106,5
8643,4029,6288,110.6165,5.5,7
8644,6288,18296,20.4641,4.6213,7
8692,6323,6862,75.6439,4.216,1
9279,6753,6862,76.3806,3.9324,1
9280,6753,314321,41.0941,4.6111,1
9362,6813,7101,118.9706,3.3839,1
10371,6813,7547,79.3662,5.0452,1
10485,7547,7635,4.1231,7.4952,1
10619,7728,236214,6.2093,3.8028,1
10620,7728,246012,38.2136,3.6056,1
10773,7834,329408,5.7785,4.8408,1
10774,7834,63640,41.0227,4.2078,1
11287,4911,8210,51.099,5.8941,5
12466,9047,9751,27.7489,3.3708,1
13716,9979,314321,62.4024,3.4155,1
13717,9047,9979,41.7373,2.7369,1
16975,12319,316879,159.424,3.9263,1
18035,12319,13062,17.0,3.8172,1
20001,14490,324932,85.6892,4.0335,1
20099,14560,21182,11.9094,6.8143,4
20155,14596,676330,56.8448,4.9839,10
20807,15049,820250,64.8305,13.923,1
20808,15049,30955,22.0454,18.3984,1
21005,13062,15189,63.773,4.0388,1
21500,15524,40920,64.3345,18.2257,1
22006,15888,325289,65.6546,4.4142,1
22007,15888,326340,48.8012,3.217,1
22131,15972,42765,80.3396,3.452,1
22132,15972,458670,53.3437,3.7606,1
22201,16019,17687,58.7282,8.1771,1
22350,16119,327852,19.9722,5.6506,1
23585,17016,330012,30.576,6.8166,1
24827,17629,17880,5.099,4.511,1
24828,17880,19225,29.5635,3.5616,1
26885,19318,332245,25.9015,7.3817,1
29505,21182,697978,193.2148,5.6569,4
29912,21460,26738,95.1473,3.452,1
30576,21945,336974,33.5023,6.5332,1
30998,22263,67049,169.2733,10.0607,1
31000,22263,324754,49.9333,9.8654,1
31028,22280,169494,178.8944,4.899,1
31168,22380,259331,100.065,3.7913,1
31300,22463,663705,42.681,3.9324,1
32863,23585,339280,45.5119,4.953,1
33146,23585,23778,30.2324,4.4689,1
34916,25010,676975,37.2514,7.806,10
34947,25031,30501,28.3885,8.9003,1
35089,25128,26343,51.9038,10.5477,1
36744,26317,283240,100.0433,5.0196,7
36745,26317,94545,44.243,3.4758,7
36777,26343,354629,110.529,10.0499,1
37935,27151,676809,44.9432,6.0402,1
38604,27631,343909,60.7371,3.7071,1
38787,27756,287143,60.3552,4.6926,1
39893,26738,28519,59.5063,2.9954,1
39894,28519,352822,40.653,3.217,1
41056,29343,329828,65.0513,4.999,1
41312,29521,31635,149.9667,4.4534,1
41874,29920,151758,83.9614,5.9545,1
42455,30310,688960,67.3391,4.3509,1
42745,30501,48259,149.1729,6.7814,1
43363,30940,362712,82.6648,4.7404,1
43385,8912,30955,14.1774,18.3712,1
43552,31066,354267,17.6792,5.458,1
43689,31163,34168,7.157,9.0446,1
45253,32277,285858,34.288,5.8962,1
45576,32302,32497,16.1555,11.025,1
45681,32571,287795,27.6265,9.4199,1
45718,32593,675283,178.4831,5.4929,10
45719,32593,676330,5.4671,4.5826,10
45770,32632,676808,107.287,4.8442,1
45930,32740,235477,59.075,3.8637,4
46147,32900,33384,11.6857,3.1583,1
46495,33160,352822,59.7578,5.0043,1
46566,33212,359966,23.0266,5.7016,1
46808,33389,37101,31.2783,5.1926,1
47024,29343,33534,124.8025,5.0495,1
47025,33534,59814,76.9451,5.3723,1
47048,33553,818545,125.8946,4.5813,1
47220,33160,33685,8.3666,6.03,1
47325,33752,689180,64.3169,4.0306,1
47326,33752,672836,84.1408,3.6427,1
47929,34168,334447,43.7226,8.3141,1
49247,35114,42156,185.0892,5.0616,1
49426,35245,64462,138.457,4.6312,1
49428,35246,70602,251.2975,5.6079,1
49574,35346,820916,71.9915,3.9241,2
49697,35438,369447,111.016,6.4342,1
49757,35476,62227,254.8686,6.0837,1
49758,31163,35476,41.4719,7.6923,1
50062,35683,50823,86.3366,4.6708,1
50080,35696,39696,53.3198,10.3917,1
51518,36679,77480,116.9087,5.5649,5
51767,36849,352984,15.4719,2.3428,1
52029,37039,348337,16.9509,1.8251,1
52085,37039,37084,20.4668,2.1213,1
52086,37084,63805,19.405,2.8284,1
52108,37101,678421,3.3665,5.7748,1
52553,33685,37419,68.7605,6.364,1
52748,37419,37552,3.4641,6.8896,1
52749,37552,42448,61.9193,7.1947,1
54763,38983,670605,90.0753,7.1067,1
54874,35438,39060,99.4535,7.2058,1
54875,39060,371195,167.5938,6.4641,1
55104,37497,39238,64.2729,3.6503,2
55784,39707,375131,81.4616,7.0094,1
56067,39905,369372,37.833,3.2321,1
56394,40132,43500,106.3861,8.0632,1
56695,40340,57424,282.9435,5.0838,1
56820,39696,40422,17.5499,13.5211,1
56821,40132,40422,16.5227,10.2066,1
56863,39238,40448,50.3786,4.1069,2
57309,40752,42158,4.5644,6.7234,1
57541,40920,342137,141.2657,13.943,1
57655,41001,41515,84.4334,2.9276,2
57656,41001,376245,96.0931,4.977,2
57861,41136,375293,26.3312,4.4964,1
58381,40448,41515,19.6469,2.7369,2
59274,41103,42156,41.7732,5.1795,1
59827,42547,43850,20.6155,9.961,1
60018,42680,372501,156.9364,3.2913,1
60129,22380,42765,24.0185,4.1621,1
60201,42817,810526,391.6667,4.899,7
60202,42817,70636,31.209,4.1078,7
60327,42908,335243,113.0953,5.5971,36
60329,42908,319588,142.3244,4.977,36
61016,43404,674208,35.8402,4.7361,1
61143,43500,416874,437.9468,8.7076,1
61650,43850,386586,85.7555,7.6325,1
62449,44404,369486,64.0286,3.0811,1
62451,44404,380740,36.8133,3.3132,1
62709,44582,381133,210.8591,6.8904,3
64351,45739,375435,85.3808,5.8723,3
64352,45739,46862,205.6089,6.6056,3
64400,45771,52188,24.3881,9.1733,1
65899,44582,46862,94.9158,7.6676,3
66689,47418,381226,59.016,8.9436,1
66794,47491,370944,91.7505,12.8691,1
67205,47780,682189,15.6808,15.5728,1
67256,47816,680096,106.2213,3.3839,1
67802,48192,244166,83.8451,5.5902,1
67911,48259,686751,25.7617,4.6596,1
68690,47491,48803,16.5227,13.7632,1
69334,49166,49263,20.025,3.0275,1
69452,49345,387206,15.8055,6.8758,2
69453,49345,51581,45.0222,12.0707,2
70173,49844,50480,13.6341,5.6993,1
70469,50043,59783,26.3038,3.9496,1
71003,48006,50419,134.4214,6.3988,1
71004,50419,689356,279.819,6.8239,1
71092,50480,52548,515.7211,3.0523,1
71437,50735,386339,50.5767,3.0956,1
71438,50735,53335,39.2556,4.5634,1
71733,50939,394607,47.5324,2.4495,1
72619,51581,388704,17.6457,21.2319,2
72915,51782,390559,14.2199,16.6679,2
73132,51924,392932,46.3201,3.2913,1
73401,52116,62498,26.9598,5.0517,1
73402,23717,52116,126.1186,4.6289,1
73682,52325,387402,32.3767,12.1235,3
73718,52347,702290,93.8681,4.8139,5
73990,52536,686512,61.4953,3.285,4
73991,52536,704340,128.5755,4.3708,4
74006,52548,680056,88.5946,3.5355,1
74768,53089,389475,19.2894,18.0961,2
74997,53089,53250,10.6301,18.2049,2
74998,53250,395449,43.8547,30.5598,2
75118,53335,54603,102.4256,7.1926,1
75670,53740,61204,78.5493,3.0811,1
76396,54266,395066,11.2052,18.8786,1
76551,54366,680096,149.3185,3.6056,1
76552,54366,62474,26.7021,3.217,1
78174,52580,55522,176.0625,6.5557,1
78175,54603,55522,47.0956,7.7016,1
78801,55974,60581,47.2772,4.7947,4
79056,33384,56146,92.9026,2.6583,1
79057,56146,64474,138.5131,2.0,1
79394,56372,696787,96.9266,8.5822,7
79426,56402,397742,31.4744,13.7271,1
79647,52709,56564,68.8331,9.2059,1
79648,56564,398470,13.536,8.5136,1
80606,57238,398638,15.7797,8.7176,1
80737,57332,304707,43.8254,4.8947,1
80871,57424,98508,891.6087,5.4312,1
82029,47418,58241,417.2002,11.7734,1
82398,58488,402191,40.129,2.118,1
82554,58601,715840,73.5791,9.4604,1
83602,59319,402758,3.6968,18.1696,1
83993,59594,63662,41.2392,4.9286,1
83996,59596,62521,22.9123,5.2238,1
84312,59814,62227,12.06,5.5649,1
84363,59851,402191,25.7099,2.3428,1
84364,59851,61057,46.6905,2.3428,1
85403,60581,77089,117.6411,5.1736,4
86080,61057,63653,39.0128,3.2394,1
86297,61204,62796,89.6437,3.5616,1
86487,61342,386251,164.9128,12.8291,1
86691,55974,61481,26.8452,4.999,4
87035,57950,61722,43.0116,7.1947,1
87036,61722,414244,71.4656,7.3761,1
87200,61838,406878,4.58,1.9142,6
88137,62498,692772,59.2195,4.7431,1
88192,62536,77207,59.8758,3.8637,1
88193,62536,681349,38.0,3.285,1
88445,62722,400287,83.1881,19.799,1
88560,62796,63924,33.9853,4.9338,1
88573,62804,417910,70.2975,9.2969,1
88787,52325,62962,449.1113,10.0021,3
89751,53063,63640,25.5856,5.1938,1
89776,63662,672836,103.8912,4.2976,1
89890,63737,403842,5.9067,4.0941,1
90152,63924,65133,94.784,5.0517,1
90601,64225,404959,135.6285,8.4051,1
90931,64462,65649,22.0731,5.567,2
90950,64474,689771,55.6707,2.5,1
91064,64552,408709,124.8755,6.0738,1
91065,64552,64960,12.8452,4.5306,1
91689,64225,64999,12.1244,9.0,1
92586,65638,71640,40.2907,4.7431,5
92587,65638,73974,96.3964,4.9338,5
92597,65649,70327,62.5691,5.1881,2
92820,65805,69897,198.6681,5.2175,1
93432,64999,66249,27.8029,7.5822,1
93447,66259,280411,129.3209,6.0552,1
93911,66585,696475,94.9976,7.1411,1
93913,66585,697458,79.8244,5.4764,1
94590,67049,345134,71.4368,8.3245,1
94723,50043,67143,82.7963,4.1621,1
95528,67714,417729,167.9315,5.7899,1
95529,67714,418978,25.1639,5.3617,1
95569,67742,415830,84.0143,6.0707,1
95617,67779,70658,94.0106,7.4806,1
95663,63653,67814,61.2617,2.8284,1
95664,67814,69119,48.3322,2.2071,1
96088,68121,423973,53.8981,2.9142,1
96230,68222,74404,102.6548,5.8735,1
96445,68366,415711,71.257,4.097,1
96797,67742,68607,22.1359,9.8357,1
96860,68654,418978,75.037,4.8139,1
96910,34186,68687,69.7559,7.0711,7
96965,68726,413054,34.4719,11.6821,1
96966,68726,70095,48.9183,8.9772,1
97024,68366,68762,11.225,4.6043,1
97025,68762,71385,35.7071,3.1463,1
97198,43404,68883,95.1335,4.8452,1
97232,47414,68904,59.7671,19.5229,1
97233,68904,691848,145.6651,13.5327,1
97537,69119,424553,35.16,3.7913,1
97754,66249,69271,104.4031,5.7748,1
98022,69443,690115,184.6694,3.0811,1
98046,69460,712187,108.3169,5.3166,2
98047,56034,69460,87.9482,4.0616,2
98678,69897,422703,138.7852,5.6993,1
99147,41080,70237,55.4682,5.6623,1
99149,70237,72796,4.3461,4.9495,1
99275,70327,116139,131.616,4.511,2
99673,70602,699038,34.2329,4.7408,1
99719,70636,176945,240.9523,3.7199,7
99747,70658,73568,77.2399,9.1556,1
99842,64960,70730,153.2351,3.4611,1
100800,71385,423973,95.8593,2.8284,1
100827,71404,689180,58.532,5.2779,1
100861,71422,698034,49.9967,3.7199,2
100870,64882,71427,36.9354,3.5291,1
100871,71427,695933,74.099,3.0956,1
101179,71640,77089,26.8051,4.6993,5
101766,72038,94340,30.3571,4.89,1
101786,72054,697458,91.5745,3.3708,1
101821,38983,72080,101.8136,7.5107,1
102017,72215,422871,23.9653,22.7777,1
102156,70095,72320,41.4126,6.6623,1
102589,72626,74879,44.699,3.9637,1
103836,72215,73491,26.6458,18.8809,1
103837,73491,429590,36.2123,13.3166,1
103851,73502,694750,58.1939,3.8028,1
103913,72320,73548,41.9166,8.112,1
103937,73567,451414,300.0539,4.7913,1
103939,73568,78849,91.3729,8.8858,1
104410,73548,73898,9.9499,10.5622,1
104526,73974,697288,14.3372,5.1438,5
104743,74134,703431,37.8814,3.285,1
104851,73898,74217,11.4891,10.3295,1
104893,74251,418155,67.3071,4.7408,1
104894,74251,432345,56.6765,3.4093,1
105802,74879,80672,108.3559,3.217,1
106242,75190,746788,46.1074,3.7936,1
106642,75455,288212,6.9682,2.8028,2
106919,75645,727909,192.0561,6.8589,1
106920,52188,75645,84.9091,8.9808,1
107385,74217,75968,30.0167,9.7419,1
108277,76599,710525,124.6056,7.2327,7
108278,76599,696787,23.5773,7.1133,7
108595,76815,139545,41.4702,8.4059,1
108596,67076,76815,183.8493,5.5971,1
108808,68121,76955,90.2275,2.9142,1
108809,76955,77421,75.0866,2.5322,1
109004,77089,97429,95.2777,5.7439,1
109468,77421,432345,90.4132,2.2361,1
109741,77615,700488,22.492,4.4009,1
109983,77782,81926,15.9314,4.097,1
111416,78793,80193,63.5059,1.9318,1
112040,79238,247285,18.5293,4.4142,1
112133,79305,429133,5.099,6.4734,1
112134,79305,90676,19.3075,5.6825,1
113400,80193,80495,15.2971,2.1213,1
113449,75968,80227,153.1045,7.9404,1
113450,80227,91396,227.1453,4.5738,1
113666,80382,85977,95.0684,2.7247,2
113709,80410,433781,31.4485,4.9936,1
113710,80410,82826,65.3146,3.9241,1
113830,80495,81030,13.9642,2.9142,1
115064,81358,435537,20.0016,6.5056,1
115076,81030,81366,33.4813,3.6795,1
115313,79238,81534,2.4495,2.9142,1
115678,77492,81790,29.2788,4.8002,1
115872,81926,93962,36.4803,4.9338,1
116065,82058,439469,14.8549,9.2711,9
116872,82661,329408,144.1735,3.9496,1
116885,78849,82670,71.9444,7.1062,1
116886,82670,88655,124.8599,7.9514,1
116955,82717,436655,46.5248,3.5616,1
117110,82826,442431,37.4967,3.3028,1
118067,74132,83523,87.5246,3.5616,1
118091,83536,246056,4.9216,4.0616,1
118443,83785,434204,78.6758,7.0283,1
118450,81366,83790,32.8786,3.5937,1
118513,83829,707580,41.9669,3.452,1
119730,84632,677438,146.3021,6.9228,5
119731,84632,710403,116.6461,7.7457,5
119807,82717,84687,53.5257,3.1796,1
119881,84739,443454,9.1652,8.357,1
120005,84826,724751,151.9312,5.1926,1
120006,77615,84826,48.3831,5.0981,1
120044,84739,84852,12.083,7.7327,1
120045,84852,93225,182.4884,6.965,1
120814,85382,144712,186.8227,15.1449,1
120815,85382,342137,9.5598,15.6791,1
121655,85977,446533,127.9019,6.0552,2
121672,85988,445424,11.942,3.5355,1
122831,86820,442431,38.2579,3.3708,1
122867,86844,699050,41.2661,4.999,1
123586,87370,90933,3.4641,3.7199,1
124250,87823,96035,58.022,2.3428,1
124810,88227,445424,131.2388,3.2394,1
125059,88408,446533,28.5579,7.0552,3
125409,88655,89774,16.4924,9.3403,1
126020,89101,473561,282.6977,6.5557,1
126339,89326,706588,6.4464,5.7118,3
126457,89409,107357,57.8972,6.9775,1
126458,82020,89409,79.647,6.4155,1
126810,88227,89658,37.3229,2.5322,1
126968,89774,455189,69.7878,9.4244,1
127232,89975,446209,63.3509,6.5557,1
127776,89658,90337,17.6068,2.639,2
128264,90676,538187,79.32,3.9496,1
128616,90933,92768,6.7823,3.4611,1
128758,91019,447609,87.4204,9.3656,3
128867,91093,433131,115.55,14.9111,1
129121,91093,91287,15.1658,2.2361,1
129269,91396,93012,25.632,3.0725,1
131215,92768,245966,22.542,5.3383,1
131298,92827,699050,104.3472,5.4218,1
131299,92827,121935,64.846,5.0517,1
131562,93012,467234,143.3453,4.7683,1
131857,93225,106204,288.3956,6.7774,1
132793,93905,452816,69.8737,11.3889,3
132868,93962,126269,74.891,4.1231,1
133415,94340,463666,3.448,3.8643,1
134185,94905,428367,115.7129,18.9646,10
134186,94905,95321,32.5883,5.8407,10
134769,95015,95317,12.083,23.4265,1
134770,95317,463939,72.1642,21.9498,1
134776,95321,97553,48.6415,4.5092,10
135501,95835,460542,3.3993,13.2209,1
135783,96035,707583,8.9567,2.4495,1
135857,95004,96093,14.7986,6.9432,1
135858,96093,459053,39.4194,7.0421,1
136078,96251,100063,69.0797,5.4157,2
136140,96293,98512,49.0816,6.0927,1
136220,96348,459450,33.2964,21.4654,1
137513,92089,97234,37.4833,3.452,3
137957,97553,477043,124.0585,3.2975,10
138045,97625,715178,63.1919,4.8341,2
138135,96093,97689,30.1496,6.03,2
138136,97689,142919,769.0748,7.4652,2
138213,97746,244166,108.9388,7.3852,1
138539,97983,453123,112.9041,3.9822,1
139199,98441,465734,9.5743,5.6926,1
139275,98497,179239,184.6983,7.1661,7
139284,98508,492628,341.7847,5.5649,1
139291,98512,104133,244.1536,5.9402,1
139459,98641,665045,32.1809,8.067,1
139460,98641,129441,32.7109,4.0388,1
140014,99026,707463,17.3397,3.7199,1
140470,99340,710345,17.2884,8.8655,3
140641,99456,704340,85.1998,5.0495,4
141076,99766,100154,15.0,6.2264,1
141077,99766,101098,52.7067,6.4363,1
141483,97983,100063,37.855,5.1569,1
141484,100063,105637,115.2562,5.5902,3
142012,100431,465671,33.9509,8.8549,1
142438,100738,101542,9.7411,5.6541,3
142713,100937,484561,167.5967,6.5557,1
142941,101098,484613,198.5535,5.5822,1
143509,101482,525367,42.9341,5.8078,2
143510,101482,553210,173.6846,2.9889,1
143593,89326,101542,66.1522,6.0778,3
143796,101688,469374,9.1652,19.5774,1
144199,101966,460441,687.2874,4.7863,1
146931,103927,245121,31.9618,8.7678,1
146932,103927,253195,49.9333,8.7246,1
147223,104133,476473,24.7386,6.7016,1
147286,104178,128848,65.4603,9.7968,1
147453,100606,104308,170.7484,3.9324,1
147454,104308,106076,34.3366,3.6736,1
149270,105588,109210,217.6097,6.4675,1
149332,105629,473464,56.107,6.6401,1
149340,105637,105929,47.7074,4.5813,3
149372,105658,480108,85.5641,5.9545,1
149373,105658,483709,89.5092,5.5317,1
149609,31402,105830,172.8381,2.9208,1
149740,105929,109012,220.8823,6.5285,3
149944,106076,110657,100.454,5.0043,1
150126,106204,495538,217.1835,6.5977,1
151764,107357,725097,66.2395,8.1547,1
151983,107519,111618,19.8696,4.6289,4
151985,107520,735055,138.808,4.1068,3
151986,77480,107520,222.2684,5.3852,5
151987,87422,107520,64.3705,4.5634,2
152203,107678,109210,106.2591,7.0153,1
152204,107678,491650,161.7067,5.9329,1
153538,108614,110427,67.082,6.7659,1
153897,108874,710345,60.7005,6.9228,3
154366,109193,109268,19.9499,2.9142,3
154367,109193,485010,45.3431,3.5616,3
154478,109268,484383,57.6011,3.7055,3
154498,109283,111678,64.5058,5.9713,1
155714,110119,112751,116.254,5.4265,1
155715,110119,110427,19.7231,5.5561,1
156212,109012,110466,27.0185,9.3311,3
156469,110657,490052,81.7877,6.117,1
156637,105629,110777,113.2519,6.0822,1
157109,86844,111103,43.7086,4.511,1
157110,111103,711010,28.8617,3.5616,1
157200,102090,111161,152.6073,5.5259,1
157201,111161,487078,22.3768,3.2863,1
157349,110777,111264,10.6301,5.4274,1
157841,99456,111618,59.7104,4.729,4
158931,111678,112387,107.2707,5.7787,1
158932,112387,496783,105.423,5.458,1
159454,112751,113713,35.1568,5.4265,1
160836,113713,484613,114.9456,5.0981,1
160837,113713,147222,613.1868,4.6596,2
161217,113972,477529,428.5184,8.0932,10
162907,114607,115174,26.096,2.3028,1
163273,97746,115432,81.7374,7.806,1
164227,116139,732321,115.0188,6.3627,2
164450,113972,116296,86.2322,7.2636,10
165059,114607,116710,127.7576,5.0043,1
165060,116710,492628,30.0458,6.0738,1
166126,116683,117457,34.7131,2.7687,1
166127,117457,499824,28.0218,3.6427,1
166384,117632,490052,116.0656,5.465,1
166385,117632,517073,243.437,6.0495,1
167938,118718,250068,40.6079,4.0388,1
168142,116296,118876,84.6759,6.7371,10
169066,117885,119530,128.8449,4.6926,1
169067,119530,506939,179.388,6.4675,1
169756,120020,123316,54.5344,5.2175,3
170152,120299,497827,171.4211,4.3452,1
171023,120880,721261,36.1248,3.8534,2
171289,121067,507190,46.8152,5.1213,1
171523,121235,498573,133.5764,5.099,1
171524,121235,132373,250.1719,7.0495,1
172510,121935,718314,10.8934,4.3008,1
172545,121962,558533,491.4542,8.8994,1
172826,122148,254001,62.6817,4.4954,1
172889,122193,501373,67.3738,3.0,1
172890,122193,123830,28.6705,3.3028,1
173777,122821,503786,74.6661,8.8079,10
174276,123174,497013,115.1202,7.5148,3
174277,123174,126136,46.594,9.1556,3
175060,123316,123721,13.7477,5.1083,3
175205,123830,512775,114.7572,3.3839,1
175321,74422,123907,58.8218,5.1421,1
175334,123916,736168,104.7028,4.0941,1
175335,97429,123916,85.8754,5.2068,1
176129,124492,133514,169.4655,4.1829,1
176538,124786,538482,310.3894,5.734,1
177452,125436,723460,69.3568,20.746,2
177453,125436,727357,97.3332,19.094,2
177776,125668,128202,100.6701,3.7247,2
177777,97625,125668,184.7837,3.4608,2
178378,126079,522087,67.4166,4.3708,1
178454,126136,528524,133.1409,9.4684,3
178652,126269,723627,53.3354,4.511,1
179146,126600,507170,124.7437,10.6301,10
180417,127491,507190,143.9479,5.6926,1
180419,127491,520554,54.8027,4.4954,1
180949,127873,249247,16.3061,3.0,1
180950,127873,250640,36.6288,3.3028,1
181396,128205,718314,45.6861,5.1627,1
181397,128205,723214,15.5849,5.9569,1
182305,128848,134822,21.6307,8.9751,1
182666,129086,522087,85.2408,4.5616,1
183015,129337,518743,25.8263,7.8134,1
183160,129441,779025,56.2247,3.8028,1
183230,129496,519313,54.0232,7.4725,1
183307,129548,257208,74.1912,3.2394,1
183548,129496,129715,9.6954,7.8421,1
184442,123721,130332,108.1203,4.6856,3
184443,130332,131985,42.9535,4.999,3
184696,126600,130511,89.5433,9.3462,10
185757,131260,520885,24.2258,6.4128,1
187333,132366,135042,122.1515,4.4068,1
187344,132373,524654,4.7526,9.0,1
187819,130511,132713,103.899,8.1238,10
188041,132713,132883,3.4641,8.4228,10
188768,133402,367755,125.8451,7.5497,1
189370,133840,519297,68.23,6.6115,3
189594,133990,711931,657.5058,9.272,3
189595,133990,150740,102.0049,11.1323,1
189596,133990,136666,105.4377,11.4314,2
190728,117044,134794,49.8598,6.9596,2
190729,134794,723464,181.3312,7.6553,2
190778,134822,744275,138.5472,7.5445,1
190915,134925,726491,50.5459,22.9044,2
191011,134991,135365,9.6437,7.4725,2
191081,135042,530231,144.0855,5.0616,1
191678,135492,728296,17.1464,4.0616,1
192100,135779,138018,114.9437,8.2653,2
192220,111836,135858,150.9801,3.9173,1
193440,135779,136666,112.6134,11.025,2
193672,136828,158286,175.7353,8.0623,2
193673,135390,136828,24.8596,6.4806,2
194484,137420,727357,17.8294,16.9893,2
194485,137420,140297,21.7945,19.3157,1
194989,137773,138703,63.2614,5.7016,1
194990,137773,533757,178.0399,6.2417,1
195295,133840,137986,58.8643,9.6745,3
195314,138000,535173,37.4116,7.9121,1
196286,138703,550221,384.2663,6.8758,1
197133,139318,139532,3.0,6.7082,3
197439,139532,143549,51.0196,4.4721,3
198542,140297,143772,37.4836,18.1908,1
199196,140780,153338,210.4709,6.0822,1
199204,140785,547226,90.8105,5.8912,1
199205,140785,152028,214.581,5.262,1
199288,140842,536814,37.7757,8.5497,10
199828,141229,724472,51.714,4.2426,1
199829,141229,154898,64.8811,3.9921,1
200595,141775,538467,38.1663,4.7431,3
201227,142222,542467,153.4992,7.217,1
201228,142222,576475,231.0873,5.1926,1
201853,142646,149831,24.9925,8.7383,1
201854,142646,144390,11.9478,14.5695,1
202596,143208,727907,176.4026,7.6056,2
202680,143260,546105,145.2052,6.4734,1
203013,143496,144474,124.3704,6.0981,3
203532,140842,143881,66.7008,8.5853,10
204179,143881,144339,61.79,6.8143,10
204247,143772,144390,30.8062,14.7542,1
204730,144712,150210,49.4717,12.8803,1
205066,144339,144961,16.4317,6.7787,10
206288,145829,560251,168.8635,5.8303,1
206289,145829,152685,108.798,5.458,1
206555,146009,160524,156.6014,9.3628,3
206744,146145,734807,54.5558,5.9713,1
207668,146789,734807,59.4475,5.6926,1
207850,146918,763714,158.6642,4.0941,7
207851,146918,723708,168.0863,4.9839,7
208280,147222,147912,10.4881,4.1231,2
208383,143496,147296,48.7134,5.5981,3
208385,147296,557110,127.3918,5.5,3
209261,147912,556100,193.537,4.1829,2
210590,148869,545025,46.2097,4.4126,4
211483,149493,551455,51.6075,5.4863,2
211619,118718,149588,108.0972,5.1194,1
212318,149493,150086,91.3783,3.8724,2
212319,150086,559295,42.3161,5.1636,2
213233,150740,748467,190.8094,7.7625,1
214129,151369,552879,38.9102,3.3028,3
214385,138018,151542,67.6704,7.2715,2
214502,151369,151629,8.8318,3.3028,3
214611,146009,151710,265.7386,7.4806,3
214612,151710,554792,82.5712,8.8655,3
214675,111836,151758,97.5215,5.5649,1
215066,152028,569732,94.3009,5.0724,1
216747,153206,560111,6.5574,5.3779,3
216936,153338,564756,49.2508,5.0616,1
216951,153350,569287,128.6643,5.9106,1
217731,153904,558018,77.4805,3.4611,1
217940,154049,159999,17.9722,4.7408,1
219248,154961,559295,38.5766,4.9936,2
219769,155326,155714,9.8995,7.4806,10
220070,153350,155539,48.0104,5.5822,1
220071,155539,569606,39.3404,4.7361,1
220305,155714,156312,54.9727,5.0543,10
220511,155860,569587,71.2678,7.7992,1
220988,156191,739919,55.6447,8.3921,1
221158,156312,161482,95.0526,3.5937,10
221224,130015,156363,35.7913,11.6708,1
221259,154961,156388,20.5426,3.6213,2
221601,143117,156626,73.0198,4.1307,1
221602,156626,162675,76.4991,3.1623,1
222170,157037,762804,127.1576,5.0724,1
222173,154898,157037,39.9673,5.0724,1
222332,139545,157153,37.0555,16.9509,1
222333,157153,549266,20.1577,25.523,1
222888,135858,157554,64.8879,2.7247,1
223370,157888,358224,57.5073,12.2671,1
223988,158350,160496,44.0908,5.8661,4
224007,158363,573265,93.6518,6.0092,2
224983,159066,570871,9.3452,5.2175,3
225264,151629,159265,107.912,3.3028,3
225266,159265,572327,26.0704,3.3839,3
226281,159999,529454,16.1452,5.6454,1
226773,160345,160862,48.4768,1.9841,1
226984,160496,167715,92.0543,4.8408,4
227028,160524,160526,78.8162,9.5306,3
227471,160834,164542,113.7849,5.7118,10
227472,160834,162077,68.8549,6.1203,10
228003,158286,161212,18.5831,8.0623,2
228761,161727,724751,130.1832,6.1926,1
228897,160862,161825,48.6313,2.6992,1
228907,161833,342330,165.6432,6.2838,36
228908,161833,370102,82.4864,5.0043,36
229233,162077,162168,69.0724,5.3033,10
229748,162451,758213,130.9334,3.3461,1
230064,162675,164241,43.7734,2.9954,1
230234,162791,743125,58.8812,3.3028,1
230235,162791,164476,44.2343,3.9822,1
230243,162795,165835,39.8246,3.7025,2
232357,164317,173137,120.9858,4.6904,1
232358,164241,164317,102.7289,3.7594,1
232578,164476,753655,64.1926,3.1795,1
232675,161482,164542,51.7204,4.729,10
235869,166821,168502,20.7123,6.3723,13
235896,166841,177284,121.0666,2.5322,1
235897,166841,373863,110.8297,2.5322,1
236043,155737,166951,41.5318,5.1083,1
236044,166951,361912,17.1626,3.1021,1
236066,151542,166966,106.3438,7.5667,2
236538,167293,576475,38.5443,6.6296,1
237006,167633,579102,75.6461,6.085,13
237007,167633,582466,22.0,5.465,13
237057,167670,758426,37.2335,12.0232,1
237195,167768,168131,31.0805,2.1583,1
237458,167949,757411,183.7044,7.129,2
237459,166966,167949,12.1738,6.8896,2
238227,168502,174957,83.8928,6.458,13
238848,154049,168965,46.839,12.2091,1
239596,169494,458670,78.2709,4.6289,1
240834,170375,595337,99.925,5.6436,4
240889,145354,170414,527.3083,5.381,1
240890,170414,172572,37.2022,4.6795,1
241954,171162,264208,203.2852,2.9208,1
242290,171408,783177,198.7433,3.6503,2
242438,171503,617826,284.1301,5.5822,1
243760,172439,759425,41.829,8.0711,2
243895,172538,582671,66.8423,5.1881,2
243897,172538,175542,49.9099,5.9009,2
243950,172572,592898,27.9702,5.7016,1
243979,172589,754527,53.8191,5.2631,1
244213,172748,593291,55.269,6.1056,1
244214,172748,181700,163.7254,7.3805,1
244328,172832,188348,117.0233,13.9596,1
244449,172922,600633,101.3427,6.3364,5
244604,173036,587524,218.5986,5.1833,1
245122,171408,173399,52.4982,3.7361,2
245123,173399,762311,38.4043,4.5822,2
245416,170375,173614,59.975,6.7428,4
245417,173614,600633,100.6164,6.7428,4
246226,174198,592117,16.4992,3.0811,4
246227,174198,596492,38.9041,3.6795,4
246307,173036,174255,431.0151,8.4259,1
246583,174462,597470,123.7026,4.2426,4
246782,157888,174592,48.5476,11.6363,1
247299,172922,174957,322.8994,5.8303,5
247300,174957,177216,33.6155,5.7865,18
247332,174976,596687,31.6175,5.0495,1
248002,175462,594150,6.3509,24.868,1
248433,175780,175878,7.1414,6.1644,1
248581,175878,184953,171.1198,6.8571,1
250131,94545,176945,151.6872,3.4758,7
250285,115432,177053,71.5122,5.3561,1
250286,177053,182601,90.0333,2.9954,1
250396,177131,254001,13.6991,3.8106,1
250446,177170,608413,183.9761,5.2881,3
250527,177216,607663,69.2613,7.3006,18
250609,130015,177269,64.1397,19.2049,1
251049,177572,599750,64.9102,3.3708,18
251272,172439,177737,40.1954,7.0622,2
251273,177737,187316,81.0521,6.2503,2
251297,177754,180840,46.7333,7.6941,1
252368,178526,764921,108.055,9.8283,1
252369,178526,770579,59.4886,9.9196,1
252447,178577,615326,149.228,5.4274,19
252633,177754,178700,78.0961,9.9208,1
253152,179065,181700,75.213,6.6472,1
253153,179065,609750,130.289,4.8723,1
253408,179239,262702,160.2547,7.129,7
253662,179407,595385,11.7426,26.0664,1
253663,179407,599108,29.3239,24.9012,1
254076,179678,204260,310.8022,4.1231,2
254505,179981,182861,141.1205,5.4909,2
254506,179981,608200,56.0987,3.9495,2
254824,180200,186909,92.5905,4.3528,1
254825,180200,602611,68.3569,5.8268,1
255687,180840,613301,120.8773,6.151,1
255693,180845,261968,492.5802,4.6623,2
255694,161934,180845,65.2908,6.217,2
255705,180852,764671,29.5391,4.1078,1
255706,180852,210888,196.624,3.9495,1
255967,181034,366634,15.2971,7.6423,1
256485,181415,597976,43.652,9.7546,1
257331,181985,608227,53.0377,4.3203,3
257993,182456,754071,72.6972,3.7936,2
257995,182456,187316,58.6714,5.9667,2
258005,182465,595870,117.5089,4.9839,2
258007,182465,614901,143.5775,5.0299,2
258149,182564,182861,143.0664,5.734,2
258150,182564,609700,91.6624,5.6506,2
258202,182601,202164,110.0318,2.5322,1
258203,182602,604174,31.0859,2.5779,1
258515,182813,612608,141.9143,5.9137,1
258516,182813,187457,120.0208,6.2264,1
259054,182602,183194,80.827,1.8251,1
259168,177269,183281,21.9317,16.228,1
259171,183281,183282,8.9486,15.2362,1
259215,183313,607663,181.9729,7.5543,18
259458,183487,268140,208.0561,3.5675,1
260816,181415,184446,28.2312,9.5879,1
261222,172589,184755,65.6011,6.2838,1
261223,184755,192844,60.5145,5.5822,1
261472,184953,196750,210.7748,6.9372,1
262283,185536,188348,51.4738,12.4576,1
263976,186724,187457,21.6795,7.2592,1
264027,186758,611910,5.8214,4.7541,3
264242,186909,187464,7.1414,3.9324,1
264601,185536,187157,16.0762,11.6776,1
265016,187464,618817,54.5181,4.3708,1
265116,187537,189753,23.7908,2.1213,1
265201,187602,253195,20.4858,5.3218,1
265221,183593,187618,52.5456,4.5813,1
265360,187713,605481,80.37,8.8741,1
265502,185385,187818,41.5331,8.2382,1
266220,187553,188335,16.2481,4.6856,3
266221,188335,618003,68.8549,4.9495,3
266256,188360,604636,11.2398,18.1548,1
267084,187713,188960,19.1311,8.6345,1
267662,187818,189402,17.4642,6.6296,1
267745,189458,631183,186.5422,8.437,3
268149,189753,617284,11.3578,3.217,1
268359,189903,191159,52.4404,4.9286,1
269677,190839,615134,27.8189,11.0674,1
270048,190839,191108,17.2337,11.8999,1
270115,191159,194815,92.7524,6.1731,1
270702,183593,191597,52.635,4.4665,1
270823,191108,191683,11.5326,12.7075,1
270878,191721,617284,28.2017,2.9208,1
271667,192283,619830,15.4812,11.9292,1
271668,192283,194069,20.4695,7.8659,1
271704,192310,212963,358.844,6.5463,1
272410,192795,763714,74.2586,5.6433,7
272468,192844,784594,121.0482,4.0,1
272598,192937,619096,17.0587,3.2394,1
272731,193027,619716,96.1763,5.4312,3
273677,193695,618003,72.904,5.1926,3
273678,193695,205659,181.3202,4.9286,3
274809,194489,811179,205.5821,10.217,5
275288,194815,630031,102.3778,8.7067,2
276263,195432,625703,74.788,10.0729,2
276419,195538,391852,177.0127,3.3723,1
276421,195538,370875,68.7266,3.1926,1
276853,195850,626468,7.1764,6.2281,1
276854,195850,627841,11.1654,7.0801,1
277060,184446,196000,191.1675,7.2882,1
277061,196000,196788,13.9284,5.1636,1
277429,196266,204758,100.4866,11.7643,1
278113,196750,197921,42.4971,7.7991,1
278895,197312,627841,64.8742,9.6076,1
279123,197479,213336,35.2677,3.3723,1
279124,181034,197479,39.5713,5.4497,1
279736,197921,645758,136.0772,8.5419,4
279737,197921,197922,7.0,9.6368,3
279738,197922,631183,8.0208,9.5,3
279832,197994,219850,197.5095,11.3284,2
280967,198813,629169,45.6715,4.3509,3
280973,197312,198817,141.3506,8.7202,1
281305,199053,203146,75.6784,4.3574,1
281610,199258,309519,236.6335,17.1074,1
281611,183282,199258,46.5533,18.3618,1
281624,199265,643331,176.6481,6.4128,2
281936,199497,261968,308.8597,6.5164,2
282671,198813,200003,11.7473,3.7199,3
282818,198817,200108,81.9573,9.3309,1
283064,195407,200293,97.8296,24.846,1
283166,200363,636070,126.4959,7.3478,1
283474,200584,819651,218.5399,5.985,7
284600,201407,374177,5.2175,7.4159,1
284670,201452,377091,307.8669,8.3263,1
284672,201452,272331,96.7299,9.1492,1
285139,187618,201786,89.2957,4.6856,1
285630,200108,202136,78.9747,11.3309,1
285661,183891,202164,37.6298,3.1796,1
288599,204260,646994,43.7493,5.5971,2
288656,204299,765050,151.5025,3.0956,1
288855,204441,785114,92.8296,16.7202,2
288856,204441,786938,8.7496,24.2476,2
289098,201264,204610,74.3034,2.8028,1
289099,204610,650890,110.6677,4.7182,1
289308,204758,212954,85.0673,11.0613,1
289381,204810,640222,128.938,5.0079,3
289382,204810,653638,150.2605,4.4867,3
290139,205362,255834,14.1539,2.5811,3
290141,205362,225255,177.0311,3.0616,3
290162,205379,634695,62.2058,6.4155,1
290416,205574,209703,44.4185,3.6213,1
290481,201264,205620,47.8957,2.5,1
290482,205620,647016,13.4536,2.9142,1
290533,205659,647922,27.9743,5.5527,3
290743,205800,206007,50.8429,6.2429,1
290974,205379,205972,9.0,5.7439,1
291281,203950,206191,37.9078,6.6802,1
291282,206191,207910,23.6008,4.9936,1
291402,206272,646411,47.3216,5.2238,1
291801,206543,638196,74.0855,7.0674,1
293719,207910,647922,18.7233,5.4379,3
293720,207910,210500,26.8701,3.3461,2
293737,105830,207921,55.3986,2.9889,1
293739,207921,231420,20.8327,3.9324,1
293889,208019,796430,76.4003,4.2523,1
293890,208019,797598,106.4049,3.8637,1
294381,208369,659717,46.2853,6.9567,2
295236,208963,209265,7.0,9.0471,4
295572,209183,212700,29.6311,2.2361,1
295678,209265,214573,94.7259,8.689,4
296843,210102,213540,54.1202,3.6056,1
296924,210161,652747,66.2118,4.511,1
296925,210161,664222,101.4281,4.2523,1
296957,209250,210182,35.8887,2.2361,1
297407,210500,224981,155.9038,4.1402,2
297898,210853,651069,33.9706,4.9338,1
297942,210888,218563,38.1532,3.0811,1
298124,211019,797944,50.8484,3.217,1
298125,211019,801006,44.6119,5.0043,1
299160,211742,374838,141.8097,5.1736,1
299161,211742,253516,72.9756,4.8452,1
299222,210102,211776,29.6311,4.5414,1
299430,205800,211919,82.0,5.2631,1
299431,211919,666006,90.712,4.89,1
300009,212335,213092,17.1464,3.285,1
300921,212954,800249,31.2303,8.9786,1
300933,212963,661146,118.5566,6.2838,1
301007,213021,375829,14.6477,5.5649,1
301101,213092,214814,15.9374,2.4142,1
301384,212335,213291,24.0624,3.9324,1
301385,213291,216634,33.9411,4.0616,1
301735,213540,669074,141.6769,4.6312,1
302972,214431,790007,74.7953,4.4009,1
302973,214431,804138,60.6822,5.2907,1
303173,214570,666952,56.6794,5.1375,1
303177,214573,677062,162.0802,9.6974,5
303345,210853,214686,30.1496,3.1796,1
303771,214978,818061,107.1914,3.285,1
304288,215348,795285,91.5066,2.5322,1
304289,214075,215348,40.7565,4.0335,1
304965,214570,215844,82.2253,4.3589,1
304966,215844,669074,41.4769,5.0079,1
306093,216634,674577,118.4356,3.118,1
306607,216999,218563,31.6403,2.6992,1
306807,217134,227960,85.2526,5.9977,1
307265,217445,217446,6.8394,8.775,1
307764,206543,217796,185.3348,10.251,1
308089,218030,220166,24.3516,5.6926,1
308351,32740,218230,156.3202,3.9142,4
309253,218855,670433,33.3667,4.4068,1
309254,218855,220655,80.8703,3.8643,1
309273,218868,818820,138.898,4.2386,1
309275,218868,807491,46.9645,4.6094,1
309359,218929,654302,61.0983,3.2975,1
309361,218929,676529,58.7953,4.3589,1
309470,219005,220386,4.2426,35.8384,1
309477,219011,220204,18.0555,4.2523,1
309694,219174,667735,3.6056,7.3786,3
309695,219174,224212,83.5344,5.4662,3
310753,219915,676445,173.6184,5.7361,1
311081,220166,230760,152.1611,4.4142,1
311133,217837,220203,22.0454,8.1643,1
311136,220204,220655,38.0132,3.6056,1
311150,220214,249594,158.7862,4.1926,2
311151,218230,220214,22.7877,5.1926,2
311398,220386,258827,33.7079,36.282,1
311499,220459,229493,115.9224,6.6328,1
311788,220661,669426,19.7709,3.5355,1
313051,221569,667613,96.1925,7.1623,1
313053,221569,223805,53.301,5.0331,1
313350,221774,250410,156.0712,10.9251,1
313351,221774,261589,29.3087,11.7822,1
313781,222094,698488,111.599,4.1829,1
313862,214686,222151,99.3781,1.618,1
313941,222207,231374,234.6593,6.4221,3
314662,222728,232065,82.0467,4.7182,1
314816,222838,674577,5.831,2.618,1
314832,222848,813449,51.7772,4.5274,1
315274,223160,678610,38.9915,6.2696,2
316070,223725,676385,20.6194,3.2863,1
316185,223805,224071,127.3264,4.953,1
316551,224071,684150,56.9866,8.032,1
316747,224212,227480,69.5701,3.7199,3
317440,224706,228901,75.9868,4.5247,3
317494,224743,225519,167.0359,1.618,1
317690,185644,224867,115.3126,4.0941,1
318235,225255,288700,80.9506,3.9324,3
318624,225519,688821,58.3974,3.3541,1
319084,225839,252226,70.8025,5.0043,1
319086,225839,273685,113.3623,3.8028,1
319191,220855,225911,207.1545,5.8208,2
319192,225911,712132,153.843,7.719,2
319288,224981,225976,9.6954,5.2068,2
320379,226751,688101,45.591,5.6317,1
320647,226940,676650,245.4775,3.6427,1
320747,227012,252136,102.8553,4.1829,1
320748,227012,239077,16.5831,5.6323,1
321388,227480,228931,30.8869,4.1231,3
322099,227960,237606,65.9743,5.2035,1
322320,228105,670107,243.9977,5.4495,1
322322,228105,232270,102.4988,5.1421,1
322513,228246,249594,190.0249,3.3028,2
322514,228246,243066,102.5251,3.5348,2
323198,228742,674661,92.0724,4.872,1
323199,228742,228743,22.2036,4.3589,1
323435,228901,686608,105.1734,4.241,5
323436,228901,231131,42.9069,5.0079,2
323480,228931,715859,212.3362,4.1829,3
323792,229138,810656,90.0919,4.5616,3
323794,229138,813528,25.7013,3.7247,3
324310,229493,742908,266.4268,6.4363,1
324413,229567,232270,199.6347,4.1926,1
324936,229956,238565,203.4552,5.8208,1
325283,230195,258061,261.5517,4.6795,1
325284,230195,248968,216.3475,3.2071,1
326021,187602,230712,43.1972,4.9495,1
326094,230760,690137,42.2493,4.2426,1
326309,113994,230911,85.8856,2.9954,1
326311,230911,810185,52.4468,3.7606,1
326325,66259,230920,175.6091,6.1889,1
326326,230920,297603,313.9112,6.3723,1
326610,231130,231131,15.2643,5.0079,2
326679,231184,700807,81.1542,7.6787,6
327081,231482,232925,197.3423,3.3028,6
327531,231791,779025,68.4901,4.6926,1
327776,231963,232152,22.1786,25.267,1
327788,231970,232152,17.3654,25.8514,1
328406,218647,232403,22.2723,30.9911,1
328441,232430,699944,23.7463,5.4376,1
328459,232442,719020,310.1836,4.8408,2
329098,231963,232891,84.488,22.8145,1
329100,232891,818339,3.7417,20.4984,1
329145,232925,232926,14.4222,4.7016,6
329146,232926,713382,155.1043,6.0738,6
332510,235352,708917,45.3382,5.0,3
332693,235477,822241,54.2942,5.651,4
332724,231374,235501,83.7257,4.3723,3
332725,235501,718235,61.0956,3.8637,3
332745,235518,269214,61.4978,8.306,1
333686,232065,236214,18.6041,3.8028,1
334810,237012,240875,42.0714,4.1926,3
335623,122148,237606,76.528,3.9241,1
336948,238557,239473,30.0832,3.7199,1
336964,238566,725850,327.1254,7.3024,1
336965,238565,238566,45.8803,5.4312,1
337459,238920,243800,72.6774,4.8341,3
337460,238920,240875,108.2451,4.0981,3
338238,239473,244873,58.0603,3.7199,1
340045,240728,712132,41.6733,7.5523,2
340742,232136,241208,160.1531,3.1796,1
340785,241237,706873,37.4596,5.5649,6
340822,241265,721181,20.1577,3.9241,1
340823,241265,719383,15.8955,3.8534,1
341284,224867,241612,57.9828,4.2913,1
341588,241828,813528,59.0424,3.0275,3
342198,242253,818820,66.6083,3.2321,1
342457,242440,322263,44.3283,6.2264,1
343333,243066,313637,365.7302,3.7936,2
344169,243674,729596,38.1954,4.872,2
344356,243800,257787,316.4064,4.3574,3
344596,243975,818600,62.3993,3.8637,1
344598,129548,243975,74.4133,2.9954,1
345548,244653,821521,32.4842,12.6529,2
345549,211446,244653,99.213,12.3027,2
345843,244873,257318,82.0366,3.1796,1
346029,245000,383360,122.606,8.3938,1
346030,245000,388358,16.3061,7.8012,1
346195,242253,245121,30.5087,4.6475,1
346226,87370,245143,16.2241,5.2631,1
346570,245375,254499,226.9119,6.4051,1
346842,241828,245569,38.8387,2.9208,3
346844,92089,245569,11.8322,2.9889,3
347396,83536,245966,31.9279,5.5971,1
347457,246012,249331,33.7818,3.4611,1
347518,81534,246056,3.6818,3.5,1
347992,246375,246376,18.4662,3.285,1
347993,246376,268734,47.0059,2.639,1
348056,241237,246416,316.2942,4.1068,6
348057,246416,729279,24.4813,3.9142,6
349108,243244,247150,71.7565,6.0738,3
349109,247150,742908,84.7008,6.2838,1
349110,247150,254046,53.3948,4.6158,4
349214,243880,247229,33.6489,6.3609,4
349215,73361,247229,16.9304,6.1942,4
349258,247259,780411,290.9221,5.3779,19
349294,247285,249396,43.0619,13.0747,1
350814,248331,252642,83.2166,5.3852,2
351710,183487,248968,106.2372,1.8251,1
352108,249247,249331,10.0388,3.1583,1
352330,249396,251389,43.9185,21.5855,1
353259,250068,254086,100.9823,5.4376,1
353639,250342,744416,32.2077,3.1796,2
353736,213111,250410,73.3704,11.0468,1
354078,185644,250640,63.7992,3.6056,1
354668,251058,391575,224.6076,5.2249,1
355138,251389,257145,30.0173,22.9782,1
355818,251867,254046,84.3445,4.1068,2
356045,149588,252023,78.3766,5.6618,1
356128,252078,309079,163.1073,5.0724,1
356206,171162,252136,148.1212,3.2394,1
356337,113994,252226,50.7878,4.6158,1
356910,251867,252642,97.1648,5.3852,2
357606,183891,253128,152.357,4.6111,1
358170,253516,272378,43.2281,4.7913,1
358928,254046,756858,69.7711,3.285,6
358981,253128,254086,14.9905,5.7511,1
359561,254499,753059,88.2893,6.562,1
359989,254806,255512,9.8995,5.6317,6
361009,255512,272463,188.5153,6.3988,6
361464,255834,257739,115.3216,4.2737,3
361646,255954,258251,77.4028,5.8036,1
361647,211545,255954,31.7683,4.3203,1
362613,256618,744416,76.7832,3.1796,2
363157,257007,265003,93.1987,4.7541,2
363346,257145,277820,167.1109,23.0755,1
363595,257318,260581,18.2757,2.3428,1
363970,257577,279020,9.4868,3.0725,1
364195,97234,257739,120.4577,4.2737,3
364239,252023,257769,69.9909,7.3702,1
364241,257769,258680,13.6565,8.2265,1
364253,161727,257777,709.5499,5.5616,1
364254,257777,264255,58.4734,6.3627,1
364269,257787,726627,333.2882,4.9936,3
364620,258028,817437,191.901,4.7541,1
364622,258028,285295,54.687,5.3852,1
364670,258061,288700,48.6832,4.0503,3
364671,258061,642252,489.8429,4.4707,2
364934,177131,258251,117.7092,4.4721,1
365535,257577,258680,14.3527,4.8599,1
366285,258827,259208,23.5337,35.0748,1
366286,259208,259353,6.364,31.8166,1
366339,259243,368077,92.7901,9.9191,1
366450,231420,259331,21.9317,3.5616,1
368135,260541,754137,66.9129,5.0724,1
368434,260745,756003,41.8688,4.1231,8
368435,260745,265215,87.9545,4.241,8
368492,260784,763733,35.3486,9.5301,6
368748,211545,260980,26.8121,5.0724,1
369898,74422,261805,117.4673,4.3509,1
369900,261805,388001,77.8909,3.5291,1
370032,261903,729586,112.8568,5.1438,1
370232,262044,763482,151.3297,3.0,1
370421,241612,262170,51.7912,4.6926,1
370422,262170,265394,26.0342,5.0378,1
370488,262214,263422,40.6202,4.3523,1
370614,261903,262306,10.0499,4.3528,1
370615,262306,793681,124.5588,4.7408,1
371177,262702,405099,90.1184,7.3852,7
371739,263094,758198,109.311,3.8643,1
372205,263422,764864,51.1816,4.3523,1
372301,263488,395339,25.6753,2.7369,1
372463,263608,272463,310.9051,5.7661,6
372464,263608,787656,151.1243,6.1237,6
373010,264001,780411,132.5431,4.7856,19
373011,264001,770527,41.7126,6.5372,19
373166,264106,746788,174.1481,3.6029,1
373317,264208,345157,47.6329,3.8028,1
373471,260980,264312,9.5859,6.9765,1
373721,264484,402512,56.921,8.8912,1
373996,264672,458847,212.8168,5.3229,2
373997,264672,290601,46.8971,6.117,2
374462,265003,767560,49.3919,4.2976,2
374779,265207,753059,129.9308,6.2415,1
374781,265207,772787,18.8591,5.0079,1
374791,265215,775007,51.0283,4.1795,8
374939,265323,313693,37.027,7.6632,2
375025,265394,308359,37.7271,5.2175,1
375119,265464,301446,16.8557,7.4339,1
375292,213111,265589,62.9489,13.044,1
375293,265589,381304,62.4585,8.9404,1
376003,266075,770347,29.7352,5.4536,7
376370,266351,280282,57.5838,4.0616,1
376371,266351,368862,135.9175,3.8028,1
376952,266770,277702,158.4021,8.5146,2
377582,267224,308577,16.8391,3.8643,1
377585,267226,272185,163.2786,5.0724,1
377739,264255,267333,104.2807,7.2166,1
377741,267333,295937,228.1184,4.7863,1
377841,267395,267867,8.0962,6.9051,1
378930,268140,295331,54.0586,5.365,1
379045,263094,268219,124.6475,3.4758,1
379046,268219,268480,24.9399,3.7055,1
379380,268480,271152,78.3709,4.5826,1
379523,268580,801670,101.7495,4.9495,1
379684,268696,431023,88.5827,3.2394,2
379685,268696,339242,88.3698,4.5708,2
379746,268734,268747,74.8636,2.7247,1
380140,269013,271178,73.0068,5.8303,1
380420,195407,269214,144.1814,22.7247,1
381052,269653,781593,37.4833,4.2865,1
381053,269653,806424,87.1487,4.1068,1
381168,269732,324763,35.3585,5.863,1
381203,269757,776098,9.1226,4.618,1
381204,269757,789251,84.9353,3.3541,1
381286,269732,269816,8.076,7.2417,1
381293,269821,352538,8.0,7.3478,1
381397,269891,276589,182.6937,5.2238,7
381890,270237,413730,48.0027,7.9363,1
381891,267395,270237,25.9607,7.8102,1
382802,270889,403856,46.1411,4.89,2
382962,219005,271002,93.6358,20.0781,1
382963,271002,272218,32.3213,5.5076,1
383017,268599,271043,384.5062,5.5468,1
383018,271043,361346,11.2101,6.9432,1
383175,271152,271295,52.7826,4.7913,1
383213,271178,783692,15.5849,5.8723,1
383451,271345,363131,40.9295,3.8643,1
383452,271345,281570,101.4703,3.6056,1
383554,271422,272629,48.3632,4.1231,1
384011,267224,271748,154.3081,4.1231,1
384012,271748,373608,37.3482,4.1231,1
384344,271975,376332,38.5227,3.8028,1
384536,272108,383951,10.924,16.0261,5
384648,272185,274379,21.4144,6.4031,1
384701,272217,277019,116.3651,16.4072,5
384702,272108,272217,84.7789,13.9949,5
384883,272331,275691,4.1231,7.9671,1
384961,272378,396443,46.1652,4.2913,1
385127,194489,272493,410.9102,13.2782,5
385276,272601,786847,78.8818,4.7408,7
385396,271757,272689,36.2767,4.8723,1
385397,272689,274379,76.6166,5.2016,1
386049,273156,278655,93.4933,6.3244,1
386050,273156,274333,21.6795,6.9765,1
386275,263488,273313,30.4822,10.444,1
386553,273507,509079,190.397,4.5708,2
386603,273550,606241,268.5937,9.0829,3
386604,273550,275826,111.4124,6.186,3
386650,273584,275826,39.9917,9.5005,2
386677,273611,495198,126.3404,4.4707,1
386678,271975,273611,39.8859,3.9822,1
387025,273584,273833,22.8376,14.8064,2
387235,273979,274333,6.1644,6.7371,1
387236,273979,808151,68.1608,6.2281,1
388582,274962,436375,29.5184,5.6993,1
388583,274962,275234,27.4934,3.4632,1
388617,274987,284699,199.3615,3.5616,2
388692,275037,820792,122.9046,4.8139,1
388963,275234,429163,69.9381,3.1796,1
389312,266075,275464,61.327,5.2068,7
389313,275464,276589,25.6905,4.977,7
389386,275514,305132,73.0015,1.5731,1
389387,268747,275514,21.2211,2.366,1
389603,274987,275669,52.032,3.1796,2
390264,268700,276126,48.2804,5.1881,28
390265,26219,276126,112.7638,4.8002,28
390267,276127,756858,171.4964,3.9921,6
390268,276127,783712,47.2186,4.3574,6
390601,276351,280788,102.864,4.4203,1
391543,277019,434422,7.9303,20.7106,5
391652,277100,277642,7.8005,2.8059,1
391913,277292,808130,37.3831,7.8037,1
392091,272161,277418,58.7963,4.0941,1
392142,277456,450786,24.4126,7.3309,1
392403,277642,279867,36.1252,10.9753,1
392482,277702,284699,67.1648,5.772,2
392767,6672,277887,115.5422,5.3852,7
393226,278216,280957,70.5549,4.1621,1
393441,273583,278373,45.8245,3.1463,1
393442,278373,279354,9.4868,3.0725,1
393589,278472,606241,215.2317,10.4289,3
393590,278472,278582,17.0261,11.0214,2
393704,272629,278553,161.3567,4.1829,1
393747,278581,753846,140.6627,4.1621,2
393748,278581,818181,86.3037,3.285,2
393749,278583,508785,74.8101,15.4189,1
393751,278582,278583,12.8712,10.2468,1
394378,267081,279020,24.5266,3.6503,1
394850,279354,467799,8.5245,2.7763,1
395591,279867,494626,32.2703,20.9267,1
396185,257208,280282,52.2749,3.7199,1
396212,279798,280301,21.7715,4.5708,1
396213,280301,812375,73.0061,4.6213,1
396362,276351,280411,52.9245,5.2881,1
396881,280788,812375,45.77,4.3708,1
397068,230712,280925,83.1264,7.4244,1
397069,280925,293897,11.5758,10.8616,1
397114,277418,280957,41.8808,3.6736,1
397863,43352,281486,66.188,5.9329,1
397905,276228,281516,49.6601,8.6226,1
397906,277456,281516,23.0294,10.6786,1
398338,281822,495198,106.6771,4.3528,1
398468,272218,281907,95.1659,18.6663,1
398740,282092,288212,111.933,3.1795,2
398741,282092,818181,50.5404,3.5937,2
399677,15654,282760,93.8794,4.7361,7
399678,6672,282760,27.6345,5.1926,7
400371,283240,420566,162.3563,7.0811,7
401281,29920,283851,35.7362,5.3183,1
401814,284227,289095,152.0197,3.9324,1
402168,4029,284465,154.5833,5.5495,7
402169,284465,822530,21.6766,4.8408,7
402888,284950,285992,28.1819,9.444,1
403271,285216,286282,88.7356,4.4954,7
403272,15654,285216,24.7117,4.9286,7
403330,285254,289419,152.7514,6.2723,1
403331,285254,285506,3.6056,7.5148,1
403384,285295,297235,16.7929,4.5634,1
403558,285429,384215,77.5177,2.7321,1
403668,43352,285506,161.2713,7.0809,1
403780,285583,671848,152.7194,5.5822,1
403782,285583,510039,10.6875,5.5822,1
404184,285858,820494,166.5443,7.6155,1
404568,286134,329601,149.3516,4.999,35
404569,286134,286673,18.4662,5.1881,28
404773,18296,286282,55.2107,3.9241,7
405109,286517,287100,12.6886,6.6623,28
405286,286652,608696,343.7177,5.6317,1
405314,286517,286673,87.6242,5.9009,28
405701,286947,291972,73.8932,4.2865,2
405823,264106,287035,36.7696,2.9889,1
405824,53063,287035,66.1498,4.6536,1
405915,26219,287100,68.3569,5.5616,28
406850,287795,289419,146.2088,8.7014,1
407847,288473,299517,80.3552,5.4218,1
408759,157554,289095,94.1099,3.5616,1
410133,290069,402003,30.9713,4.6111,1
410892,290601,293806,43.0929,6.1942,2
410938,290632,293696,62.0556,4.7431,2
412713,75455,291861,82.0603,3.217,2
412714,291861,298115,59.0678,2.8284,2
414107,32571,292886,133.2387,7.7888,1
414223,292494,292968,32.0156,8.6478,1
414224,217446,292968,27.4934,7.8875,1
415427,265323,293806,19.5874,6.6699,2
415552,273229,293897,101.3953,7.0552,1
415823,294090,806414,10.007,5.1029,1
415824,4903,294090,29.4562,3.1796,1
415891,294136,604462,72.509,3.9324,2
415892,291972,294136,49.9887,4.9338,2
416641,217445,294689,95.1134,7.9582,1
416642,254311,294689,9.0123,7.6327,1
416849,294845,407214,94.1364,5.4064,1
416881,294865,626119,55.4196,9.649,1
417051,294991,573290,12.2474,3.5937,1
417521,269194,295331,85.9005,5.6081,1
417689,295449,398009,45.9154,3.217,1
417690,295449,401915,24.9911,3.6736,1
418095,295730,400894,11.1455,7.3406,1
418400,288473,295937,211.627,4.7431,1
418432,295960,402211,22.641,15.0384,1
418788,254311,296216,57.3779,8.3632,1
418789,296216,296555,22.561,9.4002,1
418882,296274,324236,47.0909,2.2882,1
418883,264484,296274,75.3444,4.9723,1
419530,296555,296735,18.412,10.4841,1
419531,296735,335720,28.3431,10.6292,1
419603,292886,296782,119.9792,7.6737,1
420239,297235,298711,5.9161,3.9324,1
420619,297518,423891,70.8002,4.5306,1
420864,290069,297688,14.8661,4.0495,1
420865,297688,407211,33.9493,2.618,1
421473,298115,300606,32.0624,2.9142,2
421598,252325,298205,26.9258,14.3795,1
421599,63737,298205,40.709,8.6552,1
422326,298711,324113,19.6723,5.0196,1
423446,299517,302424,28.026,4.729,1
424060,299948,805668,161.8971,3.8378,2
425016,300606,300764,15.6525,3.0,2
426196,261589,301446,33.1863,12.4057,1
426472,301637,324754,480.2437,6.2417,1
426473,32277,301637,429.1193,4.6213,1
427590,302424,555336,108.243,5.381,1
428602,303141,390871,49.8899,6.8541,1
430800,304707,345119,91.5533,6.1202,1
431410,305132,324236,49.9956,1.4142,1
433544,306626,311077,42.8719,4.6856,1
434060,306976,313934,74.0068,4.0,1
434090,3799,306995,41.0081,5.6079,1
434440,306626,307243,97.719,4.6289,1
435436,307936,423891,51.2868,3.5291,1
435437,307936,320149,92.2876,4.1621,1
436339,267226,308577,13.687,3.6736,1
437127,309150,406850,33.3167,2.9984,1
437129,309150,407186,20.9921,4.5826,1
437601,4617,309484,63.1163,3.9241,1
437602,7101,309484,56.4004,3.9241,1
437659,309519,407094,13.6657,13.5227,1
438146,304077,309871,216.0694,4.4203,7
438148,309871,654017,19.2094,5.6125,7
439122,310556,405553,107.7504,4.885,1
439160,269194,310575,78.4786,5.2421,1
440433,311101,311466,18.6815,4.2976,7
441925,303141,312489,75.5248,7.4051,36
443537,270889,313637,91.0293,4.89,2
443571,313661,708744,10.9036,3.1796,7
443572,313661,318275,33.2866,3.618,7
443623,266770,313693,12.2474,8.5146,2
443741,7635,313772,69.067,9.3462,1
443742,313772,316879,43.1152,7.6603,1
446565,315729,319385,87.2983,3.5355,1
451067,34186,318838,137.0568,5.715,7
451068,318275,318838,12.6886,4.6795,7
451863,319385,323029,124.1209,3.9241,1
452158,442,319588,26.1831,5.365,36
452970,41080,320149,86.0563,5.4536,1
453083,320223,676584,179.6914,15.439,1
453085,320223,320620,12.2474,16.6806,1
453251,9751,320339,87.1378,4.0495,1
453252,320339,332338,185.4541,5.9407,1
453668,15524,320620,79.1822,19.8768,1
454158,311077,320955,198.0177,3.8944,1
454159,315729,320955,76.1643,3.0725,1
455723,313934,322059,126.1784,3.8452,1
455724,322059,332634,66.8506,4.4068,1
456014,322263,366099,88.8257,5.5902,1
456625,267081,322699,5.7349,4.2976,1
456626,322699,379907,42.1663,3.5616,1
457098,323029,334447,220.9208,5.3735,1
458098,16019,323729,88.198,6.1964,1
458099,17629,323729,64.9991,4.7408,1
458659,211446,324113,195.9107,9.9222,2
458660,239077,324113,261.1417,6.5288,1
459537,308359,324763,49.051,4.9936,1
459776,17687,324932,99.088,7.1875,1
461789,15189,326340,17.7545,3.6056,1
462151,326581,409475,12.161,4.3198,1
462855,327067,411846,67.4405,5.9667,1
462956,327067,327147,21.9545,5.9986,1
462957,327147,410165,43.3538,7.6787,1
463958,325289,327852,46.5054,5.958,1
466429,303141,329601,251.0894,6.0495,35
466741,42158,329828,72.9109,5.365,1
470152,16119,332245,79.2037,6.3326,1
470881,267867,332751,62.4233,5.958,1
470882,265464,332751,30.2494,3.6651,1
471091,332338,332900,36.0046,6.4325,1
473840,330012,334865,35.8903,6.7016,1
473841,334865,340497,139.7335,9.2224,1
474391,335243,342330,55.4707,6.6177,36
475057,335720,673338,271.4285,13.3372,1
475985,336385,785114,102.8397,7.4562,1
475987,22280,336385,7.157,4.6856,1
476285,19318,336587,55.8172,7.3124,1
476286,25089,336587,141.8892,7.8134,1
476868,332900,336974,89.1024,6.882,1
478392,21460,338050,60.564,2.9889,1
479965,339136,361338,204.6409,6.5555,1
480172,339136,339280,73.4401,5.9977,1
480389,339428,410847,18.1537,8.9427,1
481050,98497,339889,59.7876,6.5927,7
481051,68687,339889,4.8648,6.7371,7
481575,19225,340261,60.5413,3.8452,1
481576,338050,340261,51.5291,3.4632,1
481915,25128,340497,61.2835,11.5435,1
486222,343529,425879,82.6095,7.1647,7
486766,21945,343909,59.5791,5.6926,1
488524,345119,361610,57.5355,6.2633,1
488542,345134,356378,115.2302,8.3245,1
490811,72796,346725,49.1766,5.651,1
490812,133402,346725,54.8756,5.0724,1
490884,29521,346779,71.323,4.3198,1
491226,347025,355541,79.7997,3.8534,1
491227,332634,347025,89.56,4.1829,1
491703,346779,347361,56.958,4.5414,1
491704,27631,347361,22.9108,2.5099,1
493066,36849,348337,19.972,2.3428,1
498157,351939,408303,52.3413,5.4376,36
498158,351939,423036,43.042,4.0388,36
498983,269816,352538,29.8254,6.8166,1
499062,352599,352934,7.9092,3.8637,1
499553,30940,352934,22.7205,2.9142,1
499623,352984,355292,3.1623,2.2361,1
501264,25089,354145,118.1435,8.1478,1
501265,354145,370944,132.0002,10.0288,1
501449,39707,354267,143.2767,6.1596,1
501654,354412,430365,178.1731,2.9208,1
501962,32497,354629,41.8688,10.0499,1
502907,4903,355292,22.3159,2.2361,1
503262,355541,362353,61.0082,3.2321,1
503617,355804,357870,44.0025,12.2686,1
503618,32302,355804,13.0128,12.4808,1
504474,155737,356378,54.2402,6.8093,1
506587,33212,357870,75.491,8.2879,1
507080,150210,358224,62.0985,12.6577,1
509579,35696,359966,31.8939,5.7511,1
510048,31635,360308,42.5389,5.9545,1
510049,360308,364496,41.3723,6.3226,1
511530,271757,361346,96.9565,6.6139,1
512337,361912,366177,49.2849,1.9841,1
513111,35114,362465,33.775,5.1438,1
513112,362465,367412,57.3069,5.9977,1
513175,362353,362513,8.124,2.366,1
513177,362513,368185,51.6236,3.366,1
513475,41136,362712,81.4789,6.3226,1
514073,345157,363131,32.4037,4.0616,1
515948,364496,368888,49.1912,6.2404,1
518265,177284,366177,38.6293,2.5322,1
518508,156363,366339,41.223,4.0035,1
518509,366339,366634,3.0,5.0378,1
519906,174592,367321,59.0866,9.7326,1
520511,174540,367755,69.5909,10.7779,1
520625,37497,367832,33.6997,3.7055,2
520978,368077,403429,92.3959,6.6978,1
521295,273833,368303,25.2323,8.3784,2
521297,271002,368303,6.1373,3.9637,2
522132,42646,368888,78.3284,6.6742,1
522833,369372,369486,56.6323,3.0,1
522955,41103,369447,40.9458,4.872,1
522970,367412,369464,43.359,5.365,1
523882,370102,397715,227.9364,3.9822,36
525010,220450,370875,85.1835,6.6926,1
525083,39905,370932,63.1445,3.9115,1
525117,361338,370957,88.2603,6.9188,1
525118,370957,372456,12.7802,7.5799,1
525471,57950,371195,444.475,6.3541,1
527258,40340,372456,19.4222,6.6464,1
527316,372501,374626,32.3978,3.7913,1
528914,373608,376332,17.2337,4.0616,1
530311,43454,374626,19.2094,2.366,1
530613,367321,374838,255.8398,7.1296,1
531266,42547,375293,55.1664,6.6583,1
531474,367832,375435,92.1894,5.1636,2
531475,370932,375435,37.1244,5.0517,1
531681,43454,375564,62.9682,3.7383,2
531682,375564,376245,4.2295,5.7878,2
532027,373863,375829,30.0333,4.2865,1
533779,377085,384215,39.128,4.2816,1
533780,368185,377085,62.8729,5.0495,1
533788,213021,377091,190.9535,5.7748,1
537734,273583,379907,11.6333,3.2321,1
538470,380436,436375,59.8247,5.1569,1
538471,368862,380436,10.6301,3.6056,1
538906,380740,381904,13.9571,3.5348,1
539459,381133,383551,213.3814,10.1428,3
539593,42448,381226,104.5158,8.2565,1
539705,275826,381304,91.8804,3.7796,1
540747,42646,382030,106.361,8.6992,1
542657,246375,383360,129.5299,5.9635,1
542931,383551,387402,36.4623,13.737,3
543243,383771,384430,7.5498,18.6137,1
543244,235518,383771,10.1951,15.5788,1
543509,272493,383951,10.419,15.994,5
544157,232403,384430,13.6928,21.8192,1
544751,213336,384861,31.2795,6.6472,1
544752,240072,384861,8.9938,7.7749,1
546138,381904,385854,59.7336,2.9208,1
546139,49166,385854,33.0,2.3428,1
546728,48803,386251,6.2093,14.1242,1
546842,50939,386339,47.7459,2.4495,1
547185,385241,386584,16.5426,4.6926,1
547186,51924,386584,46.9885,4.9839,1
547189,386586,388985,32.6956,8.8526,1
548039,387206,389472,30.0476,4.3196,5
548041,387206,395449,69.5157,24.5147,3
548385,220450,387444,50.0022,6.0616,1
548407,240072,387459,4.714,8.0,1
548408,273313,387459,38.2891,12.5732,1
548670,384211,387644,36.3205,5.9508,1
549175,67076,388001,87.9482,5.4064,1
549655,251058,388358,17.9227,6.8541,1
549909,388544,438237,92.7344,8.5438,1
550122,51782,388704,32.3956,20.757,2
553080,387644,390737,31.5748,7.2111,2
553271,307243,390871,96.8831,5.5335,1
553854,390559,391290,23.8312,17.0229,2
553857,52709,391290,20.1997,14.4002,1
554328,390737,391610,16.0985,8.6553,2
554329,389475,391610,14.081,14.1876,2
554639,391824,396003,41.4003,14.9248,1
554694,370451,391852,256.5987,8.0201,1
555779,201407,392593,190.1558,7.3124,1
555780,295730,392593,211.1213,7.0707,1
556275,53740,392932,40.3264,2.5811,1
556457,393049,393343,13.5858,24.1255,1
556774,386194,393261,6.1914,2.9142,1
556775,393261,397090,4.0,2.9142,1
556891,393343,394133,18.0202,30.9251,1
557015,391290,393425,15.1783,16.8058,1
557017,53902,393425,8.9256,16.1123,1
558418,393049,394431,13.5648,22.4367,1
558594,54266,394555,4.0415,15.1726,1
558919,391575,394776,65.8027,4.1069,1
559185,394970,398386,59.8498,3.9681,1
559187,394776,394970,37.229,4.4721,1
559316,394133,395063,12.0654,32.9838,1
559317,395063,396158,21.5577,26.1728,1
559323,394431,395066,5.4999,22.0926,1
559701,395339,402211,33.1964,7.4044,1
559842,395441,671848,102.5893,6.7223,1
559861,395449,407113,84.3319,28.3842,1
560655,388985,396003,58.6752,9.9992,1
560868,53902,396155,13.1016,14.6716,1
560870,396155,397380,10.2431,12.9624,1
560874,396158,397742,11.613,18.7215,1
562008,389472,396917,119.418,23.5122,5
562012,396917,397643,90.0801,27.7794,1
562842,397380,397474,8.3224,9.5137,1
562978,397474,397672,6.0919,5.1401,1
563207,52580,397643,187.6113,8.7393,1
563711,285429,398009,56.7509,2.4142,1
564351,56402,398470,6.1283,11.4936,1
564592,382030,398638,412.4714,9.3551,1
564993,283648,398907,29.7097,4.1621,1
564994,398386,398907,65.284,4.0233,1
565733,387444,399407,92.0706,4.1829,1
565734,317280,399407,55.7857,4.1829,1
566972,391824,400287,139.1814,26.4192,1
567875,294845,400894,3.9158,7.3761,1
568573,401395,404932,36.1386,3.8172,1
568842,401585,411505,64.7611,2.6992,1
568843,218647,401585,124.0339,19.5096,1
569294,317426,401915,31.5207,5.0724,1
569414,388544,402003,107.3716,6.3042,1
570060,283648,402474,76.6442,3.285,1
570061,402474,404795,23.0434,2.8284,1
570138,58241,402530,13.5851,15.6273,1
570139,59319,402530,4.8189,16.8816,1
570466,60369,402758,9.363,18.8755,1
571390,72038,403429,36.8194,5.9907,1
571492,57238,403507,68.8622,7.9582,1
571625,58488,403602,28.9252,2.5811,1
571627,402758,403603,187.4336,24.3153,2
571639,403603,406779,178.697,23.3348,6
571932,403603,429596,181.4617,16.1458,1
571935,403603,437001,144.5504,20.3026,9
572257,396443,403826,47.4342,3.5,1
572258,310556,403826,41.8426,3.3028,1
572284,101482,403842,31.8224,3.6736,1
572305,275669,403856,26.7769,3.1796,2
572445,403953,427268,18.6518,6.5897,1
573558,404761,407211,46.0109,2.9208,1
573559,401395,404761,51.4684,3.3839,1
573601,404795,404962,103.5905,3.5355,1
573776,404932,407214,147.1088,4.1069,1
573813,403507,404959,15.9983,7.4758,1
573908,332945,405029,151.6179,6.6753,1
573909,317426,405029,23.8723,5.5468,1
574008,343529,405099,50.7477,8.5033,7
574248,396917,405268,96.8306,24.1263,6
574252,61838,405268,6.6856,2.2321,6
574655,405553,416737,158.0063,5.2035,1
574936,405741,410917,26.5707,4.2523,1
576485,405741,406850,97.765,3.1566,1
576513,406779,406878,18.3734,10.1033,6
576817,407094,413758,40.8656,15.0765,1
576848,62804,407113,10.8474,11.343,1
576949,326581,407186,18.1445,5.0299,1
577670,62722,407682,18.6905,6.9352,1
578568,397715,408303,92.0054,5.381,36
579138,407682,408709,82.4958,5.8941,1
579633,404962,409053,68.4251,3.5355,1
579634,409053,409737,58.7707,3.4758,1
580621,317280,409737,31.0458,4.1231,1
581556,409475,410391,83.672,3.0811,1
582218,332945,410847,29.2233,8.7176,1
582551,411080,411450,9.434,7.9582,1
583071,339428,411450,14.9406,8.3301,1
583149,411505,414286,29.4788,3.2394,1
583608,411080,411846,17.1172,8.0884,1
583815,375131,411986,505.165,7.4821,1
584935,410391,412797,14.2478,3.7913,1
584936,354412,412797,33.4162,4.0941,1
585334,61342,413054,59.2732,11.9276,1
585659,65133,413261,4.761,4.3008,1
586335,276228,413730,39.6923,7.806,1
586373,413758,478714,118.4778,17.2892,1
587057,67779,414244,42.4068,7.1756,1
587121,410917,414286,72.7393,3.4611,1
587575,414604,431023,38.0657,2.9889,2
588488,295960,415237,59.2098,9.366,1
588489,386194,415237,41.3239,2.366,1
589342,411986,415830,94.3476,6.1742,1
589684,68222,416071,37.1573,5.8309,1
590610,416737,417123,122.1638,5.692,1
590802,68654,416874,52.2292,7.8646,1
591179,403953,417123,56.7617,7.2449,1
591791,415711,417543,35.6507,5.6969,1
591792,416071,417543,14.8801,7.3876,1
592834,413261,418297,42.5215,3.9921,1
592835,418155,418297,21.9192,4.3203,1
594096,65805,419181,67.1589,5.9545,1
594098,73567,419181,47.8729,5.5822,1
594684,417910,419602,13.5601,9.7154,1
596023,304077,420566,17.9784,6.6726,7
597953,69271,421936,34.6057,7.3294,1
597954,421936,435595,130.4186,7.6368,1
598429,422270,432196,148.2768,3.7055,3
598430,422270,449712,218.9444,3.4758,3
599022,417729,422703,136.5707,5.9036,1
599259,68607,422871,30.8167,18.735,1
599489,423036,443131,58.9887,5.3383,36
599515,423056,423390,22.891,3.0956,3
599516,423056,432196,122.3969,3.516,3
599774,74404,423232,147.4151,5.7865,1
600091,423390,437642,160.9099,3.6029,3
600280,412275,423523,88.2333,2.6688,1
600281,72626,423523,15.0333,4.3523,1
600805,300764,423891,70.2851,3.1583,2
601941,397090,424702,9.6954,3.6213,1
601942,424702,426515,9.2736,4.6708,1
602407,70730,425039,33.7573,4.4954,1
603595,425879,436049,57.7668,6.0467,7
605350,425039,427114,61.3442,4.3509,1
605580,427268,440394,64.6065,6.2696,1
607289,95015,428367,145.0924,28.0043,1
608000,428861,451673,10.0499,11.1962,1
608366,27756,429133,78.3246,5.7748,1
608405,281822,429163,109.2505,4.1231,1
608998,76509,429590,14.6742,9.8912,1
609005,429596,432266,55.5948,4.458,1
610106,430365,496607,120.1189,3.1796,1
612783,80672,432266,39.6737,4.7608,1
612989,80382,432345,41.604,2.3428,2
613975,433032,434204,15.3535,5.4063,1
614124,76509,433131,84.1458,18.9409,1
615131,427114,433781,93.3646,4.5306,1
615250,299948,433864,256.8294,4.5247,2
615251,339242,433864,117.4521,4.7947,2
616038,278472,434422,38.5746,16.3618,5
617327,435337,474226,96.1417,6.3028,1
617516,62962,435472,406.3832,8.4243,3
617606,78608,435537,18.4543,8.4002,1
617698,435595,439642,40.5089,5.2913,1
619180,424553,436655,118.7233,3.7913,1
619716,82058,437001,11.7992,10.4003,9
620185,435337,437329,31.686,3.9241,1
620654,437642,441740,89.2805,3.2321,3
621233,437329,438057,19.4422,4.1213,1
621234,438057,442716,32.6497,2.866,1
621488,426515,438228,23.3286,5.7511,1
621489,438228,441921,22.1259,5.7996,1
621996,438570,439165,26.6801,14.7531,1
623232,439422,443131,75.8112,5.4064,36
623309,428367,439469,63.8421,21.0428,9
623552,439642,441215,20.6794,4.7913,1
624317,440114,527428,88.9096,21.1264,4
624390,440114,451124,125.814,23.0953,20
624844,439422,440394,22.0,5.2249,36
626002,441185,441277,28.3255,4.1583,1
626048,441215,456346,177.2732,5.3284,1
626144,85988,441277,75.4844,3.0725,1
626796,441740,516479,74.7507,3.8452,3
627052,432780,441921,11.0905,3.8228,1
627552,442275,443596,14.7818,18.8124,1
627553,438570,442275,27.5661,19.888,1
627596,435472,442301,127.8928,8.1542,3
628176,442716,442928,2.4495,1.9841,1
628485,442928,447282,44.5758,2.9208,1
628571,81358,442992,44.1664,7.617,1
628651,83790,443049,22.1133,3.4758,1
628652,443049,447864,45.5546,3.0616,1
629218,89101,443454,66.7807,8.0711,1
629421,443596,447739,46.8381,13.573,1
629809,89658,443867,48.5558,3.0725,1
630094,442992,444060,42.5258,5.6926,1
630465,444327,445037,18.0574,11.8215,1
630466,86287,444327,3.8224,12.529,1
630950,444672,456279,137.3499,3.285,4
631096,269821,444776,224.2863,5.902,1
631462,444060,445037,11.4279,8.4772,1
631656,84687,445175,54.9626,2.5322,1
631657,443867,445175,71.3528,3.0725,1
632486,445766,532246,78.177,5.1926,36
632487,445766,563462,83.8014,4.9495,36
633130,441185,446209,44.7151,5.7016,1
633586,86287,446533,19.1021,10.7399,1
633739,446631,447502,12.9916,7.3549,1
633740,446631,447739,18.0714,7.6888,1
634954,447502,448023,45.2247,9.7016,1
635077,447584,454066,96.8194,2.7247,4
635078,447584,452007,59.3127,3.7361,4
635111,442301,447609,87.7015,8.447,3
635469,447864,451681,53.6513,3.2361,1
635716,95004,448023,64.245,10.2417,1
636501,448581,448979,24.1039,2.9954,1
636502,447282,448581,21.2603,3.217,1
637259,436049,449099,94.5992,10.5305,7
638129,449703,516479,29.0861,3.2112,3
638141,449712,577759,178.1494,3.1796,3
638473,449955,526737,42.9328,14.6732,7
638654,448979,450080,9.8489,2.0811,1
639085,449955,450382,201.1119,11.7432,7
639982,440394,451007,75.7232,7.4772,37
639983,450382,451008,7.0711,10.738,7
640147,451124,524977,33.9687,21.2398,20
640150,451008,451125,7.6811,11.3129,7
640424,451315,539241,21.1739,4.8284,3
640572,451414,457224,84.6312,4.4126,1
640952,451673,477697,15.0748,11.2393,1
640962,89975,451681,9.2534,5.5902,1
641370,91287,451968,10.7528,2.9208,1
641371,451968,453318,13.0628,3.6736,1
641419,452007,456004,75.6108,3.6503,4
642300,451007,452620,20.3224,9.485,37
642301,452620,452959,8.0623,11.0408,7
642524,452620,452775,38.4838,13.8766,44
642578,91019,452816,15.1658,11.3137,3
642770,451125,452959,121.396,11.4017,7
643015,86820,453123,54.3047,4.0503,1
643298,92986,453318,21.1788,3.285,1
643983,453814,543714,14.1185,6.2281,3
643984,453814,562030,79.0225,6.6177,3
645907,100937,455189,151.4199,7.7016,1
646404,90337,455567,41.688,3.9173,2
646405,96251,455567,81.6041,4.7541,2
647494,100606,456346,221.0475,4.89,1
647697,456486,552078,4.8189,47.3937,20
647793,456553,510224,96.4071,3.1796,3
647794,456553,463313,52.7067,4.1231,3
648570,297518,457109,37.2827,5.9137,1
648571,306976,457109,56.3353,5.5414,1
648722,457224,457494,7.3711,4.6708,1
648859,96293,457323,32.5474,6.5945,1
649098,457494,462147,91.2774,4.6111,1
649286,92986,457620,34.6121,3.217,1
649287,457620,459053,15.85,5.6433,1
649611,452775,457845,91.1811,27.2364,44
650738,96348,458617,22.3747,9.4558,1
650770,93905,458638,13.8804,10.34,3
651060,458847,478841,40.4969,3.7025,2
651160,458916,531579,56.1308,1.2071,1
651987,102090,459450,87.7213,17.3108,1
653186,95835,460297,3.1623,11.6828,1
653406,98441,460441,48.4149,5.9155,1
653450,458617,460472,16.6128,9.2765,1
653451,460472,460542,4.0061,15.7095,1
653465,83785,460479,368.4226,7.4772,1
654308,461096,565272,65.4896,3.6503,10
654309,461096,601277,105.9885,3.285,10
654596,461297,462595,31.0644,4.3528,3
655794,462147,467326,150.3027,4.9338,1
656426,462595,462786,145.9966,4.241,3
656674,462786,587572,165.7082,4.4707,3
657964,463666,465578,92.9785,4.885,1
658350,463939,466550,22.4796,19.578,1
660068,465139,584289,64.4386,4.4707,12
660069,465139,603268,118.1948,4.3528,12
660266,465290,578771,17.8232,3.9142,3
660326,465335,478714,140.5347,14.6841,1
660327,465335,475111,57.463,10.7167,1
660677,465578,473994,64.195,5.3183,1
660720,465290,465604,11.8743,2.5322,3
660811,460479,465671,76.9495,9.0728,1
660897,105807,465734,150.1655,5.6506,1
661060,465839,587970,61.3451,4.7913,3
661061,465839,587564,27.2626,3.7913,3
661841,466386,587121,46.1591,2.9954,24
661857,466396,584289,3.9158,4.241,12
661858,466396,589109,22.9903,4.6596,12
662883,467117,476309,52.1249,10.8681,1
663049,467234,470436,57.8753,5.8036,1
663192,100154,467326,60.4621,5.7446,1
663916,278582,467852,44.2192,9.449,1
663918,467852,529292,139.3592,8.3323,1
664890,465604,468537,86.0465,3.3541,3
665891,469216,599003,104.7903,2.9208,24
665892,469216,622382,145.5526,4.0761,24
666103,466550,469374,39.6961,19.1181,1
666463,469644,476010,146.1677,3.9115,12
666697,469813,595581,31.6696,3.3708,5
667534,470375,478539,519.8952,8.7085,1
667614,470436,473794,87.1863,5.0476,1
667678,101688,470477,33.4764,20.3691,1
667813,470560,608129,99.368,4.0616,24
667814,470560,646931,263.2078,4.511,24
668337,101966,470916,45.2867,5.0724,1
668338,470916,472076,44.4035,5.4376,1
668755,468537,471216,62.2736,4.2361,3
669104,458638,471468,104.7866,9.2202,3
669106,471468,478783,77.2025,6.4546,3
669967,472076,473637,38.7972,4.7856,1
670078,432780,472155,26.5707,2.3428,1
671906,100431,473464,82.4742,7.5452,1
672037,473561,483717,117.9628,6.4803,1
672142,473636,473637,18.8739,5.8282,1
672143,473636,477160,62.3222,7.3407,1
672361,473794,480108,73.9226,5.4704,1
672643,473994,488547,15.5563,5.5148,1
674172,471216,475068,145.7704,3.2247,3
674223,475111,638478,103.7202,11.8574,1
674513,475310,479420,55.9375,4.4707,24
675553,476010,478972,26.9258,5.1375,12
675969,475068,476307,155.1966,4.7603,3
675970,476307,476309,73.437,9.2801,3
676198,109283,476473,105.5367,6.1926,1
676973,477026,480980,60.6407,7.9741,1
677184,105588,477160,74.7968,6.7546,1
677695,477043,477529,17.8466,6.2106,10
677955,477697,731748,6.3443,10.5479,1
679133,478539,612314,76.5434,8.6172,1
679491,108535,478783,23.1661,5.2421,3
679576,286947,478841,129.2977,2.9954,2
679771,478972,487014,120.756,5.6506,12
680419,479420,622382,65.9411,5.1375,24
681798,480393,481251,17.4929,6.8522,1
681799,480393,620851,28.225,12.4096,1
682660,480980,487246,77.2029,3.285,1
682921,481161,482216,40.6694,3.4611,1
682922,481161,493462,113.3975,3.6056,1
682931,477026,481167,47.0735,9.8782,1
683049,481251,633639,50.9526,10.099,1
683444,108614,481524,12.06,7.7449,1
683445,481524,488443,95.649,6.6296,1
684131,482003,619020,52.294,3.4093,12
684448,482216,483424,68.2715,3.3904,1
686031,483067,483327,8.1172,5.1197,1
686032,111264,483327,87.113,5.1736,1
686570,483709,490050,83.0385,4.899,1
687380,108535,484301,52.0737,4.8139,3
687381,484301,484383,6.6081,4.4126,3
687485,484373,675650,185.0604,2.2361,5
687755,484561,490504,92.6961,6.7082,1
687892,481990,484660,18.412,3.118,10
687893,484660,653732,219.3528,2.2361,10
688191,281907,484865,4.6904,31.0543,1
688196,277820,484869,22.1303,22.574,1
688197,484869,508785,24.3721,21.2858,1
688617,476309,485171,130.0346,10.435,2
688618,485171,488504,49.4773,8.8437,2
691208,487014,490945,89.95,5.4312,12
691298,487078,487246,65.7263,3.4758,1
691676,481828,487346,43.1856,4.9286,1
691677,487346,656496,86.2198,5.4312,1
693121,110466,488390,45.6575,9.8648,3
693284,488504,640537,32.5077,10.1741,2
693345,123907,488547,75.4645,5.7282,1
693553,488700,489485,19.2873,4.9497,24
693554,488700,488971,12.0416,3.5355,24
693803,481167,488868,84.4895,7.2749,1
693947,488971,660425,176.9093,2.5322,24
694658,489485,646931,66.6408,5.2779,24
694722,489532,649271,111.7149,5.8284,2
695160,483717,489848,141.5643,6.151,1
695161,115174,489848,87.0153,3.3723,1
695451,490050,498573,109.7882,4.999,1
695525,488868,490102,14.8361,6.8541,1
696120,490504,495360,68.9534,6.5945,1
696743,490945,494699,100.3095,5.6967,12
697758,121067,491650,145.2552,4.8139,1
698493,488443,492179,131.2062,5.6506,1
698494,492179,495360,52.6435,6.1984,1
699092,483067,492591,99.0651,4.3528,1
699093,116683,492591,33.6403,2.7687,1
699349,492771,644417,29.7303,2.2361,1
699955,467799,493183,24.5967,1.618,1
699992,493209,633639,25.9161,10.4224,1
700273,490102,493399,40.9186,6.3541,1
700362,493462,494536,9.6437,4.2523,1
701853,494536,660613,58.7055,4.899,1
701989,484865,494626,10.0995,26.8786,1
702011,485010,494643,78.2425,4.3528,3
702012,494643,498767,52.1898,5.5317,3
702657,495121,496004,13.9284,2.5322,1
703226,124786,495538,188.8147,5.3852,1
703433,105807,495669,308.8678,5.6506,1
703435,117885,495669,19.8968,4.6926,1
703908,488390,495998,109.1429,7.9957,3
703917,496004,649049,21.0528,4.5765,1
704773,444672,496607,55.2922,3.4758,4
705034,119355,496783,41.1987,6.3121,1
705342,88408,497013,658.8614,6.1742,3
706507,497827,508583,135.8675,5.3541,1
706556,497862,502701,62.6339,4.7863,1
707186,495998,498284,26.9588,6.1071,3
707889,120020,498767,71.4773,5.5856,3
708308,273685,499054,78.3794,3.8708,1
708309,289883,499054,45.1405,4.3708,1
708469,499163,499494,13.6015,3.3839,1
708940,499494,668579,93.7455,5.3735,1
709425,499824,501373,27.6586,3.0811,1
709746,500050,695040,220.1757,11.2483,1
710597,493399,500653,71.5588,6.7749,1
710763,500770,654090,46.3549,15.7069,1
711149,121962,501048,40.2823,6.2696,1
711507,501301,665782,51.2174,8.3847,1
711789,501514,504644,15.748,4.3028,1
713440,502701,646711,141.8685,3.3708,1
713567,500653,502785,23.949,7.7119,1
713627,119355,502828,34.5543,6.4363,1
713628,502828,506939,76.3745,6.8571,1
714999,118876,503786,104.5241,7.3434,10
715377,504044,664850,7.6158,7.4468,1
715409,504065,514955,117.1239,9.1891,1
715872,297603,504391,205.5943,7.2417,1
716241,504644,512400,50.01,5.1926,1
716348,284950,504720,14.6401,3.1796,1
716349,493183,504720,13.4536,1.618,1
716569,504876,662084,62.1289,7.2456,1
719293,506819,511231,43.359,2.4472,24
719790,122821,507170,17.9444,10.315,10
721834,129715,508583,185.7328,7.2592,1
722296,508906,668321,24.7431,3.0,1
722546,509079,554368,121.1693,5.1421,2
722993,495121,509394,70.5833,3.4093,1
722994,509394,673024,6.6081,6.2283,1
723893,281570,510039,89.6196,4.885,1
724158,510224,520775,61.0592,3.8106,3
724623,510537,673583,4.8189,4.0,1
724624,510537,684301,81.6313,3.7321,1
725595,511231,513960,40.5709,4.2737,24
727170,512354,518210,124.29,7.8229,11
727538,512629,513352,41.3884,3.5675,1
727743,126079,512775,33.4498,3.452,1
727974,512936,677512,4.7258,4.6213,3
727975,512936,516904,68.7605,4.2426,3
728575,512626,513352,8.124,3.2394,2
728753,499163,513488,76.7984,4.1307,1
728775,496607,513507,75.2396,3.8643,3
728776,449703,513507,43.8862,2.6688,3
729408,513960,525583,174.1867,4.8139,24
729414,498284,513964,187.2117,6.8904,3
729415,513964,519297,40.9715,6.6115,3
729536,514058,514227,9.1104,4.4246,1
729782,514227,686270,43.12,7.8646,1
730788,514955,693056,93.3696,8.357,1
731722,508906,515611,43.3705,3.3708,1
731723,515611,688353,58.565,4.5634,1
732777,512629,516353,61.0655,4.5708,1
732778,516353,523106,51.8941,4.1829,1
733036,516534,682750,69.783,4.2913,1
733565,516904,682029,100.6341,4.8139,3
735125,517990,680065,103.7885,11.2613,1
735244,518065,686211,92.6517,4.5634,1
735445,518210,537569,448.3514,6.1984,4
735446,518210,533921,178.4152,5.0431,7
736198,517073,518743,62.5504,7.0707,1
737027,519313,524826,276.9293,5.5971,1
737791,519861,520984,82.3043,4.5495,1
738791,120299,520554,366.1234,4.148,1
738909,512400,520632,41.4488,4.7541,1
739111,520775,530759,22.9129,4.8139,3
739198,520842,696772,96.9811,25.127,2
739253,129337,520885,29.4147,7.9169,1
739422,518065,521011,298.2633,5.8941,1
739423,521011,548875,172.4558,5.7016,1
739669,129086,521189,43.3705,4.1829,1
739670,132366,521189,31.1716,4.4665,1
739798,516534,521286,56.1872,3.5,1
741114,522202,523240,51.7687,2.7247,1
742397,523106,524118,20.3224,3.7199,1
742583,523240,692441,10.8474,3.6742,1
742891,523461,677512,72.7393,3.9142,2
742892,523461,706253,224.8933,3.4758,2
742897,523464,685548,45.5887,3.5348,10
743662,131260,523992,25.186,5.9402,1
744604,523992,524654,29.9096,7.7016,1
744605,134991,524654,46.0202,8.437,2
744749,524761,536949,24.1039,5.7554,1
744832,524826,527354,99.7007,4.5616,1
745007,523464,524957,79.7371,3.9115,10
745008,524957,695806,10.1796,5.1375,10
745046,524977,550659,46.6743,32.6323,20
745601,161934,525367,30.293,8.654,2
746030,525679,693842,27.8747,10.2824,1
746357,525899,693839,23.1795,12.1798,1
746980,525679,526336,50.0999,9.5353,1
747543,449099,526737,15.5849,15.2541,7
748390,527354,532875,98.2802,5.5,1
748507,527426,572989,102.2736,4.2865,36
749682,524118,528273,68.2495,3.1583,1
749732,528305,528909,10.6301,25.3367,2
750055,139318,528524,69.3433,7.5074,3
750593,528909,700030,13.2035,24.7281,2
751157,529292,573290,58.8643,5.4453,1
751389,529454,575918,79.2023,15.1545,1
751404,20471,529462,46.7489,2.8028,1
752181,528273,530018,16.7631,2.7247,1
752491,530231,536964,93.4004,5.0616,1
752522,530250,706381,48.1271,3.9921,1
752946,530549,695806,30.3912,4.0761,10
752999,527426,530584,61.9399,3.217,36
753243,451315,530759,32.9798,4.1213,3
753744,531132,532981,152.7576,7.0711,1
754151,531429,533596,17.7482,24.8954,2
754152,531429,531430,7.0711,28.1683,2
754365,450080,531579,6.8799,1.2071,1
754555,531712,542443,13.4164,8.7176,2
754556,290632,531712,21.6025,7.2598,2
755166,532151,545424,110.4943,9.2202,1
755290,530584,532246,9.4986,4.4954,36
756187,143260,532875,136.7857,6.3912,1
756342,135365,532974,68.6319,7.3761,2
756343,532974,551497,162.4422,7.5822,2
756355,138000,532981,137.7861,7.1756,1
756578,533135,703397,4.1003,8.0761,1
756634,132883,533178,123.0226,7.1585,10
757208,533596,704433,10.5548,19.2185,2
757468,533791,705338,28.8386,14.6586,2
757645,533921,537135,23.4307,4.8028,7
758360,534425,538273,47.7179,3.5616,1
759416,533757,535173,96.661,8.0137,1
759453,530549,535198,62.498,3.2394,10
760501,137986,535937,28.0119,9.9137,3
760863,536190,541426,74.686,4.0388,2
761497,536627,693515,173.5206,4.7608,24
761499,536627,541945,53.5257,3.8643,24
761776,533178,536814,99.4675,6.3284,10
761964,290216,536949,13.8323,8.2338,1
761986,140113,536964,23.4023,4.1231,1
762031,536995,706381,13.78,3.6736,1
762249,537135,554101,235.508,4.8708,7
762846,537569,544541,112.7874,4.3723,4
763259,296782,537853,124.4307,7.892,1
763260,504391,537853,72.3525,8.4321,1
763429,535937,537978,61.5666,8.3012,3
763734,538187,553210,69.606,2.7763,1
763853,538273,710173,221.0804,3.0,1
764134,131985,538467,127.6767,5.4218,3
764155,140780,538482,5.9907,6.1236,1
764623,538806,540154,72.9589,4.8002,10
765216,539241,553573,33.698,5.521,3
765959,290216,539743,24.8126,9.1572,1
765960,539743,542443,7.3485,8.7176,1
766545,535198,540154,80.6288,4.8599,10
767565,540867,541973,76.3937,3.3028,24
767566,540867,715980,29.6816,3.6056,24
768379,541426,715471,34.7067,5.3183,2
768767,541710,709701,26.8315,2.1213,1
769096,541945,721966,54.867,5.4527,24
769207,542024,545124,16.6433,16.4164,2
769554,141775,542270,22.1139,4.4203,3
769555,144474,542270,85.1742,6.0495,3
769800,542443,554425,25.4951,7.6088,1
769836,145354,542467,45.2401,7.9185,1
771008,543281,545294,72.4086,2.5322,24
772833,544541,546169,25.1595,3.217,4
773193,544804,549110,67.8307,3.5348,24
773204,544815,716301,83.8193,4.1926,24
773499,140113,545025,65.714,4.1829,1
773639,545124,712947,43.5397,17.9602,2
773874,545294,546197,6.1644,2.2802,24
773971,545366,693620,163.2564,14.7565,1
774045,545424,551337,65.9924,9.4051,1
774204,537978,545537,104.8353,6.8723,3
774994,545025,546095,19.1427,3.9241,3
774995,545537,546095,23.6596,4.6751,3
775012,546105,556303,116.8028,6.1644,1
775107,546169,546170,10.0,3.6736,4
775108,546170,546642,3.0,3.285,4
775133,546192,551636,125.004,4.1068,24
775138,546192,546197,86.3713,2.2802,24
775493,370451,546436,287.8134,9.7576,1
775494,470375,546436,372.5936,8.7631,1
775533,142919,546470,37.1573,9.3272,2
776439,547110,719400,3.3166,4.241,1
776440,547110,566229,102.2008,3.4042,1
776605,152685,547226,147.6772,5.0,1
778126,548322,722170,17.4165,3.3166,24
778857,546642,548832,159.6841,3.9142,4
779245,549110,722170,29.2689,3.4611,24
779457,454066,549250,8.775,3.0956,4
779458,456279,549250,3.1623,3.7417,4
779483,549266,551799,8.3066,31.0177,1
779587,289883,549344,5.2599,4.6795,1
779588,294865,549344,21.7179,4.0503,1
780088,549696,699177,48.1541,34.1674,1
780089,549696,723835,8.6987,32.3417,1
780472,549988,724864,26.2869,4.0233,24
780723,550170,716640,86.1936,3.1463,24
780724,550170,729358,42.1149,3.2321,24
780796,155860,550221,203.8608,6.7564,1
781432,456486,550659,21.924,40.5118,20
781450,550674,555077,31.3209,2.9954,2
782393,551337,563950,155.7626,7.3028,1
782551,551455,554010,128.5362,7.68,2
782615,158363,551497,150.3821,7.0583,2
783393,552078,557171,25.6528,46.6016,80
783513,147910,552150,22.7572,5.7748,2
783514,552150,560251,71.7364,5.9545,2
784261,144961,552681,144.2429,6.1926,10
784262,155326,552681,81.9003,6.5332,10
784560,143549,552879,67.1491,2.618,3
784659,552953,559139,32.4962,10.0225,10
784728,527428,553001,38.1457,6.5311,4
784729,456004,553001,42.0595,3.9142,4
785372,553451,553909,13.3417,21.0132,1
785990,553909,728142,8.6023,20.909,1
786129,546470,554010,142.7581,8.4653,2
786270,554101,557503,123.5071,3.3708,7
786624,554368,694278,232.6134,6.5977,2
786661,549988,554395,76.1249,4.0233,24
786662,554395,557166,32.6956,3.5348,24
787242,554792,557895,30.0259,8.2653,3
787522,543006,555006,128.8022,6.7892,2
787523,555006,560106,72.3118,8.7931,2
787629,555077,557083,19.105,3.3839,2
788727,555842,727171,24.3721,11.7331,1
788728,555842,729650,38.6095,17.4436,1
788991,544804,556029,175.12,4.2321,24
789095,147910,556100,338.3256,4.8139,2
789237,556208,730849,18.6011,18.6882,1
790441,557083,738207,48.6438,3.8028,2
790480,153206,557110,24.173,5.3284,3
790507,557127,575924,22.0454,23.071,1
790559,557166,740780,110.3827,4.6312,24
790565,457845,557171,6.866,41.0487,44
790566,557171,574767,31.0798,37.1932,36
790569,478684,557173,125.6512,4.241,12
790570,557173,572989,86.0284,4.9338,12
791043,557503,570476,113.1503,3.6795,7
791574,557895,593243,373.5366,7.2715,3
791754,558018,569606,165.4422,4.0388,1
792949,558864,572034,125.9524,14.7089,1
793350,559139,737414,39.8065,10.5779,10
793388,502785,559167,453.6839,9.0848,1
793389,559167,569247,64.5514,9.6478,1
794409,459403,559900,39.1656,3.7913,1
794435,559923,737207,81.9878,10.8853,2
794500,559965,736865,52.747,8.9983,1
794647,551799,560079,34.1321,30.128,1
794648,557127,560079,8.775,27.5452,1
794685,560106,591736,357.8729,6.7814,2
794693,162168,560111,147.0533,4.8947,3
794776,560174,752576,100.4988,2.2802,1
794846,560219,736701,22.8196,2.366,1
794884,560250,560965,113.8815,5.055,1
794886,200003,560251,691.6537,4.9338,3
795897,560965,563138,74.7529,7.874,1
796527,560250,561406,348.9842,4.6536,1
796950,558533,561690,26.6104,9.7286,1
796951,164222,561690,117.4635,7.7889,1
797031,158350,561747,58.9774,7.6755,4
797445,461297,562030,141.8516,5.3735,3
797542,548875,562099,207.6487,4.5616,1
797683,148869,562194,68.9436,5.7913,4
797684,561747,562194,49.5356,7.8589,4
797767,556303,562249,32.6888,6.7564,1
797768,562249,564742,48.4218,5.5451,1
798962,543714,563086,54.8077,4.9286,3
798963,463313,563086,123.7695,4.2976,3
799031,563138,570757,169.1922,6.3865,1
799334,559923,563354,376.5355,5.4063,2
799810,458916,563700,22.7237,3.7787,1
800020,563846,738623,41.5812,2.9889,2
800162,563950,741250,43.9318,4.7182,1
800591,153904,564254,38.4621,3.4611,1
800592,160345,564254,53.3479,2.6688,1
801028,553573,564557,216.5202,5.1926,3
801030,564557,578771,49.7036,5.0,3
801032,293696,564558,7.9096,3.3708,2
801033,564558,592447,27.2213,3.5616,2
801189,563751,564662,13.9284,7.4721,1
801190,564662,741634,15.6045,8.8596,1
801300,157472,564742,17.5278,2.9889,1
801320,564756,572139,61.0551,5.0196,1
801813,559900,565111,8.966,2.9142,1
801814,565111,575211,58.4084,3.6503,1
802022,440114,565272,190.1191,19.3314,11
802023,565272,616481,179.4414,3.7361,1
802339,565481,741443,8.4656,4.0941,4
802340,565481,742650,213.6048,4.3528,4
802565,565639,757948,118.2103,7.3949,1
803398,566229,743694,21.6564,2.7247,2
803803,566523,744125,57.103,4.2913,2
804335,566523,566896,62.0645,3.4142,1
804872,567280,741634,15.7639,5.6122,1
804873,567280,569377,14.0,2.2247,1
805055,567409,568806,21.5639,3.6213,1
805730,567887,756873,308.8755,17.5573,2
807075,568806,756362,67.1923,7.8639,1
807321,156388,568987,56.8683,3.0,2
807756,569287,570527,13.0533,5.3779,1
807889,569377,747353,21.8098,3.8284,1
808097,569519,571708,44.9333,10.1518,10
808191,178700,569587,412.0933,9.816,1
808390,569732,585047,158.7749,6.0738,1
808422,569758,570999,50.4678,2.618,1
809160,570291,746092,20.2445,5.6317,1
809161,570291,572176,12.8452,5.2035,1
809433,570476,745495,39.2669,3.9822,7
809499,570527,590404,128.6846,6.085,1
809828,570757,749248,117.9345,4.511,1
810162,566229,570999,116.7604,2.3428,1
811129,571708,572148,19.5192,8.2434,10
811757,163847,572139,41.9603,5.5076,1
811769,572148,583144,159.0031,9.8639,10
811806,572176,572860,7.1414,2.6213,1
811813,160526,572182,50.04,7.3079,3
812023,572327,572906,47.1911,3.5811,3
812377,572579,748786,48.6861,3.9921,1
812378,572579,574111,17.5214,3.285,1
812559,166821,572706,71.1196,5.7878,13
812838,159066,572906,80.5481,4.8723,3
812950,572989,578631,13.5728,5.3218,24
813336,179678,573265,275.0503,4.7541,2
813771,573575,748632,14.1421,3.4042,2
813772,573575,760584,73.8053,2.7247,2
813823,573609,748906,6.442,18.0017,1
814505,574099,575976,13.6382,10.3457,1
814523,574111,594762,112.7697,3.0725,1
814873,574367,738207,72.8392,4.2361,2
814874,574367,751729,29.1757,4.3574,2
815025,574468,575681,12.2066,6.7986,1
815250,573609,574641,8.3666,13.5687,1
815251,574641,753413,18.3662,8.2284,1
815435,563462,574767,113.2872,17.3155,36
816062,563700,575211,28.3394,5.5148,1
816323,572182,575390,30.4193,8.744,3
816421,569247,575459,51.6077,8.6533,1
816729,575681,756018,25.434,5.7114,1
816837,575758,754939,27.9861,4.5708,1
817055,575918,585738,15.843,23.0476,1
817061,168965,575924,3.559,19.3121,1
817135,575976,746480,64.2484,16.0279,1
817761,576407,748786,28.3666,4.2426,1
817762,576407,577081,140.7196,4.1829,1
818250,576764,751381,18.5346,10.9016,2
818251,576764,753620,3.9158,8.654,2
818668,577081,747693,107.3934,3.6427,1
819384,577597,760737,76.5724,5.1515,3
819385,577597,779420,159.3379,5.6081,3
819616,475051,577759,223.7176,2.2361,3
819704,570871,577821,46.2961,4.8452,3
819705,164930,577821,6.2716,5.7016,3
819767,577860,760213,62.1584,6.5822,3
819989,161926,578027,30.0666,12.2454,1
819990,578027,580147,22.3798,13.0103,1
820019,576763,578046,20.4695,8.1796,2
820020,578046,578489,10.4403,10.3048,2
820431,578334,742493,148.3307,3.9115,2
820644,578489,751081,82.1542,18.5322,2
820834,466386,578631,71.4773,4.0306,24
821355,161825,579016,75.8573,2.2882,1
821478,162168,579102,41.9603,5.8807,13
821866,579389,756593,4.9554,10.5074,1
821869,579391,589947,68.1616,5.1636,2
821910,579016,579420,34.5688,2.8866,1
821911,167768,579420,28.0812,3.8378,1
822096,579389,579552,24.4336,10.0452,1
822583,579552,579890,11.5758,8.2769,1
822813,580067,756362,9.434,13.1093,1
822933,580147,581372,19.7833,12.265,1
823066,172832,580247,27.7068,8.6589,1
823070,580249,586017,41.9285,4.6708,5
823638,438237,580651,166.577,9.0182,1
823639,467117,580651,9.8093,9.8405,1
824340,568987,581156,75.2957,5.0,2
824632,581372,582788,17.9815,10.5,1
825137,581721,763051,113.1386,10.0277,24
825138,581721,763056,113.399,8.6204,24
825708,582131,593814,187.5592,4.4068,18
826162,582466,584802,15.0672,4.7182,13
826461,581156,582671,25.7962,5.9495,2
826623,582788,583366,5.3072,9.744,1
827124,583144,772629,103.2793,14.8493,10
827448,167293,583366,7.4498,9.1811,1
828118,164930,583852,30.4686,6.0738,3
828119,583852,588781,57.0195,3.9903,3
828452,584088,771939,297.2416,4.5247,5
828507,582828,584126,31.209,7.8369,24
828508,584126,764704,193.4681,8.779,24
829449,572706,584802,227.0158,4.7182,13
829783,171503,585047,43.4706,5.3723,1
829876,585120,763543,59.3605,4.7182,1
829877,585120,585339,9.0,3.8643,1
830175,585339,764703,26.7872,3.5616,1
830282,167715,585413,18.7439,4.7408,4
830283,585413,597470,126.1617,4.5708,4
830552,440114,585612,165.4102,17.9613,5
830553,585612,587519,22.2061,1.5731,5
830754,175462,585738,10.083,24.0632,1
830977,585903,764014,5.0553,3.0811,1
831112,583831,585995,52.259,6.6529,2
831143,586017,588383,19.6469,4.1829,5
831654,163847,586379,63.4849,5.465,1
831656,586379,593291,68.6642,5.4155,1
832173,585903,586739,39.6106,4.7016,1
832458,586932,760320,85.9574,3.7417,1
832723,587121,599003,47.1825,3.217,24
832821,587189,769893,59.4278,3.7606,1
832956,459403,587285,114.4902,3.7055,1
832957,587285,616175,74.0848,2.2802,1
832975,587296,595385,7.874,25.8028,1
833275,469813,587519,19.6893,2.5779,5
833283,587524,595570,440.6604,5.3301,1
833348,587564,587572,44.4575,3.7913,3
833906,475051,587970,91.0415,3.618,3
833997,588035,756873,253.9529,17.1464,7
834123,588123,763543,21.6025,6.451,1
834216,588193,779004,129.6324,4.3203,1
835044,588781,590464,19.2177,4.7923,3
835213,199497,588901,68.5703,6.2696,2
835501,469644,589109,37.5751,4.3301,12
836174,536995,589597,521.2734,3.9822,1
837077,590237,763717,42.165,4.216,1
837120,587189,590273,59.3801,3.1795,1
837121,590273,593054,67.7495,2.4142,1
837308,590404,595415,65.1151,6.2281,1
837395,590464,591557,37.7382,5.2554,3
837981,589774,590891,126.0238,1.7247,1
838841,591112,591512,128.0039,3.4758,3
838906,177170,591557,96.6517,4.3198,3
839175,591736,594207,18.0555,5.4704,2
839406,591897,596605,65.4599,5.9667,3
839720,174462,592117,46.9988,3.7025,4
840187,592447,642438,193.1295,4.511,2
840282,592519,596604,28.3901,4.2803,1
840413,406837,592626,131.1513,4.977,1
840415,294991,592626,22.3458,4.241,1
840491,591897,592691,55.1815,4.977,3
840638,157472,592790,259.1512,2.8501,1
840744,592864,763056,138.6915,10.3176,24
840789,174976,592898,12.0277,5.7016,1
841001,593053,768429,17.418,9.9098,1
841004,593054,605293,153.8863,2.9142,1
841263,593243,611144,159.0087,6.5311,3
841605,593479,770575,20.6774,4.2361,1
841715,593548,596492,47.9088,4.4155,4
841716,593548,595337,215.6924,4.4155,4
841899,593479,593690,5.9161,4.2976,1
842071,177572,593814,74.0788,3.9324,18
842537,594145,595375,68.8912,21.4982,1
842543,587296,594150,10.247,24.7208,1
842620,594207,780304,127.6297,6.7129,2
842735,594291,604997,51.1957,3.3028,2
843256,594659,769349,32.596,3.7025,7
843398,594762,601820,44.3058,3.7199,1
843757,582131,595020,127.4559,3.4632,18
843758,592790,595020,27.9424,2.8501,1
843759,178577,595020,34.5591,3.4632,19
844303,175780,595415,30.1644,5.7748,1
844529,595570,597025,232.9769,8.5134,1
844546,595581,606137,45.5396,3.0811,5
844974,595870,595975,74.5423,4.4954,2
845121,175542,595975,71.1571,4.9651,2
845999,596605,772347,4.3589,8.321,3
846116,596687,597744,19.5448,5.7511,1
846611,597025,615490,293.7189,9.031,1
846905,597226,771721,41.5772,3.8643,1
847610,597744,605834,92.4602,6.2838,1
847933,164222,597976,142.3886,8.1881,1
847939,597226,597981,6.9282,3.8643,1
849196,594659,598887,35.3695,3.1623,7
849505,595375,599108,18.2757,24.5086,1
849639,588901,599199,50.636,6.6571,2
849640,599199,611184,27.0924,7.2417,2
849768,599295,756873,114.9773,17.1464,1
850274,599643,771523,115.8572,9.4953,1
850425,599750,600781,33.2699,3.5616,18
850678,575390,599928,256.4454,8.5607,3
850679,181985,599928,47.7703,5.1875,3
851347,597981,600430,19.0263,3.8643,1
851349,600430,781252,37.833,4.0616,1
851639,600633,601137,6.549,6.7428,1
851842,600781,602387,64.5375,5.6323,18
852526,481990,601277,104.9121,3.8708,10
852606,188360,601329,9.9163,16.7982,1
853451,585995,601917,202.1435,7.719,2
854124,183313,602387,151.8331,6.6529,18
855344,482003,603268,152.5243,3.1796,12
855523,588383,603397,95.5301,4.511,5
855601,594145,603444,37.108,17.2648,1
855603,601329,603444,17.6068,15.5523,1
856445,603397,604051,43.2897,4.4495,5
856617,602611,604174,57.4302,5.4064,1
856710,604234,616859,120.5404,4.2737,1
856850,481828,604333,53.3635,6.0766,1
857017,604462,642438,88.2893,4.3203,2
857257,604631,604636,43.4626,15.9847,1
857259,604631,605702,14.4568,14.3286,1
857884,605075,774657,201.668,4.2865,2
857931,605106,607556,17.2337,2.8708,1
858193,605293,618373,110.1771,2.618,1
858449,575459,605481,234.9802,9.4919,1
858757,187157,605702,73.3644,12.967,1
858937,605834,617559,171.0518,6.2838,1
859374,484373,606137,154.5937,2.6992,5
859943,606539,606733,31.1288,11.6593,1
860209,606733,780304,20.4776,9.1556,2
860210,606733,607806,11.9164,11.0814,3
861235,607458,782923,46.6786,5.2035,1
861367,606212,607556,23.1733,3.6736,1
861693,607806,786647,99.3886,11.2663,3
862110,475310,608129,54.9181,4.2913,24
862205,608200,609884,123.9019,4.458,2
862235,186758,608227,26.2488,4.511,3
862518,608413,619716,201.7551,5.2421,3
862661,608515,782713,150.6992,4.458,1
862691,601917,608536,94.8999,9.3272,2
862788,174255,608604,240.8184,9.651,1
862789,185385,608604,6.0415,9.7095,1
862924,40752,608696,379.9645,6.8901,1
863648,183194,609225,86.8204,2.7763,1
863649,609225,610618,10.877,3.5291,1
864303,609700,610573,10.1249,6.1596,2
864341,609725,803309,131.8054,6.0467,17
864379,186724,609750,16.8984,5.9051,1
864894,610107,782934,4.714,9.7947,10
865550,610573,614901,167.2613,5.9402,2
865616,187537,610618,12.543,2.5779,1
865983,604333,610877,105.6409,7.5148,1
866348,187553,611144,26.5895,4.7361,3
866408,208369,611184,88.7374,7.1401,2
866440,610877,611208,6.7495,8.0617,1
867422,611910,614334,51.697,5.6506,3
867988,611208,612314,17.3365,8.4495,1
868397,612608,620760,181.3395,5.3866,1
869307,613263,783917,51.1273,5.3376,1
869360,192310,613301,115.6417,6.7428,1
869495,608536,613395,32.6956,9.9345,2
870302,613960,615490,43.383,10.2791,1
870303,613960,620105,67.6123,10.0682,1
870821,189458,614334,24.0214,6.895,3
871549,605075,614846,189.0952,3.5355,2
871950,188960,615134,9.4458,10.6892,1
872214,615326,649388,280.4538,6.0402,19
873423,616175,647800,82.6357,3.1021,1
873837,483424,616481,39.5839,3.2321,1
874344,616859,621919,27.4408,5.521,1
875342,617559,618610,14.2213,6.2838,1
876787,617826,618610,22.4326,6.1644,1
877061,189903,618817,54.5975,5.1926,1
877358,478684,619020,4.2817,4.4707,12
877457,191721,619096,6.9041,2.6992,1
877701,619269,622199,47.8017,4.3509,1
878014,619491,620671,11.1803,4.9723,5
878484,191683,619830,8.3865,12.4696,1
878870,203950,620105,146.8173,8.4447,1
879470,189402,620527,37.1618,6.3326,1
879471,620527,627819,83.2835,8.5898,1
879703,609884,620695,73.5298,4.5392,2
879704,620695,628834,90.6729,4.1792,2
879799,620760,645342,223.763,4.8947,1
880008,618373,620905,74.92,3.2394,1
881384,621919,802217,66.4003,6.0688,1
881784,622199,631323,59.4138,5.5649,1
882628,193027,622806,59.3813,6.1298,3
882630,622806,632289,101.3567,6.5927,3
883508,623423,798356,129.3531,3.4611,1
883739,604997,623598,149.8599,4.2523,2
883819,619491,623655,42.3438,5.1939,5
883820,623655,809596,172.6477,4.5414,5
883839,623669,783463,89.4614,2.6992,2
886631,199265,625703,74.7895,9.2195,2
886632,195432,625705,6.1373,9.2447,2
886633,196726,625705,69.8164,8.0711,2
887229,626119,627722,9.2736,14.3356,1
887704,194815,626468,29.8747,7.4725,1
889471,627722,651240,51.6333,16.8652,1
889592,627819,640752,99.0027,8.8549,1
890813,628687,668408,58.1893,3.1463,2
891013,628834,633214,76.6065,4.8341,2
891068,628873,629240,12.1198,2.7247,1
891072,620851,628877,33.5281,13.2616,1
891074,628873,628877,14.5755,5.6122,1
891083,196726,628884,21.4476,7.3852,2
891084,197197,628884,6.3509,8.5863,2
891532,623423,629219,38.6782,4.1078,1
891568,629240,630596,6.6175,2.618,1
892663,630022,788841,527.2458,5.4536,2
892664,630022,643335,223.808,5.6454,2
892675,197197,630031,20.4015,9.3249,2
894168,630596,631092,15.8548,2.9208,1
894379,631250,805026,48.0278,3.9903,1
895868,632289,640222,251.7541,5.381,3
897168,633214,636954,57.2835,4.2976,2
897217,633250,799681,46.194,27.1283,1
897625,633532,795922,41.5929,10.5859,2
898751,634349,803711,88.9432,28.3597,1
899216,196788,634695,35.9707,5.7913,1
900357,635504,798639,15.0499,2.5981,2
900941,635928,798964,49.1257,4.2976,1
901148,194069,636070,142.8538,5.4379,1
902396,200363,636953,138.1835,6.7237,1
902397,206272,636953,210.4614,4.7541,1
902398,636954,647665,84.1515,4.3528,2
903061,637437,661522,89.3433,16.4655,1
903752,631820,637924,31.9061,9.6478,7
904128,202136,638196,23.7627,9.4051,1
904527,637437,638478,5.4671,14.9571,1
904945,631092,638775,45.157,2.5099,1
904947,489252,638775,4.899,1.4142,1
905270,632836,639002,42.4971,4.9651,1
905271,639002,804155,49.0136,4.9651,1
907456,489532,640537,94.2271,8.8492,2
907554,635504,640609,42.5558,3.1021,2
907618,640648,810625,35.9722,9.0902,1
907689,640699,804155,32.8583,3.8643,1
907765,640752,652418,95.0312,8.1478,1
908015,640699,640937,51.3615,4.2976,1
909884,628687,642252,59.2115,4.0233,2
909999,642333,645930,49.4267,12.4943,1
910136,205574,642428,25.8242,3.9241,1
910137,205972,642428,28.7846,4.6312,1
910622,642787,644886,99.8098,7.7889,5
910889,642973,801949,38.3406,6.7371,2
910891,642973,818545,74.6771,5.4376,1
911439,643331,666885,364.9878,6.2386,2
911445,640609,643335,98.6205,5.5902,2
912968,489252,644417,32.0451,1.8251,1
913630,644886,811212,41.4447,5.5975,5
914263,645342,647711,19.9958,6.0495,1
914824,208963,645758,50.2494,8.6221,4
915056,645930,650800,29.1719,9.3985,1
915755,646411,658725,110.3189,6.5164,1
915842,643061,646471,37.6431,5.1421,1
916183,501514,646711,52.0833,3.3028,1
916598,220855,646994,243.9932,6.2741,2
917326,529462,647510,16.023,7.1178,1
917542,647665,671142,416.2937,5.2068,2
917608,206007,647711,59.072,6.5414,1
917724,501299,647800,96.5206,3.3541,1
918776,492771,648589,9.0554,3.118,1
918778,648589,654090,77.218,17.2069,1
919212,648879,653732,93.2702,3.2975,10
919213,648879,668005,90.3771,5.4198,10
919251,648906,656377,109.4181,5.3779,1
919253,648906,652747,36.3125,4.6111,1
919445,493209,649049,26.1831,6.8023,1
919760,649271,655407,31.9392,6.937,2
919942,247259,649388,625.9618,5.7865,19
920246,209250,649598,51.2141,3.5675,1
920959,629169,650104,142.8892,5.8549,3
920960,650104,664535,171.2461,5.7604,3
921948,650800,652021,8.8318,7.3817,1
922074,217796,650890,68.1151,10.0042,1
922340,211776,651069,75.1554,5.6109,1
922584,651240,680116,43.0581,19.266,1
922659,651289,810625,25.7294,9.8913,1
923610,651984,653222,84.9941,3.1583,1
923655,652019,806812,148.6327,4.4534,1
923658,652021,809227,49.3221,4.5061,1
923800,632836,652117,104.5275,3.9241,1
924172,651289,652399,43.3705,9.0182,1
924204,217837,652418,66.6275,9.0903,1
925042,653010,815569,10.7275,6.5465,5
925320,653222,656637,106.7099,3.4611,1
925925,653638,665164,99.9244,4.3509,3
926113,647016,653764,76.0497,2.8284,1
926453,654017,744204,35.3491,6.1911,7
926861,210182,654302,16.6032,2.2361,1
927807,651984,654990,48.6724,3.3028,1
929779,656377,657341,22.8668,5.3284,1
929954,656496,668321,112.9015,4.2386,1
930147,18177,656637,216.8832,3.9241,1
931127,657341,658725,42.432,5.8541,1
931734,653764,657782,39.7515,3.217,1
931735,212700,657782,12.5124,2.9208,1
933427,501299,659006,22.0595,4.0761,1
933428,659006,673583,45.5733,4.958,1
933585,659118,817402,39.449,2.8028,1
934439,659717,694278,95.2733,7.2218,2
935445,506819,660425,86.94,1.9841,24
935704,660613,680065,80.3724,9.3233,1
936439,232430,661146,173.5233,6.4031,1
936962,500050,661522,9.3452,16.5907,1
937521,601411,661910,27.5862,4.1594,1
937522,75190,661910,18.0647,3.1796,1
937549,661931,810620,102.0668,5.2016,17
937550,661931,667872,101.1978,5.0822,7
937765,504044,662084,30.2049,6.2696,1
938217,652117,662416,57.6368,4.3008,1
938218,662416,678433,69.029,4.729,1
939244,214814,663146,17.0236,2.118,1
939245,663146,665644,18.3246,3.2394,1
940019,654990,663705,58.0603,3.6736,1
940367,222094,663955,91.6745,3.6213,1
940368,219011,663955,15.6383,3.9495,1
941051,56372,664439,121.1419,10.0826,7
941052,637924,664439,144.1249,9.0826,7
941198,664535,676911,97.4663,5.2907,3
941632,497862,664850,97.5346,7.0081,1
941899,665045,694381,60.1731,8.3805,1
941959,665090,807988,938.2848,7.713,1
942069,665164,666853,54.9019,5.1926,3
942264,226751,665294,96.0931,6.9228,1
942767,665644,673845,69.486,3.5355,1
942962,504065,665782,5.5578,9.0819,1
942963,665783,686266,164.0091,5.3852,1
942964,665783,670294,215.5481,5.1421,1
943281,220459,666006,27.3922,6.1071,1
943633,666252,666918,53.4228,3.618,5
944235,665294,666673,27.3018,7.0421,1
944237,666673,666674,50.8336,6.2838,1
944494,224706,666853,114.6691,4.8452,3
944556,666674,666894,9.3307,5.9545,1
944595,666918,677632,69.7209,4.3028,5
944638,218030,666952,104.1196,5.6506,1
945272,655407,667379,101.7016,6.2283,2
945273,512626,667379,158.182,4.4126,2
945486,209703,667530,75.3636,2.9142,1
945611,664222,667613,27.3516,5.8028,1
945774,667735,671671,244.569,6.1202,3
945985,667872,682473,116.5976,5.5317,2
945986,8210,667872,10.4563,6.2838,5
946724,36679,668404,152.2778,5.1083,5
946726,668404,674946,53.591,6.011,5
946731,668408,807848,477.8347,3.4758,2
946967,494699,668579,132.0778,6.5288,12
946968,512354,668579,74.7566,8.1533,11
947302,31402,668816,93.5408,4.7182,1
947303,82661,668816,14.0317,4.5738,1
947775,666894,669130,27.2416,6.2634,1
947776,669130,674661,35.5653,6.0837,1
948168,667530,669426,30.4302,3.5355,1
948600,220661,669739,218.5368,3.6503,1
948671,8862,669786,5.6273,3.4042,1
949146,670107,670557,18.0247,6.0,1
949411,14560,670294,57.8091,5.7282,1
949598,220203,670433,84.8882,5.6618,1
949788,219915,670557,104.3355,6.5,1
949855,670605,806284,257.6112,6.0738,1
950609,231130,671142,291.639,5.0949,2
951363,222207,671671,51.517,6.0136,3
951434,665090,671721,153.0,8.4447,1
951435,671721,674884,142.8881,7.9155,1
951902,669739,672053,45.1479,4.4721,1
952138,8862,672233,125.0906,6.2106,1
952139,672233,674050,29.7321,7.6712,1
952903,514058,672771,57.4733,4.6901,1
953268,672771,673024,19.2277,6.895,1
953707,673338,676584,6.6332,15.6264,1
954006,58601,673559,19.4394,9.9636,1
954007,669244,673559,18.9971,9.7202,1
954434,223725,673845,28.1484,2.639,1
954726,25031,674050,7.5736,8.357,1
954860,501301,674147,93.7372,8.0761,1
954954,674208,819044,191.3885,3.6503,1
955260,59596,674430,95.4807,3.4758,1
955351,32900,674495,18.3818,4.0495,1
955904,34977,674884,61.5982,6.953,1
955999,22482,674946,46.2781,6.9765,5
956007,35245,674952,17.7826,4.0941,1
956027,666885,674964,113.3441,7.7426,2
956028,223160,674964,7.157,7.5967,2
956289,675151,767567,141.3786,3.3708,2
956476,18177,675269,22.7889,3.6213,1
956477,35683,675269,60.255,3.6213,1
956499,25010,675283,101.3361,6.9765,10
956590,406837,675341,20.0582,6.2321,1
957661,676104,697674,122.939,4.8723,1
957663,30310,676104,80.8716,4.6926,1
958062,222151,676385,27.2536,2.5616,1
958141,226940,676445,211.3307,4.2976,1
958266,676529,677958,11.656,4.0503,1
958448,672053,676650,42.4081,3.8172,1
958686,674495,676808,58.5833,4.3523,1
958687,33389,676809,26.3918,5.458,1
958828,676911,693343,135.38,5.6081,3
958918,661931,676975,174.8085,6.0311,10
959039,231184,677062,193.0924,9.0802,6
959040,677062,685737,44.4835,7.8385,1
959503,22463,677412,35.2089,3.7936,1
959504,72054,677412,194.5736,3.2321,1
959540,22482,677438,50.1465,6.2838,5
959637,675650,677512,11.4164,3.618,5
959793,52347,677632,123.3608,4.4954,5
960249,677958,682807,37.845,3.285,1
960873,678421,680691,28.0535,4.885,1
960889,678433,700488,116.709,4.3523,1
961067,37037,678566,76.6696,3.6926,1
961068,64462,678566,118.292,3.8284,1
961072,35246,678569,6.9687,6.3166,1
961073,49844,678569,88.4565,6.3541,1
961128,678609,685811,119.3105,6.7404,2
961129,678609,678610,51.1273,6.1558,2
962488,34977,679576,39.2003,6.7564,1
963161,395441,680043,15.7021,7.1401,1
963259,428861,680116,25.807,14.7462,1
964056,32632,680691,142.8058,4.8442,1
965005,674952,681349,183.1639,4.1621,1
965069,56034,681392,79.9062,4.1829,2
965070,35346,681392,32.9343,4.2426,2
965281,668005,681552,64.846,5.3617,10
965282,681552,685548,19.9639,3.9241,10
965947,524954,682029,137.8066,5.1421,3
966187,37037,682189,34.4706,11.089,1
966402,47780,682355,4.6786,12.8991,1
966569,682473,692223,79.0127,4.511,2
966965,513488,682750,24.8328,4.8408,1
967048,224743,682807,32.1023,1.9142,1
967485,74132,683114,119.9681,3.0,1
968956,684142,686608,35.8758,7.493,5
968957,684142,684150,5.6984,10.3811,5
968967,231482,684150,111.1597,6.7525,6
969076,225976,684227,41.7759,3.8724,2
969179,684301,698979,128.8727,3.8534,1
969195,229567,684311,125.414,4.1926,1
969196,229956,684311,29.7433,5.7748,1
969338,59594,684407,51.2582,6.1926,1
969339,679576,684407,120.0208,6.5822,1
970237,513352,685063,26.5059,3.1796,1
970290,61481,685099,43.424,4.8408,4
970291,685099,686512,71.8958,3.7055,4
970349,62474,685139,134.1454,3.4758,1
970350,33553,685139,139.5431,4.4068,1
970557,59783,685294,83.2566,4.2078,1
970558,47816,685294,17.2079,4.1307,1
970722,14596,685407,109.0825,5.0378,10
970724,65638,685407,56.872,5.2175,10
971284,685811,688722,67.6196,6.1926,2
971630,232442,686049,51.2922,5.3779,2
971657,48006,686067,53.7701,6.5182,1
971658,686067,690099,50.05,6.7723,1
971852,519861,686211,40.8534,3.8708,1
971937,674430,686266,119.9208,4.1068,1
971943,686270,689069,29.5353,13.0936,1
972041,683114,686342,38.5876,2.9142,1
972618,686751,698288,96.2341,4.3528,1
973122,50823,687098,103.56,6.1896,1
973123,687098,704329,92.4446,6.1896,1
973189,687158,687486,7.0396,21.6898,2
973656,520842,687486,8.3865,23.9999,2
974080,687791,689771,125.7975,3.3708,1
974081,687791,692492,33.4813,4.1069,1
974546,688101,699254,64.1525,4.7856,1
974898,685063,688353,113.497,4.7541,1
975192,520632,688557,4.9624,4.5616,1
975193,688557,692344,40.2908,4.0811,1
975380,522202,688694,88.0353,4.2386,1
975381,520984,688694,4.714,5.2881,1
975415,686049,688722,91.0698,5.521,2
975541,228743,688821,10.3079,4.4155,1
975728,688960,691490,15.843,3.3166,1
975893,687158,689069,35.2609,17.6426,2
975894,689068,689069,6.1283,14.7222,1
976315,71404,689356,61.6171,6.5701,1
976885,77492,689762,88.7694,3.8643,1
976887,686342,689762,37.027,3.217,1
977369,690099,696214,123.061,6.7723,1
977395,74134,690115,113.0516,3.452,1
977423,685737,690137,41.1569,5.3284,1
979825,67143,691848,12.0139,3.5291,1
980372,71422,692223,28.6938,3.7199,2
980550,530018,692344,111.5731,2.8059,1
980673,521286,692441,58.089,3.9495,1
980746,692492,693468,53.2729,2.9432,1
981165,77554,692772,106.348,3.452,1
981592,693056,709919,100.8954,7.2801,1
981997,693343,701386,48.6056,5.6081,3
982169,73502,693468,45.349,2.7071,1
982239,525583,693515,167.8366,5.0794,24
982391,693620,694403,156.9143,14.1226,1
982443,69443,693654,24.2081,3.3028,1
982700,674147,693838,186.386,10.1748,1
982702,693838,693839,91.3215,12.1585,1
982706,525899,693842,19.8074,11.7898,1
983251,694240,705593,125.226,5.9402,2
983252,243674,694240,163.9095,5.8941,2
983456,647510,694381,18.0062,7.8646,1
983486,526336,694403,16.8745,12.3241,1
983966,64882,694750,120.64,3.4611,1
984379,695040,699383,34.1675,8.1765,1
985121,524954,695559,69.455,5.1881,3
985122,695559,724826,225.1486,4.9747,3
985655,695929,742605,486.5933,4.8002,2
985657,74132,695929,45.9239,3.5616,2
985664,693654,695933,115.7454,3.0275,1
986063,696214,696475,7.6811,6.7371,1
986100,696243,704344,94.8789,3.8534,1
986101,696243,698441,15.1658,3.6029,1
986509,696514,704192,87.7325,4.0941,1
986510,694944,696514,23.2594,4.3528,1
986868,528305,696772,26.8452,26.1342,2
987610,697288,710402,66.4756,6.9873,5
988575,85601,697978,35.8961,4.1829,4
988644,698034,707440,58.5577,3.1796,2
988665,77782,698052,102.6087,2.7247,1
988666,691490,698052,40.9512,3.1583,1
988999,697674,698288,130.2843,5.1636,1
989203,694944,698441,33.7935,3.9324,1
989274,238557,698488,107.4523,4.1231,1
989976,698979,702686,54.9075,4.6213,1
989990,698990,700072,19.5192,3.4611,1
989991,83829,698990,97.274,3.3839,1
990058,77207,699038,31.0143,4.899,1
990066,517990,699042,144.6859,9.7025,1
990067,532151,699042,19.485,10.6301,1
990267,541710,699177,55.9063,17.6408,1
990575,527498,699383,23.9739,7.8472,1
991004,72080,699679,38.313,7.5426,1
991397,699944,717174,105.7886,4.2976,1
991517,700030,701885,11.3431,23.7876,2
991575,62521,700072,186.0558,4.8206,1
992624,700807,725086,197.3915,6.8093,6
992866,699679,700968,9.3808,7.7776,1
992867,104178,700968,61.5977,8.8155,1
993441,235352,701386,12.3423,5.1926,3
993799,531430,701630,12.5698,24.6321,2
994067,82020,701827,45.3015,6.5414,1
994068,77554,701827,28.0575,4.6225,1
994149,701630,701885,9.9219,22.7046,2
994424,83523,702080,22.4178,3.2863,1
994738,105055,702290,74.5691,5.6213,5
995017,135492,702480,158.6085,3.6427,1
995018,87823,702480,73.7601,2.6992,1
995318,530250,702686,21.2289,4.6213,1
996358,703397,708553,40.374,5.8012,1
996406,703431,704344,28.4429,3.5355,1
996734,527498,703673,47.392,6.9343,1
996735,703673,709065,38.5703,7.5261,1
997468,702080,704192,24.4949,3.0275,1
997671,704329,719019,103.4118,4.999,1
997811,533791,704433,22.5256,17.3454,2
998145,699254,704656,51.2402,4.1069,1
999106,705338,705867,4.0,11.8811,2
999475,240728,705593,161.4555,5.6541,2
999844,705867,707348,17.3237,9.834,2
1000194,684227,706104,85.325,3.3839,2
1000405,536190,706253,13.6137,3.8643,2
1000879,85601,706588,37.1734,4.6111,4
1000880,706588,715110,55.1181,3.7743,1
1001088,534425,706731,52.7752,5.2238,1
1001302,706873,713382,82.8566,5.7446,6
1001460,99340,706984,562.58,7.3162,3
1001975,707348,710510,21.4674,7.3444,2
1002112,120880,707440,57.6281,2.8501,2
1002144,81790,707463,51.0917,4.8002,1
1002304,707580,707583,14.3178,3.0956,1
1003135,708191,721966,264.4782,7.0312,24
1003136,551636,708191,152.7107,6.3326,24
1003649,545366,708553,91.0144,9.3102,1
1003919,311101,708744,66.685,4.1231,7
1004162,237012,708917,47.9884,5.1926,3
1004367,533135,709065,71.9491,7.239,1
1005579,709919,712002,106.8816,5.8761,1
1005610,709939,711931,273.119,8.7903,3
1005611,706984,709939,53.3479,7.241,3
1005966,543339,710173,46.7178,3.0811,1
1006295,710402,710403,3.6056,7.8102,5
1006447,542024,710510,17.7346,11.0881,2
1006471,710525,723708,231.6916,5.8941,7
1007180,99026,711010,82.9819,3.1583,1
1007361,361610,711140,70.9374,4.3509,1
1007362,555336,711140,31.3776,4.8599,1
1008596,706731,712002,67.5656,5.3983,1
1008856,135390,712187,220.2506,5.7661,2
1009594,712685,721588,61.6262,22.3852,1
1009955,108874,712925,87.9937,6.9228,3
1009956,100738,712925,61.8915,6.5792,3
1009991,543006,712947,106.358,11.9391,2
1010309,704656,713173,48.4166,3.6736,1
1011487,107519,714012,7.6515,5.0476,3
1011488,714012,725684,69.2315,7.5225,3
1012444,543281,714660,104.9153,2.6992,24
1013070,715110,716054,28.3373,2.7247,1
1013095,715128,715980,77.9957,3.8643,24
1013096,715128,716301,47.364,4.7541,24
1013166,87422,715177,90.4839,4.3708,2
1013167,128202,715177,75.8626,5.0,2
1013169,117044,715178,4.9329,6.2036,2
1013578,550674,715471,71.5185,4.4964,2
1014101,696021,715840,13.9437,6.7785,1
1014131,715859,726627,82.862,4.9936,3
1014408,124492,716054,50.0988,3.5616,1
1014751,548322,716297,104.2992,3.4611,24
1014752,541973,716297,31.9687,3.3028,24
1015157,538806,716601,139.5011,6.4774,10
1015158,552953,716601,153.5422,9.5394,10
1015198,57332,716629,40.9675,4.7947,1
1015213,714660,716640,121.6539,2.9954,24
1015968,717174,729586,65.134,5.1438,1
1017347,544815,718111,5.6862,2.9142,24
1017348,718111,724864,73.6267,3.1463,24
1018663,143117,719019,77.4102,4.999,1
1018665,248331,719020,107.1785,4.9839,2
1019186,543339,719400,68.9879,3.6427,1
1021000,720685,724826,188.0532,4.1069,2
1021082,713173,720747,52.672,3.3028,1
1021083,719383,720747,47.9925,3.2321,1
1021434,105055,720984,56.8526,6.7016,5
1021435,720984,740601,111.5796,6.9432,5
1021723,248647,721181,54.8057,4.3028,1
1022314,721588,722045,17.6377,11.8733,1
1022963,722045,723004,44.2971,20.7045,1
1024067,706104,722811,70.498,3.8028,2
1024068,250342,722811,62.3859,4.0616,2
1024352,723004,728264,27.1313,31.9131,1
1024576,133514,723154,18.0616,3.7025,1
1024745,548832,723260,41.5612,4.7361,4
1024746,723260,731488,112.1611,3.8944,4
1025035,723460,724265,13.0,19.8481,2
1025041,723464,735057,80.7217,8.2063,2
1025162,723541,740333,54.0568,21.8651,1
1025287,723214,723627,35.9583,5.365,1
1025436,723733,724092,9.3423,16.3963,1
1025575,553451,723835,21.7715,25.9477,1
1025808,137420,724008,31.2232,10.4588,1
1026167,134925,724265,24.1776,22.5891,2
1026234,723733,724309,10.7238,14.8663,1
1026465,723154,724472,41.0488,3.7025,1
1026948,560174,724826,76.943,3.6503,1
1027303,260784,725086,194.4704,7.4275,6
1027562,725277,732513,80.5743,3.8724,2
1028193,725739,727440,17.3224,7.7071,1
1028194,723541,725739,53.8365,20.0192,1
1028352,245375,725850,3.559,8.5149,1
1029298,143208,726491,45.3309,14.8628,2
1029559,725097,726686,13.0384,7.9978,1
1029560,726686,734601,54.074,7.3692,1
1030242,724309,727171,21.145,10.8773,1
1031312,725684,727907,15.6205,8.53,2
1031315,727909,731359,26.6083,7.3589,1
1031527,728055,756853,212.165,3.0811,2
1031528,721261,728055,75.6968,3.7025,2
1031642,556208,728142,24.1661,20.909,1
1031822,727440,728263,37.2767,15.0075,1
1031823,728263,728264,4.7199,29.5401,1
1031875,728296,743253,81.2773,3.5,1
1032581,724092,728809,52.4505,10.121,1
1032582,558864,728809,58.8671,8.147,1
1033256,254806,729279,215.8757,5.0495,6
1033370,556029,729358,6.5574,4.0,24
1033413,712685,729397,64.6302,27.053,1
1033424,729403,730021,11.0372,19.5104,1
1033425,729403,729404,20.7866,22.2355,1
1033428,559965,729404,17.7947,17.4161,1
1033711,257007,729596,113.169,4.872,2
1033789,729397,729650,74.5673,23.2454,1
1035487,730849,731036,6.2716,19.2501,1
1035751,730021,731036,13.9403,19.5104,1
1036228,731359,735055,76.6942,4.4142,3
1036770,572087,731748,14.0535,8.1082,1
1036798,731768,749023,39.9235,3.8028,1
1037580,732321,733392,5.099,9.0182,2
1037846,563354,732513,78.0185,3.3132,2
1038282,731488,732820,135.4248,3.7199,4
1039077,731359,733392,23.3452,7.717,2
1039625,565639,733795,57.9847,3.0811,1
1039626,560219,733795,12.7628,2.4472,1
1042563,156191,735875,85.7866,7.2243,1
1042564,734601,735875,16.5831,6.6264,1
1043125,146789,736267,52.7952,6.0822,1
1043732,732820,736695,105.3307,4.1829,4
1043733,736695,741443,80.4494,3.9241,4
1043744,736701,737894,6.9182,2.7247,1
1043973,563751,736865,34.5579,6.0822,1
1044472,737207,742650,40.7527,9.2727,2
1044764,569519,737414,103.7524,11.0873,10
1045457,737894,739992,40.7261,1.7247,1
1046488,567887,738623,33.2616,2.2361,2
1046895,738920,743010,115.7421,2.9208,1
1046897,567409,738920,30.0159,3.9241,1
1047077,718235,739055,96.6126,6.3546,3
1047078,243244,739055,63.3509,6.7774,3
1048296,146145,739919,193.0924,7.6088,1
1048314,736267,739932,176.2498,8.23,1
1048315,153433,739932,11.0454,8.1058,1
1048406,566896,739992,40.0632,1.9142,1
1048713,562099,740202,97.2865,6.752,1
1048913,740333,748906,125.1646,18.9578,1
1049526,578334,740769,85.5628,4.0503,1
1050215,575758,741250,392.7501,5.0368,1
1051989,725277,742493,181.9396,4.0233,2
1052149,735057,742605,277.4509,6.6437,2
1052207,579391,742650,225.3032,4.3528,2
1052239,567454,742673,33.2696,7.1863,1
1052240,742673,746489,56.2572,6.8729,1
1052721,743010,743629,43.9014,2.9208,1
1052833,720685,743093,269.7738,3.3708,2
1052885,743125,750777,139.1151,2.9142,1
1053076,743253,750777,50.07,2.9142,1
1053600,566523,743629,50.3973,3.8028,1
1053685,743694,759923,175.934,4.0495,2
1054322,744125,746079,58.6238,3.7913,2
1054449,311466,744204,113.7566,4.6856,7
1054497,162795,744233,69.4278,4.5708,2
1054555,167670,744275,52.0032,9.7355,1
1054622,740769,744319,47.7831,3.7417,1
1054915,264545,744523,131.3634,6.2381,1
1055138,561406,744685,293.3648,7.923,1
1055628,248647,745028,56.8683,6.0355,1
1055629,744523,745028,20.2045,6.1336,1
1056313,745491,748632,22.4128,5.2617,2
1056320,745491,745495,19.2209,4.885,2
1056321,745495,748868,61.645,3.0275,5
1056739,736168,745780,93.3916,3.4611,1
1056740,745780,750224,38.8072,3.2394,1
1057131,563846,746079,99.3563,3.3708,2
1057145,740202,746092,208.4432,7.2399,1
1057716,746480,753413,58.7228,14.19,1
1059167,744319,747535,147.9332,3.285,1
1059168,573600,747535,21.095,3.5355,1
1059186,746489,747549,33.9138,7.6212,1
1059187,747549,748060,29.691,11.2375,1
1059404,569758,747693,53.8238,3.0811,1
1059925,574099,748060,18.43,11.8105,1
1060101,743093,748182,46.9527,4.0,2
1060500,748250,748467,61.3025,3.9324,1
1060964,577860,748787,137.9005,5.5,3
1061081,748868,755438,41.7253,3.2863,5
1061148,572034,748920,22.2835,16.6829,1
1061294,214978,749023,96.8102,3.4142,1
1061603,573600,749248,42.7811,4.1829,1
1063034,750224,766166,97.067,2.8059,1
1064225,751081,759500,89.867,20.8515,2
1064317,751146,757411,60.7454,5.8962,2
1064318,744233,751146,95.5824,4.5708,2
1064652,574641,751381,9.0571,11.8636,2
1065151,594291,751729,141.191,3.6213,2
1066341,752568,755050,82.2603,5.7511,1
1066342,752568,754939,88.5041,5.651,1
1066357,752576,771721,126.2101,2.6688,1
1066680,748920,752806,47.2652,10.6611,1
1067053,753078,770837,157.829,11.8385,2
1067054,161212,753078,107.861,10.5311,2
1067826,576763,753620,3.559,7.874,2
1067878,162451,753655,51.4382,2.2247,1
1068158,256618,753846,20.2731,4.3528,2
1068466,165835,754071,42.3661,3.3132,2
1068563,754137,757347,72.5784,5.651,1
1069107,748250,754527,54.7449,3.9324,1
1069288,754665,756018,33.8444,4.8289,1
1069289,754665,755525,10.4386,3.8241,1
1069295,747353,754668,46.7479,12.048,1
1069299,754668,765837,60.1888,11.4556,1
1069834,755050,757477,21.5045,4.8408,1
1070362,755438,756354,10.6927,3.4758,5
1070376,578334,755449,5.1316,4.3589,1
1070483,752806,755525,90.4266,4.1447,1
1070737,580067,755721,32.5804,18.4501,1
1070869,748787,755807,56.4506,3.6583,3
1071162,756003,770528,152.0413,4.511,8
1071696,580249,756354,35.836,3.9637,5
1072973,610107,756873,353.0576,20.7113,10
1073698,262214,757347,104.5428,4.2523,1
1073888,588193,757477,87.1754,4.1621,1
1074192,756593,757694,20.8797,10.6892,1
1074563,757694,757948,4.9703,11.4851,1
1074936,260541,758198,54.999,3.6736,1
1075272,758426,764921,252.0992,9.7409,1
1075307,758447,767090,140.7578,16.3584,2
1075967,740601,758905,141.0603,6.9432,5
1075969,758905,770791,139.8571,7.4736,5
1076705,197994,759425,130.798,8.4776,2
1076818,758447,759500,124.1758,17.7757,2
1077435,759923,763550,42.049,5.5076,3
1077724,740780,760143,100.7869,5.2779,24
1077725,760143,762042,73.724,4.899,24
1077831,592691,760213,112.5981,5.9977,3
1077995,755449,760320,44.8355,4.0503,1
1078320,756853,760542,81.8596,4.3284,2
1078321,760542,762311,26.9258,5.9106,2
1078387,760584,771231,78.0712,4.7016,2
1078525,748182,760678,71.7178,4.5,2
1078526,583831,760678,234.0582,5.5707,2
1078579,760713,761784,7.3358,27.541,1
1078606,755807,760737,91.3273,3.8944,3
1078958,593053,760978,36.4908,16.2687,1
1079091,755721,761069,30.7179,28.235,1
1079092,760713,761069,7.8313,31.2358,1
1080485,585755,762042,152.7282,6.2244,24
1081633,191243,762804,163.382,3.3708,1
1081986,763051,764704,307.4622,10.217,24
1082597,260581,763482,65.4294,2.7247,1
1082689,763550,774164,173.97,6.1596,6
1082690,763550,765451,46.9704,4.6163,3
1082932,586932,763717,21.6153,3.7417,1
1082955,268580,763733,30.4979,7.4244,1
1082956,763733,788524,219.5255,7.2662,7
1082969,589774,763740,104.9423,2.7913,1
1082970,586739,763740,12.4052,5.4929,1
1083281,669244,763977,49.6421,6.5616,1
1083282,242440,763977,36.9354,4.9338,1
1083347,764014,764344,22.7156,3.2394,1
1083490,584088,764117,47.5219,4.6365,5
1083491,620671,764117,211.9292,3.8724,5
1083801,593690,764344,218.6212,3.7199,1
1084289,173137,764671,48.71,4.0035,1
1084342,764702,767090,252.545,27.0204,2
1084417,764703,765996,83.7758,2.9142,1
1084619,582828,764843,159.7891,5.6457,24
1084620,585755,764843,81.4323,5.6457,24
1084654,764864,767700,54.0915,4.7182,1
1084911,758213,765050,50.3389,3.9921,1
1085470,765451,773203,84.2542,3.2394,3
1086049,760978,765837,53.942,15.3032,1
1086272,590891,765996,154.2222,2.639,1
1086536,766166,783335,259.7326,3.2863,1
1087616,591112,766891,83.9762,2.5322,3
1088653,767567,789914,82.5086,3.0,2
1088841,767700,774845,40.981,5.2607,1
1089899,592519,768429,25.9732,7.8262,1
1090950,589597,769164,25.4209,5.381,1
1091222,588035,769349,53.8934,2.8284,7
1091278,766891,769386,36.6257,2.2361,3
1092029,759923,769893,75.503,4.1307,1
1092669,770347,785645,68.6821,5.8549,7
1092945,770527,775007,136.5451,6.3012,9
1092946,268700,770527,22.3024,6.7507,28
1092947,767560,770528,39.1095,4.6856,2
1092948,770528,787656,164.968,6.1237,6
1093012,770575,776759,282.4367,4.8723,1
1093017,768674,770579,131.1716,8.0903,1
1093336,770791,811179,211.1303,8.989,5
1093397,196266,770837,65.2968,11.3801,2
1093950,601088,771231,39.9492,6.03,2
1094362,761385,771523,74.5513,12.1285,1
1094684,771757,774132,122.9046,3.7055,2
1094954,771939,777786,70.3404,4.241,5
1095541,769386,772347,21.3073,5.5339,3
1096169,772787,801626,124.2623,5.7439,1
1096761,591512,773203,92.9211,3.6427,3
1097160,773493,773936,35.5696,13.777,1
1097161,773493,774978,41.9534,10.3104,1
1097303,589947,773596,264.5403,5.3723,2
1097317,771757,773611,95.5733,5.1197,2
1098061,773596,774132,77.7077,3.9142,2
1098108,769164,774164,91.9233,6.4031,1
1098709,596604,774587,23.6609,15.0891,1
1098710,773936,774587,6.2442,24.5859,1
1098819,773611,774657,293.9273,5.7007,2
1099085,271422,774845,48.1179,4.4068,1
1099250,588123,774966,105.9274,6.364,1
1099251,599643,774966,76.7394,6.7336,1
1099317,775007,777821,44.9568,4.2361,1
1100389,598887,775749,16.2652,3.3132,7
1100390,603645,775749,22.1861,3.5348,7
1100837,774978,776070,17.247,18.1366,1
1100877,269013,776098,7.4087,6.458,1
1101552,592864,776562,314.0647,9.8992,24
1101553,774164,776562,122.4114,6.8758,7
1101554,609725,776562,69.0362,6.3668,17
1101558,601820,776565,4.0825,4.8002,1
1101836,590237,776759,219.3356,5.2175,1
1102945,776070,777535,35.0877,11.6829,1
1102946,777535,777828,28.5174,3.8566,1
1103222,192795,777733,11.0604,8.1707,7
1103223,200584,777733,35.0809,7.8657,7
1103296,604051,777786,115.5797,4.0616,5
1103345,777821,788742,69.9944,4.7361,1
1103354,605106,777828,14.6401,2.118,1
1104006,606212,778306,33.1129,6.9263,1
1104007,778306,780935,62.3068,10.9114,1
1105004,608515,779004,203.0342,3.9495,1
1105574,779420,781147,128.0022,6.3326,3
1107532,292494,780787,328.9311,9.3311,1
1107534,264545,780787,38.8072,7.8234,1
1107698,601088,780898,44.7114,6.03,2
1107700,622199,780898,118.4518,5.8941,2
1107718,780912,781779,112.5083,3.6213,1
1107719,287143,780912,56.2079,4.1213,1
1107749,606539,780935,62.9356,12.1322,1
1108047,781147,786291,65.9537,9.002,3
1108210,604234,781252,124.6368,3.5811,1
1108279,764702,781299,156.1808,21.2809,2
1108280,781299,783463,15.9339,2.3428,2
1108719,278216,781593,64.5962,5.1636,1
1108985,731768,781779,94.0809,3.3028,1
1110316,607458,782713,40.7093,5.0794,1
1110371,271295,782748,13.9603,6.3079,1
1110372,272161,782748,14.1853,6.0992,1
1110631,610331,782923,65.0555,6.6177,1
1110644,772629,782934,150.0672,14.008,10
1111013,197996,783177,35.1807,3.5355,1
1111014,783177,784223,16.5831,4.7308,1
1111220,199053,783335,9.1591,4.1829,1
1111337,603645,783422,66.9154,8.9791,7
1111338,783422,785139,22.0807,13.7718,7
1111717,783692,784564,8.1513,5.958,1
1111748,783712,808151,111.9198,4.9286,6
1112042,776565,783917,90.2657,4.4707,1
1112134,191243,783977,62.9682,3.0,1
1112484,191597,784223,51.5687,5.4379,1
1113045,214075,784594,61.3886,4.4155,1
1113783,259243,785114,35.4824,11.6037,1
1113820,616473,785139,39.7031,11.7432,7
1114532,272601,785645,3.559,5.1421,7
1115995,786291,786647,68.3561,10.8619,3
1116290,277887,786847,71.7937,4.9839,7
1116415,786938,789914,46.9006,14.2476,2
1117236,196266,787497,123.3248,9.2431,1
1117237,222728,787498,232.0558,7.0386,1
1117238,787497,787498,26.3059,7.3247,1
1117507,275037,787682,63.5311,5.1627,1
1117548,204299,787710,24.6306,3.0275,1
1118454,312489,788358,16.4688,7.2963,36
1118714,269891,788524,119.708,5.4536,7
1119035,788742,803639,94.5757,4.0811,1
1119175,614846,788841,57.9106,5.2836,2
1119774,277292,789251,50.0333,5.9777,1
1120115,613395,789486,44.0833,12.2619,2
1120256,613263,789588,31.4272,7.5426,1
1120257,640648,789588,148.2464,7.437,1
1120861,787710,790007,22.9129,3.6056,1
1120914,252325,790045,13.9553,15.9686,1
1120915,231791,790045,15.3867,10.6456,1
1122168,783977,790946,41.1582,3.6795,1
1122729,201786,791347,69.9349,4.2523,1
1124165,792338,802727,134.4396,4.0306,1
1124166,790946,792338,9.4868,4.6289,1
1124890,787682,792873,49.7407,5.4909,1
1124891,281486,792873,53.7587,5.1421,1
1126063,278655,793681,68.4779,4.999,1
1127793,616473,794882,63.3745,10.5097,7
1127794,631820,794882,28.9021,10.5097,7
1129328,789486,795922,77.7329,13.7632,2
1129377,619269,795957,53.7515,4.2078,1
1129378,643061,795957,65.8778,4.999,1
1130424,218230,796666,36.6424,5.3284,2
1130425,414604,796667,578.2802,3.9324,2
1130426,796666,796667,85.8836,4.89,2
1131805,795285,797598,10.8628,2.8284,1
1132323,797944,799758,9.0,2.2802,1
1132939,631250,798356,71.1657,2.9208,1
1133348,623669,798639,74.2933,3.3132,2
1133828,620905,798964,52.9402,4.3574,1
1134281,610331,799268,116.0771,7.5355,1
1134282,629219,799268,20.5562,6.4495,1
1134414,203146,799365,63.0026,5.4376,1
1134415,217134,799365,22.0907,6.117,1
1134865,799681,799683,16.1245,26.4444,1
1134868,634349,799683,62.2513,25.8355,1
1134976,216999,799758,29.1776,1.9841,1
1135706,800249,813725,76.5963,7.2801,1
1135962,633250,800429,32.6905,25.6108,1
1137678,284227,801626,189.8631,4.7863,1
1138126,801006,801929,7.0711,6.117,1
1138127,221259,801929,26.6375,5.6081,1
1138151,633532,801949,28.856,7.3761,2
1138531,802217,806284,23.2044,6.1127,1
1140095,803309,810620,42.1579,6.5557,17
1140561,283851,803639,101.7606,3.8172,1
1141088,279798,804003,119.2542,6.0202,1
1141089,278553,804003,12.9059,5.692,1
1141283,804138,814400,84.2556,5.521,1
1142412,796430,804918,53.5724,3.5348,1
1142413,222848,804918,21.0208,4.0233,1
1142573,805026,807699,99.9924,5.5649,1
1143508,675151,805668,164.5669,3.5291,2
1143532,803711,805681,76.4654,24.5519,1
1143533,642333,805681,15.6938,15.8651,1
1144599,716629,806414,86.2224,5.4909,1
1144864,642787,806599,48.2688,10.1247,5
1144865,653010,806599,88.6954,10.1934,5
1146123,232136,807491,85.3913,3.9324,1
1146424,640937,807699,57.0516,4.9286,1
1146634,273507,807848,160.3309,4.1829,2
1146704,806812,807898,28.5988,3.6427,1
1146837,631323,807988,98.2683,6.7774,1
1147062,286134,808151,87.6141,5.1421,7
1147300,623598,808310,135.7647,5.5317,2
1147301,808310,817241,71.1185,5.2035,2
1148615,807898,809227,190.1055,2.9276,1
1149134,809596,811212,39.1706,4.1528,5
1149977,791347,810185,128.7983,3.9822,1
1150361,810463,812421,82.28,2.4142,1
1150362,802727,810463,121.8852,2.9954,1
1150450,810526,820119,241.8781,4.7408,7
1152024,806424,811643,19.6638,6.2281,1
1152132,808130,811712,32.1782,7.1442,1
1152133,811712,818348,20.1025,6.9873,1
1152274,635928,811803,92.7793,5.9986,1
1152276,659118,811803,88.8125,4.937,1
1153150,241208,812421,70.3468,2.118,1
1154589,48192,813449,148.9866,4.4721,1
1154590,231970,813450,135.9191,23.0183,1
1154591,221259,813450,41.3468,13.0125,1
1154955,229059,813699,19.2873,6.4675,1
1154986,813725,818600,33.0,6.0895,1
1155501,23717,814083,136.4011,5.985,1
1155502,646471,814083,59.0821,6.2281,1
1155990,252078,814400,161.459,4.6993,1
1156570,652019,814819,6.6081,5.5649,1
1157678,14560,815569,103.3285,6.151,5
1158107,815873,816997,13.4866,5.1438,1
1158427,814819,816081,20.1474,4.9839,1
1159056,810656,816512,51.7977,4.5616,3
1159769,816997,819044,61.2617,4.4964,1
1160354,815873,817402,79.1489,3.8643,1
1160408,813699,817437,21.3542,4.7541,1
1160873,37035,817754,134.4115,8.4805,1
1160874,816081,817754,38.1477,4.9839,1
1161202,817986,820119,15.7926,4.7913,7
1161334,366099,818061,26.5393,4.1069,1
1163272,817241,819383,24.8663,4.3574,2
1163273,819383,820916,15.4236,4.0388,2
1163665,816512,819651,27.5862,4.9495,3
1163666,819651,821876,9.9499,4.7947,4
1164265,818348,820062,8.2462,7.6468,1
1164266,286652,820062,42.4722,6.2912,1
1164539,229059,820250,44.2832,8.4919,1
1164929,811643,820494,85.2115,7.3761,1
1165322,801670,820792,46.6813,5.1926,1
1166403,219850,821521,143.101,13.5192,2
1166902,243880,821876,37.7705,5.4274,4
1167432,73361,822241,44.486,6.117,4
1167785,68883,822487,143.6774,13.185,1
1167797,37035,822487,73.0786,16.6276,1
1167871,817986,822530,65.9679,4.7913,7
