edge_id,src,dst,length_um,radius_um,usage
224,154,726186,17.1047,4.9122,1
314,209,544,7.5498,11.9345,1
593,391,319819,33.0337,8.4091,2
594,391,641,10.8064,10.4093,5
813,544,327426,108.8174,10.6892,1
975,641,316775,88.82,11.7681,5
1292,850,165299,19.9151,7.3455,1
1293,850,323794,29.0778,8.0275,1
1505,983,814069,24.5515,4.4689,1
1506,983,285881,70.088,5.4064,1
1702,1120,319384,7.6305,12.9428,8
2418,1636,332584,104.5785,6.8759,2
2761,1885,319172,9.8658,4.7863,1
2915,1996,283859,4.761,10.3218,2
3224,2241,319404,5.2599,6.2404,1
3336,2319,236448,6.8232,11.5509,4
4064,2875,28146,107.6998,6.8301,1
4065,2875,316235,48.766,4.9495,1
4580,3276,306067,18.1177,3.9324,1
4830,3463,649027,86.862,5.8208,1
4831,3463,109331,79.2528,5.6317,1
5585,2241,4041,49.8331,5.958,1
6022,4363,6062,64.7843,3.2975,1
6569,4776,667941,33.4016,4.7541,1
6570,4776,47387,102.7207,5.5649,1
6653,4839,288731,35.7118,6.1926,1
7482,5426,307459,53.7913,5.0495,1
7483,5426,313626,66.2269,6.0495,1
7774,5640,671512,110.0833,4.5616,1
8345,6062,6383,51.5849,3.2975,1
8783,6383,310151,52.5071,2.9208,1
8871,6440,329334,78.4049,5.2417,1
8872,6440,25502,41.9868,6.6139,1
11109,8080,495278,71.1633,4.8452,3
12206,8864,322610,6.549,12.2505,12
12278,8912,237600,3.2787,18.3576,4
12279,8912,105872,62.2415,18.0811,4
12375,8983,313564,67.5597,6.5123,1
14965,10881,33536,63.4233,5.4218,1
15853,11525,806782,170.6488,4.7408,1
16041,11655,818694,92.8081,30.2964,5
16042,11655,22486,17.2498,26.9105,5
16469,11958,234372,25.6515,4.8408,1
16601,12049,322811,9.2916,4.5247,1
17941,12996,27988,12.7727,5.0815,2
18148,13147,321941,152.1436,5.1476,1
18149,13147,16379,75.71,5.4704,1
18238,1885,13214,45.6618,4.5634,1
18693,13544,331132,381.0157,9.71,1
18694,13544,14298,36.3593,5.902,1
19602,14208,320670,102.521,6.8919,1
19603,14208,324717,25.4602,5.6541,1
19733,14298,14984,62.7853,4.1621,1
20289,14687,324140,5.1208,8.1542,3
20460,14812,325047,92.8565,7.6174,1
20461,14812,15010,8.775,8.8318,1
20719,14984,327669,15.195,4.1621,1
20738,14998,338284,221.5121,7.4736,6
20739,14998,321224,14.3047,7.5886,6
20755,15010,326324,27.7288,8.9159,1
22088,15940,287300,23.6761,14.8605,1
22577,16281,328087,6.7082,4.1307,1
22714,16379,328509,4.0415,5.9545,1
23117,16680,19774,101.8872,4.7541,1
23176,16723,20914,74.4245,4.4009,1
23937,17257,335972,61.913,5.7996,1
23973,17285,327742,56.6863,6.8525,1
24055,17346,17767,14.5258,5.3779,1
24172,17257,17422,13.1529,5.651,1
24173,17422,19075,42.8019,4.2523,1
24303,17518,17700,37.0,5.5649,1
24561,17700,330680,10.8934,5.3852,1
24661,17767,19681,63.0397,9.3503,1
24882,17915,334237,70.6496,9.4239,1
24908,17285,17932,59.279,5.1515,1
25056,18036,18503,10.4881,4.216,1
25071,18047,328087,69.2339,4.2816,1
25120,18086,339385,62.9682,8.5149,1
25162,154,18111,81.8624,5.2249,1
25163,18111,22371,20.9576,6.7082,1
25716,18503,337114,75.4586,4.6094,1
26243,16687,18871,66.7008,4.0941,1
26244,18871,19282,13.8924,4.6365,1
26429,18996,22253,50.6853,3.5616,1
26818,19271,332623,27.9165,6.8206,1
26832,18047,19282,28.3196,4.0773,1
27245,19566,683992,83.9764,15.103,4
27271,19581,673197,11.0028,3.3461,1
27540,19774,334930,29.6742,5.1421,1
28104,19681,20175,9.9499,13.8363,1
28451,20435,333712,44.3459,9.1077,1
28919,20761,22371,45.8851,5.5335,1
28920,20761,325598,11.4698,4.4155,1
29131,20914,335972,13.9722,4.4009,1
30004,8654,21527,47.4702,8.5086,1
30342,21765,332471,93.8669,5.4218,1
31028,22280,169494,178.8944,4.899,1
31492,18086,22600,166.5923,8.8524,1
31649,21765,22710,19.0526,6.1551,1
32004,11958,22968,9.798,5.7511,1
32121,23045,325873,8.5245,7.9169,3
32614,22754,23412,24.1039,5.8208,1
33103,23751,340623,27.2641,13.4131,1
33414,21527,23959,25.0083,9.4312,1
33685,23751,24146,19.0526,12.6073,1
34243,24146,24537,7.6811,11.6667,1
34764,24897,322811,32.9191,5.3417,1
34911,25005,663724,72.4446,5.3218,1
35033,22600,25089,64.0391,8.4853,1
35089,25128,26343,51.9038,10.5477,1
35156,25172,675461,14.7158,4.7361,1
36426,26091,29138,59.4306,6.451,1
36777,26343,354629,110.529,10.0499,1
37066,26091,26543,87.046,5.7439,1
37155,26610,347723,6.6833,7.3472,1
37310,26716,328279,203.8085,7.3024,1
37351,26747,327059,33.3217,6.1596,1
37665,24537,26964,118.6339,10.0917,1
38204,27350,27462,22.5832,5.262,1
38207,27353,32877,9.9443,10.1535,1
38360,27462,348753,46.6821,5.4064,1
38909,25005,27837,20.1136,4.4534,1
38932,22486,27849,31.9192,22.0967,5
38933,27849,680317,35.2775,16.4622,5
39132,27988,816955,39.0185,6.8843,2
39856,27350,28493,60.3573,7.5143,1
40318,28827,29757,26.4764,10.4676,3
40663,29062,359930,72.4124,13.3199,4
40833,29182,330305,34.8553,11.8751,12
40977,29282,328137,27.8268,4.6904,1
40978,14687,29282,39.78,6.4683,3
40979,29282,31663,76.1059,5.3452,2
41631,29062,29757,45.0111,11.0434,4
41632,29757,32634,42.4028,7.4442,1
41658,29780,33734,89.7608,6.8012,1
41659,29781,30550,85.5745,5.2035,1
41783,24897,29859,35.1544,7.255,1
42170,30116,43406,28.5754,25.6075,1
42719,30483,45776,59.4914,7.5452,1
42720,30483,672886,18.9737,7.4051,1
42805,30550,30963,25.0998,6.2838,1
43399,30963,31627,50.547,6.0738,1
43690,31164,328984,14.1774,14.4677,8
44113,31459,33456,48.5901,3.1583,1
44178,31503,39622,147.1428,8.1126,1
44225,31540,355749,4.6547,12.6577,3
44335,31627,353384,82.998,7.1734,1
44387,31663,40573,21.8632,5.0616,2
44611,31831,362894,61.1256,3.6736,1
44816,31976,355770,16.1314,9.0567,1
45137,31540,32192,28.0891,16.4062,3
45470,32426,34284,39.1663,12.4961,1
45478,32192,32432,8.3666,19.6469,3
45561,32485,44177,156.7833,6.2264,1
45576,32302,32497,16.1555,11.025,1
45773,32634,33016,6.4807,7.8113,1
45884,32709,357045,7.5719,10.4375,8
46098,27837,32868,13.1509,3.6427,1
46099,32868,685241,55.8899,4.3528,1
46112,32877,684641,135.1193,9.6273,1
46312,33016,357322,50.5931,9.7576,1
46538,33189,346906,163.3136,5.8941,6
46905,33456,363907,79.4963,4.2386,1
47029,33536,69545,81.854,5.7007,1
47128,32432,33610,31.8434,18.5682,3
47164,33639,360284,26.1916,8.4161,1
47234,33610,33694,32.3265,18.9056,3
47235,33694,359929,9.8489,19.5277,3
47293,33734,34100,16.7631,4.5616,1
47590,33939,35361,26.1916,10.0826,1
48082,34284,361280,14.5488,13.6002,1
48343,34460,359755,15.5421,20.6582,3
48344,34461,357322,34.0147,9.3311,1
48804,34797,360449,13.2539,20.8213,3
48883,34859,360100,32.4739,7.3282,1
49526,35312,35481,5.7446,9.2195,8
49597,35361,37401,25.807,11.3524,1
49696,35438,359819,41.1623,7.6468,1
49767,35481,40312,83.3847,9.5595,8
49870,35553,356034,95.8036,4.6111,1
50108,35714,361478,29.0956,9.2644,1
50328,35865,43911,28.5164,17.0774,4
50563,36039,361717,17.9536,21.2715,3
51186,36456,361243,68.5095,9.0475,1
51401,34461,36599,77.479,8.0884,1
51402,36599,36600,6.4031,8.2353,1
51403,36600,363907,6.8799,7.0687,1
51466,36640,329678,9.7125,12.904,18
51531,36688,331381,12.51,6.7336,2
51537,36694,57788,189.591,19.141,3
51706,36810,125271,17.7359,5.7007,1
51707,36810,174968,103.8391,5.0645,1
51726,36824,370805,5.2599,12.9795,1
51911,28146,36952,17.6149,10.2038,1
51912,36952,336876,65.5685,8.4232,1
52025,37035,679168,14.8099,9.6285,4
52524,37401,366449,8.2462,11.2142,1
52572,37431,40154,53.647,19.6359,1
52625,37472,289099,27.3861,6.8006,2
52626,37472,289497,26.0384,9.3771,2
53745,35553,38251,49.1732,3.8643,1
53779,36456,38274,64.3428,9.1964,1
53853,38327,330644,11.2398,4.3008,1
54229,38605,674535,32.8215,13.2249,12
54230,38605,47414,16.9648,14.6486,12
54362,38698,366587,20.8087,21.3822,3
54402,38728,767852,78.9698,18.3576,1
54462,38768,337572,70.2899,6.8596,1
54816,4040,39017,78.3836,5.4155,1
54818,39017,331733,10.3179,4.9155,1
54874,35438,39060,99.4535,7.2058,1
54875,39060,371195,167.5938,6.4641,1
55007,39165,54475,39.6569,15.9948,18
55105,39239,39392,2.4495,11.9364,4
55326,39392,370997,19.8382,13.4746,4
55477,39497,376512,75.5028,5.7079,1
55650,39622,370121,11.8945,8.544,1
55654,39624,366449,29.2347,12.8619,1
55655,39624,39696,5.4772,15.3422,1
56161,39971,372121,28.5073,7.5799,1
56162,39971,375056,29.0,5.0083,1
56422,40154,40780,10.0499,25.2818,1
56553,40245,327243,36.4143,4.7541,1
56736,40367,359065,146.5378,9.6206,1
56737,38178,40367,54.754,13.2279,1
56743,40371,372424,15.5242,9.5647,8
56820,39696,40422,17.5499,13.5211,1
56822,40422,41279,13.9284,12.0428,1
56947,40506,329746,34.7515,8.0469,3
57038,40573,333662,37.3988,6.1236,2
57288,40738,552918,110.8237,12.2105,1
57350,38698,40780,41.6293,24.0617,3
57576,40944,680317,5.2281,14.4542,5
57652,40780,40999,2.4495,25.075,2
57653,40999,373495,10.6301,25.075,2
57837,41121,240205,14.1303,6.0895,2
57838,41121,244036,10.9545,5.3218,2
57868,41143,371711,21.3828,9.434,8
58056,41279,376428,31.3369,11.1074,1
58139,41338,289266,30.499,11.8851,7
59072,42017,42887,35.609,9.7333,1
59499,42317,43498,13.9642,6.0738,1
60053,42706,684865,24.2464,21.8458,3
60054,42706,674536,31.8416,21.6279,3
60301,42887,378401,31.7683,9.8669,1
60962,43366,375992,5.1316,20.2112,1
61020,43406,684824,37.6017,25.7953,1
61140,43498,46344,33.541,6.2838,1
61733,43911,682904,20.5345,12.4243,4
61737,43916,45776,5.4467,7.2456,1
62122,44177,45311,43.7493,6.3121,1
62135,44188,390076,94.6414,10.19,1
62311,44307,370997,60.6071,15.3071,4
62312,44307,382180,40.223,15.6683,4
62570,44485,328556,42.2966,5.7913,3
63051,44819,388538,69.197,23.1845,1
63630,45229,379131,18.5293,13.0057,8
63694,40245,45273,33.6138,3.8643,1
63746,45311,380536,5.2599,6.3121,1
63821,45367,381163,22.5512,3.5811,1
64197,45631,50478,13.3,7.3786,4
64399,45771,59635,36.7166,11.3816,1
64400,45771,52188,24.3881,9.1733,1
64664,45967,379673,18.0185,13.4387,8
65430,46524,373821,59.6182,4.6795,1
66098,47015,381435,50.5063,12.2881,1
66137,12996,47038,16.9638,5.3735,2
66794,47491,370944,91.7505,12.8691,1
66998,47639,288018,22.9613,8.5952,18
67405,47920,330697,22.6618,15.8453,8
67738,36694,48151,41.7463,23.179,3
68690,47491,48803,16.5227,13.7632,1
68691,48803,398086,105.2014,10.6921,1
68782,45967,48858,87.1149,13.5356,8
68894,48938,330208,56.1209,5.0355,1
69175,49159,387320,19.4594,7.8875,1
69822,49597,388536,17.4706,22.0754,1
70006,49723,55598,65.0367,6.4155,1
70559,50108,385453,25.4165,21.2924,2
70581,50123,384997,63.8584,6.1596,1
71088,50478,55977,33.4813,9.6602,4
71157,50520,50521,3.1623,6.5557,1
71158,50521,380667,128.0699,7.3549,1
71583,50836,390465,14.8754,17.5457,5
71829,46344,51003,64.4515,7.3248,1
71831,51003,60497,131.8939,8.6585,1
72487,51487,388538,21.0528,19.1972,1
72488,51487,391602,55.9038,20.2428,1
72501,51495,339388,68.0727,4.6158,1
72502,51495,333077,9.3393,3.9142,1
72513,51505,55797,18.1904,7.8075,6
72769,47015,51677,74.7663,8.226,1
72770,51677,384962,38.2965,4.89,1
73031,51850,389178,19.2787,15.7036,8
73495,45631,52186,16.2275,6.7723,4
73498,43916,52188,30.2085,10.0863,1
73499,48151,52189,19.3336,22.6719,3
73682,52325,387402,32.3767,12.1235,1
74366,52806,60778,45.8233,6.6657,1
74367,52806,319282,127.1744,6.3364,1
75195,53394,389000,49.5042,3.2321,1
75570,51850,53673,21.6795,19.3144,8
75571,53673,396020,20.9178,19.8693,3
75869,53673,53896,22.7596,20.3311,5
75915,53932,402676,90.5937,5.1636,1
76364,40506,54243,81.0062,8.4553,3
76704,54475,336965,20.1494,15.7473,18
77559,55090,221026,97.3379,6.9996,1
77718,55190,59340,27.3488,2.9984,1
77958,36640,55367,51.0392,9.2656,18
77960,55367,58357,63.9653,6.6623,18
78285,55598,338494,52.6054,6.7016,1
78420,55698,322650,105.5971,6.5311,3
78563,55797,64698,27.9464,8.3031,6
78704,55906,56158,3.0,18.0416,3
78806,55977,59635,25.2675,14.5414,4
78984,56098,62530,35.3161,6.8239,1
78999,56110,818967,88.0341,16.8946,4
79000,35865,56110,77.6595,13.5336,4
79031,56132,63457,22.2236,22.0284,3
79032,52189,56132,7.2425,20.7645,3
79074,56158,400175,25.7034,17.3644,3
79205,56243,62366,14.4741,9.6497,4
79225,56258,67123,38.1139,5.8032,1
79226,56258,675461,91.8477,4.5616,1
80307,57021,76416,51.6245,4.3528,1
81122,55698,57603,9.7681,7.5667,3
81318,57739,334991,130.17,6.7749,1
81380,57788,685412,3.9581,15.1766,3
81540,57907,333599,17.7576,11.6958,1
81644,57976,336901,53.0084,3.1583,1
81914,58158,401201,17.8139,4.1926,1
82201,58357,336267,10.419,6.7016,18
82675,58683,74889,31.4881,15.8314,1
82773,58753,335890,7.5277,4.4246,2
82774,58753,83236,75.2544,4.6926,2
83256,59089,61748,38.1314,16.4012,3
83516,59254,335688,25.9294,6.986,1
83517,59254,348620,77.1125,9.6414,1
83602,59319,402758,3.6968,18.1696,1
83633,59340,337288,6.9007,1.2071,1
83635,59341,288130,15.907,7.2636,1
84111,59677,59990,7.3485,23.1164,1
84563,59990,403977,8.5245,25.2728,1
84662,60055,391602,63.7138,22.6518,1
84664,60055,60948,23.7276,22.5005,1
84798,58158,60163,38.5227,4.1926,1
85174,60427,68433,95.6974,5.5909,1
85277,60497,67441,92.3634,8.447,1
86112,60163,61079,105.3898,5.6506,1
86487,61342,386251,164.9128,12.8291,2
86782,60948,61540,11.1803,23.1189,1
87035,57950,61722,43.0116,7.1947,1
87037,61722,69900,81.4002,5.9619,1
87069,61748,64843,65.7419,14.0529,3
87122,60778,61787,272.7665,7.5605,1
87123,14407,61787,158.5984,8.6601,1
87584,62109,244036,13.5154,4.3723,2
87585,62109,244885,7.6085,3.5,2
87957,62366,66420,26.0192,15.8069,4
87962,62369,694182,64.7431,3.7199,1
88190,62530,692233,29.4065,6.8239,1
88210,62548,694439,119.9148,4.3708,1
88625,62840,338893,6.3509,4.3008,1
88787,52325,62962,449.1113,10.0021,1
89426,63410,404659,48.6381,4.8442,1
89427,63410,66449,63.5453,4.0941,1
89990,58434,63814,9.9975,6.2016,1
89991,63814,342072,25.0466,6.0822,1
90069,63869,64265,6.1644,12.3443,1
90658,64265,64763,4.4721,11.8443,1
90770,64348,691622,36.9414,4.2078,1
91270,64698,338900,8.3865,8.6137,6
91350,64763,413488,12.8355,11.5828,1
91453,64843,421332,109.4809,11.726,3
91583,64929,68035,46.23,5.8941,1
91584,64929,682370,102.9142,5.3852,1
91659,64974,64976,7.0711,9.5802,2
91662,64976,302380,120.5736,8.0552,2
91989,65217,337572,51.9915,6.3284,1
92407,65522,337321,10.4243,10.4871,1
92408,65522,342835,53.8919,9.9155,1
92922,65884,67777,93.0269,6.373,1
93667,66420,691041,6.7082,19.873,4
93980,66635,689255,12.2565,26.9157,3
93981,66635,67144,3.9016,27.3033,3
94424,63457,66940,18.3428,25.0845,3
94818,67201,70071,36.1248,19.815,1
95148,67441,67777,15.2643,7.806,1
95332,67577,69018,50.3389,6.117,1
95373,67604,71329,6.8475,6.3609,2
95812,67925,411281,74.0675,7.9155,8
95971,68035,71958,49.2776,5.651,1
96479,68390,174479,14.543,16.7182,1
96602,68471,415185,39.7827,29.0358,1
96739,67925,68562,13.6015,7.3407,8
96741,68562,68563,3.6056,7.5261,8
96965,68726,413054,34.4719,11.6821,2
96967,68726,71247,32.0156,8.3057,2
97201,68471,68884,11.8743,28.9386,1
97232,47414,68904,59.7671,19.5229,12
97391,69018,71550,44.1135,5.2016,1
97500,68884,69091,3.7417,28.4592,1
97911,66449,69375,39.9375,4.3528,1
98020,68433,69441,66.3476,5.7899,1
98175,69545,336200,43.4422,4.8284,1
98683,69900,76549,70.157,6.1833,1
98834,69091,70007,17.2047,28.87,1
98929,70071,71599,21.4009,8.9893,1
99480,70469,691482,35.0381,23.6658,3
99488,70469,70475,41.4485,21.666,3
99805,70007,70704,29.0172,27.925,1
100146,70933,330605,94.7576,5.9545,2
100328,71058,339573,28.2312,2.5616,1
100359,71081,346742,86.9444,6.1524,1
100510,69375,71185,34.4819,4.5616,1
100511,71185,428483,47.8679,4.6795,1
100601,71247,435582,89.9074,5.3779,2
100720,71329,83236,52.0352,5.2787,2
101056,71550,80156,89.5433,4.8723,1
101121,71599,423244,97.3823,21.0739,1
101274,71706,696565,28.1997,26.6595,1
101275,67144,71706,24.779,28.039,3
101276,71706,699685,38.4303,22.1266,2
101646,71958,77523,196.3571,5.985,1
101798,72060,423710,30.2379,21.1527,1
102017,72215,422871,23.9653,22.7777,1
102230,72370,72500,12.2474,19.6086,1
102233,72372,425377,45.7639,22.0784,1
102411,72500,423714,21.3989,20.3317,1
103477,73234,497812,112.7933,5.6457,1
103488,73239,340207,44.578,5.3735,2
103836,72215,73491,26.6458,18.8809,1
103837,73491,429590,36.2123,13.3166,1
103921,73555,75297,58.8303,5.6506,1
103922,73555,74101,19.3907,5.9161,1
103984,73603,428143,49.3221,22.1018,1
104166,73125,73727,11.0,3.9241,1
104298,73822,74754,26.0,8.1513,3
104524,73972,75767,32.3883,20.6568,1
104631,74047,74048,3.7712,11.428,3
104632,74048,697840,37.6194,14.5732,3
104634,74049,74127,7.4981,16.4463,3
104734,74127,695922,38.0263,13.9427,3
104875,74236,341345,28.6918,9.1789,2
104957,74298,432174,51.9711,7.4758,1
105255,74511,75297,31.3847,5.5649,1
105330,74558,158656,139.9114,11.3477,1
105331,36824,74558,58.8123,12.9031,1
105620,74754,428607,10.198,10.3581,3
105820,74889,342383,13.3915,16.8225,1
105859,74919,702287,40.8982,3.1796,1
107084,75767,429328,4.6779,22.3895,1
107427,75997,121440,83.7437,6.8571,1
107784,76250,430813,9.363,19.4993,1
107794,76256,77344,11.7047,11.7411,3
107979,76383,438353,59.0424,4.9839,1
108029,76416,76417,8.1548,4.89,1
108030,76417,342205,11.0403,4.89,1
108212,76549,79551,130.9733,6.6115,1
109016,72820,77096,69.7822,6.2634,1
109363,77344,432360,8.0989,12.3471,3
109394,77366,281107,25.1064,5.7007,1
109607,77523,717625,240.218,8.1453,1
110441,78113,440778,106.2374,6.6115,1
110760,78339,443659,87.0032,8.8794,2
111096,78555,88196,66.5776,6.733,2
111097,78555,346355,38.9532,6.9248,2
111449,78817,81646,11.8842,16.6416,18
112042,79239,79713,3.3166,3.8028,1
112476,79551,80617,14.0357,5.465,1
112570,79616,79840,18.0278,15.0011,1
112637,79657,699683,10.7961,26.5233,12
112725,79713,437032,25.5593,5.9051,1
112907,79839,434200,7.2034,19.3284,1
112908,79840,436503,14.3074,17.071,1
113284,80109,287107,16.7531,5.5649,2
113742,77096,80434,123.5557,5.4218,2
113829,80494,81022,7.5498,9.0735,3
114000,80612,443925,317.8233,4.899,1
114060,65577,80653,31.6193,7.8827,3
114153,80714,433000,84.9091,6.5465,1
114592,81022,81518,9.8489,9.2546,3
114660,81070,429548,59.4643,5.6506,1
114661,81070,440986,29.5852,6.0467,1
114703,81099,435433,19.4651,20.5195,1
114707,81101,436986,5.971,15.0662,1
115110,81389,85321,3.0,6.0828,2
115115,81392,83669,44.1135,5.3327,2
115290,81518,81604,9.2736,10.0234,3
115413,81604,86042,75.6703,10.4375,3
115802,81880,82751,54.5069,4.511,1
116065,82058,439469,14.8549,9.2711,3
116320,82249,438070,10.2956,22.003,1
116919,82249,82693,11.9164,21.1052,1
117002,82751,439758,79.2633,5.2631,1
117043,82779,342563,9.6828,11.5313,1
118008,83482,439839,27.7969,17.7817,1
118098,77096,83541,21.7128,4.9338,1
118279,83669,443550,111.1755,5.8698,2
118329,83708,438933,94.986,6.4128,1
118854,84005,169799,142.0176,25.8185,4
118862,84005,760534,163.025,27.0305,4
119981,84811,703231,25.1794,10.7622,2
120043,84851,450511,87.6242,6.8571,1
120275,85016,443641,27.7188,6.5164,1
120617,85255,88196,11.7945,5.4536,2
121032,82779,85540,10.3534,13.1289,1
121145,85621,705242,10.8934,19.2313,4
121303,85727,717602,67.7207,17.829,4
121902,86157,445259,8.9753,20.6427,1
122134,86329,438633,52.5738,5.3735,1
122135,86329,88011,35.7071,4.9839,1
122312,86449,444690,8.3066,27.1774,1
123268,87130,90806,88.5155,5.7016,1
123424,87248,97380,39.5227,4.241,1
123627,76816,87400,6.1644,7.0106,1
123699,87448,91092,43.4885,5.1495,1
123833,79657,87541,29.7788,22.9728,12
123834,87541,100950,30.7119,19.9336,12
123844,87548,342894,10.8426,4.8452,1
123845,87548,90026,8.4239,5.5,1
123974,87631,454730,55.8589,5.1421,1
124355,87899,446768,7.8031,20.033,1
124510,88011,90068,54.4334,5.1926,1
124920,87899,88311,8.775,18.9588,1
124921,88311,89555,14.6287,18.6681,1
125113,86251,88445,50.3786,6.3284,1
126367,89348,97412,26.3239,15.6883,4
126941,89754,354556,53.1779,20.7186,12
127100,89555,89882,8.2462,17.8139,1
127312,90026,349227,31.6283,5.1795,1
127320,89882,90032,4.6904,16.1486,1
127373,90068,455173,48.0405,5.8166,1
127590,90208,100443,46.8722,14.6511,18
127592,81646,90208,36.2232,16.3467,18
127881,90410,343520,23.6408,12.4926,1
128437,90806,93582,56.116,6.4031,1
128593,90912,461498,106.7208,6.1071,1
128758,91019,447609,87.4204,9.3656,1
128866,91092,706462,77.3692,4.7431,1
129833,91795,448961,38.1779,13.3153,1
130028,91939,344281,78.7013,4.8139,1
130029,91939,151926,184.1334,6.1833,1
130680,92387,92924,7.4887,5.3019,1
131294,92823,707245,12.7138,8.6254,2
131298,92827,699050,104.3472,5.4218,1
131352,92865,453364,22.9541,6.0738,1
131564,93015,455173,4.6786,6.8166,1
131565,93015,459126,30.7842,6.7787,1
131646,93079,101343,260.9732,9.4656,1
131713,92865,93132,8.775,5.3218,1
131714,93132,94283,18.8149,4.3203,1
132355,93582,96748,67.9632,6.4419,1
132793,93905,452816,69.8737,11.3889,1
133171,94168,94169,13.4536,6.4363,1
134008,94773,456143,80.2904,4.7408,1
134009,94773,459103,8.5245,5.1636,1
134358,95030,458638,11.5326,9.5577,1
134579,95184,454086,91.3777,6.6292,8
135285,95684,464429,75.8441,6.3326,1
135767,92924,96025,7.4485,6.2818,1
135769,96025,102332,15.6987,6.358,1
135800,95184,96045,74.5989,7.5478,8
136811,96748,99400,52.0481,6.7404,1
137296,96045,97081,27.6586,9.3372,8
137714,97380,713134,62.498,4.6795,1
137761,97412,712281,20.497,12.1838,4
138097,97081,97661,21.4243,9.4124,8
138465,97661,97925,13.6382,9.6075,8
138957,98278,474977,91.4473,6.9567,2
139375,78791,98575,36.0275,6.0173,18
140560,99400,102474,51.2543,6.4155,1
141466,100051,100884,15.3948,8.447,1
141703,99690,100219,39.7366,4.8408,1
141704,100219,472222,93.9905,5.4218,1
142639,100884,471571,31.7744,9.2513,1
142680,100916,466237,32.8684,10.6789,8
142797,100995,459083,108.2004,13.6133,1
142923,100766,101086,52.1249,10.7234,1
143172,100916,101246,9.0,10.1789,8
143310,100766,101343,12.1244,11.3033,1
143455,101446,103041,4.0139,13.0919,1
143930,101778,708041,16.5831,12.8216,2
143942,101788,715723,46.7297,6.7723,2
143943,92823,101788,26.1051,7.6737,2
143974,101809,707465,17.8792,4.9338,1
143975,101809,126842,56.001,4.511,1
144192,96685,101961,76.1643,6.0355,1
144205,101971,245298,24.9867,7.7363,1
144230,101988,111522,58.2652,12.3858,1
144442,102149,142527,82.9337,6.6328,5
144589,102251,104247,39.1152,5.7016,1
144700,102328,344872,27.035,9.1173,1
144708,102332,108495,12.059,5.7661,1
144712,102336,348503,47.5593,15.7211,1
144915,102474,477385,59.8888,6.6571,1
145086,101086,102602,40.8044,10.2648,1
145665,103041,348042,58.4855,13.4936,1
146402,101246,103562,71.9444,8.6231,8
146535,103649,473981,6.2716,25.7281,1
146587,103683,109624,45.2573,11.1486,2
146946,103938,474277,14.8847,26.7094,1
147106,104049,469067,40.5357,5.4764,1
147133,104066,347404,29.0172,11.3094,1
147205,101961,104121,33.7194,6.5311,1
147376,104247,475420,26.9361,4.7913,1
148040,104733,476018,12.0646,20.5623,1
148082,104762,474231,24.7819,7.0,1
148083,104762,106825,42.6497,6.8875,1
148425,105005,475368,4.714,27.8199,1
148549,105093,466067,185.7833,5.3723,1
148841,105293,113846,128.2381,7.0421,2
149009,100950,105418,13.8764,20.9316,12
149045,105442,347947,13.4743,16.2782,8
149046,105442,117733,37.1202,16.0663,8
149164,98575,105516,15.0333,5.78,18
149561,105797,346742,23.9742,5.9292,1
149562,105797,109615,45.2271,6.7659,1
150375,104049,106369,41.7732,4.5274,1
150909,106756,478129,18.1445,19.8865,2
151002,106825,111125,103.0776,8.6886,1
151529,107188,107255,18.0555,17.1082,1
151559,107207,560866,13.784,4.241,1
151616,101778,107251,14.5507,13.9071,2
151620,107255,479959,15.8114,16.7374,1
151996,107528,724011,64.0573,4.89,1
152159,107647,346906,16.9607,6.5557,6
152735,108057,478861,42.5245,6.7785,2
152736,108057,481465,9.3452,3.4758,2
153368,108495,355725,29.9815,4.511,1
153790,108799,480707,79.5725,6.5355,8
154135,109034,494786,115.5292,8.7977,2
154566,109331,152940,16.4012,5.8282,1
154621,109366,480430,26.6124,4.89,1
154622,109366,487070,35.0079,4.6111,1
154734,109440,352020,26.7187,6.1298,1
154994,109615,374629,219.0609,6.9892,1
155007,109624,353438,48.7237,12.8133,2
155658,110081,111418,27.037,9.2736,1
155907,106756,110255,120.3453,17.1136,2
156205,110460,110770,10.247,5.5616,1
156626,110770,488792,55.5188,8.1098,1
156750,110851,111050,4.6904,7.6468,8
156998,111025,125015,19.6638,5.985,1
157031,111050,112062,34.0147,6.8206,8
157132,110255,111119,29.8161,14.6716,2
157142,111125,491300,113.4637,7.1734,1
157573,111418,486464,14.9778,9.9519,1
157722,111522,347848,42.9893,11.7643,1
157793,111581,713134,4.0689,5.4155,1
157794,111581,111584,6.1824,6.2696,1
157797,111584,714488,5.6273,6.7082,1
157822,111603,716715,23.2376,16.8473,4
157840,110460,111617,25.0,8.9354,1
157866,111633,111800,40.8099,4.9338,1
158111,111800,289689,67.3317,4.6751,1
158172,111119,111841,15.2643,14.402,2
158174,111842,492764,135.0435,10.8342,1
158505,112083,202688,61.1199,7.4407,3
158918,112376,491141,113.5805,6.5465,8
158921,112378,498953,140.6961,7.1193,2
159302,112062,112648,151.3704,6.4155,8
161036,113846,119873,105.1951,9.1791,2
161165,113938,503039,113.3683,3.8028,1
161217,113972,477529,428.5184,8.0932,2
161891,114446,119715,147.2617,5.2421,8
161925,114469,141652,43.3154,7.0688,2
161964,114495,356337,36.706,7.2636,2
162254,114711,129541,29.2126,4.7408,1
162925,115188,116885,74.3371,4.4689,1
163131,111603,115329,24.4709,21.7775,4
163758,115802,493384,18.3576,6.3638,1
163759,115802,498590,57.9598,6.8023,1
164235,107251,116145,17.1091,12.6965,2
164237,116145,716327,20.8487,10.5902,2
164450,113972,116296,86.2322,7.2636,2
164491,116322,344048,63.6056,6.0467,1
165228,116822,499732,33.1738,7.3817,1
165322,116885,511130,112.0134,5.7996,1
165753,117194,117817,12.2066,5.2617,2
165757,117197,117647,7.2801,5.7511,1
165865,117272,369801,173.5057,6.783,1
166083,117427,493898,70.1134,7.129,2
166405,117647,498589,88.1318,6.7371,1
166527,117733,147477,65.4516,16.7995,8
166647,117817,124870,135.0741,5.1375,2
166680,117837,471571,326.7746,8.4217,1
166737,117878,121010,100.03,6.5927,8
166738,117878,501850,77.9637,7.5745,8
166788,117912,360241,47.6434,4.2976,1
167194,118204,488792,121.7155,7.8113,1
167364,118320,124967,5.5453,6.8416,1
167633,89348,118509,32.4107,11.4874,4
167952,118730,120025,113.0531,5.8912,8
167953,118730,500242,52.7668,6.2417,8
168097,118843,122783,54.231,5.5822,1
168142,116296,118876,84.6759,6.7371,2
168353,119029,501392,51.5429,6.0981,1
168544,119172,120512,48.4355,9.0759,5
168677,119258,500021,19.5761,5.1941,1
168965,119456,500242,7.3485,6.9432,8
169220,119639,716327,4.714,10.0497,2
169329,119715,120025,9.0,5.9407,8
169362,119741,125289,38.614,21.9031,4
169402,92827,119766,68.0891,5.3218,1
169552,119172,119869,38.1969,9.2996,3
169553,119869,123257,96.6488,9.0826,3
169558,119873,128080,127.1928,9.7544,2
170178,120319,501462,3.9158,6.5945,1
170179,120319,503039,61.6796,5.0431,1
170468,120512,500255,88.5645,8.9957,5
170660,120639,501601,8.0561,7.3761,1
170668,120643,120859,54.5344,8.2265,1
170995,120859,500182,119.1945,8.665,1
171084,119639,120922,22.9427,8.2513,2
171085,120922,720214,15.5824,6.2838,2
171203,121010,122049,114.9174,6.6657,8
171385,121139,505707,24.9533,6.5123,1
171558,121258,502645,15.675,8.9399,1
171559,121258,503504,4.717,9.3795,1
171803,121440,766424,167.8988,6.9765,1
172012,121593,122720,23.1733,7.7776,1
172993,122266,250613,81.1398,4.3589,1
173304,122478,501601,33.9779,6.364,1
173640,122720,506952,9.3214,7.7457,1
173726,122783,511413,32.1973,5.9545,1
173777,122821,503786,74.6661,8.8079,2
173914,122912,483959,61.2726,5.9522,1
173919,122916,124083,26.096,6.6904,2
174392,123257,511407,56.4358,9.1904,2
174693,123257,123461,57.3585,6.8452,1
175383,123023,123952,21.0,9.272,2
175973,124369,125613,45.0,6.0738,1
176150,124509,130668,116.5719,8.8485,1
176360,124659,125961,230.1717,5.9402,1
176568,124806,507601,54.8381,5.3723,1
176569,124806,510319,10.8423,5.4155,1
176664,124870,510995,10.0499,5.458,2
176792,124967,557647,73.0114,6.5927,1
176873,125019,721267,18.6815,17.1024,4
177062,125154,499732,113.5495,6.4342,1
177152,125221,150311,69.7655,4.6856,1
177173,125236,726478,37.4566,9.5887,1
177247,125289,720326,5.4772,19.2094,4
177334,125353,353437,4.5461,6.8459,6
177691,125606,511089,29.898,5.5822,2
177700,125613,126551,23.5372,6.1596,1
177848,125606,125711,18.4662,5.3735,2
177920,125762,129276,66.0984,5.1926,1
178199,125961,512077,49.2409,7.7636,1
178242,125989,126649,24.1039,3.5291,1
178529,126184,511130,18.2757,6.5557,1
178530,126184,520295,94.8326,6.3541,1
178948,126463,126893,21.1187,5.5649,1
179026,125989,126513,32.5269,2.8831,1
179027,126513,127763,26.2488,2.7247,1
179075,125711,126545,32.3419,5.3327,2
179079,126548,135919,228.046,6.8541,1
179081,126551,516324,32.1685,7.1113,1
179146,126600,507170,124.7437,10.6301,2
179162,126463,126610,47.4552,5.5649,1
179163,126610,129498,82.5772,5.4218,1
179225,125154,126649,29.5466,4.5634,1
179247,126669,721892,25.2763,20.0856,4
179248,126669,721267,6.4722,19.4646,4
179496,119766,126842,30.1613,4.899,1
179565,126548,126893,46.5725,6.3723,1
180250,127367,720800,33.6799,14.9384,2
181204,128070,128161,7.874,7.4491,5
181335,128161,516562,32.9545,6.733,5
181354,128177,516856,3.559,12.2105,5
181355,128177,130765,63.6553,13.1703,5
181386,128199,721892,3.448,20.1108,4
181387,128199,722478,10.0277,20.96,4
181475,128259,130066,129.5955,8.3951,2
181476,128259,128471,6.4031,8.8272,2
181768,128080,128471,9.4868,8.9711,2
181966,128609,128978,5.3852,3.9921,1
182052,128666,520173,35.5622,5.1476,1
182607,129046,548455,44.4185,5.4929,1
182608,129046,496366,27.2947,5.2631,1
182923,129276,522105,30.5823,5.3852,1
183015,129337,518743,25.8263,7.8134,5
183029,129347,519206,23.331,7.1947,2
183030,129347,525199,50.2494,7.1947,2
183071,129380,505948,150.1661,5.5,1
183234,129498,520266,19.105,4.8408,1
183297,129541,130194,5.9301,4.5274,1
183454,129651,290852,23.4495,11.1803,18
183538,129708,514162,50.636,10.3959,2
183539,129708,520123,6.0622,11.7204,2
183924,129968,520295,11.6142,4.4142,1
184176,130138,133727,92.8924,8.4603,1
184445,130333,723854,7.3711,7.3024,4
184448,129341,130335,72.0139,5.8268,1
184529,130398,133355,71.5612,6.1071,1
184669,130493,723999,17.7576,13.2741,4
184670,130493,723199,7.874,8.8289,4
184696,126600,130511,89.5433,9.3462,2
184923,130668,542160,214.2242,10.1001,1
185059,130765,528933,86.9493,14.9156,5
185174,130842,722478,50.2998,22.9705,4
185757,131260,520885,24.2258,6.4128,5
185860,130335,131330,18.4932,6.4078,1
186082,117837,131493,243.4748,6.8758,1
186083,131493,133745,42.2493,7.4159,1
187748,132665,723624,6.3421,11.9761,2
187749,132665,133995,3.4157,13.2124,2
187819,130511,132713,103.899,8.1238,2
188041,132713,132883,3.4641,8.4228,2
188122,132943,149319,42.8654,14.4472,8
188123,132943,358654,98.0442,6.7986,6
188373,133114,526762,10.7548,8.482,1
188462,131330,133178,77.3628,5.5649,1
188710,133355,526361,10.247,6.3609,1
188730,133370,252456,93.8397,4.9747,1
188777,133408,353702,61.9292,6.9619,1
188778,130194,133408,37.719,5.8068,1
188951,133532,138357,75.8288,11.1352,2
189214,133727,134720,30.6105,6.4546,1
189237,133745,531706,104.1468,6.783,1
189823,129380,134150,107.4523,5.0495,1
190063,134314,528500,7.1181,6.3955,1
190247,134452,527532,59.5135,5.2493,1
190628,134720,135313,61.4003,6.3574,1
190914,134923,136798,28.2312,6.986,1
191011,134991,135365,9.6437,7.4725,5
191051,135016,135331,37.8682,7.1411,1
191440,135313,135465,8.0623,7.0483,1
191464,135331,532434,49.0023,7.1411,1
191569,135412,533496,73.7066,4.9495,1
191640,135465,137554,75.3923,6.1558,1
191683,135496,253212,30.3592,20.9119,4
192049,135743,136872,14.8997,6.3364,1
192101,135780,723854,14.7949,9.4006,4
192211,135853,528559,44.1173,6.4419,1
192326,135930,136790,19.2354,8.1542,1
192424,135919,135997,3.7417,6.5557,1
192425,135997,136942,16.8226,6.9432,1
192475,136033,530409,3.2998,9.6954,1
192823,136266,142377,56.3705,25.4083,2
192964,135853,136355,9.2736,5.9329,1
192965,136355,137351,51.7204,6.5332,1
193169,136033,136493,80.604,8.4877,1
193171,136494,533888,54.6687,8.0901,1
193401,135930,136642,81.8657,8.4243,1
193615,136790,138392,135.4031,9.1301,1
193627,136494,136798,4.5826,9.3403,1
193726,136872,545156,98.9489,5.3218,1
194186,137208,725678,50.3463,23.1401,4
194187,137208,726724,45.3735,21.9382,4
194489,133995,137422,17.4992,14.1774,2
194490,137422,729716,9.8263,14.6716,2
194675,137554,143792,133.6937,6.9466,1
194679,137558,528500,45.833,7.9909,1
194734,137594,726478,13.9284,14.5218,1
194985,137771,532974,4.7258,7.9332,5
194986,137771,139819,38.0657,7.9978,5
195728,138299,531820,53.7742,8.5419,1
195807,138352,156536,39.7883,4.3203,18
195811,138357,542269,67.9068,11.0454,2
195852,138299,138388,2.4495,8.1771,1
195858,138392,138393,2.2361,9.8687,1
195859,138393,532652,57.9272,8.7067,1
196033,138513,140508,31.305,14.5769,5
196535,138884,531571,41.7213,4.5,1
196834,137558,139111,53.563,8.3785,1
197080,139284,533503,37.6253,3.452,1
197446,139536,542096,42.991,5.521,1
197515,139586,546385,117.6892,7.724,2
197885,139845,539249,51.6871,10.207,1
198226,138898,140074,43.0465,4.3028,1
198455,137578,140234,40.9023,4.4954,1
198456,140074,140234,14.5602,3.6056,1
198520,140283,731932,74.9088,13.383,1
198521,137594,140283,64.0989,15.3388,1
198847,140508,144976,74.7529,16.7284,5
199083,140698,538157,21.2368,7.9078,5
199288,140842,536814,37.7757,8.5497,2
199892,141277,739978,48.4,13.9048,2
200427,141652,145318,56.961,8.3066,2
200740,132768,141883,124.8079,5.5822,1
200925,142019,144000,46.1844,6.2429,5
201190,116322,142195,39.8058,6.5557,1
201449,142377,146834,93.521,16.4262,1
201654,142527,295946,178.8646,6.7787,6
201866,133370,142656,8.7178,5.1083,1
201885,141638,142669,19.7484,3.9921,1
201886,142669,545350,52.5325,4.6708,1
202467,143114,541711,23.8956,6.1558,1
202468,143114,551768,70.3776,6.8525,1
202489,143130,149058,74.1755,6.0329,1
202490,143130,143360,8.2462,4.8408,1
202825,143360,544984,94.3251,4.0495,1
203017,143499,147305,74.2496,7.0801,5
203018,143499,144072,70.859,6.6296,5
203116,143575,195639,303.1395,14.4078,10
203117,143575,155309,14.4568,18.1659,10
203129,143585,546546,35.9212,8.3613,1
203405,143789,501613,69.4638,5.7511,1
203410,143792,155179,230.1934,8.0623,1
203532,140842,143881,66.7008,8.5853,2
203717,144000,144072,9.9499,6.9784,5
204179,143881,144339,61.79,6.8143,2
204771,135910,144743,18.0278,3.0811,1
204772,144743,211662,61.4003,3.1623,1
205066,144339,144961,16.4317,6.7787,2
205087,144976,546235,6.4464,19.3235,5
205111,144994,544241,33.8625,10.032,1
205618,145353,546380,20.6935,18.5032,5
206025,145644,551751,52.6846,7.4051,2
206245,145797,724547,53.8981,15.2803,12
206568,146020,547617,7.2629,5.4704,1
207140,68390,146427,16.8325,16.1309,1
207386,146594,565051,167.7584,6.9954,9
207735,146834,154313,45.7363,16.1874,1
208147,147127,182833,488.9468,7.6298,1
208396,147305,563314,95.9074,9.2865,5
208610,147451,157669,39.4483,4.511,1
209313,147949,148382,12.6886,9.816,1
209314,147949,155196,120.3121,6.217,1
209413,148018,735190,6.5662,5.6506,1
209487,148074,717625,234.2506,7.5252,1
209489,148074,170597,339.5943,6.6571,1
209763,148269,250404,9.4458,6.7336,2
209764,148269,173856,19.799,9.4049,2
209826,148309,567960,108.4892,6.8239,2
209918,148382,549919,14.4415,7.7992,1
210561,148851,160425,22.5438,4.7408,1
210853,149058,552852,5.9214,7.2772,1
211221,147477,149319,7.874,19.8397,8
211222,149319,359342,17.2595,20.0141,16
211307,149376,551608,40.5079,19.9241,5
211544,149534,556767,111.8109,8.5166,2
211899,149534,149774,470.133,11.1674,2
211900,147949,149774,87.7382,10.9514,2
212140,149953,559658,63.9401,5.7439,2
212662,150330,250650,82.2753,5.4428,1
213198,150714,358751,23.6973,22.8289,14
213562,150970,156413,62.0645,5.4764,1
213835,151156,551314,82.9371,6.6177,1
213946,151234,557881,12.741,13.8562,1
214423,149376,151575,63.5925,19.962,5
214424,151575,154575,43.6005,17.0885,6
214916,147451,151924,17.2844,4.3528,1
214921,151926,161646,22.3582,7.9671,1
215076,151575,152034,25.02,23.188,1
215402,152260,736034,18.43,14.8,4
216360,152940,266066,59.5483,5.4582,1
216764,153218,565320,127.3277,5.6213,9
216765,153218,157374,62.8092,7.0355,9
216981,153371,553634,202.5562,6.1202,1
217329,153622,170767,302.0092,10.952,2
217457,153712,364079,30.0606,7.0958,6
217611,152980,153814,82.8372,7.0283,2
217612,153814,564500,93.5961,7.9639,2
218213,154242,156025,40.3113,20.2211,6
218243,153371,154262,36.5103,4.4203,1
218244,154262,564029,23.4307,5.2249,1
218332,154313,155592,9.1727,20.1796,1
218702,154575,560452,13.3125,17.1888,6
219125,154873,159538,98.4327,6.4778,1
219241,149616,154956,8.6023,22.5988,3
219289,154989,563870,12.3895,6.7371,9
219570,155196,563240,9.5164,2.9208,1
219695,155279,559658,26.8514,6.9466,2
219708,155286,157730,100.1848,3.9496,1
219742,155309,256229,41.9026,17.7135,10
219768,155326,160919,134.8073,5.3406,1
219769,155326,155714,9.8995,7.4806,3
219799,155345,557722,75.3894,16.8738,1
219800,155345,568349,48.5958,9.4316,1
220146,155592,358270,15.0739,18.1343,1
220305,155714,156312,54.9727,5.0543,3
220748,156025,568154,64.8331,20.4566,6
221018,156213,558106,44.0643,9.6478,2
221020,156214,565026,59.7513,6.4363,3
221159,156214,156312,125.4352,4.4964,3
221161,156314,156946,57.5847,5.9329,2
221297,156413,156790,4.6904,4.0388,1
221470,156536,370818,90.2675,5.1112,18
221521,156568,565051,90.9243,6.7129,9
221522,156568,568462,28.3255,6.5332,9
221837,156790,564095,56.6138,4.2523,1
221920,75997,156850,321.927,6.3988,1
221921,156850,223319,146.7242,6.0092,1
221922,156850,523839,35.141,8.2664,2
222053,156946,572796,90.257,5.9329,2
222078,156968,564257,38.8155,7.129,1
222079,156968,166420,128.8487,5.8962,1
222448,157239,159696,33.6155,5.8549,1
222638,157374,586234,131.3849,7.0355,9
222685,157409,571500,36.862,7.0094,2
222950,125015,157592,61.0946,6.7371,1
222951,151924,157592,28.9266,5.4929,1
223059,157669,159217,11.7544,4.2523,1
223139,157728,570825,42.4858,5.8195,1
223141,157728,157730,140.207,5.9313,1
223723,158156,203431,154.2775,6.2981,2
223725,145318,158156,37.5485,6.8459,2
224170,157054,158474,12.2474,18.5995,4
224241,158518,165992,31.6316,4.3028,1
224427,158656,565286,19.5452,8.9404,1
224678,158838,159462,8.7178,10.8385,1
225203,159217,370371,96.5781,4.4954,1
225396,159363,571109,65.9461,4.977,5
225397,159363,159828,59.0424,5.6081,5
225537,159462,579218,110.8543,9.7544,1
225642,159536,165059,95.8488,7.7416,2
225644,159538,182286,18.7083,5.4764,1
225667,159551,569324,16.2583,9.7575,1
225668,159480,159551,3.0,11.6402,1
225675,159480,159556,7.874,10.3431,1
225715,156213,159588,34.1906,8.562,2
225860,159696,593230,187.0499,7.6623,1
226030,159810,741731,20.0666,18.8516,12
226032,159810,160122,4.3205,19.2625,12
226053,159828,586496,234.0214,6.2281,5
226454,160122,164808,32.2731,18.8639,12
227174,160634,174563,45.5089,9.1924,6
227470,160834,560999,95.0099,6.3638,5
227472,160834,162077,68.8549,6.1203,5
227478,160840,581502,102.1154,4.6993,5
227581,160919,571107,22.253,4.0981,1
228042,161239,573264,10.6301,7.5893,5
228043,161239,577677,85.3086,6.1889,5
228441,161513,565926,93.1101,9.6458,1
228442,161513,577562,38.5097,8.3951,1
228643,161646,362349,49.5098,6.2503,1
229233,162077,162168,69.0724,5.3033,5
229306,159623,162124,41.0488,5.458,1
229307,162124,166356,40.2989,6.4936,1
230285,162827,573089,27.0119,6.6472,5
230286,162827,578859,20.9921,7.68,5
230813,163216,171704,35.6888,5.9021,1
231856,163971,577677,7.5425,6.0552,5
231857,163971,580254,53.1256,5.9402,5
232142,164162,179389,36.5103,3.8643,1
233047,164808,167438,20.0721,20.7219,12
233397,165059,166845,57.3585,5.4157,5
233618,165216,578859,4.0415,7.4051,5
235037,166222,184207,16.9722,12.6292,1
235300,166413,167075,17.6918,20.1307,6
235312,166420,594245,76.9538,5.4754,1
235424,166501,591464,90.3235,6.0,1
235425,166501,176164,171.3301,5.5,1
235603,166641,182056,85.5265,11.2133,14
235604,166641,361168,85.8817,15.7553,14
236004,166918,363651,25.7553,5.0495,1
236228,167075,169794,39.3065,18.9849,6
236738,167438,171818,36.9083,17.6865,12
237006,167633,579102,75.6461,6.085,5
237498,167973,760386,45.7918,5.1926,1
238804,167263,168926,27.8029,6.7016,1
238805,168926,594663,74.3841,6.7404,1
239597,169494,591491,15.9896,4.1078,1
239820,169655,183364,31.9642,5.2208,1
240023,169794,588095,27.3537,19.4289,6
240028,169799,756658,21.5484,17.2606,4
240253,169965,170204,11.0454,9.3198,1
240579,170204,601287,100.0328,8.0077,1
240833,170375,585675,110.1385,4.9641,5
240878,170406,587246,3.2998,13.4405,1
240879,170406,591403,60.5062,14.9077,1
241152,170597,178526,151.9568,9.508,1
241344,170732,759970,42.7707,21.6382,4
241402,170767,175122,61.1274,11.378,2
241418,170778,581869,15.384,3.516,1
241506,170839,592710,83.6673,6.2749,5
241805,171060,171345,18.3576,6.2264,2
242063,171236,619161,268.3841,7.3024,9
242210,171345,607159,229.5835,8.5503,2
242616,171618,582425,73.0616,6.6323,1
242735,170778,171704,17.5507,5.0653,1
242897,171818,761125,35.5668,10.3363,12
243331,172133,356306,105.5551,5.4155,1
243935,172563,591402,16.8028,4.1078,1
244081,172656,584044,181.7819,8.0176,9
244115,172684,252221,18.0462,24.868,3
244116,172684,175656,12.3693,25.5519,3
244145,172699,586141,36.1801,5.6079,2
244326,172831,759569,19.779,13.1691,4
244327,172075,172831,9.2405,14.0352,4
244832,173199,175121,17.6257,10.082,2
244955,173284,177866,12.0416,4.2361,1
245038,142656,173339,44.4297,5.1636,1
245275,173502,592324,52.4944,6.2838,5
245416,170375,173614,59.975,6.7428,5
245417,173614,600633,100.6164,6.7428,5
245464,173652,758263,4.8305,5.8282,1
245755,173859,589925,24.4177,10.0479,1
245914,173968,310208,70.088,5.6825,3
246308,173859,174256,5.7446,11.3885,1
246606,174479,584588,38.5087,17.6955,1
246735,174563,374314,68.2752,12.5326,6
247208,174889,176410,28.0733,7.0707,1
247209,174889,765580,61.5683,8.2877,1
247318,174968,258226,120.4575,3.8172,1
247423,175054,601911,96.0535,6.3442,1
247525,175121,751714,207.6166,8.5789,2
247526,175122,176784,135.9228,12.3071,2
247608,175177,186478,27.7529,5.4051,1
247611,175178,760860,26.6723,10.2227,4
247612,175178,180592,43.5421,10.4662,4
247613,175179,760534,19.4951,19.5959,4
247614,175179,176836,9.2832,14.1184,4
247853,175347,759569,11.9216,12.5688,4
248181,175591,584076,65.0991,4.6596,1
248264,175656,254439,19.7569,29.3193,3
248457,175795,178931,33.1813,5.6272,1
248707,175968,177414,17.8326,18.3283,6
248992,175591,176164,13.5647,5.0981,1
249540,176538,602829,86.3983,18.3845,6
249897,176784,178076,77.7603,10.8204,2
249972,176836,180976,26.4512,12.4191,4
250186,176982,598052,61.5873,7.0355,1
250655,177300,206168,79.8288,17.8441,16
250826,176538,177414,8.7178,18.2743,6
251312,177764,768683,225.0504,10.8947,1
251458,150330,177866,41.497,4.0388,1
251526,177913,299316,79.0253,14.0855,1
251765,173199,178076,58.2771,9.0446,2
251991,178239,178316,14.8997,7.6811,1
251992,178239,606673,105.7261,6.3406,1
252037,174256,178273,83.4566,11.2147,1
252368,178526,764921,108.055,9.8283,1
252496,173856,178609,4.2426,13.1148,2
252498,178609,200896,29.5635,11.0105,2
252742,178773,598684,13.3666,6.8896,1
252846,160425,178841,43.8159,4.2523,1
252847,178841,199665,39.7052,3.6736,1
252882,178773,178864,6.1644,6.5945,1
253108,178864,179030,8.0623,7.3937,1
253195,179096,598725,19.1978,4.2247,1
253354,179197,207772,280.5382,7.2592,1
253634,179389,254467,11.4891,4.4068,1
253676,179414,361176,81.9485,10.0678,1
253788,179488,598185,34.2146,8.4259,5
253923,172133,179576,36.6212,5.3723,1
254282,179818,192452,59.8974,4.6213,1
255092,180401,180880,14.5385,5.567,1
255344,180592,186558,34.3738,8.9267,4
255347,180595,599660,38.0263,4.1402,1
255555,180745,181298,24.9633,9.449,1
255880,180976,765313,10.6927,15.7339,1
255881,180976,767538,12.5433,14.7478,3
256032,181079,787471,108.3585,9.8328,1
257042,181780,613647,86.4754,9.0286,1
257390,182023,595790,16.7099,5.5649,1
257420,182043,369180,28.8508,8.6988,14
257748,182286,305506,66.1362,4.8289,1
258508,182809,204251,334.6282,6.6401,5
258543,181010,182833,49.2037,8.4208,3
258544,182833,184484,22.8254,7.1413,2
259137,180527,183259,15.3939,5.6323,1
259138,183259,184601,9.7795,4.4068,1
259141,183261,184601,5.7831,5.8807,1
260397,184146,367300,5.4772,7.4699,6
260412,184157,191197,80.287,6.6235,2
260478,184207,805470,32.1325,12.529,1
260851,184468,606673,32.8532,5.3284,1
260852,184468,609601,47.676,6.0688,1
262261,179414,185522,12.7323,8.3832,1
262274,185529,188880,53.6004,16.4096,6
262903,185989,192455,60.1489,4.8947,1
262905,173652,185991,173.0825,3.9637,1
263612,182023,186478,19.2976,4.1926,1
263731,186558,187392,18.6041,7.6474,4
263980,186727,611881,60.9563,6.2281,1
263999,186740,611712,6.1914,4.872,1
264852,187346,187435,5.4467,6.7016,1
264911,187392,776707,45.7457,7.8516,4
264932,187406,190968,31.4246,15.021,3
265551,187856,218753,72.4542,6.4419,1
265803,188037,611115,16.3978,10.2648,1
266335,183364,188410,18.7181,3.2975,1
266714,188684,192147,156.9267,11.0652,1
266756,173339,188716,27.7669,4.8408,1
266757,188716,188717,4.2426,4.6111,1
266980,188880,191303,43.6005,16.9556,6
267305,189129,772306,69.8777,3.9241,1
267306,189129,771900,25.908,5.1627,1
267541,157753,189315,28.2312,4.4954,1
267605,189361,191161,15.6811,9.0772,1
267607,189361,195236,21.7095,6.9041,1
268328,189880,190009,10.9659,14.9578,1
268329,189880,191161,16.5,9.9466,1
268554,188914,190048,23.7346,4.7947,1
268732,189262,190177,11.0454,8.3156,1
268733,190177,192234,28.3725,9.2256,1
269006,190364,268576,52.21,5.7996,1
269007,125271,190364,7.9512,6.0738,1
269191,190498,763338,101.2308,10.6524,1
269604,190783,608507,82.5059,4.0941,1
269606,190783,622134,24.2418,4.3528,1
269830,190952,625092,35.5782,1.8251,1
269852,190968,780679,33.3916,7.5199,3
270109,190952,191156,4.6904,2.1213,1
270110,191156,620220,31.8041,2.1213,1
270111,188037,191157,32.0468,10.3581,1
270112,191157,619918,15.5242,8.6099,1
270168,191197,626291,47.1013,6.3894,2
270302,191303,191959,15.3623,15.9477,6
270436,191408,776541,10.4828,17.1134,4
270587,191509,613341,60.196,5.5075,1
270588,191310,191509,13.4907,4.8947,1
270889,191310,191728,32.1559,5.2421,1
270890,191728,620093,4.1899,5.1421,1
271222,191959,195692,63.1664,13.0232,6
271467,192147,622424,24.3029,12.5323,1
271601,192234,199265,155.1612,7.9754,1
271908,192452,777292,41.2201,4.3028,1
271918,192459,199611,73.1665,4.3028,1
272061,188914,192553,55.1704,5.5856,1
272062,192553,777292,21.9509,5.0431,1
272697,190009,193004,19.0534,15.2012,1
273869,187346,193830,43.469,6.458,1
273871,193830,199078,26.7561,5.6506,1
274143,194012,773301,55.5068,7.3079,1
274327,194151,200649,38.589,18.9329,4
275169,194720,197412,46.3249,12.5792,1
275288,194815,630031,102.3778,8.7067,7
275478,194954,601144,213.4437,8.2785,5
275492,194963,199738,66.4003,8.2417,9
275892,195236,196868,33.9282,12.2321,1
276263,195432,625703,74.788,10.0729,7
276472,193004,195571,25.7332,7.7849,1
276473,195571,196584,5.099,3.5616,1
276575,195639,767311,64.2811,10.5106,10
276651,195692,631953,35.5246,11.8751,6
276853,195850,626468,7.1764,6.2281,7
276854,195850,627841,11.1654,7.0801,7
277429,196266,204758,100.4866,11.7643,2
278101,196743,373308,33.285,8.3875,1
278895,197312,627841,64.8742,9.6076,7
279033,197412,198456,13.3417,13.9032,1
279338,197626,197786,78.4729,7.0094,5
279339,197626,643715,96.4863,9.8701,6
279643,197850,783995,35.5434,9.1969,4
279644,197850,782638,16.1452,7.7054,4
280364,198373,630655,20.3361,1.618,1
280485,198456,632380,6.9041,13.0712,1
280517,198479,801324,231.5131,8.0707,1
280518,198479,779781,22.6127,8.8589,1
280739,198652,627023,65.7445,7.0674,1
280883,198757,632193,66.695,7.9078,1
280938,198794,623468,116.7433,5.8941,5
280973,197312,198817,141.3506,8.7202,7
281304,199052,201609,26.3439,10.5304,1
281340,199078,787933,43.8254,5.3852,1
281455,199158,199159,5.3852,7.5452,4
281624,199265,643331,176.6481,6.4128,8
282185,199665,211302,29.4014,4.3203,1
282288,199738,652081,136.6102,6.982,9
282490,199886,635974,12.8841,11.593,7
282491,199886,641839,89.666,8.6847,1
282818,198817,200108,81.9573,9.3309,7
283890,200896,202106,12.6886,7.0216,2
284034,201001,634894,12.8841,7.5828,1
284080,201037,788277,28.4462,9.5026,4
284815,201553,784363,4.4721,9.5911,4
284849,196584,201579,41.837,4.4068,1
284850,201579,208603,59.95,9.6937,1
284891,201609,201682,20.6398,9.4625,1
284931,201640,226072,22.383,7.8776,1
284984,201682,204956,55.5068,9.4163,1
285422,185933,201985,64.8916,5.1421,1
285630,200108,202136,78.9747,11.3309,7
286369,202688,300449,115.1486,7.8102,3
287127,203209,257100,9.9499,16.0446,1
287150,203224,656367,184.5052,5.715,1
288586,204251,207254,42.6263,6.0822,5
288630,204281,788266,29.3655,15.6173,4
288855,204441,785114,92.8296,16.7202,1
288971,204519,381330,47.1652,8.6886,1
289308,204758,212954,85.0673,11.0613,1
289569,204956,206726,24.5357,10.7471,1
289744,205085,795283,45.5558,6.0241,1
289745,205085,787289,8.4459,4.1621,1
290211,205408,632376,52.1664,4.5616,1
290273,201001,205453,158.2308,5.9292,1
290361,205525,642920,72.2326,9.4244,7
290944,205453,205953,10.4881,6.4225,1
291119,205953,206078,79.0633,8.3323,1
291180,188410,206121,48.7576,5.1801,1
291248,206168,377604,16.5379,17.5545,16
291650,206442,207318,6.2004,11.979,5
291652,206444,790075,12.161,11.2193,5
291653,206444,790274,38.9986,11.9314,5
291801,206543,638196,74.0855,7.0674,7
291802,206543,207621,19.8494,6.0346,7
292070,206726,650625,28.6628,11.4034,1
292562,207089,207501,14.4914,11.3524,7
292781,207254,719349,506.0099,7.1133,5
292873,207318,208880,21.5948,12.1226,5
293126,207501,212876,72.7324,11.0227,7
293297,207621,208454,184.5779,7.5091,7
293938,208056,210824,20.5081,7.4491,1
294090,166673,208170,23.5414,9.3268,1
294144,208204,210980,257.2275,7.7848,7
294263,208289,214286,32.0247,7.7782,2
294506,208454,648676,29.023,9.7358,7
294737,208612,650059,22.8108,6.2264,1
295078,208848,649619,8.0,5.3852,7
295123,208880,792281,13.4247,12.8352,5
295219,208289,208949,37.1263,9.1184,2
295450,209102,209421,8.8318,14.654,4
295479,209121,796411,20.7364,3.7913,2
295820,209376,790274,45.1349,13.5,5
295884,209421,792340,3.8586,14.8802,4
296037,209527,794810,14.6401,7.8827,4
296078,209562,214451,29.9796,19.1747,4
296254,209692,794810,11.4537,8.4619,4
296300,209725,210317,6.8475,13.0765,4
297051,209376,210248,19.8511,14.7136,5
297136,210317,210875,32.3763,12.1789,4
297858,210824,217265,130.4036,7.129,1
297929,210875,210970,18.4331,12.3498,4
298017,210938,792281,36.0447,13.5447,5
298018,210938,794132,6.1283,14.0328,5
298061,210970,794248,14.8661,13.1708,4
298073,210980,651825,27.0103,6.2037,7
298440,211233,797165,27.9165,5.9313,4
298468,211256,659203,33.0606,5.0368,5
298533,211302,215280,14.0774,3.9495,1
298705,211420,794132,11.4988,14.6088,5
298706,211420,213716,28.9943,14.5562,5
299042,211662,248600,110.2089,4.2737,1
299314,211833,522460,4.761,6.9567,2
299506,211973,212141,27.6586,8.1478,1
299739,208612,212141,128.2926,6.7774,1
299945,210248,212287,26.8618,15.7913,5
299947,212287,212288,8.2529,16.651,5
299975,211233,212310,51.4296,7.4479,4
299976,212310,213964,32.2783,8.3079,4
300264,209692,212506,31.6178,6.5539,4
300268,212509,212627,7.874,13.0151,4
300395,212593,215886,45.3933,8.247,4
300396,212593,797301,25.1263,8.8023,4
300400,212596,797301,16.7,8.9399,4
300456,212627,796350,13.9284,12.067,4
300851,212907,223939,34.6157,17.1889,4
300860,211973,212914,53.6097,9.2426,1
300886,210919,212931,91.994,6.9772,1
300921,212954,800249,31.2303,8.9786,1
301186,213155,652081,38.4838,6.1127,9
301188,213155,661150,17.8326,5.6109,9
301415,212914,213312,21.2603,8.6742,1
302131,213716,213840,13.6748,14.9803,5
302155,212288,213856,14.0673,17.2334,5
302583,214143,796801,24.0693,9.8875,1
302691,213840,214216,33.4033,16.3887,5
302692,214216,214354,8.7178,16.4204,5
302783,214286,796411,37.1383,8.571,2
302826,214319,649619,61.5224,4.8139,7
302828,214319,215020,6.7823,4.3574,7
302845,214332,214465,18.7053,5.3367,1
302846,212931,214333,30.4357,4.899,1
302847,214333,215501,19.897,5.4909,1
302875,214354,215679,47.8075,15.8114,5
303001,212907,214451,31.9527,20.6434,4
303019,214465,796548,46.0181,5.2881,1
303025,212876,214470,20.6398,11.0227,7
303825,215020,670732,77.4234,5.9103,7
303887,215068,674899,67.9722,5.8166,1
303890,215072,215433,16.5345,19.4493,5
304195,215280,216193,37.1484,3.5,1
304405,215433,798585,20.6855,18.0092,5
304730,215679,215810,12.1564,15.4224,5
304899,215800,335784,130.4663,12.2664,7
304913,215810,216823,19.163,14.0167,5
305248,216037,673863,133.1753,6.9596,1
305255,216043,767852,36.2108,18.4119,1
305307,216076,800259,9.8432,22.3785,5
305347,206121,216103,40.3016,5.6432,1
305349,216103,240949,59.7191,4.0811,1
305427,216161,379986,18.4361,3.8724,1
305481,216193,217248,11.1418,4.2361,1
305624,211833,216296,31.4272,6.5555,2
306359,216823,223745,93.4505,10.0707,5
306549,216965,802282,22.6323,9.6452,4
306550,215886,216965,32.18,8.105,4
306580,216986,662555,9.3927,10.0499,1
306694,217053,673836,82.2658,5.7865,1
306913,217206,659203,52.8709,4.8139,5
306979,217248,379676,10.0125,4.5813,1
307004,217265,218606,23.6408,7.5374,1
307274,217453,671504,44.1026,9.8464,7
308027,217982,372413,74.7128,5.0,1
308028,217982,380998,147.3805,4.5,1
308163,218084,234546,255.5504,6.1567,1
308901,218606,221481,34.6041,8.1203,1
308972,218647,252770,31.8952,25.7739,1
309104,218742,391516,93.5551,16.9704,18
309120,218753,735513,207.2729,5.7996,1
309469,219005,254439,64.0885,33.3479,3
309470,219005,220386,4.2426,35.8384,3
309505,219036,220675,19.3391,4.899,9
309517,219044,677949,97.5033,9.9955,1
309764,207997,219227,64.6984,6.117,1
310056,219424,666090,15.5421,8.562,1
310057,219424,224493,109.7133,8.5311,1
310152,219489,228599,131.9924,6.7787,7
310399,219667,222693,17.3406,5.2421,1
310442,219699,680030,49.0975,15.3128,1
310476,219721,384102,17.6078,16.8561,16
310610,219814,802395,20.3142,15.0961,5
311352,220358,800831,106.4738,10.5695,4
311353,220358,222645,44.5097,14.4598,4
311398,220386,258827,33.7079,36.282,3
311426,220406,223108,96.9226,6.4936,1
312211,220964,670893,3.8586,5.9161,1
312542,221212,231810,39.4525,4.885,1
312927,221481,221675,16.2224,7.4011,1
313045,221567,227950,18.7766,10.2809,1
313205,221675,805876,14.1951,7.1383,1
314088,222312,235959,133.3742,16.3085,5
314089,219814,222312,27.3679,14.4262,5
315202,223108,227352,65.0154,7.2592,1
315274,223160,678610,38.9915,6.2696,8
315490,223313,677511,12.0416,4.2078,1
315497,223319,294066,215.8634,4.872,1
315837,223552,797558,225.8218,9.8464,1
315897,223596,805876,82.764,7.5794,1
315899,223596,225618,93.498,8.0282,1
316022,223686,224068,6.3421,17.9721,2
316101,223745,811383,17.0945,6.3093,5
316292,223883,691932,93.089,8.0932,1
316363,223939,226628,12.2342,8.1782,4
316850,224285,258912,15.8605,19.86,1
317142,224493,233107,119.9792,9.2032,1
317244,224565,237886,117.8898,5.0043,9
317710,224881,381655,29.1548,3.1583,1
318109,225159,678655,25.4165,3.9142,1
318110,225159,225278,50.1298,3.217,1
318658,225544,382158,6.9761,5.521,1
318763,225618,226949,12.7236,8.3657,1
318831,225661,649027,72.9155,6.0552,1
318832,225661,287194,6.627,6.9909,1
319430,226072,816719,52.1078,6.9596,1
319880,226397,226675,64.6916,7.9713,1
319881,226397,683878,23.1277,7.5091,1
319962,226454,817872,64.6065,13.5013,4
319963,226454,809720,24.5967,13.6079,4
320085,226539,811050,5.831,7.9681,1
320271,226675,227157,21.4009,9.9467,1
320660,226949,227685,28.1997,8.3959,1
320940,227157,227855,35.8608,9.6174,1
321206,227152,227352,101.262,9.1488,1
321609,227630,227642,216.3729,7.7956,1
321611,227630,229882,12.8279,6.6315,1
321624,227642,233322,280.676,8.7085,1
321682,227685,813024,15.6098,8.0903,1
321874,227811,389274,47.4513,29.1683,1
321943,227855,228458,26.8887,9.5915,1
322086,227950,228035,21.1922,12.5494,1
322219,228035,235704,44.9923,11.0755,1
322805,228458,229018,16.9115,9.6695,1
323003,228599,229346,36.1109,7.1056,7
323525,182043,228963,237.7121,9.4845,14
323526,228963,395464,137.5439,13.0483,14
323611,229018,229534,17.4356,9.5911,1
324100,229346,691066,13.1909,6.1056,7
324364,229534,693021,53.0963,10.8671,1
324571,229690,257834,58.7452,5.2068,1
324587,229702,231505,46.9148,5.4218,1
324753,229821,699910,104.2785,5.6213,1
324834,225306,229882,94.0337,7.2963,1
324973,229985,230150,15.1658,5.6569,1
325216,229702,230150,38.6911,4.6708,1
326837,231294,734006,80.919,2.9889,1
326838,231294,560866,4.5461,3.9324,1
327114,231505,231788,46.5296,6.1127,1
327116,231506,690477,37.8095,7.8719,1
327527,231788,706948,62.57,5.7899,1
327561,231810,271822,64.7907,5.7748,1
327897,232048,232384,78.543,4.8452,7
327955,232085,232689,9.8489,2.6213,1
328315,232344,695654,4.5461,6.5822,1
328381,232384,696877,49.7214,4.4068,7
328550,232500,698377,16.6132,12.7813,1
328803,232689,233308,16.9115,4.1213,1
329196,232960,699971,24.9043,4.9936,8
329217,232974,238590,48.6613,10.9118,2
329289,233024,696877,3.1447,4.1231,7
329406,188717,233105,55.0,5.5257,1
329408,233105,336322,52.0096,6.1567,1
329410,233107,240717,81.3265,7.2934,1
329684,233308,237049,50.8035,4.8284,1
329720,233337,387033,31.1833,6.1451,2
330265,233718,819113,3.6827,12.9606,4
330383,233803,235351,37.5366,8.2525,1
330840,234135,811671,60.717,3.8028,1
331076,234306,243479,11.4601,5.0043,1
331170,234372,235704,15.5421,4.3528,1
331208,234395,704685,24.9933,8.1771,1
331210,234396,701164,13.6991,13.152,1
331418,234546,714837,51.0316,6.2027,1
331512,234613,711661,54.9937,3.6056,1
331882,229690,234890,6.4031,5.4155,1
331883,234890,361889,76.4003,4.9495,1
332508,235351,237561,42.5911,8.357,1
333037,235731,241509,51.303,4.729,1
333128,235798,704685,6.5574,7.9671,1
334030,233718,236448,22.3745,11.5509,4
334862,237049,237850,41.6653,4.9497,1
335226,237323,713202,97.5323,4.6926,1
335467,237488,316793,44.1475,10.214,1
335576,22968,237571,43.1895,5.0724,1
335577,237571,821947,14.2595,3.9324,1
335613,2319,237600,20.267,15.5819,4
335742,237689,400063,91.9638,16.3752,16
335743,237689,384102,16.1658,16.0139,16
335968,237850,240568,64.0781,4.1829,1
336503,238230,238940,6.7082,7.68,7
336637,238328,260212,38.979,26.0884,1
337356,238837,244482,30.6105,5.6993,1
337484,238940,245487,69.4766,7.1838,7
338480,239640,711661,30.1299,4.2523,1
338761,238590,239843,4.6428,8.4228,2
338762,239843,240205,4.5826,7.9702,2
339201,240160,685804,145.6949,7.7967,1
339203,240161,717215,5.6273,5.8407,8
339779,240550,715737,3.6968,6.5557,1
340313,240905,804770,249.0004,5.2617,1
340379,240949,392511,69.3986,4.3028,1
340598,234135,241101,33.5741,2.9208,1
340808,240160,241254,24.7184,8.8296,1
340814,241258,719840,8.9007,3.285,1
341145,241511,713815,26.0427,4.3028,1
342576,242520,727599,49.6711,8.3037,5
343179,242956,243867,17.1464,3.3132,1
343271,243024,252105,108.4476,7.0674,5
343453,73770,243148,10.6402,3.5348,1
343892,243479,392053,44.9543,6.5927,1
344039,243578,243587,10.0,7.1455,1
344051,243587,378671,78.6278,8.3394,1
344436,235959,243854,34.5832,13.6546,1
344438,243854,245298,8.57,9.4704,1
345308,76816,244482,9.8939,5.0838,1
345414,242956,244550,37.3631,3.3132,1
345415,244550,244798,12.9615,3.7321,1
345538,49647,244646,8.775,5.3284,1
345576,240568,244670,60.8769,3.5616,1
345577,243867,244670,9.6954,3.2321,1
345750,239640,244798,114.7301,4.4495,1
345863,81389,244885,38.7284,5.0414,2
345869,243148,244888,26.0953,6.1195,1
345870,244646,244888,19.2743,6.8875,1
345912,244916,257834,108.6299,5.6454,1
346201,245125,706886,68.7677,5.958,5
346202,245125,250952,53.5257,5.0196,5
346324,245209,721673,80.5709,3.9263,1
346325,245209,246621,16.3095,5.0378,1
346643,245429,250962,98.3972,4.5708,1
346722,245487,735317,58.6307,7.432,7
346792,135910,245535,60.9325,3.7913,1
347507,73770,246049,11.2936,6.1903,1
347678,246164,247411,16.7332,4.6795,1
347853,246280,348164,128.1366,5.5317,1
347906,246317,729971,12.2429,8.779,5
348346,246621,249163,61.0737,5.8941,1
348962,247058,250079,24.9399,4.0306,1
349249,85321,247254,10.2256,5.9569,2
349250,102539,247254,6.1695,4.9155,2
349295,87400,247286,5.0,9.6105,1
349297,247286,250425,67.6642,9.6397,1
349486,247411,249693,12.53,4.7913,1
349653,245535,247536,79.5687,4.7913,1
349654,132768,247536,33.4166,5.0,1
349852,235321,247667,67.7935,5.2417,1
349853,246049,247667,20.6422,8.1291,1
350289,101971,247968,14.476,6.8365,1
350306,247979,257109,52.015,14.0529,1
350662,248224,388454,8.5245,13.6724,1
350848,149616,248355,32.5478,25.3572,3
350849,248355,252221,37.3195,26.2045,3
351189,248600,250326,31.0269,4.1068,1
352459,105872,249499,14.7422,17.5336,4
352460,135496,249499,7.3485,17.4913,4
352734,249693,737536,13.7921,4.6365,1
353364,122266,250148,87.935,5.0517,1
353712,11525,250391,188.9097,5.3218,1
353727,102539,250404,34.9937,5.9051,2
353758,211545,250425,122.552,6.172,1
354039,141883,250613,7.6594,5.2617,1
354090,247968,250649,39.2414,6.6978,1
354092,250650,251557,5.9442,7.6401,1
354375,250846,251779,10.1912,12.3871,1
354412,250871,737353,23.2283,5.2881,1
354413,250871,749968,141.0882,6.0495,1
354530,250952,744111,33.0255,5.9986,5
354541,250962,741450,23.8747,5.1421,1
354733,251112,734118,17.0,6.7371,1
354734,251112,761364,97.4628,6.451,1
354877,250079,251214,81.0555,5.8036,1
354878,251214,750482,38.1838,6.0467,1
355116,251373,253058,28.4429,5.0368,1
355380,250649,251557,5.4671,7.5355,1
355694,227811,251779,37.5843,24.9907,1
356165,252105,268903,120.852,7.8793,5
356428,154956,252290,32.1685,21.5503,3
356647,164162,252456,19.0933,4.5414,1
356958,252679,278056,98.6881,6.1858,1
357093,252770,388992,3.448,14.2562,1
357333,252938,784999,157.4004,8.0137,7
357499,253058,713167,138.9412,5.7878,17
357500,253058,254208,9.1104,6.1558,18
357725,253212,254375,38.4993,23.3325,4
358253,223469,253572,34.1785,7.4223,1
358254,253572,396281,36.2698,7.9681,1
358597,250391,253820,36.2246,6.7774,1
358752,123774,253926,119.1115,6.4803,1
358756,240905,253929,143.5278,5.7748,1
358757,253929,255692,82.8667,5.1926,1
359152,254208,267817,94.1701,6.4419,18
359387,254375,265151,40.9731,14.4428,4
359474,250326,254442,44.9364,3.9637,1
359475,157753,254442,61.7258,4.3523,1
359519,173284,254467,21.9089,4.3452,1
359768,55090,254644,177.458,6.3364,1
359769,254644,258084,49.375,5.7007,1
360834,255384,743766,23.008,5.0,1
360845,255393,385504,67.729,7.0311,1
361057,255547,754313,72.0833,4.5708,1
361258,189315,255692,11.4164,5.1926,1
361363,255760,292668,39.1961,7.9282,1
361370,255765,255766,20.3316,7.0229,2
361371,202106,255765,8.0208,4.3523,2
361373,255766,256367,22.2669,11.3846,2
361427,255805,742857,22.6471,7.9282,5
362054,252679,256229,123.7858,12.4574,1
362258,203209,256367,37.3502,14.0542,1
362259,256367,259184,24.7885,8.7139,1
362282,252290,256383,23.0115,21.0814,3
362283,256383,257965,11.1878,21.8659,3
362638,256640,750454,29.524,9.6424,5
363031,256916,749968,27.4388,7.3079,1
363286,224285,257100,19.6977,17.0147,1
363301,257109,729757,79.2191,12.8378,1
363347,253926,257146,28.3549,6.9432,1
363348,257146,259087,24.2166,7.3247,1
363656,257361,262906,48.6826,4.7541,1
364532,257965,268632,87.0508,23.5685,3
364678,258067,751758,11.8603,8.1122,1
364679,258067,762023,89.627,4.8648,1
364698,246280,258084,27.5862,6.0688,1
365719,258817,268278,69.2892,4.9936,1
365861,258912,268491,62.7719,12.2247,1
365949,258976,258977,8.0623,5.3779,1
365950,257654,258977,46.7974,4.5495,1
366251,237488,259184,11.431,7.4485,1
366285,258827,259208,23.5337,35.0748,3
366286,259208,259353,6.364,31.8166,3
366538,256229,259402,26.1992,19.3639,9
366539,259402,291500,20.9603,20.7596,9
367062,255384,259782,61.6928,5.3284,1
367112,245172,259816,26.3042,24.0031,1
367676,260212,265028,13.2445,14.9856,1
368670,260919,265298,48.1212,3.6795,1
368671,260919,268671,69.7752,4.1926,1
368748,211545,260980,26.8121,5.0724,1
368946,261123,268342,255.2391,5.9036,1
369181,261288,793334,226.8494,6.5027,1
369214,256916,261309,65.5896,7.162,1
369557,261557,262721,16.4012,22.3275,1
369571,261568,262723,15.3911,26.209,1
369574,261568,261569,11.55,26.6954,1
369575,261569,392241,3.35,23.6364,1
369604,261589,269776,111.984,15.8892,3
369773,256640,261714,53.9351,8.4345,5
369774,261714,760831,7.2111,7.8367,5
369947,261844,392109,4.8189,5.2881,2
371205,259816,262721,14.0694,22.5213,1
371207,261557,262723,6.9516,23.6043,1
371334,262815,751302,57.3934,12.9743,1
371335,262815,264524,64.9461,19.0941,1
371700,259782,263067,26.4197,5.4265,1
372076,263330,788734,79.6158,7.4833,5
372333,259353,263507,25.318,31.9041,3
372334,263507,264833,27.8448,33.8484,3
372578,263701,769103,49.0998,6.7723,1
373440,264289,295027,15.3587,3.7913,1
373471,260980,264312,9.5859,6.9765,1
373472,264312,306106,33.7672,8.4117,1
373780,264524,768584,26.1704,21.2721,1
374506,265028,393972,7.8951,11.1747,1
374693,265151,331299,38.943,10.4252,4
374834,118320,265246,202.1976,5.5109,1
374988,265367,265542,15.6525,5.1421,1
375066,265423,781165,89.4383,11.7348,1
375989,266066,284543,10.198,5.2617,1
376222,266246,295027,17.6698,4.1621,1
376223,265298,266246,39.7895,4.0503,1
376252,266269,394386,17.5615,15.8389,1
376253,266269,392563,4.5907,21.7265,1
376309,266307,397051,37.2201,4.1829,1
377144,266908,770123,3.448,16.4945,1
377450,267136,338672,20.3224,21.1549,9
378039,267528,272212,49.5616,10.5049,1
378443,266908,267806,10.247,17.1073,1
378457,267817,776165,99.0252,6.03,18
378623,267933,334021,14.4703,19.2187,1
378624,267933,269054,24.7415,18.5678,1
379120,268277,781105,75.6813,5.3852,1
379396,268491,334021,67.1456,12.304,1
379467,267806,268539,25.2389,16.8346,1
379470,258976,268541,105.5272,4.89,1
379471,268541,785624,27.9802,4.6111,1
379518,268576,281107,119.4557,5.4265,1
379600,268632,275742,54.8093,16.0171,3
379647,268671,336322,59.3532,5.3852,1
379841,268804,271181,52.5642,6.4031,1
379984,268903,385752,51.5772,8.8703,5
380201,269054,269672,4.4845,20.3657,1
380225,269073,271005,34.106,9.9875,1
380604,269338,781082,57.6243,14.7801,1
380852,263067,269518,46.7333,5.6803,1
380934,269573,274598,47.1063,9.6162,19
381162,269727,362282,12.2338,21.9925,9
381228,269776,279648,52.0715,14.1154,1
381514,259087,269973,130.5998,8.7057,1
381516,269973,271358,12.3628,7.8613,1
381618,270050,273519,69.0652,11.2147,2
382210,270463,770280,110.3595,5.2421,1
382295,270530,325933,57.1548,4.6708,1
382968,271005,397667,33.0807,8.4844,1
383035,269672,271057,22.4577,19.0615,1
383217,271181,271327,31.4166,5.9402,1
383256,271207,382814,121.9117,5.1926,18
383257,271207,276762,35.7941,4.7541,18
383425,271327,275335,51.2445,4.5414,1
383891,271666,272302,42.7434,5.0476,1
383905,271676,278486,20.9391,4.3574,1
384095,258226,271798,97.2728,3.8724,1
384096,271798,302883,120.8677,2.7913,1
384125,271822,398171,56.1486,6.0467,1
384693,272212,272907,5.6862,10.6356,1
384838,270463,272302,23.4521,5.1476,1
384967,272381,402997,30.6814,21.1769,1
385087,268342,272461,61.0,7.713,1
385088,272461,806019,136.4181,5.94,1
385697,272907,382468,35.16,8.3477,1
386088,273182,348164,49.339,5.2493,1
386570,273519,274208,16.0935,11.2147,2
387323,274043,474586,241.3522,6.7564,1
387554,274208,278834,50.8527,11.8775,2
387727,274336,275941,49.7795,5.5649,1
388199,274687,275204,50.4964,7.2317,1
388258,274727,395464,5.2118,17.7661,14
388259,274727,314614,68.2805,13.0655,1
388816,275131,314540,31.2019,6.9495,3
388817,275131,282013,29.6011,4.7408,3
388921,275204,479433,99.463,6.7986,1
389709,275742,450824,29.1357,14.2156,3
389888,275869,807701,30.9713,10.3377,7
389969,275925,392567,37.9742,6.9646,1
389990,275941,798504,12.4656,6.8759,1
390057,271515,275985,63.663,18.3995,9
390059,275985,277737,25.9097,15.7284,9
390274,271667,276131,99.1161,20.0896,1
390275,276131,280245,100.005,19.2915,1
390297,276146,431365,9.7297,7.874,1
390298,276146,429899,20.3142,10.4562,1
390531,276302,785637,57.2723,5.1029,1
390532,276302,279586,29.2746,3.7936,2
390914,276578,793723,15.8114,6.4734,1
390915,276578,276984,3.7417,6.8912,1
391090,276704,279879,53.9444,4.6213,1
391105,276715,278503,31.7962,4.9433,1
391374,276909,397216,164.1717,6.2264,1
391491,276715,276984,49.7795,5.8452,1
392398,277637,429899,19.2435,18.1489,1
392399,277637,277965,4.0595,22.4695,1
392484,277703,797744,13.1909,6.9039,1
392535,277737,490900,60.2412,11.1335,9
392881,277965,456253,11.6476,23.1178,1
393007,278056,312910,32.28,6.1858,1
393140,278153,280716,52.7731,5.9655,1
393302,268539,278273,246.0346,13.183,1
393589,278472,606241,215.2317,10.4289,2
393590,278472,278582,17.0261,11.0214,2
393613,278486,286665,21.9444,4.3574,1
393615,278488,440350,21.6795,6.5288,1
393636,278153,278503,8.3066,6.2723,1
393749,278583,508785,74.8101,15.4189,2
393751,278582,278583,12.8712,10.2468,2
393909,278696,299162,34.6284,8.5422,2
393986,278743,457982,31.9531,1.7071,1
394115,278834,281436,39.5095,9.5176,2
394606,279176,808155,16.66,4.4721,2
394789,279312,511524,46.5976,7.2024,1
394790,279312,446893,9.3452,5.7007,1
395178,279176,279576,51.0784,4.4721,2
395192,279586,817980,28.1366,5.8552,2
395277,279648,480805,18.0185,8.4328,1
395383,279576,279719,71.0352,6.2981,2
395724,277703,279954,21.3542,6.9432,1
395941,280112,812662,23.8584,5.0724,1
396123,280245,809998,3.3166,19.8746,1
396304,280364,396785,9.1652,26.7291,1
396485,280501,809998,24.8596,20.0985,1
396486,280501,280703,14.8997,19.8307,1
396557,274727,280553,14.1145,17.3276,15
396765,280703,815017,52.1752,21.5544,1
397163,280998,810347,26.4953,7.3143,18
397275,281077,392280,32.7872,6.5927,1
397428,281187,281188,5.8689,18.4647,17
397429,280553,281188,8.4722,16.6221,17
397562,280756,281276,36.3074,20.371,1
397563,281276,289382,55.2287,23.0617,1
397768,142527,281419,142.549,6.6328,1
397989,281572,484865,16.9629,30.3293,3
398233,281748,293074,108.9862,6.8896,1
398289,271358,281786,210.213,7.432,1
398290,281786,283225,64.7625,6.7028,1
398500,281928,361889,121.6735,4.999,1
398502,281928,512901,44.5952,5.099,1
399229,280716,282435,30.4795,4.0941,1
399230,282435,817980,78.322,5.9259,1
399308,282489,397024,3.3823,24.3814,1
399524,278488,282648,93.1792,6.8632,1
399718,282791,284619,15.8535,7.482,1
400370,283240,804132,56.2139,5.8303,1
400371,283240,420566,162.3563,7.0811,1
400481,283307,289632,17.4674,22.4479,1
400482,280364,283308,9.4104,27.8941,1
400497,224881,283318,77.6724,5.437,1
400647,47639,283424,50.3477,8.3773,18
400899,283318,283597,7.461,6.7654,1
401013,283673,285573,65.2934,9.8365,1
401014,283673,287452,28.6705,7.1734,1
401071,283711,403747,104.0972,3.8643,1
401076,283714,748779,44.7927,12.9207,1
401475,283991,286496,46.8722,6.7807,1
402161,112083,284461,75.5932,7.8075,3
402216,284494,474586,365.7776,6.2838,1
402217,284494,511162,19.0759,7.3247,1
402242,284512,290233,58.4627,13.39,3
402243,283225,284513,33.473,6.8796,1
402245,284513,284733,3.8873,7.5317,1
402287,284543,455820,143.8819,6.3226,1
402390,284619,516693,28.6007,8.7745,1
402607,183545,284751,155.8324,20.9029,1
402608,284751,818462,30.3919,21.6333,1
402657,284787,497063,22.7669,8.8818,1
403040,283859,285056,112.1651,8.4155,2
403041,285056,289099,121.0537,5.6541,2
403214,125221,285174,58.2771,4.511,1
403215,111633,285174,69.5358,4.1231,1
403299,285232,287804,23.9537,5.4754,1
403347,285268,530907,244.239,9.3261,1
403699,283307,285527,7.6085,22.3901,1
403763,284792,285574,10.3172,8.8805,1
403764,285574,517910,4.899,4.8599,1
403983,274598,285722,46.5212,9.8464,19
404108,285808,286663,24.9564,17.3436,2
404374,285995,288466,57.4708,13.1058,2
404375,285995,286663,4.1366,15.8215,2
404562,286129,291923,83.6301,6.3546,6
404766,286277,286278,6.2926,14.1492,1
404767,286277,515332,12.7622,15.5472,1
404977,285607,286423,19.1978,7.0688,1
404979,282648,286425,106.4537,7.1067,1
404980,286423,286425,18.8797,7.3549,1
405113,47038,286519,12.3378,5.6323,2
405303,286665,746664,21.8403,4.1829,1
405359,286703,395896,19.7146,16.4283,18
405927,287107,288005,52.3163,6.9343,2
406198,287300,287938,8.3066,15.4584,1
406247,243578,287340,104.6762,7.4407,1
406281,278273,287364,175.1171,6.6098,1
406282,166673,287364,70.2994,6.6098,1
406392,287452,289561,18.7646,8.6313,1
406499,287532,397242,13.1783,7.3124,1
406531,286519,287556,13.9284,6.0927,2
406867,287804,541330,13.3791,6.4363,1
406897,287820,616786,230.288,8.3647,1
407062,177913,287938,40.9919,15.3926,1
407135,102149,287990,57.7177,6.5557,5
407160,287556,288005,24.9399,8.0932,2
407180,129651,288018,26.3947,9.7133,18
407350,286496,288130,113.3225,6.5182,1
407513,150311,288240,23.202,4.0388,1
407637,288329,553203,21.3698,8.7979,1
407873,288495,525495,20.6774,9.674,1
408130,288670,415420,148.1043,10.095,1
408131,288670,396682,27.2132,8.5438,1
408217,288731,317003,73.073,8.8619,1
408639,288329,289016,8.8694,8.4853,1
409004,215800,289266,66.863,12.5415,7
409301,289497,290706,54.0833,8.2305,2
409428,289587,499423,110.4244,8.6406,2
409429,285268,289587,76.7898,9.9239,1
409500,289632,400086,8.2999,20.9516,1
409511,289640,399027,5.0553,2.618,1
409592,59341,289689,57.8816,5.8648,1
410345,290216,554413,12.8323,9.7946,1
410367,290233,297997,47.6221,12.2064,3
411041,278696,290706,149.9954,7.2744,2
411260,290852,297453,123.8951,8.8305,18
411265,290855,560926,65.2722,21.736,2
411266,290855,611273,37.141,22.049,2
411770,291203,550478,4.3205,17.7989,1
412174,267136,291500,19.9583,20.2473,9
412700,291854,292205,10.2419,8.9109,1
412738,291879,398064,22.5019,23.5145,58
412739,291879,295646,23.8164,22.6069,58
412802,291923,296184,56.6569,9.562,6
413086,291203,292129,4.8189,17.6682,1
413190,292205,573062,18.6726,9.2466,1
413326,292312,409302,74.036,6.5945,1
413328,281077,292312,34.4964,6.6315,1
413353,289561,292329,43.5495,11.5585,1
413554,292468,572217,8.2865,11.3692,2
413821,208170,292668,8.6717,8.8703,1
414194,183545,292945,18.6115,20.2728,1
414195,292945,317082,74.0608,20.0087,1
414367,293074,295703,34.9571,5.5971,1
414447,281187,293126,69.6028,18.521,17
414621,279954,293247,171.5226,7.0094,1
414722,292329,293323,17.9224,16.8461,1
414725,293323,574178,16.556,15.3404,1
415532,248171,293883,110.9451,5.9667,3
415900,294142,573062,9.25,9.7846,1
416627,255760,294676,5.9442,7.8369,1
416866,294856,294977,4.8103,25.6089,1
416881,294865,626119,55.4196,9.649,2
417036,294977,295612,6.7515,27.2054,1
417917,295597,575450,16.4114,10.0519,1
417918,295597,296625,7.1414,8.5311,1
417937,295612,608634,24.59,27.8336,1
417989,295646,401367,7.6085,21.4654,58
418061,258769,295703,43.0542,4.1231,1
418186,293247,295794,42.0,6.6802,1
418416,295946,543822,111.022,7.0,6
418518,293883,296025,31.4006,4.1231,3
418519,296025,297293,20.2485,4.1829,3
418679,248171,296134,14.005,6.5977,3
418680,282013,296134,37.9561,4.9839,3
418744,296184,300439,51.3517,11.3137,6
418817,296237,402150,5.7735,3.7417,1
419379,296625,298104,40.6872,8.1056,1
419803,258769,296913,19.6723,3.9324,1
420315,297289,298931,24.7417,6.8804,1
420534,297453,314648,220.6944,7.5415,18
420653,297545,372613,25.7013,19.2309,1
421295,297997,636778,31.4983,20.6458,3
421456,298104,298324,22.7266,7.7287,1
421626,298224,676804,26.9637,15.3603,1
421805,298341,298618,11.3235,19.0511,1
422187,272381,298618,23.2128,20.0963,1
422385,264833,298753,48.0717,30.7029,3
422623,298931,633418,35.7636,8.4124,1
422956,299162,420307,54.3016,8.4845,2
423159,299316,677200,98.1541,15.1215,1
423740,299720,551447,51.2835,6.8759,3
424085,299966,630547,32.9061,19.568,2
424775,300439,437915,11.0604,11.0652,6
424789,300449,301038,4.6904,8.7528,3
425000,297293,300595,41.9285,5.3617,3
425074,300651,400083,21.8932,14.6782,1
425145,300696,746664,36.4692,3.6427,1
425184,300724,558203,84.7647,6.6437,3
425185,300725,405581,7.6085,6.5414,3
425186,300724,300725,6.4031,6.2386,3
425279,300789,608634,10.1242,25.9964,1
425313,300813,343566,85.626,14.658,1
425631,301038,317180,154.9484,12.8164,3
426083,301365,360419,29.6292,5.9106,1
426084,301365,764145,57.631,5.5822,1
426196,261589,301446,33.1863,12.4057,3
426197,301446,319707,58.1378,18.3242,3
426529,301677,375690,48.9127,9.8501,1
426619,301739,404176,6.0828,15.2224,18
427175,302137,621665,95.7949,13.6133,2
427176,302137,470405,69.735,13.2428,2
427468,302339,505578,30.2262,15.4052,8
427720,302512,387277,51.5258,9.142,1
428148,302802,404552,73.4824,4.6751,1
428149,302802,309154,12.9056,5.1083,1
428846,303307,303308,4.2426,6.5636,3
429030,303439,646155,25.2323,8.938,7
429327,300696,303660,15.7092,3.6427,1
429875,304046,399778,43.7887,4.953,1
429917,304077,616761,75.9778,5.099,1
430299,298753,304362,23.1517,30.9265,3
431164,304961,311907,42.3661,15.8802,18
431522,3276,305209,105.6601,3.5616,1
431571,303308,305243,35.0571,5.7269,3
431573,305243,306153,25.9422,4.6708,3
431574,305244,555617,22.9637,6.0402,3
431575,305244,306153,13.9284,5.5076,3
431965,305506,321058,10.4881,5.6506,1
432474,3748,305870,15.0167,4.5274,1
432738,305870,306067,36.773,4.1069,1
432798,269073,306106,43.2589,9.3802,1
432863,306149,544153,25.9679,4.7386,3
432864,306149,558203,31.4084,5.9051,3
434724,307439,313103,31.6421,18.8359,58
434756,3748,307459,44.6262,4.7913,1
434987,304362,307616,29.7993,29.7077,3
435682,308103,310219,43.3935,4.7182,1
435683,308103,312552,59.6992,5.8339,1
435884,308249,616710,14.9295,17.6344,8
436707,306429,308838,5.3541,8.5708,1
436791,308903,518676,26.8432,11.5273,7
436792,308903,684609,20.0938,10.6892,7
437112,309139,312260,36.1939,6.0173,6
437137,309154,329160,25.6558,4.7361,1
437910,173968,309700,44.3546,6.2196,3
438051,295794,309799,146.5162,6.2264,1
438248,309942,322418,17.7545,3.5675,1
438318,300595,309992,68.8549,7.5415,3
438319,1092,309992,62.8941,6.8012,3
438551,310151,312001,28.2076,4.148,1
438625,310208,562329,30.5287,4.4707,3
438638,307890,310219,24.5967,5.7878,1
439093,310537,322222,52.9445,3.3708,1
439095,310537,406320,6.255,3.285,1
439577,309799,310867,13.9284,6.4363,1
440108,296913,311238,13.0384,4.6993,1
441094,301739,311907,20.1384,16.3887,18
441229,312001,313413,44.41,4.9433,1
441489,311163,312186,39.5095,4.6111,3
441597,312260,728032,20.0918,5.6967,6
442536,312910,325933,11.0454,6.3901,1
442580,312941,334130,31.0609,2.9954,1
442799,313103,318568,30.576,18.3442,58
443229,8983,313413,31.4841,5.4704,1
443446,313564,317690,44.7497,6.3326,1
443526,313626,315394,37.1872,6.3723,1
444120,209,314034,38.3797,13.1634,1
444755,314472,405751,62.7127,12.6708,36
444756,314472,408329,32.8312,9.2016,16
444947,314613,403948,39.1706,19.0212,17
444949,314614,343796,86.4953,6.2386,1
445559,1120,315039,46.9446,14.5165,8
445736,312552,315158,18.3576,9.1546,1
446087,315394,322345,69.475,5.8303,1
447303,29859,316234,67.3238,6.3287,1
447304,316234,316235,24.6982,4.6856,1
448108,8864,316775,47.9884,12.6501,12
448109,316775,684609,42.3858,10.9299,7
448130,267528,316793,6.917,10.032,1
448437,317003,579720,101.3432,8.4441,1
448557,297545,317082,6.1373,19.6341,1
448700,314648,317180,23.7065,12.2699,18
448701,317180,322165,29.1548,14.0102,21
448766,391,317223,3.5901,8.0428,3
449224,317540,319434,128.3667,6.2741,1
449493,315158,317735,23.8747,9.3661,1
449584,317793,324976,69.491,5.5822,1
449585,317793,318225,69.6707,4.6213,1
450197,12049,318225,41.0609,4.4665,1
450368,318347,406931,6.6999,4.241,1
450698,318568,407853,22.8035,19.222,58
450811,318646,707042,37.8602,7.6562,2
451547,319172,327489,94.7945,5.0368,1
451707,310867,319282,69.7854,5.9545,1
451889,319404,676306,78.3135,6.7404,1
451993,318347,319470,8.076,3.8643,1
452217,319626,400015,39.6849,5.1232,1
452328,307616,319707,8.6023,24.4231,3
452494,4397,319819,13.3299,8.654,2
452837,320053,403705,32.4568,20.6608,3
453225,320321,323658,87.4185,6.2838,6
453603,10881,320578,109.1074,5.5076,1
453739,317540,320668,116.8199,6.7697,1
453741,320668,320670,5.2281,8.1844,1
453789,320699,325701,62.458,6.0355,2
453791,318646,320699,36.565,5.7404,2
453806,317735,320711,26.2488,7.8134,1
453814,253820,320715,126.8056,7.9363,1
454250,317690,321026,48.3322,4.7541,1
454297,321058,530139,115.3863,4.7541,1
454537,320321,321224,11.1803,6.3988,6
456142,322345,324756,24.8238,5.8735,1
456242,322418,326610,5.6765,2.7763,1
456510,23983,322610,39.4968,11.1323,12
456564,8080,322650,5.1208,5.0,3
456757,47432,322793,136.5829,7.6787,1
456758,320711,322793,14.0357,7.5077,1
456839,319470,322857,12.9472,4.2523,1
457415,13214,323248,6.1644,5.5649,1
457994,51505,323658,83.1946,6.7371,6
458183,323794,337321,78.8416,8.9551,1
458698,324140,328556,30.2324,7.5311,3
458768,322165,324199,17.0,11.8294,21
458769,70714,324199,86.9725,12.2879,21
458867,239,324273,116.4174,6.9432,3
459143,321026,324468,42.1737,4.977,1
459527,17346,324756,83.3847,5.7439,1
459744,324910,324928,65.1775,5.8036,1
459745,324910,327888,39.3912,4.511,1
459769,324928,328096,64.8631,4.8541,1
459836,38327,324976,48.3908,5.2035,1
459943,319434,325047,78.4524,6.7371,1
460288,319384,325279,113.7058,12.8319,8
460289,31164,325279,34.7611,13.7261,8
460425,324717,325370,124.6903,7.5523,1
460744,25537,325598,9.6451,3.6503,1
460883,325701,325983,2.8284,6.451,2
461014,322222,325794,7.2169,3.9495,1
461117,1092,325873,153.5611,6.1742,3
461254,29182,325971,17.792,11.0216,12
461255,23983,325971,3.6056,11.1323,12
461275,325983,329067,17.1172,4.7863,2
461456,4397,326107,40.9915,5.9417,2
461457,36688,326107,22.4744,5.1299,2
461773,326324,326539,11.2485,10.0227,1
462087,326539,332218,79.8528,11.5435,1
462194,309153,326610,60.9732,4.1583,1
462841,327059,330294,117.4479,5.0196,1
463102,14407,327243,56.8683,6.9937,1
463348,58683,327426,92.7451,12.5488,1
463437,327489,332808,42.6732,4.1829,1
463695,16680,327669,20.806,3.9324,1
463803,325370,327742,82.0271,8.5738,1
463983,65577,327869,85.7574,6.3326,3
463984,324273,327869,64.2262,5.8941,3
464008,16687,327888,13.536,3.8643,1
464309,328096,329407,19.6186,4.8541,1
464365,55477,328137,96.3806,5.1736,1
464579,16723,328278,35.2215,6.5032,1
464580,328278,328279,4.6428,8.5149,1
464906,328509,337669,74.8354,5.5317,1
464954,23045,328543,41.3844,7.1149,3
464966,17518,328550,25.5278,5.0517,1
464967,324468,328551,44.6436,5.2607,1
464968,328550,328551,85.6962,4.5247,1
465171,25537,328701,25.675,5.0884,1
465172,328701,329362,10.0499,6.5027,1
465573,328984,330697,22.1585,14.6782,8
465786,328412,329132,10.0499,9.4244,1
465944,26747,329252,35.6931,6.0738,1
465945,38768,329252,13.5892,6.9034,1
466088,329362,331292,37.4833,5.7007,1
466531,39165,329678,11.1455,15.0013,18
466622,328543,329746,34.9428,6.6472,3
467288,330208,336910,87.4071,7.0711,1
467408,55190,330294,34.4569,4.3528,1
467430,330305,336541,87.4128,12.0728,12
467859,67604,330605,148.8041,5.9545,2
467915,25502,330652,38.3753,6.6472,1
467916,330652,332374,10.3441,6.733,1
467952,17932,330679,46.7297,4.7856,1
467953,330679,330680,66.1891,5.2421,1
467987,329132,330705,52.7236,8.9159,1
468446,331016,334930,50.4061,4.511,1
468447,18036,331016,28.0337,4.4068,1
468601,17915,331132,23.4521,12.2743,1
468823,58434,331292,35.4987,6.0738,1
468944,331381,335890,45.4973,4.5605,2
468981,329407,331413,32.7719,5.5335,1
469498,57021,331790,95.8519,4.7913,1
469499,331790,337806,176.1505,7.2697,1
470068,332183,410573,3.559,4.3008,1
470341,332374,333405,86.6083,5.7865,1
470480,331413,332471,45.9577,5.0517,1
470700,332623,334051,30.8797,6.2696,1
470703,332625,332856,15.8374,4.4689,1
470938,329334,332793,20.9045,3.8452,1
470939,332793,333671,7.1414,4.216,1
470959,332808,333238,4.3589,4.6111,1
471341,333077,333405,5.3852,5.3284,1
471562,57976,333238,24.1431,4.0495,1
471573,333248,347947,149.2548,15.7469,8
471574,47920,333248,16.1314,16.5855,8
471838,330705,333441,50.1404,9.3656,1
471860,19271,333458,6.1033,7.5794,1
472067,47432,333599,21.0766,8.7666,1
472155,85255,333662,72.7026,6.3533,2
472172,333671,344283,65.307,5.3349,1
472231,48938,333705,22.7279,4.1926,1
472242,333441,333712,14.6875,9.8742,1
472304,332625,333754,33.541,4.7431,1
472305,333754,337114,25.8672,5.6109,1
472468,333866,336390,28.3901,7.0687,1
472469,55477,333866,11.571,5.567,1
472674,329067,334023,28.7924,4.7431,2
472710,334051,334550,20.9709,6.9942,1
472951,333458,334237,20.4641,6.5027,1
472988,334262,334608,14.6477,5.2907,1
472989,334262,361153,64.7542,5.7748,1
473146,334376,341711,50.8527,5.6569,2
473147,334023,334376,4.5826,4.9936,2
473384,334550,334865,42.8784,6.8416,1
473841,334865,340497,139.7335,9.2224,1
473846,142377,334868,132.3831,12.1836,1
473847,65217,334868,20.1475,5.6213,1
474030,334991,336910,28.7054,7.3104,1
474048,332856,335000,87.1966,5.1962,1
474049,335000,336796,23.2594,5.1476,1
474360,71081,335220,106.8816,6.9892,1
474361,57739,335220,28.686,5.958,1
474439,49723,335280,31.9687,5.9155,1
474440,57818,335280,6.0828,6.5355,1
474458,332218,335294,27.0719,12.4239,1
474769,44485,335516,44.1965,4.7408,3
474770,57603,335516,10.5987,5.985,3
474909,335616,337807,28.2843,3.8643,2
475014,331733,335688,48.3632,4.0616,1
475299,335616,335893,7.5498,3.6056,2
475325,80653,335909,185.3132,8.0832,3
475326,54243,335909,44.426,8.0239,3
475468,336014,336796,94.4487,4.6111,1
475580,332584,336087,38.9487,6.0541,2
475581,335893,336087,16.1555,3.6736,2
475723,333705,336200,43.1393,4.6926,1
475822,336267,338766,33.2415,7.2327,18
475985,336385,785114,102.8397,7.4562,1
475987,22280,336385,7.157,4.6856,1
475988,336014,336386,22.2957,4.7541,1
475990,336386,338153,20.4573,3.3997,1
475996,336390,344281,98.3107,7.0227,1
476072,336441,338284,29.95,6.117,6
476102,336457,341397,122.5543,11.3739,18
476224,89754,336541,74.6702,12.3643,12
476581,45273,336775,72.0347,3.8643,1
476757,62840,336901,14.8099,3.7796,1
476769,336910,338732,25.0998,9.0582,2
476857,78817,336965,48.3908,16.1536,18
477351,337312,337313,60.1332,11.779,1
477352,74236,337312,39.2796,11.0667,2
477353,57907,337312,11.3431,13.7065,1
477354,74311,337313,42.6178,10.4223,1
477670,57818,337552,11.2101,4.7603,1
478035,73239,337807,29.7298,4.3528,2
478548,338153,339288,17.5657,1.5731,1
478861,337552,338357,8.2462,3.0275,1
479003,328412,338464,223.8472,9.8489,1
479004,338464,338999,4.6428,10.0234,1
479046,117272,338494,137.2755,6.2429,1
479298,269727,338672,7.6158,22.5927,9
479390,338732,339414,26.5707,10.1595,2
479434,78791,338766,34.8613,7.3098,18
479601,71058,338893,6.5574,4.241,1
479609,338900,348870,105.385,8.1181,6
479768,338999,342001,124.1867,9.2523,1
480182,339288,340500,19.038,2.9276,1
480322,339385,350025,102.1023,8.2926,1
480364,103683,339414,127.7193,9.6618,2
480405,337669,339440,27.8787,6.1237,1
480406,22754,339440,8.36,6.4128,1
480855,336441,339753,56.4092,5.4155,6
480856,339753,350069,78.1153,5.0,6
481335,339388,340087,5.831,7.2327,1
481467,336775,340180,40.4228,4.511,1
481468,340180,341916,11.5326,4.0306,1
481502,340207,344104,32.5115,6.6177,2
481915,25128,340497,61.2835,11.5435,1
482029,22710,340582,6.9442,6.9967,1
482030,26610,340582,98.9557,7.1328,1
482092,20175,340623,71.2788,14.264,1
482507,340087,340926,91.4986,5.6123,1
482509,96189,340926,67.2681,5.3228,1
482781,325794,341126,58.3143,4.999,1
482782,341126,345264,64.6641,4.2816,1
483091,341342,344872,110.8422,8.0275,1
483093,337806,341342,65.238,9.1572,1
483098,114495,341345,67.0497,9.2098,2
483165,341397,405600,117.8346,14.4071,18
483599,341711,350234,45.9239,5.5355,2
484020,342001,346222,127.404,8.7901,1
484024,20435,342003,71.8249,10.1204,1
484025,342003,354624,135.2548,10.2383,1
484301,342205,342820,19.3907,3.0616,1
484557,342383,353170,115.6028,16.4721,1
484806,74311,342563,45.0105,10.8267,1
485187,342820,343012,10.247,2.5,1
485206,342835,347849,52.4786,7.2929,1
485304,342072,342894,9.1104,5.4274,1
485483,92387,343012,36.4966,3.5616,1
485769,341916,343213,29.8329,3.8172,1
486212,85540,343520,19.485,12.6615,1
486272,294676,343566,88.8499,8.8838,1
486401,23412,343656,22.4425,5.5822,1
486603,343796,414596,72.2634,5.7386,1
486950,338357,344048,58.0603,4.4954,1
487034,114469,344104,47.3345,6.451,2
487279,336876,344283,103.4843,6.0136,1
487802,99483,344626,65.5083,11.2837,1
487803,90410,344626,11.1455,12.7611,1
488033,335294,344784,80.1291,12.9223,1
488034,344784,352604,63.6806,14.0855,1
488114,22253,344837,53.7577,4.3723,1
488115,26543,344837,32.2783,5.7007,1
488167,70933,344872,30.8761,6.7223,2
488717,345264,346959,3.7859,3.2321,1
488930,345413,345414,17.0261,21.221,58
488970,343213,345442,23.2809,4.6856,1
488971,117912,345442,45.4337,4.511,1
490092,343656,346222,28.0179,7.1368,1
490278,330644,346355,127.7537,5.5335,1
490279,111025,346355,25.144,5.8036,1
491142,332183,346959,27.1968,3.6795,1
491771,102336,347404,33.9051,16.7716,1
492241,347750,367846,155.4799,14.1593,21
492242,70714,347750,70.5305,13.5178,21
492376,101446,347848,2.6874,11.7435,1
492378,104066,347849,8.8694,5.2421,1
492379,99483,347850,16.1761,10.6217,1
492562,331299,347973,16.0312,16.3458,4
492563,269776,347973,33.3342,19.2933,4
492662,347850,348042,9.9499,11.9453,1
493280,101988,348503,59.4549,13.9107,1
493438,348620,361954,99.2673,8.0711,1
493619,26716,348753,17.4897,6.2281,1
493780,348870,349818,10.3923,6.7371,6
493819,348900,415150,23.4141,7.4011,1
494260,109440,349227,9.6724,4.9181,1
494874,139200,349674,96.5965,9.507,6
494875,107647,349674,4.761,7.9367,6
495083,349818,349819,2.0,6.4031,6
495085,125353,349819,21.0317,6.8071,6
495380,29781,350025,29.1833,6.5088,1
495445,350069,358406,100.2946,5.5414,6
496187,100443,350574,44.3759,14.6669,18
496638,350574,350900,6.0,15.9682,18
496862,350234,351060,27.7489,5.5707,2
497480,351485,429559,266.2417,10.095,1
497481,351485,412266,18.0462,8.5438,1
497884,351060,351754,5.831,6.2633,2
498116,105516,351908,26.4113,5.1029,18
498117,138352,351908,21.7077,4.511,18
498216,28493,351979,21.7102,6.9954,1
498217,31503,351979,63.5767,6.7129,1
498277,114711,352020,30.1868,5.8407,1
499071,32426,352604,45.8573,13.3543,1
499157,26964,352671,59.1739,9.001,1
499595,352967,353650,23.6854,12.5147,1
499596,352967,353170,5.9161,15.1376,1
500174,29780,353384,5.7735,8.6023,1
500247,353437,378599,237.1856,12.7008,6
500248,132943,353438,20.1577,10.5301,2
500308,350900,353480,26.8887,16.1861,18
500546,353650,355134,107.9305,11.9084,1
500624,96189,353702,186.435,7.1328,1
500678,314540,353741,14.8287,8.437,3
500679,299720,353741,8.4656,8.1203,3
501264,25089,354145,118.1435,8.1478,1
501265,354145,370944,132.0002,10.0288,1
501858,136266,354556,28.015,29.4882,2
501952,32485,354624,31.1858,7.1734,1
501962,32497,354629,41.8688,10.0499,1
502599,345413,355062,27.7629,20.7161,58
502600,355062,415331,28.2469,18.4435,58
502698,355130,409302,104.6693,6.0467,1
502702,355134,358270,57.0438,14.2782,1
502814,355218,360146,52.5833,8.3927,6
502815,139200,355218,12.5521,10.4017,6
503507,148851,355725,31.8643,4.3528,1
503539,28827,355749,54.9758,12.2872,3
503569,352671,355770,74.1755,9.4684,1
503617,355804,357870,44.0025,12.2686,1
503618,32302,355804,13.0128,12.4808,1
503818,355936,645592,28.1069,8.2785,1
503969,31831,356034,31.0591,4.3523,1
504255,29138,356226,50.8298,7.0711,1
504256,33143,356226,46.1916,6.8896,1
504371,142195,356306,25.01,6.117,1
504411,351754,356337,73.6071,5.8941,2
504434,336457,356355,233.1113,10.5415,18
504994,353480,356758,29.2233,16.0924,18
504995,356758,356955,3.0,16.4677,18
505051,347723,356804,127.2849,5.6056,1
505064,32709,356814,22.6139,10.7469,8
505399,35312,357045,88.82,9.7088,8
505516,356814,357131,59.3631,9.501,8
505517,63255,357131,726.0661,9.0424,8
506588,33939,357870,15.1511,10.3705,1
507161,354556,358277,62.9047,26.6521,14
507357,153712,358406,49.682,6.783,6
507715,358654,366725,110.752,7.2592,6
507859,358277,358751,11.3578,24.6034,14
508306,356804,359065,26.2657,5.0822,1
508619,359285,403852,57.7293,6.5557,1
508700,359342,364542,43.0465,18.7482,16
508802,359412,415550,9.9944,12.2059,18
508954,359528,392286,44.1349,5.6317,1
508955,359528,417671,12.1381,5.2035,1
509273,359755,359929,17.8045,20.3428,3
509364,33143,359819,20.0832,7.2592,1
509526,359930,361551,14.1699,12.1093,4
509764,29163,360100,89.0312,7.1386,1
509832,160634,360146,47.7317,7.1581,6
509967,360241,364416,23.622,3.6503,1
510017,31976,360284,88.3648,8.7666,1
510239,34460,360449,3.7859,19.3778,3
510781,166918,360822,21.4087,4.8408,1
511249,361153,418067,19.6893,7.0192,1
511273,150714,361168,52.159,19.9143,14
511282,102328,361176,183.6851,10.6974,1
511380,33639,361243,76.2008,7.5143,1
511439,37431,361280,57.0672,14.3419,1
511731,34859,361478,5.8214,7.0654,1
511837,361551,368108,47.7831,11.4425,4
512061,361717,362654,7.9303,21.1525,3
512395,361954,370107,53.1601,5.9522,1
512445,361987,414085,28.8944,5.2386,1
512446,361987,431823,100.2491,5.1881,1
512458,356897,361996,7.1181,21.5171,16
512860,271515,362282,8.6987,20.2194,9
512951,169655,362349,24.3356,5.3866,1
513383,34797,362654,19.6808,21.5534,3
513729,362894,363764,12.6667,3.3708,1
514336,363338,363897,9.5044,20.3338,3
515093,36039,363897,5.2599,20.6341,3
515274,364024,430066,74.4916,4.3008,1
515275,364024,413708,40.9186,4.4155,1
516008,177300,364542,15.2534,18.1157,16
516262,356955,364731,77.4145,16.2768,18
516263,189574,364731,37.2424,17.6236,18
517062,363338,365292,23.497,19.3284,3
517110,34100,365328,62.7561,4.5616,1
517111,365328,365931,6.3683,5.0,1
517905,35714,365904,60.1831,12.0709,1
518203,359412,366123,43.6323,13.1465,18
518864,365292,366585,19.5533,18.9813,3
518865,366585,366587,3.35,20.3285,3
519056,184146,366725,15.2753,7.6178,6
519554,367072,367403,38.2139,7.4461,1
519555,367072,369547,18.8348,6.5792,1
519873,364079,367300,89.8554,7.5074,6
520026,367403,373722,119.7712,7.2456,1
520119,367473,388147,7.1336,3.7247,1
520275,365931,367595,40.0638,6.7426,1
520276,38274,367595,4.2817,8.5146,1
520644,196743,367846,52.9203,11.1414,1
521024,39239,368108,5.2599,11.7473,4
522255,368972,389735,313.549,9.7025,1
522257,185522,368972,15.8219,7.923,1
522485,369131,378949,29.0402,16.4095,18
522557,182056,369180,15.5849,8.6988,14
522693,39497,369274,49.339,5.5777,1
522759,369325,401756,70.2836,5.6454,1
522760,287194,369325,7.1976,7.0283,1
523083,42317,369547,36.842,5.6109,1
523311,365904,369707,77.4927,13.9808,1
523362,38178,369743,45.4337,18.6374,1
523363,369743,372505,46.4073,19.5964,1
523447,369801,373326,29.8329,8.2969,1
523449,363651,369804,37.6962,5.4155,1
523450,207997,369804,30.0111,5.8309,1
523887,223469,370107,63.1506,5.9892,1
523908,370121,376512,60.3541,8.1771,1
524189,370310,412207,36.3639,8.0884,1
525076,38251,370929,35.9081,4.7608,1
525174,369707,370994,33.0715,13.9421,1
525254,218742,371047,86.725,18.5181,18
525255,189574,371047,10.4563,19.9239,18
525471,57950,371195,444.475,6.3541,1
526080,179576,371630,48.6038,6.443,1
526094,361996,371641,17.1172,21.8808,16
526189,40371,371711,39.2202,9.5647,8
526190,40312,371712,14.5488,9.6667,8
526776,42017,372121,58.0747,7.8885,1
527192,370371,372413,14.4568,5.6926,1
527206,371712,372424,21.8123,9.434,8
527323,43366,372505,32.5377,17.7851,1
527494,300651,372613,21.242,16.8573,1
528076,373024,417825,23.1349,15.5297,18
528077,373024,383164,60.1156,14.3571,18
528082,369131,373027,29.8736,17.1723,18
528083,373027,426276,102.9806,13.9218,18
528494,204519,373308,26.9361,8.6886,1
529066,369274,373722,105.0273,7.415,1
529205,370929,373821,36.0817,5.1375,1
529427,373983,387572,97.1236,6.6115,1
529429,320715,373983,165.3239,6.5806,1
529890,214871,374314,75.1731,16.977,6
530422,374707,420780,28.6799,7.1067,1
530578,374816,414085,368.7669,5.3723,1
530580,374629,374816,4.3589,6.9034,1
530756,373495,374942,11.8322,24.5523,2
531012,73234,375120,33.6056,5.3349,1
531044,41143,375143,53.2005,12.0824,8
531265,375056,375291,5.6862,2.2882,1
531841,375690,429861,13.663,16.622,1
531891,37728,375723,97.5329,5.2421,1
531892,375723,376686,6.549,5.2907,1
531916,370818,375739,38.833,5.5317,18
532247,375992,378909,33.4166,22.7534,1
532885,44188,376428,14.0594,11.0283,1
533225,374942,376670,18.1261,23.8156,2
533248,376686,379895,34.5672,4.4009,1
534335,375739,377484,14.3527,4.5274,18
534336,377484,382814,39.8623,4.7361,18
534456,375143,377573,37.741,15.5661,8
534492,219721,377604,27.0914,17.2174,16
535307,378204,378640,21.8225,14.766,8
535509,271057,378342,18.2587,20.8395,1
535510,378342,381190,4.899,21.7279,1
535599,378401,382853,54.0134,8.8967,1
535875,214871,378599,15.0,18.8546,6
535930,377573,378640,11.3535,16.0746,8
535972,373326,378671,38.4448,9.6542,1
536297,44819,378909,3.1623,25.2684,1
536351,378949,421327,46.9929,13.2411,18
536583,379108,428948,100.1233,9.3862,1
536612,378204,379131,12.7802,13.8562,8
536715,376670,379202,20.3005,24.4629,2
537020,45229,379409,12.1381,12.9154,8
537410,379409,379673,10.1708,13.2769,8
537413,215276,379676,3.266,5.0378,1
537712,45367,379895,31.92,3.3839,1
537903,203431,380034,59.5586,6.1056,2
537904,233337,380034,43.7927,5.8166,2
538609,380536,385584,43.8343,6.6328,1
538758,380643,695148,36.4722,13.3736,1
538795,380667,384900,34.9221,8.7085,1
538891,380730,385995,42.0276,24.2919,1
538897,379202,380734,19.2376,23.9886,2
539278,380998,382037,20.8327,4.0811,1
539413,379986,381102,99.99,4.4534,1
539414,234306,381102,29.2214,4.6751,1
539502,46310,381163,28.6686,4.8723,1
539541,381190,449334,54.7723,15.7352,1
539747,275925,381330,141.9043,8.6595,1
539900,370994,381435,175.0554,12.5658,1
540204,225544,381655,24.3311,4.3509,1
540389,46524,381782,34.8999,5.0,1
540649,215276,381960,59.2593,4.3509,1
540727,46310,382014,8.5049,6.3364,1
540728,47044,382014,8.0,5.8093,1
540761,221212,382037,5.8595,3.3839,1
540949,375291,382170,100.6432,5.1167,1
540950,382170,384097,19.532,6.7371,1
541196,382344,698318,40.7538,22.0344,1
541376,274043,382468,43.9836,7.1742,1
541596,367846,382622,124.3141,13.8123,22
541918,49159,382853,34.3883,8.5408,1
541958,165299,382877,13.2035,6.0402,1
541959,382877,635986,25.9251,5.3735,1
542363,383164,421327,9.9163,10.5259,18
542372,382622,383171,7.874,13.3976,22
542930,382180,383551,11.4734,15.1086,4
542931,383551,387402,36.4623,13.737,4
542979,383583,385519,21.5765,6.6177,1
543412,381960,383878,12.2066,2.7763,1
543719,384097,384962,7.624,6.03,1
544129,380730,384412,26.9477,26.1147,1
544193,382158,384457,42.2493,5.7007,1
544194,384457,388700,32.909,6.2264,1
544796,50123,384900,85.2148,7.5133,1
544930,47044,384997,24.3151,5.5468,1
545056,385085,422557,6.0331,11.8026,1
545589,380734,385453,44.1824,22.349,2
545663,219227,385504,40.1165,6.2016,1
545772,53932,385584,85.5317,6.151,1
545990,385752,646155,206.2353,8.7901,5
546276,385948,758071,140.9279,20.9675,1
546338,49597,385995,9.6339,21.9862,1
546728,48803,386251,6.2093,14.1242,2
547031,384412,386478,30.2912,18.5933,1
547794,261844,387033,72.0131,5.3779,2
547971,385085,387159,14.2409,9.033,1
548137,387277,421910,29.5799,7.77,1
548191,386478,387320,22.3358,9.1125,1
548317,387402,388890,16.2884,13.2233,5
549291,388093,389525,10.0499,13.8948,1
549292,388093,388992,9.4868,14.7478,1
549369,388147,458432,18.0062,4.7913,1
549787,250846,388454,16.2865,12.3871,1
549897,388536,388991,5.4467,23.268,1
549996,385519,388613,25.1468,6.4936,1
549997,388613,390406,38.4123,5.8303,1
550113,266307,388700,47.4763,5.4754,1
550389,50836,388890,5.4829,14.334,5
550553,50108,388991,15.8535,22.849,2
550554,388991,391824,59.4857,22.8836,1
550566,381782,389000,108.0869,4.2321,1
550833,48858,389178,34.938,13.2454,8
550981,238328,389274,17.8077,28.2135,1
551034,289264,389312,57.5123,4.1829,1
551347,248224,389525,4.7258,12.985,1
551630,389735,412266,317.2728,9.6162,1
552128,390076,394525,44.3847,7.5107,1
552599,390406,401201,75.0748,5.5649,1
552678,53896,390465,57.0258,19.9874,5
552712,390486,400015,79.4355,5.0108,1
552714,390486,391252,9.0,5.9713,1
553420,371630,390972,157.1082,6.9248,1
554840,387572,391957,43.0581,6.9343,1
554989,392053,392567,91.9728,6.0837,1
555324,255393,392280,80.361,7.2327,1
555587,50520,392464,63.692,7.0283,1
555588,392464,404659,79.4096,6.7156,1
555658,392511,400981,49.7393,4.6751,1
555733,392241,392563,8.8318,22.2593,1
555820,392612,445916,34.3589,26.814,1
556414,392109,393022,8.775,5.6541,2
556802,269573,393277,10.5672,10.032,19
557787,393972,394386,3.0,10.2648,1
557924,394082,405959,12.47,9.1368,1
557965,245172,394115,27.1998,26.5987,1
557966,394115,395052,5.099,28.039,1
558375,394405,396633,84.2081,5.8208,1
558557,394525,410278,107.5557,8.3225,1
558816,276762,394710,81.1542,5.2631,19
558818,393277,394710,17.4929,7.9185,19
558848,390972,394729,40.2989,7.8541,1
559300,282489,395052,11.2889,25.8217,1
560474,394405,395884,10.6301,6.1298,1
560493,391516,395896,43.6005,16.5615,18
560678,55906,396020,14.1853,18.527,3
560905,307279,396183,67.1143,5.8541,1
561036,306429,396281,48.7032,8.1203,1
561048,396291,399027,30.8869,3.9903,1
561049,396291,397303,8.124,4.9936,1
561290,396460,403200,114.8085,11.4184,20
561351,362072,396502,56.2277,4.5274,1
561360,392612,396508,28.3543,17.7548,1
561457,61540,396552,74.3192,21.6046,1
561480,63869,396552,74.4296,15.9749,1
561608,283597,396633,20.0749,5.9106,1
561685,396183,396682,43.1509,7.6553,1
561829,285527,396785,7.6376,22.968,1
562012,396917,397643,90.0801,27.7794,1
562323,283308,397024,5.5377,25.6494,1
562364,397051,397903,131.2745,7.3766,1
562608,391957,397216,27.2213,5.7446,1
562648,391252,397242,38.3014,6.4342,1
562735,329160,397303,100.8249,4.6213,1
563208,53394,397643,122.45,6.8852,1
563232,275067,397667,18.254,6.7404,1
563553,396460,397903,66.1362,11.4184,20
563554,285722,397903,3.2998,10.8603,19
563783,383171,398064,111.3283,18.6117,22
563784,398064,398065,16.5529,21.0772,36
563810,398086,403740,55.001,6.8758,1
563924,398171,400014,17.2627,5.5335,1
564186,393022,398362,89.3085,6.5555,2
564187,280553,398362,33.7128,11.4022,2
565446,399209,402473,5.4467,14.3693,1
565972,357976,399579,168.8679,8.938,16
566250,311238,399778,28.223,5.9106,1
566392,399872,418361,192.8393,4.0388,1
566393,296237,399872,8.8129,3.6736,1
566600,283711,400014,22.5733,3.9822,1
566684,301677,400083,32.1817,8.3464,1
566687,400086,400717,5.3852,20.3466,1
566813,59089,400175,19.6723,16.5373,3
566972,391824,400287,139.1814,26.4192,1
567000,400287,428024,133.3591,21.5979,1
567021,400300,407479,201.3703,4.5605,1
567022,287532,400300,13.3417,6.3991,1
567342,400529,440350,69.5845,6.6529,1
567343,273182,400529,17.6257,6.0402,1
567608,298341,400717,13.6748,19.8784,1
567633,276762,400733,50.8003,4.7541,1
567634,400733,406150,53.9444,4.4954,1
567648,287340,400740,29.3655,7.7782,1
567806,398065,400852,62.1208,15.4173,36
567993,400981,402079,24.1247,5.1083,1
568152,67577,401093,98.2763,6.4862,1
568162,401093,401100,68.7459,7.3786,1
568163,60427,401100,34.9889,6.8493,1
568534,401367,403188,26.4197,21.4881,58
568843,218647,401585,124.0339,19.5096,1
568844,309942,401585,38.5573,3.5675,1
568858,289264,401598,53.0723,4.1829,1
568860,401598,406150,60.075,3.9241,1
568922,293126,401639,19.5078,17.6913,17
569073,294066,401756,75.9137,4.4707,1
569514,312941,402079,32.2266,3.8172,1
569543,400063,402106,16.2481,17.6777,16
569544,402106,406595,23.7065,19.6805,16
569586,400852,402134,24.2899,11.6563,36
569609,402150,406864,38.1314,3.0956,1
570348,402676,413431,119.9546,5.3735,1
570790,402997,404348,10.4881,21.6572,1
570942,59319,403106,13.6198,17.5277,1
570944,59677,403106,5.7009,19.7749,1
571061,307439,403188,20.0139,21.1612,58
571077,314472,403200,95.843,11.315,20
571216,355936,403303,33.6931,9.2546,1
571217,403303,702730,13.6748,8.2671,1
571407,401639,403442,32.5269,17.4496,17
571627,402758,403603,187.4336,24.3153,1
571906,403603,426395,176.7832,28.2289,1
571935,403603,437001,144.5504,20.3026,3
571950,403613,408335,53.2259,3.2361,1
572079,403705,757204,67.2582,18.6547,3
572125,61079,403740,36.0832,6.1596,1
572135,403747,421194,99.905,5.5971,1
572300,395884,403852,169.6143,6.5927,1
572433,403442,403948,10.198,17.5347,17
572456,396508,403962,19.3913,7.8012,1
572457,403962,419109,13.4866,8.3477,1
572475,396917,403977,77.4973,35.2977,1
572760,286703,404176,42.5598,15.73,18
573007,307916,404348,7.7817,21.6692,1
573275,309153,404552,4.7043,4.3028,1
573511,402134,404730,39.9249,11.4522,36
573962,405065,407790,31.4484,3.4142,1
574277,405286,419422,47.0608,4.2426,1
574279,405286,431492,46.1056,4.2426,1
574668,405560,405721,2.4495,24.3295,1
574699,405581,466827,57.11,4.9122,3
574731,304961,405600,18.3485,14.8987,18
574906,405721,408743,19.105,20.7777,1
574947,405751,406142,112.0223,12.6708,36
575216,405959,419109,18.0015,9.3477,1
575488,404730,406142,23.0217,12.0208,36
575743,405065,406320,32.8024,3.4142,1
575809,307916,406366,9.8939,22.3004,1
575810,406366,406840,3.0,23.0587,1
576138,406600,698082,38.6221,11.8759,1
576472,405560,406840,8.544,23.5567,1
576590,307279,406931,25.3443,4.6795,1
577818,334608,407789,44.2782,4.2564,1
577820,407789,407790,2.2361,3.0725,1
577908,407853,409245,21.4709,19.4646,58
578191,407479,408043,23.4947,3.9681,1
578611,406864,408335,54.2125,3.4608,1
578615,408337,431857,57.434,5.2421,16
579008,394082,408621,27.2438,11.1176,1
579011,408621,427650,8.6512,13.4628,1
579053,347660,408651,27.922,4.4155,1
579055,322857,408651,14.9096,4.6289,1
581407,410278,422468,140.3064,8.5249,1
582216,408043,410845,162.2929,4.2976,1
582827,63255,411281,31.3475,9.5866,8
583133,408743,411494,29.9833,11.948,1
583134,411494,413185,32.3883,7.1386,1
583144,345414,411500,29.8831,21.6516,58
583145,409245,411501,26.4764,20.6125,58
583146,411500,411501,4.2426,21.9476,58
583734,65884,411931,71.3785,5.1476,1
583735,411931,427039,100.2209,5.9407,1
583737,357151,411933,42.3228,7.1947,16
583738,357976,411933,37.2429,8.1417,16
584130,394729,412207,128.7983,8.6833,1
584596,319626,412554,34.6875,5.262,1
584597,412554,421194,65.0077,5.4064,1
585334,61342,413054,59.2732,11.9276,2
585547,348900,413185,12.2837,7.874,1
585898,413431,429063,150.7352,6.1644,1
585976,413488,414832,6.998,12.2471,1
586801,410845,414071,28.4605,4.89,1
587418,406595,414495,64.1015,20.4002,16
587419,356897,414495,6.5064,20.7287,16
587564,413708,414596,25.807,5.2361,1
587916,403603,414832,124.535,20.8102,1
588354,387159,415150,65.5872,6.8182,1
588410,67201,415185,7.5719,28.6951,1
588614,415331,419758,105.3281,18.3802,58
588714,270530,415397,48.1456,5.0794,1
588753,379108,415420,30.8599,12.037,1
588890,392286,415517,24.8636,5.0495,1
588891,415517,430265,54.0823,4.6213,1
588943,356355,415550,48.9955,12.083,18
589164,308838,415706,78.8458,11.0957,1
589920,408329,416236,49.2849,5.7996,16
589921,416236,422829,43.2666,5.7604,16
590457,416628,417671,18.3848,4.4126,1
590458,347660,416628,23.4728,4.5274,1
590962,314613,416979,189.9149,18.4978,17
591462,334130,417315,40.8765,4.7683,1
591463,374707,417315,22.395,7.2592,1
591558,417379,436497,15.1551,15.5623,1
591559,417379,698082,7.8746,15.2212,1
591655,366123,417443,10.6562,13.0029,18
592185,417443,417825,22.0227,13.1095,18
592527,418067,424939,81.9634,7.2911,1
592531,418071,427540,14.8212,18.079,17
592532,418071,426293,8.226,17.4045,17
592926,418361,419422,13.9284,4.3574,1
594237,355130,419272,61.2998,5.5649,1
594877,415706,419758,28.9137,16.5444,1
595654,420307,484877,98.3898,9.3261,2
596023,304077,420566,17.9784,6.6726,1
596322,420780,421442,8.6023,8.3006,1
596477,416979,420888,67.2533,16.0988,17
597085,421332,424549,36.8971,10.8234,3
597241,421442,422251,12.8062,10.343,1
597416,359285,421560,59.2453,6.4363,1
597417,421560,461475,163.0082,6.1644,1
597919,421910,707259,34.3329,8.4779,1
598399,422251,424412,13.4536,7.9366,1
598686,69441,422468,67.0663,7.0483,1
598815,422557,428459,58.2752,12.8505,1
598825,419758,422564,42.638,19.6469,59
599203,408337,422829,28.8964,5.8549,16
599260,72060,422871,41.6253,22.9222,1
599796,423244,426395,143.3727,30.9828,1
600052,423362,425406,24.4949,7.0355,1
600053,423362,436843,16.2959,5.8268,1
600240,423500,440090,23.8741,3.9681,1
600538,72370,423710,8.4656,20.5366,1
600545,72372,423714,14.573,21.4909,1
601547,424412,433848,156.0865,6.7546,1
601731,424549,425598,18.5772,9.4219,3
601795,274687,424593,18.1292,4.5092,1
601796,424593,457982,36.0694,2.118,1
602149,424854,427737,3.3665,4.9839,1
602258,424939,425406,15.6525,6.8541,1
602715,400740,425248,260.701,8.5728,1
602898,73603,425377,28.7981,22.9895,1
602993,73727,425445,41.3508,4.6213,1
602994,73249,425445,9.1773,5.5414,1
603203,425598,427097,14.3023,8.7441,3
603846,426057,426276,45.7785,9.2447,17
603998,73249,426165,36.9775,5.9137,1
603999,74511,426165,33.9215,5.7446,1
604146,419272,426276,114.3372,7.4,1
604173,420888,426293,105.7213,16.3207,17
604287,423500,426375,94.1646,4.9286,1
604288,426375,480011,81.808,5.6081,1
604478,426513,428314,50.5542,5.1926,1
604479,76383,426513,50.7233,4.7913,1
604683,70704,426658,73.6499,23.7242,1
605242,427039,432174,58.9105,7.2963,1
605328,73822,427097,11.4552,7.4736,3
606117,426453,427650,6.9442,14.0708,1
606123,73972,427653,18.9121,18.3298,1
606152,427676,436141,18.5652,5.365,1
606239,427737,430265,22.3607,4.4126,1
606824,427653,428143,14.0,19.3559,1
607079,74101,428314,29.898,5.6506,1
607245,86042,428367,73.2541,21.8537,3
607352,427540,428411,36.7741,19.1704,17
607420,426453,428459,11.7851,13.8155,1
607452,428467,676804,42.8447,15.0433,1
607453,428467,702699,30.4778,17.7165,1
607479,79239,428483,45.1147,3.9822,1
607509,428504,445367,37.3363,5.6825,1
607548,426057,428532,4.761,9.0182,17
607549,428532,434500,101.789,9.8913,17
607635,428596,428597,29.5844,21.738,1
607637,426658,428597,22.5435,20.182,1
607658,76256,428607,20.0915,11.0873,3
608000,428861,451673,10.0499,11.1962,2
608032,357151,428890,86.9342,5.6993,16
608268,78113,429063,38.8759,5.6317,1
608624,75768,429328,11.8634,19.2724,1
608734,428411,429410,82.4473,18.9095,17
608939,74298,429548,22.2935,6.5288,1
608955,429559,476644,414.9565,11.4425,1
608998,76509,429590,14.6742,9.8912,1
609140,75768,429699,8.2865,16.8652,1
609141,429699,430309,12.615,17.6827,1
609231,429771,433468,6.1373,20.5249,17
609361,300813,429861,10.3712,17.726,1
609679,430066,492470,71.9853,4.2426,1
609973,410278,430273,128.0738,8.654,2
609974,78339,430273,23.9096,8.1796,2
610026,76250,430309,14.0136,18.611,1
610320,430525,441760,9.1287,16.2053,59
610321,430526,431715,11.8181,18.9316,59
610322,430525,430526,14.5602,17.2498,59
610352,430547,438965,83.1685,4.4009,1
610373,430566,440839,6.2628,11.7879,17
610708,428596,430813,23.5315,21.8763,1
610851,428024,430912,32.8874,9.5415,1
610990,431012,440839,27.158,9.819,17
610991,431012,431889,96.7729,7.9681,17
610992,431013,440845,9.1773,16.2634,17
611383,431290,446972,7.2495,28.3894,17
611492,431365,434256,21.9317,6.8093,1
611613,431456,441760,28.954,16.2053,59
611671,431492,431682,13.6382,3.6213,1
611725,431013,431525,25.5734,16.34,17
611954,431682,443272,158.3546,4.0,1
611999,422564,431715,94.4757,19.1247,59
612167,431823,468399,24.8663,5.365,1
612222,431857,487032,50.2295,5.3779,16
612264,431889,432490,18.8414,7.6787,17
612269,431892,432257,18.7083,26.4731,17
612662,432182,432859,4.3589,8.0761,1
612768,432257,470301,136.5064,22.4516,17
613008,432360,433158,16.8317,12.3882,3
613195,432489,434500,46.9148,9.7133,17
613196,432489,432490,5.831,7.8648,17
613204,431525,432493,10.7238,16.0268,17
613205,432494,457334,52.8257,16.4252,17
613206,432494,452223,4.43,22.4252,17
613330,432583,435969,18.602,13.0436,1
613732,432859,534847,96.8894,8.0761,1
613926,81880,433000,90.4593,6.1237,1
614124,76509,433131,84.1458,18.9409,1
614193,86157,433131,103.8435,22.6249,1
614250,80494,433158,38.2012,10.8467,3
614423,433287,461475,21.4709,6.8239,1
614457,433309,460728,8.0208,13.1148,17
614686,429410,433468,26.9856,19.8924,17
614946,433652,454340,13.7726,13.617,1
615728,434200,435360,9.4281,20.035,1
615799,428504,434256,5.7446,5.1636,1
615819,433287,434274,10.0499,7.2772,1
616110,434274,434472,5.9161,6.8143,1
616207,430912,434544,24.3196,8.0552,1
616209,434544,434606,4.7124,9.9636,1
616212,434547,459125,4.5962,5.7282,1
616213,434547,441129,34.3657,5.6239,1
617034,435141,436677,88.5513,5.5076,1
617035,435141,445286,81.5269,5.1476,1
617358,79616,435360,13.536,18.8081,1
617462,79839,435433,21.9747,20.1838,1
617516,62962,435472,406.3832,8.4243,1
617589,68838,435521,76.969,5.4754,1
617590,135412,435521,62.6285,4.5708,1
617678,435582,435997,5.4967,5.9036,2
617748,434606,435633,9.3926,12.6884,1
617750,435633,436741,5.6162,16.1823,1
617804,371641,435676,137.5476,22.3831,16
618218,435969,436900,8.1989,16.0663,1
618253,81392,435997,18.1075,5.6454,2
618461,436141,456114,167.6133,7.573,1
618949,436497,696642,59.8275,13.6033,1
618956,432583,436503,31.8247,15.3894,1
619209,80714,436677,3.5901,5.8303,1
619269,414071,436716,134.2715,6.5701,1
619458,435185,436843,45.5595,3.9496,1
619534,81101,436900,10.419,16.3898,1
619665,436741,436986,9.0585,16.0786,1
619716,82058,437001,11.7992,10.4003,3
619765,86251,437032,91.5493,6.7336,1
620098,396502,437266,87.5551,5.1083,1
620100,437266,480011,16.3061,5.7878,1
621025,302339,437915,8.4656,12.3726,8
621254,81099,438070,10.247,22.1814,1
621501,370310,438237,151.3087,8.2063,1
621680,438353,438633,4.8189,5.7748,1
621993,82693,438569,7.0356,21.5746,1
622197,435185,438701,33.1361,4.7405,1
622537,80617,438933,23.2809,5.6541,1
622596,438965,439772,4.4721,4.6596,1
622727,439060,484434,8.0623,19.6445,16
623309,428367,439469,63.8421,21.0428,3
623712,68563,439747,325.4844,6.7045,8
623728,85016,439758,60.4897,6.3638,1
623848,438569,439839,29.425,20.2265,1
624215,432182,440090,23.9374,6.0332,1
624416,440114,550661,165.1944,34.2854,1
625417,84851,440778,33.4237,7.1442,1
625515,430566,440845,106.3417,14.1241,17
625640,433848,440928,48.3942,6.2981,1
625719,98278,440986,169.7072,6.6707,1
627004,428948,441884,34.0033,7.0421,1
627318,442103,472634,56.1397,9.319,16
627596,435472,442301,127.8928,8.1542,1
627827,442463,445286,60.1183,4.4689,1
628464,442914,492470,106.8467,5.3229,1
628617,443027,443196,16.9509,7.6155,1
628618,87631,443027,38.8244,6.4675,1
628853,83708,443196,79.9451,7.5148,1
628954,427676,443272,113.8836,5.4155,1
629159,443418,443419,9.0319,27.5135,17
629161,443419,448336,27.5112,28.2223,17
629347,443550,449625,75.9985,6.5027,2
629489,90912,443641,112.1769,6.1825,1
629516,105293,443659,259.8267,7.8384,2
629893,87130,443925,46.0109,4.9495,1
629976,83482,443980,43.4268,17.0433,1
630078,442914,444048,8.775,6.3638,1
630190,444128,462547,100.1382,5.9155,1
630477,444333,444920,4.0,25.7439,1
630751,415397,444525,29.0689,5.0794,1
630832,444588,521909,66.0114,4.511,1
630977,444690,444796,5.0222,25.8258,1
631117,443980,444792,22.1635,18.4765,1
631122,444796,445404,7.7213,25.8915,1
631296,86449,444920,11.0855,27.0258,1
631786,444333,445259,18.0555,24.4305,1
631864,87489,445313,10.1735,27.633,1
631984,445313,445404,12.013,26.466,1
632073,445460,446966,18.6488,27.6273,17
632709,445916,454537,7.1846,26.6833,1
633796,444128,446674,49.7293,6.521,1
633941,444792,446768,27.9722,20.3026,1
634121,275067,446893,30.3967,6.3284,1
634216,431290,446966,12.0646,27.6628,17
634225,431892,446972,15.4668,28.4954,17
634609,447255,510658,24.6148,4.6856,1
635111,442301,447609,87.7015,8.447,1
635810,448085,448471,33.8969,3.9903,1
636161,445460,448336,20.4179,27.8102,17
636355,446674,448463,26.3439,6.9596,1
636366,448471,449035,35.5949,5.7446,1
637052,87489,448961,18.1169,25.5878,1
637164,449035,523071,65.1221,5.7878,1
637595,449334,451985,3.0,11.3129,1
638003,449625,451096,12.4989,7.4159,2
638418,449912,543822,220.0237,7.5311,6
638419,309139,449912,71.2814,7.3098,6
638473,449955,526737,42.9328,14.6732,60
639085,449955,450382,201.1119,11.7432,60
639275,450511,455604,54.5894,7.5166,1
639718,450824,463588,19.6469,22.4013,3
639983,450382,451008,7.0711,10.738,60
639985,451009,540368,134.771,6.172,1
640103,451096,455434,53.6418,6.6571,2
640109,451101,451980,12.0,6.8522,1
640110,451101,453421,27.9643,12.0208,1
640144,451122,454271,53.1601,7.5074,1
640150,451008,451125,7.6811,11.3129,60
640952,451673,477697,15.0748,11.2393,2
641296,451909,453710,71.7418,3.9495,1
641297,451704,451909,44.3588,4.5822,1
641386,451980,547381,34.4141,7.2218,1
641390,451985,456211,10.4881,9.7735,1
641731,443418,452223,48.2115,25.0688,17
642152,452521,534998,17.8948,6.5557,1
642153,452521,568868,100.1879,6.1825,1
642240,444525,452580,10.3923,4.1829,1
642241,452580,479629,56.5951,4.5616,1
642301,452620,452959,8.0623,11.0408,60
642524,452620,452775,38.4838,13.8766,60
642578,91019,452816,15.1658,11.3137,1
642770,451125,452959,121.396,11.4017,60
643666,453591,453904,7.5498,4.6856,1
643870,453737,554610,36.1417,2.2882,1
644113,453904,531092,17.6777,6.5422,1
644212,429771,453972,38.108,19.6296,17
644366,439747,454086,227.749,7.2715,8
644617,454271,455279,138.351,7.2592,1
644721,454340,726065,21.5896,13.747,1
644829,454420,549482,27.7709,2.866,1
644832,91795,454423,10.2493,5.1515,1
644834,454423,457180,24.9647,6.521,1
644989,440114,454537,170.7442,30.4182,1
645264,454730,459427,36.8103,5.1421,1
646028,455279,534847,63.9105,8.2063,1
646232,455434,470126,185.6454,5.9977,2
646457,93079,455604,7.1414,7.3124,1
646718,455781,550659,13.9306,35.2881,1
646719,455781,550661,4.9329,35.0857,1
646768,455820,486409,25.9808,6.7759,1
646922,455936,545497,45.8718,6.0467,1
646977,455980,524918,98.7128,19.2097,17
646978,455980,549237,4.397,17.3398,17
647163,456114,456953,7.357,10.0225,1
647203,456143,457130,18.5173,5.1421,1
647293,88445,456204,102.8931,6.1926,1
647294,456204,458640,23.9653,5.9329,1
647306,282791,456211,26.6521,6.9219,1
647363,280756,456253,13.5031,22.8255,1
647627,424854,456438,40.8751,4.8139,1
647691,456484,553378,11.8031,25.4544,19
647697,456486,552078,4.8189,47.3937,20
648199,456845,549478,51.8641,7.8534,1
648347,434472,456953,19.4567,8.1777,1
648399,335784,456990,40.0625,13.0073,7
648604,451704,457130,71.3746,5.7748,1
648674,457180,462180,63.3193,7.9067,1
648874,433309,457334,3.6818,12.5592,17
648969,94283,457402,13.7921,4.8289,1
648970,94169,457402,8.4984,6.0402,1
649611,452775,457845,91.1811,27.2364,60
650465,304046,458432,73.7782,4.1621,1
650770,93905,458638,13.8804,10.34,1
650773,458640,459083,9.2736,6.5945,1
651300,105005,458984,132.3628,31.3573,1
651307,458984,480816,150.723,25.1799,1
651520,456438,459125,22.9713,4.5708,1
651522,102251,459126,203.7858,6.4803,1
651942,458959,459423,27.6586,8.654,1
651943,459423,562281,51.462,9.217,1
651946,95684,459427,6.5997,6.3326,1
652007,94168,459464,157.5542,7.2911,1
652008,95030,459464,7.1181,8.1796,1
653105,276909,460243,116.5204,6.1825,1
653170,460287,574763,105.7303,28.3265,18
653766,281572,460698,18.3723,27.5631,3
653767,460698,463588,6.1644,24.9187,3
653805,432493,460728,24.3447,14.4027,17
653938,97012,460839,14.1892,3.9263,1
654865,96685,461498,3.559,6.8143,1
655430,459103,461888,120.9824,6.0346,1
656360,436716,462547,65.7572,6.7417,1
656384,462567,554343,50.4622,26.0972,1
658359,463944,566099,41.8848,12.8826,1
658748,461888,464221,24.6448,5.5075,1
658749,99690,464221,46.0833,4.6365,1
659042,98278,464429,56.2317,6.0092,1
659044,464430,578593,2.7689,10.197,17
659095,90032,464464,172.5936,10.477,1
659096,98474,464464,4.0277,5.521,1
660601,465521,574740,14.1185,6.4685,1
660623,464430,465538,35.2278,10.3635,17
661080,97012,465851,34.6506,5.0378,1
661248,462180,465966,34.7914,11.0465,1
661250,465966,467291,19.6334,11.4623,1
661393,98474,466067,15.1539,5.1926,1
661645,97925,466237,50.4975,9.5826,8
661829,466377,468958,91.3783,24.5344,1
662474,303307,466827,64.9359,4.8289,3
662883,467117,476309,52.1249,10.8681,1
663138,100051,467291,5.764,9.1329,1
663288,283819,467395,90.2552,7.1067,1
663289,460243,467395,11.7473,6.03,1
663478,467533,475770,76.6094,11.3137,14
663652,445367,467658,20.9045,8.9813,1
663653,467658,477545,60.5392,9.2302,1
664348,468155,594983,20.6473,19.5831,20
664691,468399,469848,5.2705,6.117,1
665664,465851,469067,38.0971,5.9329,1
665724,469105,707259,22.7864,8.779,1
665726,469105,720982,6.675,9.6414,1
666167,467533,469416,82.9096,12.194,14
666168,469416,588802,21.3672,8.1908,14
666445,469629,582334,80.2205,12.3837,18
666446,469629,601254,38.1887,7.5261,18
666743,449049,469848,113.5767,6.0738,1
667150,470126,476903,93.1683,7.2355,2
667421,453972,470301,42.8195,20.1985,17
667572,470405,757204,23.8371,15.5657,2
668139,470778,619017,172.5898,22.5247,20
669795,399579,471945,88.6172,8.1723,16
669797,471945,472633,4.1231,7.6888,16
669944,100995,472060,37.229,20.6635,1
670022,468958,472117,69.8355,24.8895,1
670169,472222,474516,65.3104,6.5465,1
670248,455936,472275,224.4594,6.5332,1
670678,472594,599398,10.8012,9.133,1
670679,472594,604591,8.0829,9.505,1
670740,472633,472634,5.4263,9.8322,16
670840,472705,477279,27.0924,5.0949,1
672528,463944,473905,146.7822,14.6057,1
672628,104733,473981,20.5832,23.0527,1
672863,474135,475165,13.0,22.3032,1
672960,103562,474199,31.5278,9.911,8
673001,102602,474231,39.011,9.4497,1
673060,103649,474277,10.8883,25.9286,1
673332,474479,574398,151.5861,9.2799,1
673381,104121,474516,4.0415,7.7054,1
673382,109034,474516,80.6205,8.7977,2
674034,474977,477394,16.8528,7.1756,2
674303,472117,475165,37.4299,23.5227,1
674598,103938,475368,32.402,27.5452,1
674682,475420,482363,120.6789,6.0329,1
674774,474135,475486,15.843,24.7062,1
675211,475770,633581,107.9745,8.2525,14
675563,476018,476136,10.072,20.8199,1
675727,107188,476136,36.4005,18.5964,1
676088,474199,476396,47.8528,11.2651,8
676089,108005,476396,44.0946,10.1141,8
676439,441884,476644,99.9465,9.4307,1
676796,476903,485575,96.7293,8.0584,2
677133,105093,477127,25.4209,6.443,1
677353,477279,606825,52.8919,3.4042,1
677499,477385,478820,19.9388,6.9432,1
677510,477394,497234,184.1877,5.715,2
677566,477429,478861,22.5167,8.217,2
677567,477429,477529,13.3083,7.5311,2
677955,477697,731748,6.3443,10.5479,2
678143,472060,477830,92.6211,20.8566,1
678570,477830,478129,11.5374,20.3138,2
679544,478820,484555,124.4732,5.8941,1
680039,106369,479159,16.9804,4.4126,1
680437,285607,479433,91.3856,5.8735,1
680719,479629,577126,74.0405,4.6795,1
680843,479159,479725,11.7668,4.6213,1
681177,479959,481226,18.412,14.5766,1
681853,479725,480430,17.2341,5.3284,1
682261,108005,480707,29.0995,8.1723,8
682403,480805,537170,54.2402,9.1103,1
682422,480816,481884,9.4868,14.1349,1
683016,481226,481464,12.1681,13.0935,1
683088,472275,481279,114.7214,7.1947,1
683364,110081,481464,32.0469,11.0594,1
683474,478745,481550,39.1709,3.7796,1
683588,477830,481628,55.4867,15.6243,1
683589,481628,486658,109.7287,10.5804,1
683720,481722,484872,34.7131,23.1928,20
683953,481884,484996,54.3589,9.1173,1
684165,108799,482029,12.1335,6.5355,8
684712,482363,482422,4.7081,6.4342,1
684713,482422,496866,164.5458,5.3852,1
684918,482567,620187,41.0261,9.2256,1
685329,38728,482857,22.6936,15.4438,1
685330,482857,757204,88.1986,15.6058,1
686898,68838,483959,71.1914,5.9522,1
686916,482567,483970,24.8596,10.7238,1
687100,482029,484106,85.2382,6.0355,8
687101,110851,484106,19.5533,6.2417,8
687197,484169,629929,215.6461,8.815,1
687572,435676,484434,28.1306,20.8723,16
687723,431456,484542,102.104,16.7014,59
687724,484542,485541,10.8883,16.7178,59
687746,484555,490482,61.3426,5.3852,1
687999,484726,484909,18.0555,7.7426,1
688000,484726,629929,27.6747,7.7426,1
688202,484872,635688,19.6554,24.697,20
688207,437915,484877,27.554,10.4333,2
688255,484909,632712,7.157,8.4749,1
688360,484996,513751,536.0577,6.8407,1
688445,481279,485056,39.37,7.6553,1
688582,485148,631886,14.6477,11.3191,1
688617,476309,485171,130.0346,10.435,1
688618,485171,488504,49.4773,8.8437,1
689180,112378,485575,35.6043,7.1838,2
690349,200721,486409,230.4726,11.4412,1
690432,481465,486464,64.3031,6.7293,2
690433,486464,487853,29.6938,11.5999,1
690685,111842,486658,22.4041,10.6524,1
690796,485056,486731,9.0,8.6023,1
691233,428890,487032,55.4557,5.1736,16
691289,487070,487356,3.9016,4.999,1
691505,487218,616995,60.9863,8.2453,1
691694,487356,492563,49.7784,4.999,1
692149,487688,639560,13.1909,7.0674,1
692329,112376,487821,8.5049,7.2024,8
692330,112648,487821,62.8702,7.8301,8
692373,111617,487853,26.5082,13.1588,1
695197,478745,489875,89.9834,4.4867,1
695199,489875,493822,36.92,5.2779,1
696091,490482,491305,8.7813,5.7748,1
696677,490900,499423,10.3923,7.6468,9
696891,111841,491048,58.2037,12.8606,2
696892,491048,501182,99.4328,11.8078,2
697018,114446,491141,14.1608,6.3668,8
697249,491300,498958,103.9904,6.6472,1
697259,491305,493802,32.0741,6.5822,1
699054,115188,492563,6.9761,4.4203,1
699169,477127,492647,202.6845,6.0202,1
699170,116822,492647,39.6569,6.0895,1
699338,492764,498484,67.2811,11.6317,1
700251,117197,493384,102.7602,5.7511,1
700363,493463,503901,162.3145,26.0905,20
700827,493802,508992,164.9467,6.5,1
700853,113938,493822,79.659,4.4495,1
700951,493898,494433,30.2085,5.9036,2
701687,494422,495922,5.1962,13.0585,1
701701,117194,494431,43.5123,6.0402,2
701703,494431,494432,58.0695,6.458,2
701704,494432,494433,6.2361,6.0495,2
701842,494528,639560,39.0854,4.5765,1
701989,484865,494626,10.0995,26.8786,3
701990,284512,494626,8.8129,21.8403,3
702209,123023,494786,125.2384,7.9462,2
702869,495278,803700,81.9085,6.1201,3
703110,487218,495458,69.8928,8.5134,1
703278,495573,497367,26.4197,6.2404,14
704201,117427,496210,11.3969,7.5498,2
704642,485541,496518,37.4759,15.0816,59
704680,496546,653701,8.0104,5.2617,1
704708,495458,496566,12.3693,7.5317,1
705142,496866,502748,119.0639,7.4096,1
705416,283819,497063,16.0312,8.1771,1
705854,497367,498394,11.7473,4.6583,14
706486,187856,497812,87.7661,7.0153,1
707343,498394,663597,56.7561,3.7199,14
707350,474479,498399,364.8685,10.6943,1
707351,484169,498399,125.1319,11.0596,1
707478,498484,501107,31.8678,11.0664,1
707633,498589,499657,96.9249,7.4407,1
707634,118843,498590,6.8799,6.1401,1
707840,286278,498737,38.6738,14.7815,1
707841,495922,498737,19.1311,14.3069,1
707860,477545,498750,43.5201,8.2498,1
707861,494422,498750,7.6158,10.7944,1
707906,497234,498781,21.1719,5.5335,2
707908,119174,498781,10.1612,5.9036,2
708164,122916,498953,120.9215,7.6155,2
708171,119029,498958,8.124,7.2749,1
708462,119174,499156,103.8059,5.7899,2
708463,119172,499156,7.461,7.9574,2
708532,495573,499206,32.9393,7.1774,14
708533,499206,663388,41.3239,7.2911,14
708838,284983,499423,18.3121,7.2772,7
709085,486731,499595,66.7757,8.5438,1
709376,120639,499793,84.76,6.8406,1
709380,496546,499795,102.3768,3.9822,1
709469,465521,499852,166.1174,5.7439,1
709715,499793,500021,75.5919,5.2361,1
709947,119258,500182,19.9833,6.5981,1
709999,425248,500216,262.3884,8.1707,1
710000,500216,528146,131.8602,9.6285,1
710204,119456,500368,33.2951,6.5927,8
710205,122049,500368,79.7563,6.8553,8
711238,121139,501107,64.2443,8.665,1
711337,501182,514162,119.1092,10.4833,2
711634,501392,502452,19.9499,5.5136,1
711723,501459,503504,30.2641,7.7697,1
711726,501462,506865,218.8245,5.8036,1
711922,122912,501613,94.9789,5.9036,1
712257,501850,504612,27.6908,8.2144,8
712297,501459,501880,14.2127,4.6583,1
713084,502452,508129,59.9667,7.303,1
713118,496210,502477,209.5373,7.806,2
713273,501880,502590,14.8258,5.3325,1
713361,120643,502645,45.3502,7.5317,1
713512,502748,503822,13.0384,10.3071,1
713525,499795,502756,17.8326,3.3028,1
713526,502756,509963,47.0213,3.0811,1
714552,499657,503483,139.4433,6.7774,1
714553,121593,503483,42.244,6.8093,1
714924,444588,503738,74.9861,5.4495,1
714925,444048,503738,7.5744,6.1623,1
714999,118876,503786,104.5241,7.3434,2
715047,503822,504237,11.8977,10.6151,1
715166,503901,503902,5.0,26.7764,20
715167,503902,666575,12.161,26.6063,20
716194,504612,536690,389.3124,7.6018,8
716778,505018,515346,64.5058,4.1231,1
717568,308249,505578,54.74,17.1731,8
717755,125762,505707,57.8331,5.3723,1
718101,118204,505948,91.8355,6.2016,1
718739,504237,506411,28.2862,10.2451,1
718740,124509,506411,37.7138,10.9865,1
719364,502590,506865,35.9379,6.1237,1
719480,502477,506952,65.0453,7.9363,2
719481,124659,506952,50.7466,7.1067,1
719500,122478,506969,13.2539,5.1197,1
719501,506969,507601,7.7028,5.1636,1
719790,122821,507170,17.9444,10.315,2
720196,507458,675571,58.4437,6.7759,1
720197,507458,514026,90.3604,7.1411,1
720284,507515,687300,65.4574,5.465,1
720797,488504,507876,189.2961,8.1844,1
720798,507876,514026,206.0898,7.6367,1
721168,508129,514190,124.2292,8.4186,1
721355,508258,508486,14.3527,3.8643,14
721383,500255,508275,96.1775,10.8012,5
721385,508275,513061,39.0683,12.8352,5
721696,508486,511828,56.4712,4.3523,14
722128,285808,508785,20.1694,19.5395,2
722424,124369,508992,6.5574,5.8723,1
722744,506804,509213,39.7003,4.4954,1
723469,509730,513037,51.2055,5.9853,1
723470,509730,687267,53.3635,5.1736,1
724260,509213,510296,12.3378,3.8643,1
724295,510319,517189,85.5389,7.0988,1
724791,439772,510658,37.9547,4.511,1
724888,124083,510723,62.8667,5.9977,2
724889,510723,514175,104.0118,6.7223,2
725081,510866,676431,48.4013,5.1926,14
725265,126710,510995,70.4911,5.1926,2
725288,438701,511010,83.2448,8.032,1
725289,448085,511010,162.7187,6.0678,1
725397,123952,511089,51.074,7.5,2
725500,284787,511162,27.5741,8.7329,1
725767,509963,511357,38.223,4.4534,1
725839,126710,511407,27.2458,7.383,2
725866,511424,515341,48.2494,22.0166,2
726014,292468,511524,51.238,9.3551,2
726015,284733,511524,35.8608,7.5317,1
726153,123461,511633,68.5263,5.6239,1
726155,128609,511633,50.8199,5.4,1
726444,511828,675507,23.4781,4.8408,14
727504,130129,512607,176.2432,6.4862,1
727505,512607,519596,63.1919,6.3991,1
727692,512739,672010,87.1302,5.3723,1
727925,285232,512901,11.7851,4.6708,1
729117,128666,513751,74.7485,6.7921,1
729324,511413,513900,27.1396,6.2634,1
729325,133114,513900,90.7169,7.7501,1
729707,126545,514175,31.0,6.6814,3
729726,514190,518884,44.2245,7.7728,1
730325,514638,682717,42.785,11.9787,18
730327,514638,514639,9.8489,12.4371,18
731031,441129,515123,34.8575,5.6618,1
731283,512077,515295,30.9139,8.5957,1
731284,515295,520147,129.5934,8.7909,1
731338,285573,515332,4.5461,15.7106,1
731350,515346,523471,56.2228,4.7541,1
732189,515946,684429,13.1233,4.7361,1
732726,126545,516318,152.4158,6.5769,1
732727,516318,518662,45.8034,7.2772,1
732737,516324,517559,11.1271,7.432,1
732860,510296,516416,103.3124,5.0196,1
733076,514175,516562,28.8174,6.5981,5
733253,284792,516693,14.1303,9.71,1
733497,513061,516856,49.5278,13.0935,5
733708,516416,517002,43.6832,5.0196,1
733709,128513,517002,36.0262,4.511,1
733714,517005,517070,14.0633,8.8401,5
733812,128070,517070,11.9443,7.7973,5
733816,517005,517073,12.2066,8.217,5
733984,517189,520712,91.9527,7.3849,1
734276,517400,675869,38.2187,8.8737,14
734277,517400,538674,119.0168,8.0884,14
734506,130129,517559,46.7119,6.1942,1
735008,290632,517910,42.8641,4.5306,1
735116,439060,517984,68.3268,23.0421,16
735824,518478,533509,167.9911,8.7847,1
735833,128513,518484,14.4453,4.511,1
735834,518484,522105,62.2321,4.7541,1
736080,136942,518662,237.859,7.4833,1
736100,456990,518676,22.4623,12.7195,7
736198,517073,518743,62.5504,7.0707,5
736397,130398,518884,54.6596,6.5701,1
736579,517984,519011,5.9067,26.0479,16
736580,453421,519011,78.1516,21.4661,1
736656,496518,519057,143.4197,16.5023,59
736657,451009,519057,123.3775,10.94,1
736866,519206,521075,52.0609,6.6814,2
736913,519238,678232,48.7186,6.3901,1
736914,519238,522501,43.3244,6.2237,1
737431,519596,524744,56.6765,5.9106,1
737574,519011,519704,6.675,25.8357,17
737750,519834,682717,46.1435,10.0726,18
737837,128978,519891,15.2643,5.1495,1
738168,133532,520123,58.1245,11.654,2
738203,130138,520147,5.5877,9.7754,1
738239,129968,520173,13.2916,4.0123,1
738363,520266,531998,134.9778,6.0662,1
738373,130066,520273,33.2749,8.6231,2
738722,520508,525802,23.8564,5.2208,1
738723,450103,520508,12.9262,3.8378,1
739022,134923,520712,59.3605,5.2631,1
739062,519845,520738,86.9138,8.5355,1
739209,519959,520851,33.0,6.1237,1
739253,129337,520885,29.4147,7.9169,5
739512,520273,521075,99.1374,8.1401,2
740414,143789,521714,6.4464,6.2429,1
740685,521909,534998,102.8578,5.2631,1
740713,521929,677672,82.2133,5.8941,1
740715,521929,523469,19.2354,6.1926,1
741482,302380,522460,18.7172,6.8166,2
741729,522636,687509,54.4977,3.3541,1
741730,522636,528321,38.0132,3.6503,1
741782,522676,691243,3.2998,7.8079,1
741923,522773,524921,26.6833,5.8416,1
741950,512739,522791,125.8372,4.6213,1
741952,522791,523450,11.0454,4.3574,1
741989,522817,691693,11.6842,6.2445,1
741990,522817,523469,8.3666,6.5822,1
742347,523071,524748,66.273,7.303,1
742547,523215,525560,20.6398,21.9414,2
742766,507515,523371,388.7017,7.5523,1
742787,519891,523383,42.5846,6.9188,1
742789,523383,525200,13.3458,5.7016,1
742876,523448,691517,3.5901,5.0495,1
742877,523448,526403,21.4709,4.5616,1
743412,448463,523813,9.1773,8.6692,1
743445,523839,646155,261.5535,9.5866,2
743481,523864,698775,143.7846,7.5667,1
743482,523864,523865,21.2132,7.1062,1
743662,131260,523992,25.186,5.9402,5
744479,521714,524557,71.8958,5.8698,1
744604,523992,524654,29.9096,7.7016,5
744605,134991,524654,46.0202,8.437,5
744728,135743,524744,84.5734,6.5463,1
744735,523813,524748,38.5299,9.7025,1
744823,524818,684429,37.2589,4.2976,1
744825,524818,708056,62.9274,4.3528,1
744826,524819,696959,35.5934,4.1583,1
744828,524819,524821,69.9214,3.7796,1
744954,519704,524918,34.176,23.6832,17
744960,524921,701522,46.2133,5.1515,1
745046,524977,550659,46.6743,32.6323,19
745053,456484,524977,35.2491,27.8295,19
745381,525199,551751,205.9169,6.9465,2
745779,287820,525495,20.0305,8.6309,1
745875,525560,699043,58.4637,19.0254,2
746204,456845,525802,66.1891,5.8698,1
747017,526361,532055,68.1616,6.5822,1
747025,133178,526368,17.2434,6.2281,1
747076,526403,529387,62.0081,4.6111,1
747355,519834,526610,104.9619,7.6367,18
747542,519057,526737,69.8323,17.147,60
747580,134314,526762,8.9815,7.1645,1
747658,523471,526828,82.9518,6.0467,1
747863,526971,689663,57.709,7.7776,1
748299,526368,527289,7.2265,7.4725,1
748658,525200,527532,18.2049,5.0196,1
749159,527893,676754,190.2122,6.0495,1
749203,523371,527923,34.5832,8.1368,1
749503,442103,528146,54.0466,9.428,16
749504,528146,586189,193.0595,8.8293,15
749752,519959,528321,169.9265,3.8637,1
750108,527289,528559,17.2337,7.1386,1
750121,528566,699816,10.0499,3.217,1
750626,138513,528933,70.7332,14.8817,5
751282,529387,699040,3.448,5.5495,1
751685,529672,706568,41.0271,3.9495,1
751788,526610,529745,37.9078,8.1332,18
752360,158518,530139,20.3879,4.5616,1
752740,136642,530409,96.7982,9.1488,1
752974,530564,696931,48.439,6.4419,1
753215,530743,532309,63.0952,15.0239,2
753448,518478,530907,94.8578,8.2382,1
753505,450103,530950,17.8284,3.8944,1
753685,449940,531092,24.6475,4.5927,1
753947,523450,531278,49.7393,4.3574,1
754007,530564,531323,46.8615,6.8111,1
754008,531323,709869,56.7944,5.0707,1
754353,137634,531571,20.199,3.7247,1
754513,138388,531683,42.6888,8.3031,1
754546,135016,531706,68.8033,6.5769,1
754555,531712,542443,13.4164,8.7176,1
754556,290632,531712,21.6025,7.2598,1
754713,531820,532891,73.9332,9.2466,1
754947,137351,531998,3.6968,7.6155,1
755202,532177,540322,19.9555,4.999,1
755373,532309,696472,40.7008,11.0693,1
755374,532309,540783,99.8899,12.8834,1
755554,137578,532434,14.3372,6.2281,1
755863,531683,532652,66.6967,7.9681,1
756210,532891,537902,134.3974,8.1453,1
756342,135365,532974,68.6319,7.3761,5
756617,134150,533166,59.8999,6.085,1
756618,139536,533166,26.6396,6.364,1
756634,132883,533178,123.0226,7.1585,2
757064,185933,533496,74.6855,5.1926,1
757075,138884,533503,18.3485,3.5811,1
757084,288495,533509,16.7498,10.1627,1
757176,284983,533572,99.2505,7.0355,7
757177,296872,533572,104.5062,8.7202,7
757602,533890,690245,174.5754,10.0954,1
757775,532055,534017,38.5681,8.744,1
757776,534017,536690,129.0743,8.8148,1
757822,534053,549579,131.689,6.4787,1
757870,534086,702215,15.8623,11.6206,18
757871,534086,536578,16.4012,9.8995,18
758414,534053,534465,47.5815,5.2361,1
759820,136493,535458,75.151,6.5123,1
759821,535458,536567,6.5744,6.2264,1
760373,535839,747130,11.8415,7.4051,1
760414,535871,705181,51.2738,4.0123,1
761419,536578,549016,95.0684,7.9078,18
761593,146594,536690,165.3471,7.6938,9
761776,533178,536814,99.4675,6.3284,2
762217,530950,537114,42.4207,4.2361,1
762218,454420,537114,22.6029,2.866,1
762230,139111,537122,117.1149,7.8648,1
762300,294984,537170,54.0062,8.9985,1
762819,535871,537552,118.0297,4.1068,1
763077,537732,541257,60.7124,4.6993,1
763330,139845,537902,51.1924,8.3574,1
763332,537122,537903,67.0605,7.9637,1
763690,139819,538157,15.0333,8.8549,5
764192,139284,538509,39.3531,6.6142,1
764193,537903,538509,133.4966,8.584,1
764645,538819,541257,61.7981,4.8284,1
765226,539249,539889,28.6918,9.5083,1
765270,536567,539276,31.6789,5.9036,1
765271,141638,539276,8.6795,4.4203,1
765272,533888,539277,146.3485,7.7054,1
765404,539368,571904,22.3809,9.3284,2
765796,140698,539631,18.9737,5.7865,5
765797,142019,539631,30.5396,6.03,5
765802,539635,539998,5.0222,6.6401,1
765828,539654,555715,22.5964,25.7698,19
765959,290216,539743,24.8126,9.1572,1
765960,539743,542443,7.3485,8.7176,1
766163,143585,539889,35.5246,8.4532,1
766308,515123,539990,53.5646,9.2748,1
766322,157239,539998,171.8303,5.6926,1
766663,527893,540240,117.5542,5.9036,1
766750,540305,707783,59.3656,8.5149,1
766774,449049,540322,90.0568,5.3218,1
766843,451122,540368,17.5468,8.4545,1
767440,540783,543429,71.3933,9.8423,1
767532,139586,540847,33.8329,6.4862,2
767534,159536,540847,204.3184,7.303,2
767576,539277,540874,39.5727,6.4806,1
768253,541330,554716,10.198,4.4964,1
768770,147127,541711,64.6864,5.5317,1
769313,542096,546345,32.6556,4.5634,1
769394,542160,545754,27.2199,12.0428,1
769552,542269,551573,87.1735,10.4976,2
770325,538674,542803,34.0588,7.8421,14
771216,540305,543429,61.4329,7.8102,1
772064,148309,544002,54.7296,5.6317,2
772275,309700,544153,38.3101,5.567,3
772401,540874,544241,83.5205,7.7645,1
772721,447255,544466,99.0095,6.1412,1
773439,544984,545350,12.1381,4.0495,1
773683,539635,545157,91.2561,6.8416,1
773684,545156,545157,53.8455,5.651,1
774153,440928,545497,422.9144,5.5902,1
774514,545754,550099,42.3128,12.3734,1
775062,546139,711785,38.6911,6.9034,1
775191,145353,546235,7.2495,19.2574,5
775361,546341,546783,2.8284,2.8831,1
775417,546380,547504,37.8139,18.6869,5
775423,145644,546385,6.9821,7.6533,2
775645,546546,548711,16.8984,6.3224,1
775964,546783,548399,9.4868,3.1583,1
776691,547290,696186,344.5125,7.2426,1
776818,453591,547381,13.3542,6.1412,1
776977,547504,551608,55.2175,19.4919,5
777027,547539,719809,14.0351,5.2631,1
777129,144994,547617,77.3612,7.3151,1
777229,544002,547685,44.6843,5.7899,2
777230,547685,553911,70.1087,5.6899,2
777605,546345,547939,15.5152,3.3708,1
777606,150970,547939,60.0102,4.7404,1
778233,548399,550848,62.2013,3.3708,1
778683,548711,555439,88.0013,6.3533,1
779110,549016,720372,43.5813,6.1203,18
779170,549054,550329,33.3017,4.2523,1
779789,458959,549478,57.5577,8.962,1
779794,457799,549482,138.5276,3.8028,1
779925,549579,551980,25.9615,8.1796,1
780380,146020,549919,44.1273,5.9545,1
780625,550099,551741,36.1278,13.3484,1
780948,547603,550329,20.199,3.6736,1
781162,289382,550478,11.8534,21.9129,1
781432,456486,550659,21.924,40.5118,20
781698,550848,725518,13.6991,5.0724,1
781924,546139,551011,28.8097,5.7007,1
782592,547290,551485,87.8237,7.1533,1
782594,551485,562801,247.5237,8.2764,1
782691,551549,721244,46.7012,4.7608,1
782721,551573,554288,30.6974,10.6977,2
782730,551580,726389,8.518,6.5927,1
782944,151234,551741,48.6587,12.892,1
782979,150126,551768,50.7346,6.2283,1
782980,551314,551769,19.6908,7.0711,1
782981,551769,553910,67.8651,5.6569,1
783393,552078,557171,25.6528,46.6016,80
783667,544466,552260,19.6186,7.5452,1
784261,144961,552681,144.2429,6.1926,2
784262,155326,552681,81.9003,6.5332,2
784314,552719,724595,10.8474,10.5587,1
785019,294856,553203,33.589,17.1449,1
785274,457581,553378,7.0223,24.9993,19
785609,552852,553634,110.1782,7.1062,1
785992,150126,553910,20.5805,4.4126,1
785993,149953,553911,3.7859,5.2779,2
786593,460287,554343,167.6945,28.5431,18
786594,554343,561197,40.952,27.5622,19
786690,291854,554413,18.8033,9.3261,1
786972,457799,554610,5.7927,3.3839,1
787130,554716,562285,9.2736,3.4758,1
788137,151156,555439,33.2666,7.1442,1
788217,555493,728724,4.6786,6.1644,18
788399,555617,563904,74.9209,5.6317,3
788455,555661,561617,79.63,7.0094,9
788529,457581,555715,8.0623,24.1658,19
790022,556767,557900,45.9033,7.8384,2
790471,554288,557105,19.7231,11.5537,2
790565,457845,557171,6.866,41.0487,60
790566,557171,574767,31.0798,37.1932,20
790853,555661,557366,104.5838,8.109,9
790854,154989,557366,83.0134,7.5027,9
791073,152980,557526,86.1233,6.8365,2
791240,548455,557647,23.7276,5.6825,1
791336,152034,557722,74.8369,25.3278,1
791554,557881,561780,59.143,12.3494,1
791580,557526,557900,39.3475,7.7991,2
791873,557105,558106,7.9232,10.9787,2
793021,558914,729296,28.5854,4.1926,1
793023,558914,561469,34.4529,4.8139,1
793290,559097,560536,23.4094,3.5616,1
794081,289016,559663,29.2005,9.2676,1
794083,559663,565867,7.3485,11.3692,1
794107,559682,733405,38.2991,4.8708,1
794620,559180,560059,8.8318,15.1395,14
795172,154242,560452,11.5998,20.5125,6
795296,560536,736255,16.0624,3.2863,1
795834,288466,560926,36.4951,14.4361,2
796215,539654,561197,27.1518,26.7578,19
796366,551549,561300,78.4156,3.8643,1
796368,561300,564708,78.032,3.1796,1
796840,561617,573900,163.4387,6.2838,9
797082,561780,563666,25.5147,10.3096,1
797123,311163,561808,25.8715,4.6111,3
797334,561954,568899,51.0882,1.8251,1
797698,560999,562206,45.7165,6.0738,5
797814,562281,563740,18.4872,9.4497,1
797820,356068,562285,106.1114,4.7541,1
797874,561808,562329,16.7697,4.241,3
799170,155286,563240,8.25,3.4611,1
799285,563314,571422,83.4759,9.2001,5
799760,563666,564765,40.0441,10.7123,1
799865,563740,568302,23.5278,9.9747,1
800058,302980,563880,33.9706,2.6992,1
800059,307890,563880,7.3937,4.4534,1
800093,551447,563904,14.6097,5.2421,3
800380,564107,734430,107.0261,3.9142,1
800382,564107,740703,10.8012,2.8284,1
800595,155179,564257,12.5952,7.3852,1
800699,563870,564333,6.884,5.2676,9
800700,564333,565320,10.5418,3.8534,9
800947,155279,564500,94.4205,8.6409,2
801204,562801,564672,79.9375,8.2764,1
801333,564765,565926,10.7776,11.3106,1
801653,564998,740040,46.9988,15.1587,14
801699,562206,565026,40.1345,6.2264,5
801700,156314,565026,15.3695,6.0467,2
802050,183261,565286,55.0051,7.6282,1
802627,201640,565682,186.2203,7.4736,1
802645,565696,721355,139.141,9.217,1
802647,565696,572732,66.2873,9.815,1
802876,292129,565867,14.0791,14.8883,1
803038,565975,742447,14.5945,4.3028,18
803204,539990,566099,108.9113,12.4965,1
803227,552719,566114,120.0208,9.5503,1
804511,566114,567022,8.124,8.8853,1
804738,567185,749838,42.0714,8.032,1
805307,567583,567934,3.6056,15.9169,14
805802,567934,740572,85.5447,14.8508,14
805837,157409,567960,11.5801,6.9432,2
805995,564029,568074,38.3793,6.5557,1
806117,568154,572486,54.5145,20.9335,6
806335,473905,568302,165.2705,13.2863,1
806400,158838,568349,8.34,10.1098,1
806561,568462,578386,70.0206,4.9839,9
807155,472705,568868,101.954,5.7439,1
807812,568074,569324,17.3997,7.1067,1
807910,564672,569392,60.3158,8.4253,1
808751,570004,746247,4.9329,16.5831,14
809004,219699,570183,121.0015,13.8737,1
809005,552918,570183,15.8114,12.3643,1
809311,570396,750081,22.2835,1.7071,1
809921,570825,571520,19.1658,5.2208,1
810303,571107,577672,99.3013,4.8341,1
810305,165216,571109,148.6345,5.5616,5
810482,570004,571246,18.5742,16.8648,14
810497,571257,746292,8.756,16.3623,11
810805,571478,571903,39.4462,4.6111,18
810859,159623,571520,22.4029,5.5414,1
811401,571903,572252,20.3224,4.511,18
811402,571904,761930,12.6673,6.8596,2
811864,572217,585589,11.8743,11.8443,2
811913,572252,749013,74.6868,5.9495,18
812258,572486,573906,22.4901,21.7197,6
812601,572732,758451,127.8211,10.7923,1
812617,572743,751396,16.8688,6.9159,1
812691,572796,574185,18.918,5.521,2
813099,160840,573089,6.1555,4.7431,5
813333,571422,573264,22.8059,9.0182,5
813339,571246,573268,21.4709,16.2053,14
813823,573609,748906,6.442,18.0017,11
814002,572743,573740,11.9164,5.8541,1
814234,573900,576728,33.7627,5.9106,9
814241,573906,575388,29.968,21.4338,6
814505,574099,575976,13.6382,10.3457,11
814614,574178,575450,2.4495,11.7435,1
814625,159588,574185,80.5854,6.8904,2
814916,552260,574398,110.4964,7.9702,1
815250,573609,574641,8.3666,13.5687,11
815277,574661,574662,6.0828,12.7241,1
815393,532177,574740,70.5479,6.1896,1
815429,463501,574763,11.6428,28.9723,18
815436,574767,584595,25.7531,25.2704,20
815867,575075,754513,14.3527,8.4495,1
816320,166413,575388,75.4343,20.4121,6
816353,575410,588842,24.0416,7.9582,1
816354,294142,575410,8.6927,9.5353,1
817122,573268,575967,21.5407,15.1488,14
817135,575976,746480,64.2484,16.0279,11
817295,463501,576088,9.8939,29.4866,18
817296,465546,576088,113.4264,28.6339,18
817594,159556,576289,43.3,8.8853,1
818199,167258,576728,103.4621,6.364,9
818250,576764,751381,18.5346,10.9016,11
818251,576764,753620,3.9158,8.654,11
818276,576784,752836,6.2959,10.3959,1
818681,576784,577089,4.6904,10.1253,1
819336,167263,577562,43.7988,7.4736,1
819582,462567,577733,16.4012,21.5292,1
819583,466377,577733,62.5033,22.1199,1
819780,577089,577871,9.434,11.4291,1
820019,576763,578046,20.4695,8.1796,11
820020,578046,578489,10.4403,10.3048,11
820040,578062,578381,10.9545,11.2914,1
820345,571478,578277,46.1844,5.5495,18
820505,577871,578381,15.1658,11.6997,1
820511,578386,580533,86.8536,5.6825,9
820644,578489,751081,82.1542,18.5322,11
820783,549237,578593,158.286,14.1303,17
821478,162168,579102,41.9603,5.8807,5
821636,169965,579218,73.0068,9.2636,1
823077,580254,583788,30.4822,7.3247,5
823475,580533,581210,63.7382,5.262,9
823609,576289,580629,65.2409,7.6088,1
823610,580629,582425,21.3985,6.2368,1
823638,438237,580651,166.577,9.0182,1
823639,467117,580651,9.8093,9.8405,1
824817,170839,581502,70.7594,5.3284,5
825063,581676,582334,7.4917,17.4868,18
825065,465546,581678,309.4344,23.6166,18
825066,581676,581678,11.1337,18.9886,18
825341,175177,581869,20.3033,6.1964,1
825419,581926,760964,17.4499,19.2354,11
825711,581210,582134,26.6166,4.7431,9
825712,167258,582134,3.6968,6.4078,9
826012,575967,582354,49.5278,16.2057,14
826013,582354,584725,14.9666,19.1532,14
827647,578277,583512,92.6607,6.2016,18
827943,524557,583731,123.7982,6.03,1
828020,583788,588937,61.9825,6.6726,5
828083,583512,583831,38.3406,6.7723,18
828244,166356,583940,58.3026,6.085,1
828385,584044,589431,52.1842,7.129,9
828434,584076,593631,90.201,4.4068,1
829156,584588,713460,44.5495,16.6283,1
829166,468155,584595,24.7229,20.1639,20
829344,584725,765809,75.8569,27.115,14
829583,584902,756203,62.0151,20.8166,11
830285,167633,585415,29.0689,4.729,5
830515,294865,585589,32.665,7.3708,2
830648,585415,585675,7.3041,3.6795,5
830896,585846,586234,21.1371,6.7016,9
831085,585979,770183,38.1903,5.1421,1
831112,583831,585995,52.259,6.6529,18
831314,571500,586141,89.4087,6.0992,2
831381,586189,588802,19.9053,6.8163,14
831459,586251,702730,50.9192,11.6182,1
831460,586251,626277,14.6758,16.2835,1
831825,586496,587663,19.1511,5.985,5
832515,586976,767104,31.4219,12.4836,1
832899,172563,587246,147.0019,8.0809,1
833475,179488,587663,132.4741,6.6921,5
833530,587705,767673,56.0446,12.6589,1
833860,587705,587934,10.0499,12.6239,1
834078,175968,588095,77.8389,19.3753,6
834238,588213,765906,11.8884,24.1453,12
834518,588422,762528,50.9008,4.6708,1
835126,297289,588842,15.438,7.2108,1
835264,173502,588937,36.2261,5.6317,5
835468,589084,765517,64.7995,22.0893,12
835789,589314,754701,65.8171,6.5135,1
835790,589314,769199,129.6414,5.7386,1
835943,585846,589431,31.5862,6.5557,9
836318,588213,589702,51.4101,25.0608,12
836517,589848,759050,55.2361,5.8284,1
836628,171618,589925,6.7741,8.5987,1
837123,587934,590275,20.6398,13.4682,1
837124,590275,767104,22.9637,12.3858,1
837319,166845,590413,59.4475,6.2149,5
837699,590696,599668,30.6757,5.3033,1
837703,590696,590699,8.775,5.4075,1
837785,590758,766924,16.5915,12.4446,1
838182,589702,591023,11.225,24.8109,12
838311,591119,592322,23.8537,6.6028,1
838463,171236,591231,30.9659,7.4096,9
838464,172656,591231,38.694,8.9596,9
838701,177077,591402,41.1015,5.4075,1
838703,591403,594528,65.1136,14.293,1
838762,591450,769057,12.8722,21.3304,12
838780,175054,591464,26.1725,5.7386,1
838808,588422,591490,22.7156,4.1213,1
838809,591490,770551,13.3874,4.4495,1
838856,591524,764498,51.5256,9.7846,1
839178,591738,768307,11.4988,13.5403,1
839179,591738,594947,29.1376,11.3137,1
839412,591902,597363,55.9553,11.7643,1
839774,165992,592151,27.4591,4.0941,1
840006,592322,595266,27.5318,6.3546,1
840198,592455,775559,69.9476,13.6141,1
840243,592489,592661,9.9499,33.3671,12
840452,592661,768898,22.2036,32.5857,12
840517,592324,592710,108.7587,6.9765,5
840744,592864,763056,138.6915,10.3176,1
841117,171060,593143,62.2807,7.4275,2
841118,593143,607160,108.4054,8.4922,2
841243,593230,598052,53.4977,8.0355,1
841591,593469,769371,7.0,34.3564,12
842041,583731,593793,11.5758,7.9185,1
842042,593793,636480,58.6941,9.9131,1
842161,593870,770420,9.4637,34.1232,12
842670,175795,594245,7.6085,6.7453,1
843070,176982,594528,33.7524,9.9031,1
843126,590413,594566,34.7851,7.0688,5
843127,594566,605151,83.5858,5.365,5
843260,176853,594663,17.2047,6.2404,1
843609,594915,595373,52.7826,40.9585,1
843910,595133,595296,61.0819,3.9822,1
844108,595266,775822,35.57,9.4051,1
844149,595296,768485,37.2782,4.7182,1
844244,595373,771630,4.1899,41.8561,1
844251,595378,595596,11.7047,34.6465,2
844547,594983,595582,9.0481,20.5123,20
844548,470778,595582,13.8644,20.525,20
844552,595586,772478,41.8396,43.0142,1
844558,595591,771762,3.3166,39.3053,1
844560,595591,595592,4.1231,38.4605,1
844563,595594,772484,22.8449,37.2843,1
844567,595596,771956,3.3166,35.4304,2
844787,595742,770263,16.849,4.5274,1
844855,595790,596983,9.2736,5.3218,1
844968,595594,595865,4.3589,36.2904,1
845462,596235,771732,29.7327,17.8807,12
845463,596235,773365,8.9256,18.0821,12
845500,596262,596403,22.8254,42.7215,1
845504,595865,596266,6.0,36.6176,1
845506,596267,772885,16.1177,37.2815,1
845507,596268,772249,24.7701,36.9524,2
845509,596268,596269,4.1231,35.9999,2
845704,596403,772653,6.7128,43.3347,1
845706,596405,772659,2.7689,36.6671,2
845929,596262,596559,10.8167,41.1534,1
845939,596567,772486,6.2716,35.4541,1
845941,596568,596763,6.4807,36.888,2
846227,596763,773181,25.3493,37.3832,2
846302,596812,600769,32.4037,33.6227,11
846554,180401,596983,23.2666,5.1881,1
846620,596267,597031,9.3808,36.5084,1
846783,177077,597144,3.9158,5.8303,1
846784,597144,603563,55.4066,5.9545,1
846824,597171,599512,41.7196,5.5649,1
847098,597363,775822,28.2115,11.2227,1
847487,176853,597662,11.5181,6.0822,1
847488,178316,597662,21.8632,6.9228,1
848480,598373,599660,25.9594,2.8831,1
848679,597171,598517,46.7155,5.4704,1
848907,178273,598684,6.8799,8.4853,1
849279,598950,773657,12.1198,8.2064,1
849280,598950,600321,10.0499,12.4392,1
849338,598994,756824,9.3005,7.5927,1
849916,465538,599398,89.3047,9.5219,17
849917,599398,601254,67.9709,7.6474,18
849966,598517,599432,40.1793,6.1336,1
849967,598725,599432,18.7999,6.5355,1
850082,178931,599512,13.2372,4.9286,1
850118,180527,599533,9.0308,8.2877,1
850119,599533,637062,50.4579,11.3878,1
850308,599668,680878,23.8654,12.0535,1
850697,180595,599942,26.3755,4.5738,1
850866,600067,780034,108.2497,8.3127,17
851163,600294,770551,38.8916,4.5708,1
851195,600321,777271,10.4403,14.1647,1
851385,179096,600453,51.4742,5.8616,1
851386,600453,603110,32.7669,8.8201,1
851632,595742,600625,45.1221,5.7002,1
851639,600633,601137,6.549,6.7428,5
851822,600769,603035,21.4009,32.0534,11
851917,268708,600838,57.1985,25.8445,2
851925,583940,600846,106.9084,5.2881,1
852182,179030,601034,16.4418,8.0584,1
852199,601044,775365,12.53,18.0192,12
852200,601044,777003,9.6954,17.5921,12
852256,601085,601287,53.9475,6.8522,1
852332,182809,601137,39.4081,6.9188,5
852343,598185,601144,151.2248,9.1077,5
853181,601729,778419,13.9603,15.0866,1
853451,585995,601917,202.1435,7.719,18
853499,598373,601947,41.023,4.3509,1
853500,600846,601947,32.6752,5.4312,1
853788,602144,777909,10.7986,17.6741,12
854467,601085,602632,43.1246,6.1451,1
854741,185529,602829,80.0916,17.1065,6
855020,603035,778300,4.9329,30.4875,11
855116,181780,603110,2.9814,8.0884,1
855296,603232,778602,5.4671,3.8643,1
855764,603563,605401,14.564,5.7748,1
856493,600294,604084,32.3883,4.1213,1
856494,603232,604084,54.7083,3.8028,1
856529,604113,646442,41.254,12.0764,1
857998,188582,605151,55.0023,5.4909,5
858346,186740,605401,59.3801,4.872,1
859136,605968,611552,60.9016,4.3589,1
859437,606178,779409,9.5812,3.9637,1
859513,606241,655637,74.7329,10.2121,2
859522,172699,606248,117.983,7.6178,2
859523,184157,606248,7.2572,8.6886,2
859538,600625,606260,34.0735,5.5257,1
859943,606539,606733,31.1288,11.6593,4
860173,586189,606704,66.8319,8.7203,1
860210,606733,607806,11.9164,11.0814,4
860818,184484,607159,12.5186,6.9989,2
861324,606178,607525,11.0,2.5322,1
861693,607806,786647,99.3886,11.2663,4
861696,607808,608507,17.2079,3.8643,1
862540,608427,781952,4.4969,28.4687,11
862629,608495,781717,8.0208,4.6993,1
862691,601917,608536,94.8999,9.3272,18
862701,608543,777909,40.1324,19.3574,12
863100,606704,608816,20.8367,10.9939,1
863288,601034,608942,82.4203,8.5149,1
863635,188684,609212,95.7653,11.3358,1
863692,605968,609255,37.6298,3.5937,1
863976,609212,609468,50.0722,12.8552,1
863977,609468,611115,12.5344,12.4914,1
864159,186727,609601,37.3988,6.7759,1
864341,609725,803309,131.8054,6.0467,1
864718,609985,781952,7.5425,26.1108,11
864767,165059,610021,310.5938,7.1947,3
864768,181010,610021,84.3534,6.9228,3
864891,610105,782425,5.7155,18.7248,12
864894,610107,782934,4.714,9.7947,17
865068,610227,782479,5.8595,3.3839,1
865069,610227,784021,28.5606,4.0811,1
865120,610267,778306,55.6566,15.6235,4
865227,609024,610349,8.7178,7.8367,17
865228,610349,627161,188.5683,12.1434,17
865757,610714,616715,46.9148,14.8642,1
866535,611273,630547,130.2229,19.2781,2
866588,611303,782974,37.5973,17.4718,1
867157,189262,611712,25.3772,6.0837,1
867209,608495,611756,20.664,3.9324,1
867377,190081,611881,83.3367,6.2281,1
867721,612124,783102,9.8413,21.233,4
868206,612470,781459,74.0308,6.4546,1
868207,612470,623585,72.0,7.9671,1
869419,602632,613341,68.1477,5.9907,1
869495,608536,613395,32.6956,9.9345,18
869496,613395,793745,258.4645,7.9366,1
869608,613475,613641,8.1467,7.2636,5
869609,188582,613475,36.9362,6.2429,5
869859,613641,616615,17.561,6.9343,5
869868,613647,624753,78.1729,9.4536,1
870053,613773,786751,34.1256,3.7796,1
870054,613774,786751,35.122,3.7796,1
870111,601911,613816,96.3015,5.9508,1
870112,197626,613816,119.756,6.1531,1
870500,612124,614103,10.7703,19.8503,4
870743,611756,614274,15.843,4.5616,1
871376,610105,614730,33.6155,18.6996,12
871506,613773,614821,7.6811,4.1829,1
872438,615496,787463,16.8325,26.6215,1
872443,303439,615499,47.8992,10.1961,7
872444,296872,615499,51.1881,11.1151,7
872448,615501,786291,30.3132,10.0789,4
872449,615501,787311,4.761,10.3959,4
872597,475486,615610,110.1297,26.7111,1
872598,615610,634531,58.9614,17.9222,1
872691,268708,615670,39.3475,19.269,2
872692,615670,641035,12.6007,10.8705,2
872715,615687,786750,55.3022,3.9921,1
872716,615687,617247,24.7588,4.4126,1
873295,616087,788012,8.2315,26.108,1
873304,616095,787147,3.559,20.0992,4
873305,616095,617978,12.4097,18.1555,4
873390,614274,616153,12.8062,4.8452,1
874022,197786,616615,69.6064,6.0738,5
874024,607160,616617,70.1629,8.4091,2
874132,616710,651105,21.2158,18.2028,8
874138,616715,620180,22.7596,15.1162,1
874210,616761,676306,13.9389,6.0495,1
874249,616786,640290,53.6843,7.255,1
874540,604591,616995,29.4354,8.6172,1
874804,608942,617173,100.2863,8.9109,1
874806,617173,622770,58.3845,7.6923,1
875150,614730,617422,22.5167,21.8934,12
875796,190081,617885,40.2561,7.6888,1
875797,617885,618450,9.798,7.9282,1
876560,618450,629146,110.4385,6.9765,1
877049,618808,789554,45.4166,5.2607,1
877291,617422,618971,14.4568,21.8682,12
877353,481722,619017,33.4348,23.6544,20
877551,194963,619161,60.1526,9.1098,9
877681,225306,619256,120.4741,6.8632,1
877682,180880,619256,26.7414,5.7865,1
878054,619522,790486,13.2912,30.5644,1
878327,619714,620476,6.4031,31.0966,1
878612,619918,620220,20.9801,3.9087,1
878726,619714,620000,3.7417,30.5397,1
878980,620180,622990,32.45,15.2637,1
878986,608816,620187,78.4478,10.2395,1
879400,619522,620476,8.2462,30.5403,1
879595,620610,789635,11.2793,6.7016,1
879714,609255,620702,91.6733,2.8284,1
880318,620702,621140,5.3852,2.9954,1
880319,621140,791833,7.5277,3.7025,1
880940,621599,790367,46.8908,16.1615,1
880943,621601,792352,7.3485,28.7338,1
880960,621615,627502,152.3319,8.9441,5
881027,299966,621665,43.781,16.2261,2
881218,621799,629405,49.7393,13.3917,4
881691,620093,622134,39.7185,4.511,1
882092,194720,622424,24.6154,12.9763,1
882806,622927,791751,13.2413,19.438,12
882807,622927,624032,9.2736,19.9028,12
882894,622990,797718,58.9293,16.1384,1
883056,621599,623100,42.0476,17.6672,1
883058,623102,792815,7.8951,26.2452,1
883568,623468,624711,14.8511,6.0837,5
883842,623671,791833,13.1529,3.5355,1
884331,624032,793887,9.0623,20.06,12
884848,624400,624401,10.0499,27.9893,1
884850,624401,625452,29.5804,24.4802,1
885189,624657,626595,21.1187,3.0956,1
885272,624711,652750,210.8433,6.2196,5
885789,625092,627476,27.3031,1.618,1
885802,623100,625102,34.322,18.2345,1
886256,618808,625430,409.5693,5.8309,1
886281,624400,625451,14.4914,27.2181,1
886283,625452,796117,16.7631,24.4802,1
886631,199265,625703,74.7895,9.2195,7
886632,195432,625705,6.1373,9.2447,7
886633,196726,625705,69.8164,8.0711,7
887229,626119,627722,9.2736,14.3356,2
887309,626180,794793,4.761,5.3218,1
887310,626180,626595,13.1529,4.3203,1
887445,626277,680878,14.5144,18.3106,1
887464,616617,626291,139.1648,8.6254,2
887468,624753,626293,80.0215,8.8301,1
887664,626440,792689,51.8797,3.7606,1
887704,194815,626468,29.8747,7.4725,7
888485,627023,628750,49.2894,6.9372,1
888678,627161,795922,147.1364,14.5876,17
888863,627288,793939,42.6927,6.8525,11
889050,592151,627416,48.8365,5.3735,1
889131,627476,629410,15.8771,1.7247,1
889167,627502,795107,13.2246,7.9366,5
889274,627579,796489,16.1555,4.5274,1
889456,627710,629401,19.2094,20.0377,11
889471,627722,651240,51.6333,16.8652,2
889869,628007,629547,16.6733,23.1426,1
890555,194954,628505,50.2441,6.5557,5
890749,628639,630690,14.3527,4.8452,1
890899,626293,628750,20.2731,8.2749,1
891083,196726,628884,21.4476,7.3852,7
891084,197197,628884,6.3509,8.5863,7
891441,198545,629146,19.7625,6.7371,1
891712,629346,629410,4.0139,2.2247,1
891733,629363,637220,86.8018,8.0761,7
891788,629401,629402,5.3852,19.222,11
891790,629402,796595,29.0132,21.5733,11
891795,629405,797764,8.4582,20.4751,4
891796,629406,798129,9.7591,30.7595,4
891999,629547,633244,47.2017,22.0638,1
892675,197197,630031,20.4015,9.3249,7
892735,630075,799587,15.8535,2.9568,1
892763,627754,630093,26.7021,3.285,1
893007,630267,797585,13.5241,26.1296,11
893008,630267,800089,35.3977,27.8823,11
893506,630636,798275,25.625,2.4142,1
893533,629346,630655,20.5075,2.118,1
895304,483970,631886,28.8078,13.2417,1
895386,631943,790484,99.6104,10.4251,1
895387,631943,800532,80.5681,6.7082,1
895404,199886,631953,12.083,12.4696,6
895586,198545,632081,67.3317,6.0355,1
895735,198652,632193,68.9122,8.8549,1
895992,632376,635293,15.864,4.3708,1
895999,632380,633258,5.3125,11.5958,1
896429,485148,632712,5.7927,9.4749,1
896596,632836,799266,18.2635,3.9241,1
897018,633108,793868,62.7747,5.8912,1
897209,633244,800905,30.2526,21.1123,1
897230,199052,633258,5.9907,10.7999,1
897452,302512,633418,20.7393,10.9599,1
897556,629363,633482,100.9433,8.8837,7
897698,633581,670983,194.4475,11.159,14
898179,633933,806229,113.3632,7.1401,1
898384,628505,634077,110.6207,6.5182,5
898385,198794,634077,40.6407,6.5182,5
898514,634172,801005,4.714,32.6724,4
899382,487688,634812,36.2307,6.5977,1
899383,634531,634812,9.8545,7.3294,1
899430,634847,645692,52.6308,10.778,5
899498,198757,634894,81.0987,6.733,1
899659,632081,635002,168.4801,5.7016,1
899992,635257,635915,18.6011,16.2593,1
900046,635002,635293,18.0462,5.0724,1
900073,633108,635316,27.9285,3.618,1
900074,635316,805028,22.5167,3.8106,1
900296,635461,808177,48.4183,8.2806,1
900377,635523,802476,24.6689,4.7408,1
900606,493463,635688,125.044,25.2469,20
900671,635738,800822,44.4397,4.4495,1
900672,635738,635949,6.1644,3.8028,1
900686,630093,635750,35.1426,3.4758,1
900925,635915,808013,184.4285,14.3455,1
900975,635949,803750,15.3948,3.3839,1
901015,635974,641815,56.0496,10.8856,7
901710,200721,636480,127.9862,13.1019,1
902002,300789,636680,21.1305,21.9928,1
902003,298224,636680,24.3713,20.4487,1
902136,320053,636778,21.5767,22.8685,3
902546,233322,637062,107.4523,10.8242,1
902760,637220,654324,213.49,9.2749,7
902843,637287,798275,36.8156,3.0725,1
902845,637287,639081,8.6023,3.1583,1
902879,622770,637312,219.296,7.1661,1
902881,203224,637312,33.2064,7.3104,1
903524,637766,639084,241.7313,7.199,1
903580,637802,805538,28.954,4.1583,1
903873,638005,800986,35.3176,7.3723,1
904128,202136,638196,23.7627,9.4051,7
904774,638646,803099,3.6442,5.1926,1
904775,638646,811866,71.6543,5.7748,1
905270,632836,639002,42.4971,4.9651,1
905271,639002,804155,49.0136,4.9651,1
905385,639081,799665,69.9653,5.1056,1
905390,639084,807070,92.5215,6.1298,1
905804,639373,803303,65.4395,7.5148,1
905833,639395,802755,15.1057,27.44,11
906465,639840,802544,18.473,20.2677,12
907104,640290,663174,21.6333,6.4026,1
907734,639840,640733,7.8102,19.452,12
907951,635750,640894,30.1164,4.1829,1
908154,64974,641035,21.2289,10.1728,2
908324,641157,801005,41.7359,30.4394,4
908325,641157,806075,7.157,29.9673,4
908752,641454,799266,57.3488,5.1627,1
908753,641454,802630,23.9387,5.5909,1
908814,641493,642920,67.2855,7.7787,7
908815,208204,641493,74.8176,8.0221,7
909151,640733,641733,7.0711,18.4688,12
909273,641815,646441,36.5544,11.9772,7
909307,641839,643695,27.6747,6.6533,1
909775,633482,642174,43.1612,9.0547,7
909776,642174,654149,184.7996,8.9721,7
910115,641448,642414,5.7446,3.5675,1
910116,642414,806959,5.0249,4.6289,1
910127,642422,806985,22.521,4.4068,1
910356,642586,807896,16.278,9.2302,11
910442,642643,805950,4.6562,6.8071,1
911277,643229,808313,30.8689,29.3246,1
911439,643331,666885,364.9878,6.2386,8
911854,643623,815204,135.2947,16.5311,1
911951,643695,652548,79.6046,7.3549,1
911975,216037,643715,115.4713,9.4163,6
912114,216296,643813,43.9305,6.2321,2
912115,572087,643813,22.4883,6.7078,2
913477,641733,644774,18.7083,17.3573,12
913679,644921,815270,54.0648,7.5027,1
913694,644932,646140,7.1414,29.3494,4
913698,644935,804643,31.7649,5.8912,1
914008,645161,813418,292.0301,9.8421,1
914606,294984,645592,98.7168,7.77,1
914735,645692,813323,43.4537,11.7463,6
915056,645930,650800,29.1719,9.3985,1
915624,646327,646775,7.5498,18.4142,1
915625,646327,809229,9.434,15.1855,1
915796,207089,646441,12.083,12.3524,7
915798,646442,661527,6.7495,15.6727,1
916260,645692,646767,8.6023,16.0451,11
916261,646767,810318,2.8674,15.9816,11
916267,644935,646772,16.8819,5.0,1
916273,646775,808401,13.5462,20.7277,1
916617,647009,811071,10.7548,28.2482,1
917696,647777,808313,47.4997,29.4616,1
917697,647777,648075,9.2736,29.6464,1
918250,648195,649130,4.5826,9.8669,11
918747,648075,648568,12.8841,29.1964,1
918907,205525,648676,45.1147,10.0234,7
919562,649130,655732,32.6956,15.136,11
920647,646772,649882,23.1084,5.2386,1
920893,206078,650059,112.9587,7.3852,1
921171,648564,650248,31.209,4.1621,1
921222,650286,808177,32.0104,5.5649,1
921224,650286,814753,14.6496,4.8139,1
921379,650404,815605,25.1992,4.9338,1
921680,648568,650614,145.6228,27.2599,1
921695,650625,651781,16.7778,11.4499,1
921948,650800,652021,8.8318,7.3817,1
922391,311354,651105,16.0624,17.6222,8
922412,651118,651788,6.5574,6.5355,1
922584,651240,680116,43.0581,19.266,2
923094,651601,808608,78.5833,3.285,1
923095,651601,812230,19.8494,3.5355,1
923331,219044,651781,182.3162,10.5562,1
923343,651787,814210,4.3461,3.8028,1
923344,651787,651788,9.8995,4.8028,1
923391,208848,651825,109.3445,5.8549,7
923659,652021,653071,4.1231,6.5555,1
923721,652063,814557,13.5647,5.0368,1
923862,651438,652164,5.3852,29.9136,3
924389,217053,652548,74.6295,6.03,1
924527,652651,654400,25.0799,4.977,1
924529,652651,652652,2.8284,4.1231,1
924669,211256,652750,9.551,5.7439,5
925214,653142,814379,12.0093,26.9869,1
925716,653492,654803,8.544,2.639,1
925832,653574,813211,19.1746,18.8009,12
926024,653701,663831,57.2242,4.953,1
926480,653142,654039,12.6886,25.9883,1
926656,219489,654149,126.4885,7.7787,7
926737,654209,816023,87.0166,4.0335,1
926894,216037,654324,133.8992,8.8541,7
927005,638005,654400,594.8201,7.4155,1
927384,653574,654685,11.1803,19.466,12
927385,654685,655875,6.5574,18.7083,12
927545,654803,816240,8.3467,3.285,1
927817,654996,658211,24.1661,6.6623,1
928126,205408,655207,57.5142,3.9324,1
928127,218084,655207,77.209,4.5634,1
928763,655637,657375,96.1139,13.1067,2
929559,655732,656223,3.0,19.8867,11
929621,656274,813527,24.3151,4.9936,1
929623,656274,816763,166.8269,6.0264,1
929765,656367,662410,52.6081,3.9822,1
929911,656467,814547,85.0502,7.2327,1
929990,654209,656523,39.0384,2.9208,1
929996,655875,656529,4.3589,18.4509,12
930168,656223,656653,2.8284,19.3873,11
930345,656529,656775,5.1962,18.5439,12
931723,657774,817599,3.448,5.5317,1
931981,657949,658217,9.2736,5.4754,11
932055,658005,816469,12.9486,6.1531,1
932056,658005,818015,15.1841,6.9702,1
932353,658211,819531,15.7956,6.6623,1
932359,656653,658217,44.8442,12.8672,11
933074,658732,658733,26.1725,3.0811,1
933075,657774,658733,27.9464,4.0306,1
935006,660108,818967,65.5323,24.4052,4
935597,660534,817182,27.8508,6.3609,1
936163,213312,660950,113.7199,7.8275,1
936164,215068,660950,3.448,7.4699,1
936446,219036,661150,63.4429,5.1881,9
936972,661527,666210,6.7082,15.5645,1
937050,661580,679284,317.052,8.8652,1
937051,661580,662555,5.3574,10.1485,1
937549,661931,810620,102.0668,5.2016,1
937869,261288,662161,63.0714,7.5454,1
938211,662410,667525,51.0382,4.2523,1
938483,662613,662615,5.2281,7.2098,1
938487,662615,785425,9.0738,7.5667,1
938499,662623,801483,11.1056,6.6878,2
938841,499852,662860,16.0416,6.1558,1
938849,662866,822385,16.4992,20.4127,1
939227,214470,663135,103.9583,11.1789,7
939228,217453,663135,22.6495,11.2241,7
939280,575075,663174,79.0928,7.3024,1
939581,663388,668030,32.1999,9.3541,14
939880,508258,663597,35.7852,4.1231,14
940043,663724,664280,23.8537,4.511,1
940181,502519,663831,25.9465,2.3708,1
940280,644030,663903,153.2596,5.7007,1
940282,228343,663903,117.3989,5.7878,1
940829,664280,819531,59.1058,5.5616,1
941220,664556,821693,49.7214,7.4161,1
941221,664556,818969,59.9046,7.8262,1
941324,664627,820197,15.0739,26.1831,3
942514,665468,819500,29.4076,4.4246,1
942565,298324,665507,132.142,6.8617,1
942567,665507,690863,67.9191,7.429,1
943141,356068,665910,44.1885,4.3509,1
943147,665916,821388,7.6376,5.4218,1
943399,216986,666090,12.8019,9.087,1
943573,666210,673269,5.3541,16.9053,1
944089,666575,675372,95.4201,25.6534,20
944096,505018,666581,10.1735,4.4068,1
945477,667525,668447,28.3647,3.5675,1
946080,5720,667941,6.8601,4.977,1
946168,666581,668006,19.8256,4.8947,1
946735,223883,668410,77.3972,9.0118,1
946736,668410,669668,84.2153,7.4497,1
946793,668447,669370,9.0308,2.6992,1
946797,47387,668450,65.5811,5.3218,1
947533,662860,668976,25.3903,6.1127,1
948099,220964,669370,15.4704,4.5392,1
948505,220406,669668,12.4633,6.0355,1
948607,27353,669743,36.4692,16.477,1
949837,665418,670594,31.1288,4.7408,1
950033,670732,675433,61.704,6.5027,7
950120,670789,818151,132.5049,6.6115,1
950282,670893,677579,80.5681,4.3723,1
950406,670983,677556,30.1588,11.5655,14
950950,668976,671384,10.8883,5.8723,1
950951,522773,671384,138.1601,6.6056,1
951127,671512,674045,16.7631,3.7247,1
951836,494528,672010,99.9316,4.2865,1
952118,496566,672219,79.1202,7.6737,1
952452,23959,672465,4.899,10.5826,1
953066,672465,672886,24.1247,8.744,1
953514,25172,673197,70.9335,3.4608,1
953613,673269,787022,25.1529,17.7482,1
954419,228343,673836,138.1219,5.8735,1
954457,227152,673863,56.5803,8.4532,1
954718,674045,676992,47.9687,3.0956,1
955107,674324,674418,36.1897,4.6289,1
955108,4040,674324,29.9398,4.9495,1
955242,4041,674418,38.9226,5.1375,1
955413,674535,821405,72.0694,16.2873,12
955750,220675,674777,48.6278,5.1881,9
955751,224565,674777,28.6007,4.5414,9
955927,223313,674899,11.1156,5.0495,1
956027,666885,674964,113.3441,7.7426,8
956028,223160,674964,7.157,7.5967,8
956627,514274,675372,104.8231,18.9326,18
956628,675372,675838,7.6667,25.4038,2
956712,675433,675769,28.4937,6.3284,7
956817,510866,675507,17.6981,4.7913,14
956898,515946,675571,28.3725,5.7404,1
957181,671504,675769,59.1702,7.8012,7
957289,511424,675838,4.9216,24.873,2
957332,668030,675869,77.3682,10.6904,14
958123,676431,678904,180.4934,6.3326,14
958603,513037,676754,7.7028,7.1401,1
958905,107207,676967,109.2078,4.0503,1
958906,665910,676967,40.6202,3.5291,1
958918,661931,676975,174.8085,6.0311,1
958938,19581,676992,32.5509,3.9921,1
959227,314034,677200,34.5527,15.4215,1
959722,677579,678655,49.6532,3.9142,1
959856,668006,677672,66.4089,5.7511,1
959906,677712,684633,49.5367,8.5106,1
959907,677712,677949,3.5901,8.9708,1
960606,672219,678232,41.9305,8.3127,1
961130,232960,678610,90.2423,5.0368,8
961530,677556,678904,16.6166,8.7636,14
961613,511357,678965,49.2443,5.4218,1
961913,19566,679168,52.8111,15.8614,4
962067,679284,682753,27.6365,9.5296,1
962229,514639,679395,15.8447,13.6763,18
962230,514274,679395,3.6132,13.599,18
963142,247979,680030,31.0644,15.1043,1
963259,428861,680116,25.807,14.7462,2
964278,678965,680852,53.7215,6.3901,1
966391,682345,682729,11.5758,10.9865,4
966423,665916,682370,121.6594,5.2421,1
966934,682729,683316,9.0,8.8944,4
966969,682753,683630,5.9161,10.8869,1
967189,682345,682904,7.0,11.4452,4
967527,677511,683146,58.3047,3.9496,1
967528,234613,683146,67.4919,4.0941,1
967765,683316,683671,5.4772,7.1742,4
968227,683630,724121,230.5245,8.8739,1
968287,56243,683671,11.3358,7.4051,4
968580,230680,683878,54.8169,7.3294,1
968748,52186,683992,7.4981,6.2838,4
969627,317223,684618,144.5795,6.2633,3
969628,312186,684618,31.6684,4.7541,3
969650,232344,684633,81.2937,7.4697,1
969659,684641,685245,5.0,7.5166,1
969905,684824,686085,24.454,23.1301,1
969964,684865,687369,20.8087,23.2593,3
970443,680852,685202,21.8911,5.9021,1
970444,685202,686719,8.6795,3.6427,1
970462,499595,685217,133.1186,7.2426,1
970463,534465,685217,209.5087,6.0,1
970491,74919,685241,68.2495,4.3528,1
970496,56098,685245,18.1751,6.8239,1
970732,685412,687785,22.8473,13.2773,3
971623,399209,686046,56.1041,14.8128,1
971624,380643,686046,13.0213,13.4235,1
971679,59635,686087,62.8543,14.8534,3
971698,686098,692015,577.6028,7.5495,1
971699,64348,686098,21.3073,6.3574,1
972566,686719,695064,84.1011,4.8215,1
972609,67123,686747,180.8247,5.9211,1
972611,62548,686747,27.8667,4.6795,1
972717,515341,686816,57.5085,20.8541,2
972719,523215,686816,52.095,22.3058,2
973383,687299,687300,10.994,5.9036,1
973476,62575,687369,4.9554,23.8484,3
973692,687299,687509,55.1454,4.4721,1
974072,686087,687785,25.3772,12.0593,3
974273,519845,687921,24.5945,10.5452,1
974274,687921,690245,61.7621,12.1407,1
975493,670789,688785,84.6936,5.9036,1
976157,62575,689255,8.1989,25.5269,3
976202,687267,689286,10.7186,4.89,1
976480,520738,689465,25.5995,5.8268,1
976481,689465,691693,61.3546,5.4536,1
976758,689663,691526,113.0998,7.3761,1
976877,62369,689757,24.4813,3.4611,1
977921,229985,690477,4.8189,7.8367,1
978472,406600,690863,32.6956,9.4074,1
978701,70467,691041,26.9691,18.8107,4
978735,232048,691066,16.5831,5.0,7
978858,690237,691158,19.3907,4.3028,1
978859,691158,692562,10.4403,4.2523,1
978974,523865,691243,36.7635,7.3786,1
979301,676975,691477,154.7159,6.0927,1
979302,691477,694177,34.1467,5.9986,1
979308,66940,691482,4.8088,25.6694,3
979373,522676,691526,11.0403,7.5355,1
979511,691622,695519,43.2319,3.5291,1
979946,234395,691932,42.3897,8.3031,1
979974,229821,691954,68.1387,5.3229,1
979975,691954,692562,33.1813,5.651,1
980072,688785,692015,22.2261,7.0958,1
980379,522501,692228,34.8744,6.5465,1
980380,692228,707514,97.9053,8.1873,1
980388,692233,694177,144.5476,7.0192,1
981539,232500,693021,57.9473,12.7002,1
981540,690237,693022,38.0384,5.3284,1
981542,231834,693022,41.9076,3.9465,1
982501,68904,693691,9.3452,23.1327,12
983161,694182,702304,66.5282,4.1231,1
983307,230680,694281,80.6012,4.4954,1
983308,231834,694281,16.9476,2.9208,1
983531,689757,694439,39.1152,3.6736,1
984410,527923,695064,21.7919,6.7404,1
984474,72820,695108,4.5461,5.9407,1
984527,433652,695148,64.0495,14.1708,1
985061,695519,706332,76.4264,3.9324,1
985257,233803,695654,36.6515,7.0355,1
985646,695922,696508,21.3073,10.4783,3
986021,520851,696186,92.5521,7.9169,1
986455,526971,696472,10.419,8.0601,1
986499,74047,696508,3.5434,9.7154,3
986579,696565,703821,109.8544,23.6839,1
986687,402473,696642,19.6893,13.2096,1
986825,231506,696736,55.6587,7.2449,1
987082,526828,696931,91.0073,6.5557,1
988092,689286,697631,36.5665,3.1796,1
988093,529672,697631,12.3153,3.5675,1
988377,70475,697840,86.714,18.8589,3
988647,74049,698037,12.8668,16.1814,3
989040,698318,750640,117.2391,9.1583,1
989111,234396,698377,36.765,12.7049,1
989692,534778,698775,91.1446,7.1133,1
989810,565682,698857,170.7161,5.8941,1
989811,289587,698857,133.7668,7.5916,1
990061,528566,699040,42.9017,4.4142,1
990068,530743,699043,46.3825,16.651,2
990075,695108,699050,49.97,5.099,1
990384,77081,699257,6.1644,4.1231,1
990410,80929,699275,45.8376,16.5213,3
990411,698037,699275,9.2195,16.2565,3
990945,70467,699642,49.6622,17.3216,4
990946,699642,701168,14.3527,16.7774,4
991010,693691,699683,39.0256,24.5813,12
991196,537552,699816,66.6383,4.4954,1
991343,235731,699910,23.9583,6.0495,1
991434,699971,709121,78.8346,5.4218,8
992154,80929,700476,67.0323,11.7948,1
992155,700476,706462,48.1456,6.5123,1
992426,217206,700673,227.9777,6.2281,5
992427,700673,706886,49.2481,6.5355,5
993135,235798,701164,20.8646,10.7141,1
993141,85621,701168,26.4701,17.428,4
994378,696736,702055,28.1148,7.4159,1
994380,237561,702055,30.6322,7.3817,1
994615,529745,702215,41.6046,11.1985,18
994730,699257,702287,28.4781,3.1796,1
994759,87448,702304,39.2842,5.3403,1
994840,233024,702366,29.2897,3.5616,7
994841,238230,702366,64.1786,5.2749,7
995338,702699,712938,13.4164,19.5977,1
995429,699685,702762,17.5214,14.8619,2
995430,702762,706506,27.3861,13.2,2
996124,80929,703231,20.2104,13.7449,2
996559,702685,703549,6.0,4.3203,1
996560,87248,703549,20.2037,4.511,1
996951,179197,703821,386.7467,14.2828,1
997248,704032,725135,82.0203,3.8452,1
998892,531278,705181,23.7346,4.7194,1
998983,85727,705242,47.0126,21.7047,4
999620,83541,705699,16.9967,3.4758,1
999621,107528,705699,34.1419,3.4758,1
1000513,706332,707465,8.544,4.9338,1
1000683,84811,706460,12.1518,12.3309,2
1000756,706506,712193,30.8221,11.1893,2
1001413,246164,706948,81.9634,4.729,1
1001537,1636,707042,55.5823,7.1085,2
1001834,80434,707245,109.4029,6.7028,2
1002155,382344,707472,50.2444,27.1638,1
1002583,533890,707783,28.1404,8.1098,1
1002941,706460,708041,22.6716,13.1797,2
1002963,708056,711293,33.2104,4.3528,1
1004455,240161,709121,22.2261,4.999,8
1005507,537732,709869,7.0431,3.3708,1
1006789,241258,710736,114.0555,5.3708,1
1006790,247058,710736,73.4824,5.0811,1
1008293,534778,711785,43.2319,7.1133,1
1008863,712193,716931,25.2587,11.6958,2
1008980,712281,717335,27.9464,11.5824,4
1009733,237323,712769,54.594,5.8941,1
1009734,712769,714934,58.6463,5.7996,1
1009873,237886,712870,35.6558,5.4929,9
1009978,707472,712938,9.0,24.9987,1
1010300,713167,717215,89.7441,6.2634,17
1010347,241509,713202,55.0686,4.1795,1
1010724,40738,713460,132.3636,13.737,1
1011208,713815,714934,5.281,5.0981,1
1011800,540240,714223,16.8967,7.5074,1
1012201,714488,718280,36.0555,6.1825,1
1012379,701522,714615,58.6648,6.117,1
1012380,567185,714615,169.6536,8.1513,1
1012538,115329,714728,15.1511,24.9352,4
1012539,714728,715166,15.7797,25.0137,4
1012686,714837,719378,29.4863,5.6967,1
1013150,119741,715166,31.5187,25.085,4
1013945,241511,715737,48.7647,5.1569,1
1015234,696959,716655,99.2158,4.7361,1
1015235,711293,716655,43.455,4.2976,1
1015323,118509,716715,32.1403,10.7362,4
1016028,717215,717773,7.2495,6.7823,9
1016202,130333,717335,35.7025,9.7978,4
1016603,125019,717602,16.7531,13.9334,4
1016868,712870,717773,42.595,5.6825,9
1017009,715723,717867,23.0868,8.5957,2
1017010,717867,720800,27.2764,12.2013,2
1017593,125236,718280,8.4459,5.3284,1
1019119,242520,719349,14.4568,7.3098,5
1019160,719378,734118,92.2201,6.1596,1
1019765,546341,719809,66.7851,4.4263,1
1019768,719810,720665,23.474,5.4376,1
1019769,719810,721244,7.911,6.1596,1
1019806,249163,719840,97.0372,4.6158,1
1019861,240550,719879,39.9194,5.0724,1
1019862,243748,719879,38.612,4.4203,1
1020372,716931,720234,20.2485,12.1936,2
1020373,720234,726162,34.322,10.8613,2
1020967,547539,720665,3.9158,4.2976,1
1021232,538819,720848,92.5845,4.0616,1
1021234,549054,720848,6.6249,4.511,1
1021432,535839,720982,36.4448,8.8296,1
1021976,721355,722048,3.9016,9.434,1
1022416,720326,721659,24.8998,18.7426,4
1022417,128825,721659,17.9304,12.0959,4
1022436,721673,723826,28.3373,3.6427,1
1022762,721897,723624,10.0,10.8773,2
1022763,720214,721897,11.0454,8.1072,2
1022967,714223,722048,63.056,8.8703,1
1024649,128825,723199,18.8812,7.2592,4
1025566,723826,724140,89.141,4.1231,1
1025961,724121,731138,36.2016,6.733,1
1025987,244383,724140,28.4468,2.5616,1
1026572,105418,724547,75.1598,18.3533,12
1026648,707514,724595,141.4602,10.6536,1
1026824,723999,724726,4.3589,18.2989,4
1026831,127367,724735,35.3223,13.7203,2
1026924,559682,724806,50.5371,3.9324,1
1027372,243748,725135,17.1464,4.8947,1
1027455,551580,725193,63.1735,5.8912,1
1027465,551011,725202,60.0074,5.3779,1
1027466,725193,725202,5.4263,5.0495,1
1027801,542803,725454,68.813,8.6804,14
1027802,559180,725454,43.3654,12.0407,14
1027891,724806,725518,58.9661,5.2631,1
1028109,130842,725678,30.1787,23.8852,4
1028414,724011,725898,15.0,5.8284,1
1028415,725898,746295,106.855,5.8723,1
1028672,726065,786985,55.8032,16.1949,1
1028816,153622,726162,114.2891,10.7005,2
1028845,323248,726186,71.5784,5.9137,1
1029137,554913,726389,13.9722,5.2631,1
1029294,724726,726488,97.9081,19.452,4
1029295,136792,726488,25.5212,21.7105,4
1029328,551980,726517,11.6619,6.0583,1
1029329,556242,726517,40.1456,4.9497,1
1029606,136792,726724,7.2111,22.5465,4
1030860,246317,727599,6.4464,9.087,5
1031497,33189,728032,151.8368,5.6506,6
1031619,311354,728122,26.386,15.9374,8
1031620,315039,728122,37.7168,15.3132,8
1031735,241254,728204,67.656,7.1067,1
1032295,720372,728603,103.5085,5.8549,18
1032296,555493,728603,44.5346,5.7748,18
1032477,728724,731099,41.9881,5.5317,18
1033028,135780,729120,16.8589,11.2757,4
1033279,556242,729296,17.7461,4.3284,1
1033761,245429,729633,55.6909,5.3229,1
1033895,141277,729716,38.4475,15.6141,2
1033949,283714,729757,35.6472,12.4501,1
1034245,729971,730844,5.831,9.434,5
1035479,730844,734288,37.0021,8.6221,5
1035846,731099,736006,40.3554,4.9495,18
1035900,263701,731138,102.4332,6.1596,1
1036726,320578,731711,84.1599,5.8735,1
1036727,579720,731711,51.2272,5.9977,1
1036770,572087,731748,14.0535,8.1082,2
1037020,731932,732977,72.7942,8.8314,1
1038050,728204,732656,23.7416,8.2265,1
1038051,732656,751302,78.7198,8.9301,1
1039094,559097,733405,5.6232,4.5,1
1039910,203259,734006,111.6214,2.618,1
1040320,734288,738011,17.4096,7.8102,5
1040529,734430,743265,89.4628,3.7247,1
1041119,148018,734851,26.125,5.1421,1
1041598,732977,735190,20.8087,6.3121,1
1041620,735206,735578,9.6437,8.321,2
1041772,252938,735317,26.9052,7.895,7
1042055,360419,735513,111.8004,5.4265,1
1042144,724735,735578,286.0804,9.8633,2
1042750,565975,736006,59.1918,4.3028,18
1042798,729120,736034,54.5344,14.3929,4
1043111,736255,737129,54.7905,3.3461,1
1043330,561954,736420,4.3012,1.7071,1
1043405,734851,736474,217.2694,6.5726,1
1043406,736474,745887,146.4036,7.4397,1
1043468,145797,736519,18.2026,16.6835,12
1044247,737054,739978,78.5939,11.282,2
1044248,735206,737054,14.1774,9.8242,2
1044361,561469,737129,10.0499,4.2426,1
1044679,729633,737353,102.1117,5.9402,1
1044950,251373,737536,40.7131,4.4665,1
1045630,253413,738011,17.8979,8.2063,5
1045711,560059,738073,112.6183,15.4908,14
1046716,736420,738793,41.8788,2.118,1
1046717,564708,738793,10.3763,2.2361,1
1047656,739467,741731,15.2971,20.5647,12
1047657,736519,739467,18.4932,20.9339,12
1047979,738073,739699,33.1478,14.6841,14
1048382,152260,739974,14.2244,12.6292,4
1048383,157054,739974,30.9408,15.4637,4
1048464,739699,740037,70.3649,14.1243,14
1048467,740037,740039,21.4735,15.4852,14
1048469,740039,740040,47.1192,16.2067,14
1048472,564998,740043,36.5954,14.5248,14
1049260,740043,740572,10.2956,14.2651,14
1050504,257361,741450,50.751,4.7541,1
1051081,740703,741849,9.1591,1.9142,1
1051082,741849,744191,28.2573,1.618,1
1051924,742447,749013,48.5107,6.0,18
1052514,253413,742857,28.8483,8.0761,5
1053019,572023,743216,17.2897,13.6015,11
1053021,743216,743217,26.2384,13.6015,11
1053022,743217,746292,15.9001,14.1492,11
1053095,568899,743265,8.6987,2.3428,1
1053551,158474,743594,5.2599,18.9732,4
1053552,159870,743594,5.1208,19.6767,4
1053801,743766,771081,117.9386,4.3708,1
1054301,263330,744111,88.5904,7.6787,5
1054429,744191,745749,14.1098,1.8251,1
1054714,567022,744375,13.6748,8.3301,1
1054903,255547,744511,74.2114,5.1421,1
1054904,744511,745308,43.2108,5.2421,1
1055634,745031,768633,21.7563,13.6475,2
1055797,744375,745144,9.5685,7.8369,1
1056030,258817,745308,88.7977,5.4218,1
1056700,570396,745749,26.198,1.4142,1
1056728,159870,745772,18.5891,19.6374,4
1056729,745772,750019,45.9674,18.6919,4
1056867,745887,759088,156.173,8.0336,1
1057242,746157,746937,5.281,9.3754,1
1057362,567583,746247,44.5683,16.4463,14
1057699,573287,746480,50.0308,23.8981,11
1058334,746933,748118,16.0906,8.2057,1
1058335,574661,746933,16.4869,11.6427,1
1058341,569392,746937,16.2344,9.1197,1
1058612,598994,747127,19.1442,7.7669,1
1058616,747127,747130,5.831,7.1742,1
1058840,746295,747291,9.2736,5.7446,1
1058841,162996,747291,34.8807,6.0738,1
1059528,745144,747778,17.7232,8.562,1
1059529,747778,754701,36.7363,8.2749,1
1059924,572023,748060,4.7258,12.6531,11
1059925,574099,748060,18.43,11.8105,11
1060321,573740,748346,16.3061,7.2911,1
1060589,748118,748530,15.4844,7.719,1
1060590,748530,749079,5.2295,9.1368,1
1060593,746157,748532,30.6612,8.681,1
1060937,573287,748770,8.6994,25.543,11
1060950,748779,752446,17.5214,12.6292,1
1061133,748770,748906,18.5756,23.3972,11
1061265,265423,749001,94.2214,8.9003,1
1061370,748346,749079,8.413,8.437,1
1061514,539368,749190,8.5294,13.0384,2
1061515,600838,749190,40.1795,18.8367,2
1062173,571257,749640,30.6227,19.5377,11
1062175,749640,754064,37.0819,20.0763,11
1062807,747583,750081,19.5135,2.118,1
1063340,255805,750454,69.7113,8.8967,5
1063384,750482,754313,42.9483,4.8139,1
1063617,662613,750640,33.8805,5.3325,1
1063626,590699,750649,31.273,4.511,1
1064218,751081,756420,56.0791,19.4342,1
1064225,751081,759500,89.867,20.8515,12
1064652,574641,751381,9.0571,11.8636,11
1064671,748532,751396,21.3568,8.5692,1
1065131,751714,753078,108.485,9.7404,2
1065194,261123,751758,102.8834,7.0216,1
1066174,752446,767373,61.3351,11.7849,1
1066718,574662,752836,15.6089,11.8837,1
1067053,753078,770837,157.829,11.8385,2
1067826,576763,753620,3.559,7.874,11
1068228,657375,753896,57.3721,12.0867,2
1068458,581926,754064,77.2775,19.1572,11
1068639,749838,754196,30.061,5.7748,1
1069089,662161,754513,26.5707,9.1045,1
1069610,750019,754884,40.025,19.1788,4
1069611,170732,754884,11.3431,19.9121,4
1070525,755556,756749,7.3409,9.9494,1
1071486,756203,771131,74.6262,29.1923,11
1071781,756420,762211,35.272,15.2708,1
1072129,172075,756658,6.0828,14.5209,4
1072243,303660,756745,53.4384,5.0196,1
1072249,578062,756749,14.3178,10.6374,1
1072361,604113,756824,3.2146,7.437,1
1072567,592455,756873,322.4774,22.2272,1
1072748,756873,769744,204.3638,23.5982,12
1072973,610107,756873,353.0576,20.7113,17
1073008,756873,797829,461.1052,32.3295,1
1073815,162996,757424,180.1092,7.0421,1
1073816,181079,757424,52.9297,8.0832,1
1074745,204441,758071,26.2234,23.5934,1
1075042,176410,758263,45.7639,6.7787,1
1075272,758426,764921,252.0992,9.7409,1
1075307,758447,767090,140.7578,16.3584,12
1075517,179818,758592,37.5988,4.1829,1
1075878,758846,759819,38.1503,5.7446,1
1076180,754196,759050,61.5901,5.521,1
1076396,759199,760151,21.6795,10.0927,4
1076749,240717,759455,142.5736,6.0583,1
1076750,759455,762029,9.0,8.2382,1
1076818,758447,759500,124.1758,17.7757,12
1076866,385948,759539,47.1522,17.7764,1
1077079,759687,761780,14.2673,6.4031,1
1077279,261309,759819,65.7368,6.2264,1
1077738,175347,760151,3.6912,12.3639,4
1077759,760167,761430,11.5758,25.27,4
1077761,759970,760167,2.4495,24.0346,4
1077988,760315,762528,53.8908,6.2237,1
1078092,187435,760386,91.6242,5.8941,1
1078278,760511,762429,25.1507,6.6571,1
1078279,584804,760511,57.5992,6.451,1
1078372,760575,761125,380.635,8.2525,1
1078374,760575,761460,23.1733,9.6919,1
1078746,760831,770848,63.7504,6.3627,5
1078786,759199,760860,18.0555,8.5927,4
1078937,584902,760964,51.9567,17.4569,11
1079170,761125,767311,35.9722,8.7076,11
1079508,265542,761364,27.5862,5.365,1
1079606,761430,771296,67.6314,23.1227,4
1079643,758426,761460,23.7908,10.6538,1
1079789,761562,774982,68.7256,5.651,1
1080096,761778,789061,90.5821,4.7863,1
1080098,761778,761780,30.4065,5.0724,1
1080322,761930,777016,13.4536,7.9363,2
1080349,181298,761950,69.6132,8.2063,1
1080350,758592,761950,66.4304,5.9667,1
1080452,761562,762023,20.2726,4.4263,1
1080462,762029,766991,18.7083,6.9937,1
1080945,762211,762332,9.5336,14.471,1
1081076,585979,762429,10.247,6.4342,1
1081256,762332,762550,32.7623,16.8063,1
1081996,758451,763056,89.2244,9.5699,1
1082046,591119,763090,63.6229,11.7362,1
1082047,763090,763093,8.2015,15.4728,1
1082049,763091,763092,5.0663,19.1696,1
1082052,763092,765201,49.5961,15.6033,1
1082053,763091,763093,10.4947,17.5594,1
1082195,749001,763194,209.2661,7.2655,1
1082197,265590,763194,14.5048,4.7405,1
1082401,177764,763338,17.8792,9.8538,1
1082665,760315,763528,95.4108,7.7363,1
1082666,585516,763528,47.4096,6.5115,1
1082775,584804,763607,11.9024,6.7371,1
1083531,764145,819609,114.7984,5.0,1
1084046,755556,764498,81.8705,9.5612,1
1084342,764702,767090,252.545,27.0204,12
1084384,593870,764702,216.1417,36.9529,12
1085144,586976,765201,9.9833,12.5453,1
1085276,179409,765313,25.6799,14.6263,1
1085568,591450,765517,33.0687,22.7275,12
1085658,204758,765580,133.7581,10.4397,1
1086004,765809,769279,65.5604,31.9479,2
1086149,765906,766558,8.7242,21.0737,12
1086718,766274,771766,150.6372,30.3512,2
1086854,179409,766349,61.9369,10.8898,1
1086855,766349,766647,3.7417,10.7137,1
1086918,759539,766394,4.5826,17.057,1
1086958,154873,766424,63.4508,6.0738,1
1087152,589084,766558,8.4984,19.7319,12
1087287,766647,766907,5.9161,11.2691,1
1087635,759088,766907,79.4292,10.3959,1
1087773,281748,766991,138.8836,6.0467,1
1088286,767311,771684,22.2935,10.1218,1
1088612,767538,770982,26.4197,14.7478,3
1088721,265367,767616,52.1845,4.6926,1
1088800,590758,767673,16.4317,13.2004,1
1089624,591023,768239,5.416,26.5589,12
1089722,591902,768307,28.7383,13.2179,1
1089735,591524,768318,18.331,12.3241,1
1089737,766924,768318,33.9166,13.5795,1
1089819,768239,768374,27.8667,25.5912,12
1089970,589848,768485,13.3041,5.9155,1
1090091,768584,783273,190.1605,22.087,1
1090155,753896,768633,58.4345,11.7079,2
1090237,768683,774690,41.4246,9.0235,1
1090363,768780,769278,21.0446,32.9452,2
1090368,765809,768783,96.343,33.3017,12
1090369,768783,768897,4.0927,32.6898,12
1090544,768897,768898,26.405,32.1247,12
1090857,759687,769103,54.9338,6.7723,1
1091001,769199,769323,62.2834,6.1623,1
1091110,766274,769277,135.5926,33.1084,2
1091111,769277,769278,10.024,32.9766,2
1091113,768780,769279,12.9253,31.2422,2
1091182,763607,769323,88.5745,6.3638,1
1091255,592489,769371,4.7258,34.6857,12
1091801,768374,769744,14.3933,19.0753,12
1092350,770123,776139,104.803,15.8644,1
1092431,770183,779878,118.7879,5.2779,1
1092452,769057,770196,17.9141,20.96,12
1092453,770196,771732,17.7609,19.1433,12
1092551,595133,770263,21.3672,4.4707,1
1092584,276704,770280,129.3943,5.1926,1
1092777,593469,770419,7.705,33.1059,12
1092779,770419,770420,6.4477,33.7945,12
1093397,196266,770837,65.2968,11.3801,2
1093414,770848,773888,24.2876,4.1829,5
1093596,187406,770982,11.0889,16.107,3
1093686,180745,771046,67.8049,8.822,1
1093731,265590,771081,13.8884,3.5291,1
1093774,595586,771113,10.2157,45.0665,1
1093777,750649,771115,17.72,4.7541,1
1093804,596812,771131,12.9486,33.0764,11
1094029,771296,772516,9.3808,19.8952,4
1094502,771630,771760,39.3305,42.4895,1
1094576,771684,781748,113.3358,9.6402,1
1094688,771113,771760,9.4566,43.8967,1
1094691,771762,771763,3.5434,40.2748,1
1094692,594915,771763,7.0396,40.6313,1
1094694,595378,771765,7.3711,32.9104,2
1094697,771765,771766,9.9531,28.9832,2
1094893,190048,771900,13.4743,5.4909,1
1094976,596269,771956,14.6401,35.9582,2
1095180,596559,772093,39.6587,41.8999,1
1095373,595592,772231,50.9956,38.7468,1
1095399,596405,772249,5.1208,37.3854,2
1095483,185989,772306,34.2377,4.148,1
1095730,772093,772478,27.5457,42.0536,1
1095736,772484,772884,7.081,38.3209,1
1095740,772486,772658,5.0222,35.7334,1
1095789,191408,772516,12.8279,19.0211,4
1095941,772629,774631,65.0355,13.8004,17
1095977,772653,773434,17.6096,42.1456,1
1095980,772656,773048,17.1561,37.6164,1
1095982,597031,772658,8.6023,35.7617,1
1095984,596568,772659,7.7028,36.4416,2
1096164,772783,778247,17.9628,2.366,1
1096300,772883,773039,40.252,37.7408,1
1096301,772883,773048,4.0277,37.321,1
1096303,772656,772884,5.7057,37.9776,1
1096304,596266,772885,6.6732,36.9933,1
1096512,192459,773028,54.0984,4.3708,1
1096513,185991,773028,45.159,3.285,1
1096532,772231,773039,25.6168,39.0542,1
1096730,596567,773181,8.0985,36.4372,1
1096731,613774,773181,124.0833,20.7962,1
1096896,771046,773301,26.7021,7.1742,1
1096967,756745,773353,54.3323,5.958,1
1096984,773365,775365,17.8045,18.6945,12
1097081,585516,773434,84.8954,23.0892,1
1097378,762550,773657,44.1171,13.1914,1
1097713,773888,787906,58.3952,6.0264,5
1098788,600067,774631,19.0962,9.7872,17
1098860,774684,779781,43.4741,9.674,1
1098861,190498,774684,10.6145,10.7234,1
1098870,774690,788184,112.8317,5.567,1
1099273,268804,774982,14.3836,5.651,1
1100110,601729,775559,11.5902,15.8418,1
1100939,776139,776369,50.0988,16.789,1
1100979,776165,785280,34.9776,6.1071,18
1101264,776369,777827,32.0312,16.0732,1
1101516,194151,776541,6.0736,15.7477,4
1101552,592864,776562,314.0647,9.8992,1
1101554,609725,776562,69.0362,6.3668,1
1101767,776707,780976,51.4198,8.4186,4
1102177,602144,777003,3.559,17.301,12
1102203,662623,777016,7.6158,6.9873,2
1103353,269338,777827,48.7397,14.7801,1
1103917,778247,787079,58.5319,3.7361,1
1103999,608427,778300,54.4488,29.5088,11
1104007,778306,780935,62.3068,10.9114,4
1104166,610714,778419,41.0433,14.3854,1
1104447,778602,782479,40.9336,3.8643,1
1105291,268278,779218,18.5439,5.0794,1
1105292,276302,779218,57.8954,5.0196,1
1105555,779409,780184,6.9339,4.7856,1
1106230,779878,781459,97.4031,5.3779,1
1106445,609024,780034,54.9121,7.3761,17
1107135,767373,780513,49.0102,12.3739,1
1107137,166222,780513,75.7114,13.1588,1
1107369,199159,780662,20.3306,7.8102,4
1107370,780662,780976,5.7446,7.9363,4
1107388,780679,782835,15.1327,4.4246,3
1107749,606539,780935,62.9356,12.1322,4
1107950,270050,781082,76.8671,13.765,2
1107981,767616,781105,54.8878,4.6926,1
1108077,781165,803384,59.0461,13.0178,1
1108287,777271,781304,58.2542,19.7517,1
1108288,781304,784822,68.623,25.0579,1
1108889,606260,781717,15.5778,4.89,1
1108944,208056,781748,111.7106,8.3646,1
1109540,782155,782638,14.4568,7.6712,4
1109541,199158,782155,5.6273,7.2801,4
1109921,608543,782425,7.3485,20.0741,12
1110510,782835,785152,16.8819,7.4096,3
1110644,772629,782934,150.0672,14.008,17
1110707,615496,782974,57.1217,21.8897,1
1110895,609985,783096,15.4272,24.1855,11
1110896,618630,783096,41.3884,24.9545,11
1110905,610267,783102,14.6654,21.3166,4
1111139,271667,783273,3.496,21.5752,1
1112035,618630,783913,68.2407,23.4732,11
1112036,783913,784411,142.3639,25.1663,11
1112162,201553,783995,11.299,10.2661,4
1112202,607525,784021,43.4612,3.618,1
1112682,201037,784363,43.5305,9.3754,4
1112759,784411,794270,79.5398,26.4308,11
1113364,611303,784822,21.1713,21.8537,1
1113628,275869,784999,41.5719,8.9088,7
1113840,785152,785851,17.3781,14.6291,3
1114019,785280,803247,47.6883,7.1838,18
1114239,771115,785425,10.6771,6.7237,1
1114264,200649,785446,9.3927,21.9658,4
1114265,209562,785446,37.1872,21.4545,4
1114488,785614,786043,5.3541,5.8309,1
1114504,274336,785624,24.8909,5.4218,1
1114523,268277,785637,57.5006,5.734,1
1114780,620610,785814,85.8578,5.7361,1
1115007,201984,785963,91.8277,9.819,1
1115008,194012,785963,129.5505,9.5958,1
1115137,786043,802835,42.7018,6.8525,1
1115602,786369,789501,34.3657,9.0041,4
1115603,786369,788277,37.3497,8.8801,4
1115995,786291,786647,68.3561,10.8619,4
1116148,614821,786750,5.9442,3.9324,1
1116478,146427,786985,37.6431,17.1884,1
1116524,787022,800722,8.544,17.3888,1
1116617,280112,787079,69.0554,4.1069,1
1116713,614103,787147,7.6158,19.4089,4
1116930,787285,792791,51.1077,21.5518,3
1116931,785851,787285,12.1244,20.1834,3
1116935,196868,787289,31.7805,12.7913,1
1116967,594947,787311,250.1619,10.6286,1
1116968,621615,787311,28.4488,9.2844,5
1117142,204281,787424,10.6927,14.9149,4
1117143,787424,788540,16.0624,13.4654,4
1117198,616087,787463,7.461,25.7859,1
1117208,787471,788795,8.3666,11.5483,1
1117762,787868,788269,33.0757,10.3977,4
1117763,787868,789501,18.0555,10.8869,4
1117817,287990,787906,220.7714,7.1067,5
1117964,788012,789363,17.5968,27.1082,1
1118215,787933,788184,107.0747,5.521,1
1118330,209102,788266,36.9624,14.7196,4
1118332,788267,788540,4.3589,12.7842,4
1118333,788267,788269,20.0998,10.8748,4
1119500,785614,789061,50.1431,5.8309,1
1119932,789363,789364,8.5114,28.6138,1
1119933,620000,789364,17.7576,29.8494,1
1120115,613395,789486,44.0833,12.2619,17
1120210,617247,789554,27.0493,4.6365,1
1120319,616153,789635,17.7169,5.5468,1
1120511,789764,796415,84.1513,5.8303,1
1120952,206442,790070,10.2956,12.3453,5
1120959,790070,790075,26.4764,12.1124,5
1121361,790367,790484,40.8449,14.7032,1
1121528,621601,790486,12.3037,30.6143,1
1122731,788795,791350,61.6604,8.6968,1
1122784,192455,791385,102.8672,4.0495,1
1123148,207772,791640,5.2599,8.6023,1
1123149,791640,805700,153.2253,7.5027,1
1123311,618971,791751,22.942,19.0783,12
1124168,209725,792340,32.438,13.8737,4
1124180,623102,792352,13.9284,26.3922,1
1124198,624183,792367,31.3363,19.4258,11
1124199,792367,799678,54.2887,30.6127,11
1124202,792369,793939,16.0174,11.5199,11
1124432,792526,793219,25.3574,6.7082,4
1124433,209527,792526,10.4722,7.5967,4
1124598,792369,792654,13.8724,12.9215,11
1124599,624183,792654,22.891,8.8741,11
1124600,617978,792655,24.8535,14.3755,4
1124601,621799,792655,8.8898,11.0613,4
1124651,792688,792689,12.345,4.0503,1
1124780,208603,792791,9.9163,18.6289,1
1124781,208949,792791,10.4403,19.6918,2
1124814,625451,792815,13.9284,26.6042,1
1125397,793219,793736,8.0623,7.5074,4
1125560,265246,793334,35.7584,5.5451,1
1126123,262906,793723,113.446,5.7748,1
1126139,793736,794525,29.8831,8.246,4
1126152,793745,805043,213.6264,5.1421,1
1126309,623585,793868,107.1245,7.4532,1
1126337,627604,793887,18.5236,19.6495,12
1126555,794044,794892,3.4641,9.3218,1
1126759,794187,794705,5.9652,3.3028,1
1126779,788734,794201,12.492,8.1291,5
1126781,794201,802835,59.3314,8.3245,5
1126845,212509,794248,29.7489,13.1708,4
1126885,627710,794270,20.8407,22.3682,11
1127091,210919,794404,3.3166,8.2019,1
1127092,794404,794858,4.899,6.5897,1
1127270,212596,794525,35.4479,8.7024,4
1127534,792688,794705,33.6079,3.3708,1
1127668,627579,794793,10.0,5.1083,1
1127759,214332,794858,86.3925,5.5136,1
1128120,634847,795107,57.4389,5.4704,5
1128367,624657,795264,29.1986,3.2863,1
1128368,795264,803099,53.1103,4.5616,1
1128864,791350,795604,146.3523,6.0552,1
1129029,274794,795720,94.8701,5.8955,1
1129030,795720,806019,71.3723,5.6738,1
1129275,794187,795887,23.2982,4.3028,1
1129276,795726,795887,13.0022,4.7361,1
1129328,789486,795922,77.7329,13.7632,17
1129606,628007,796117,9.7639,25.7338,1
1129941,213964,796350,14.3062,10.2227,4
1130045,271666,796415,98.7134,5.4075,1
1130111,623671,796457,47.6646,3.4758,1
1130113,796457,799665,24.1272,5.6671,1
1130165,627754,796489,5.6862,4.1621,1
1130256,219667,796548,77.7467,5.2421,1
1130321,796595,798126,8.5177,23.874,11
1130633,201984,796801,156.157,9.5311,1
1130826,795283,796943,9.2736,8.2153,1
1131154,212506,797165,9.7639,4.0233,4
1131181,796943,797182,15.6844,6.562,1
1131182,797182,797941,5.1962,5.3723,1
1131366,628639,797303,34.6162,5.8807,1
1131367,632417,797303,13.5104,5.715,1
1131635,627604,797479,18.8331,20.0266,12
1131741,794892,797558,11.6619,9.123,1
1131785,797585,799344,11.8365,23.5048,11
1131788,629406,797588,7.4312,29.4425,4
1131982,797718,799641,14.7385,17.4549,1
1132025,269518,797744,58.9802,6.2445,1
1132052,797588,797764,27.3748,26.7084,4
1132317,797941,799465,8.3666,5.6109,1
1132591,798126,799344,13.2469,22.542,11
1132596,798129,799350,9.8723,32.9208,4
1132857,627288,798302,39.9291,8.8104,11
1132858,798302,798658,34.2047,14.0649,11
1132981,215072,798387,29.5719,19.6111,5
1133154,781082,798504,54.6652,11.6833,1
1133268,798585,799970,41.4488,18.4511,5
1133376,798658,799560,14.8008,18.17,11
1133709,798387,798882,4.6904,19.7679,5
1133710,798882,802395,42.4853,18.3758,5
1134261,798515,799255,12.0229,5.7446,1
1134263,799255,814354,90.4814,4.6043,1
1134264,795726,799257,26.2848,3.7361,1
1134265,798515,799257,18.6964,4.3723,1
1134395,634172,799350,15.6702,32.9823,4
1134520,797479,799439,21.0728,20.9547,12
1134691,799560,800092,41.2699,18.0622,11
1134811,635461,799641,13.6707,14.4223,1
1134861,799678,800089,11.4455,29.2912,11
1135165,209121,799883,53.301,11.5244,2
1135166,223686,799883,37.7403,18.72,2
1135293,216076,799970,4.8189,21.3702,5
1135482,632417,800095,22.3756,4.729,1
1135483,635523,800095,33.0252,4.8408,1
1135705,214143,800249,24.5357,8.0275,1
1135718,213856,800259,20.3388,20.0729,5
1135861,799465,800353,10.247,5.4312,1
1135935,800092,800413,9.551,18.7627,11
1135936,634577,800413,6.8232,21.1048,11
1136099,633933,800532,3.448,6.9942,1
1136379,800722,811653,9.8995,16.8963,1
1136405,215501,800743,20.1577,4.8442,1
1136406,800743,800744,12.7279,5.0043,1
1136522,799587,800822,38.1401,4.1815,1
1136535,800831,802282,14.0712,9.3462,4
1136649,635257,800905,15.9757,19.1557,1
1136762,800353,800983,3.0,5.1926,1
1136765,625430,800986,123.1814,5.7878,1
1137165,644978,801262,59.0548,4.6993,1
1137240,274794,801310,39.2683,4.4954,1
1137241,281419,801310,191.5533,6.0467,1
1137257,801324,811050,360.6078,7.5077,1
1137483,745031,801483,15.0218,10.182,2
1138621,802278,803705,11.8977,4.2078,1
1138720,801262,802343,85.4134,6.669,1
1138722,802343,814547,82.0056,7.8717,1
1139013,799439,802544,37.2072,20.5294,12
1139141,784304,802630,190.8863,5.5495,1
1139324,634577,802755,28.6522,24.4933,11
1139335,802476,802761,14.1842,3.9495,1
1139337,802761,804643,15.7764,4.8912,1
1139431,286129,802835,340.8441,6.3865,6
1139670,773353,802995,41.5331,5.1795,1
1139671,794044,802995,22.8108,6.6795,1
1140009,280998,803247,67.1234,7.5452,18
1140088,625102,803303,175.1457,12.9373,1
1140095,803309,810620,42.1579,6.5557,1
1140179,221026,803370,37.7492,6.2741,1
1140180,222693,803370,69.3101,5.2881,1
1140201,803384,815055,38.612,11.8949,1
1140654,239,803700,25.5125,7.5166,3
1140663,639954,803705,7.188,4.999,1
1140724,803750,804337,6.9121,3.1623,1
1140827,216043,803825,54.4327,15.8096,1
1141272,789764,804132,37.6976,5.7446,1
1141303,804155,806275,39.7478,4.2523,1
1141469,800744,804270,26.2679,5.8941,1
1141563,804337,808608,30.2471,3.452,1
1141701,611552,804428,149.6975,4.4707,1
1142014,639395,804642,6.2716,28.2758,11
1142015,639947,804642,6.5574,30.2382,11
1142206,795604,804770,74.4983,5.4961,1
1142577,805028,805789,5.5578,5.6081,1
1142596,648564,805043,66.4998,4.7408,1
1142762,637766,805160,45.1184,6.9702,1
1142763,805160,805645,76.3683,5.9009,1
1142834,640894,805209,36.6742,3.2394,1
1143225,223552,805470,52.6165,11.7299,1
1143318,653071,805538,60.7783,5.4155,1
1143425,797829,805609,48.9639,31.1382,1
1143426,643229,805609,27.5721,29.7824,1
1143475,805645,809400,107.3069,6.6756,1
1143510,639947,805670,32.107,32.1137,11
1143514,805670,817987,80.0936,18.3814,11
1143564,804270,805700,203.5092,5.8941,1
1143691,805789,818999,114.453,4.977,1
1143935,785814,805950,222.5337,5.8416,1
1144109,806075,808019,19.5965,29.8063,4
1144327,644921,806229,14.6818,7.8012,1
1144340,630690,806236,53.3819,5.5822,1
1144341,639954,806236,15.5925,5.5317,1
1144411,806275,806985,11.4054,4.7947,1
1145384,806959,807413,32.3389,4.3589,1
1145528,807070,808353,27.1498,5.8208,1
1146009,642643,807413,14.1146,5.381,1
1146354,642586,807656,68.6032,13.4508,11
1146356,807656,812415,41.4678,13.5524,11
1146428,41338,807701,51.5743,11.0861,7
1146469,800983,807734,63.9844,7.217,1
1146471,807734,808922,12.1244,12.217,1
1146877,645161,808013,18.0616,13.747,1
1146887,644932,808019,9.8082,28.401,4
1147051,222645,808142,5.4975,15.6189,4
1147052,808142,809720,22.1133,14.7861,4
1147068,808155,814097,27.2066,4.4721,2
1147092,806782,808172,9.434,3.7913,1
1147361,808353,812396,68.7257,6.1644,1
1147422,647009,808401,15.1162,24.585,1
1147772,805209,808640,29.0172,3.8106,1
1147773,644978,808640,23.9653,4.5634,1
1148183,221567,808922,17.8291,14.2454,1
1148256,644774,808976,7.461,16.8967,12
1148606,807896,809221,9.1598,11.6317,11
1148608,648195,809221,8.3292,10.7849,11
1148618,645930,809229,5.0,12.3277,1
1148668,642422,809266,51.1425,4.511,1
1148669,809266,813527,32.8329,5.3218,1
1148768,279719,809336,3.448,8.124,2
1148856,804428,809400,63.6248,6.2283,1
1149529,646140,809876,8.3066,29.8492,4
1149530,809876,811798,18.1246,26.6488,4
1150195,283424,810347,95.3328,7.5794,18
1150293,77366,810415,111.5213,6.0738,1
1150294,810415,819609,75.5469,5.7016,1
1150518,244916,810568,86.8306,6.5557,1
1150519,810568,814163,189.436,6.4031,1
1151073,756873,810954,504.1731,30.4838,3
1151074,651438,810954,18.2392,29.2103,3
1151238,811071,819281,122.0246,26.0348,1
1151664,811383,819623,114.2891,4.8002,5
1151834,811510,811671,14.1774,3.8028,1
1152040,766394,811653,6.2716,16.5363,1
1152270,811798,812982,9.975,21.8874,4
1152273,810318,811802,34.2961,8.9602,11
1152835,812205,814314,68.2155,19.6054,6
1152875,812230,812444,55.0883,5.4754,1
1153104,812396,812649,5.4467,6.1236,1
1153139,811802,812415,20.3672,4.8597,11
1153470,812649,814303,36.972,5.5414,1
1153488,285881,812662,49.5233,6.7371,1
1153554,812721,812983,17.2755,6.7514,6
1153555,812721,812984,7.4833,8.246,6
1153816,651118,812911,6.2074,7.3761,1
1153921,812982,813461,53.5942,23.1601,4
1153922,812983,813324,13.1445,4.4009,6
1153923,812205,812984,14.4442,9.3367,6
1153975,813024,814238,87.8066,7.1774,1
1154013,813052,813957,16.7653,5.2417,1
1154219,811866,813186,13.5339,4.4964,1
1154220,650404,813186,4.9497,3.4758,1
1154262,808976,813211,38.0248,17.1448,12
1154415,813323,813324,45.3542,5.6433,6
1154551,639373,813418,164.5931,6.7156,1
1154612,660108,813461,42.3556,23.6253,4
1155134,813052,813831,8.1377,4.458,1
1155325,812911,813963,17.8941,5.5726,1
1155326,813963,816240,21.1713,3.6029,1
1155477,288240,814069,51.788,4.4009,1
1155521,1996,814097,22.9379,7.0579,2
1155689,813831,814210,18.9091,4.958,1
1155731,226539,814238,56.0327,7.2715,1
1155832,652652,814303,11.5052,4.5616,1
1155859,814314,818693,69.5699,19.9516,1
1155862,814314,819763,61.3016,28.5123,5
1155907,813957,814340,26.7369,5.2417,1
1155968,650614,814379,16.7199,26.3049,1
1156211,814557,815605,11.3137,5.7878,1
1156342,653492,814653,3.6968,2.8059,1
1156595,812444,814833,68.6489,4.7683,1
1156596,814833,820721,58.0057,3.217,1
1156862,815017,818462,31.2503,22.6899,1
1156913,15940,815055,50.514,13.1233,1
1157062,649882,815158,22.2045,5.2881,1
1157133,654039,815204,6.2716,24.7678,1
1157227,654996,815270,29.3428,6.7016,1
1157468,643623,815422,124.1554,6.0311,1
1157621,652063,815529,17.7951,4.1829,1
1157622,654648,815529,3.6968,4.5616,1
1157860,814354,815693,12.5597,4.6901,1
1157889,814753,815714,36.0609,4.3008,1
1158336,815422,816023,143.9058,4.9155,1
1158425,815158,816080,10.1782,5.7511,1
1158681,815693,816260,10.3682,6.2368,1
1158682,654648,816260,10.9659,5.7787,1
1158988,814653,816469,25.0022,3.9263,1
1159360,375120,816719,37.5485,6.8182,1
1159425,816763,821388,53.1528,6.7774,1
1159583,283991,816872,15.5991,7.2058,1
1159584,4839,816872,43.3103,6.4342,1
1159585,224068,816873,43.7112,14.609,2
1159587,232974,816873,8.8045,12.9428,2
1159677,123774,816935,88.955,4.3969,1
1159679,811510,816935,47.9792,3.4611,1
1159685,814163,816938,91.1043,5.2016,1
1159710,809336,816955,36.706,7.6676,2
1160033,816080,817182,31.3971,6.2838,1
1160281,656775,817345,7.3485,17.6478,12
1160385,281436,817424,16.7531,8.5419,2
1160386,80109,817424,146.9384,7.3294,2
1160464,656467,817480,69.6316,7.2016,1
1160527,652164,817525,37.2231,30.0857,3
1160630,814340,817599,101.7823,4.5822,1
1161035,235959,817872,71.4446,15.2283,4
1161203,657949,817987,7.0159,3.7025,11
1161257,817480,818015,15.9339,7.1623,1
1161467,658732,818151,18.7409,5.562,1
1161500,817525,818174,13.2539,31.4235,3
1161501,818174,819578,15.7533,30.6974,3
1161685,815714,818289,32.268,4.241,1
1161755,238837,818345,25.0799,7.7416,1
1161756,816938,818345,24.5561,6.3875,1
1162254,662866,818693,39.879,12.6612,1
1162679,660534,818969,35.0698,7.7509,1
1162721,668450,818999,52.863,4.511,1
1162895,226628,819113,55.4707,9.5155,4
1163140,819280,819281,8.0416,24.2418,1
1163449,818289,819500,28.9238,4.7541,1
1163831,818694,819763,51.6398,30.5369,5
1163892,5720,819804,132.6514,6.7561,1
1163893,665418,819804,23.6291,6.1319,1
1163979,819280,819865,29.6816,24.7296,1
1164328,817980,820105,6.4205,7.0386,3
1164329,284461,820105,18.9209,7.1875,3
1164455,819578,820197,5.1045,28.0373,3
1164774,243024,820396,191.8121,6.5977,5
1164775,819623,820396,14.3527,4.7541,5
1165004,49647,820548,30.133,4.89,1
1165230,5640,820721,22.4376,3.8643,1
1165295,370805,820774,73.0973,12.4074,1
1165296,803825,820774,74.6387,12.4074,1
1166239,817345,821405,46.3777,18.2629,12
1166621,8654,821693,39.4138,8.4779,1
1166745,819865,821776,35.498,22.7666,1
1166746,821776,822386,9.1226,21.7468,1
1167008,820548,821947,8.124,4.1231,1
1167636,669743,822385,26.9361,25.5175,1
1167638,30116,822386,57.2606,23.5613,1
1167706,664627,822430,16.69,24.5577,3
1167707,674536,822430,47.052,23.1692,3
1167795,40944,822487,68.8867,17.9285,5
1167797,37035,822487,73.0786,16.6276,4
1167806,686085,822487,63.874,21.2321,1
