edge_id,src,dst,length_um,radius_um,usage
668,442,788358,39.2457,5.8407,33
2759,1883,321214,96.2947,7.663,1
3131,2171,322697,68.9375,6.4446,1
3132,2171,318259,17.8031,5.9561,1
3138,2176,675965,103.6034,3.8643,1
5052,3624,270435,121.6457,3.7936,1
6022,4363,6062,64.7843,3.2975,1
7089,5151,310151,61.5549,4.0941,1
8345,6062,6383,51.5849,3.2975,1
8643,4029,6288,110.6165,5.5,8
8644,6288,18296,20.4641,4.6213,8
8783,6383,310151,52.5071,2.9208,1
10045,7322,321214,54.9394,8.4395,1
10540,7671,119337,142.4991,5.6506,1
11378,8275,27187,86.5642,3.9822,1
11829,8597,668889,3.448,2.118,1
11902,8646,9514,20.6155,3.452,1
12728,8646,9249,83.8391,3.6427,1
14829,10782,31151,56.1399,9.9467,1
14831,7322,10782,11.9024,10.7999,1
18148,13147,321941,152.1436,5.1476,1
18149,13147,16379,75.71,5.4704,1
19273,9514,13965,136.4038,3.452,1
19521,14148,323125,17.3877,2.366,1
19522,14148,16881,57.1402,2.618,1
20099,14560,21182,11.9094,6.8143,1
20155,14596,676330,56.8448,4.9839,2
21111,15262,106040,148.2768,3.6427,1
21293,15390,23017,64.1543,5.9106,1
21294,15390,325677,28.5696,5.7748,1
21500,15524,40920,64.3345,18.2257,1
22577,16281,328087,6.7082,4.1307,1
22714,16379,328509,4.0415,5.9545,1
23726,17113,331261,71.4462,3.9465,1
23727,16881,17113,49.8397,2.2361,1
24326,17533,329214,19.0526,4.1621,1
24327,17533,332319,33.9272,5.2249,1
26429,18996,22253,50.6853,3.5616,1
27111,19075,19473,11.0,3.9241,1
27112,19473,20965,37.2693,3.9241,1
27536,19772,227628,68.9323,4.0388,1
27538,19772,245561,30.7679,3.9241,1
27847,19998,38785,37.0037,5.5414,1
28070,20150,20286,11.3578,3.6213,1
28160,20220,24102,60.025,5.5971,1
28243,20220,20286,65.307,4.1829,1
28908,20754,20965,22.4054,4.6751,1
29373,21087,336297,19.559,4.1213,1
29505,21182,697978,193.2148,5.6569,1
30758,22077,77019,134.5119,6.4342,1
30998,22263,67049,169.2733,10.0607,1
31000,22263,324754,49.9333,9.8654,1
31028,22280,169494,178.8944,4.899,1
31603,21087,22676,34.7275,4.9936,1
31604,22676,340712,31.257,5.5649,1
31742,22772,340563,6.1644,5.2907,1
32077,23017,33847,43.9634,5.567,1
34910,25003,343559,75.3171,4.4954,1
34916,25010,676975,37.2514,7.806,2
35076,25118,34200,138.1919,5.4704,1
35548,25451,329465,72.7805,5.2068,1
35710,25564,26015,101.5972,6.3121,1
36026,25791,26589,31.4484,4.89,1
36325,26015,26157,3.0,6.8896,1
36426,26091,29138,59.4306,6.451,1
36517,26157,27892,171.2484,6.4078,1
36520,25564,26159,41.7852,6.4221,1
36744,26317,283240,100.0433,5.0196,10
36745,26317,94545,44.243,3.4758,10
36891,26159,26424,5.6569,6.3796,1
37066,26091,26543,87.046,5.7439,1
37109,26573,348889,96.5896,4.3284,1
37131,26589,29312,74.4177,3.5616,1
37986,27187,50712,80.0962,3.5937,1
38996,27892,32015,119.8582,6.0738,1
39473,28228,349962,49.1121,5.6081,1
40010,28608,359862,85.1442,5.2548,1
40178,24102,28728,80.4114,6.451,1
41071,262,29353,112.6921,4.0616,1
41674,29789,351358,48.0347,5.2779,1
41874,29920,151758,83.9614,5.9545,3
43600,30209,31100,16.7631,6.5115,1
43673,29879,31151,39.5126,7.3477,1
44113,31459,33456,48.5901,3.1583,1
44501,28728,31743,62.6099,4.7182,1
44502,31743,357564,175.8409,5.3383,1
44875,32015,33940,39.4715,5.7016,1
45253,32277,285858,34.288,5.8962,1
45576,32302,32497,16.1555,11.025,1
45577,32497,363724,284.6237,8.6305,1
45681,32571,287795,27.6265,9.4199,2
45718,32593,675283,178.4831,5.4929,2
45719,32593,676330,5.4671,4.5826,2
45930,32740,235477,59.075,3.8637,2
46566,33212,359966,23.0266,5.7016,1
46905,33456,363907,79.4963,4.2386,1
46949,33485,242319,47.5102,3.2863,1
47325,33752,689180,64.3169,4.0306,1
47326,33752,672836,84.1408,3.6427,1
47455,25451,33847,161.941,5.0299,1
47591,33940,37026,86.908,5.4155,1
47886,34141,35377,71.4073,3.3839,1
47974,34200,43155,148.2093,5.3218,1
48883,34859,360100,32.4739,7.3282,1
49158,28228,35052,106.2215,5.1926,1
49574,35346,820916,71.9915,3.9241,2
49619,35377,365043,25.7523,5.1167,1
49659,35407,359862,25.0156,5.9021,1
49696,35438,359819,41.1623,7.6468,1
50080,35696,39696,53.3198,10.3917,1
50108,35714,361478,29.0956,9.2644,1
50118,35720,38406,62.6418,2.9889,1
50272,35826,807518,133.8357,4.511,1
50698,36125,41317,68.9802,5.8284,1
50699,36125,55970,45.0543,5.2913,1
51028,36351,37552,23.2164,6.3541,1
51029,36351,364279,10.247,5.5495,1
51403,36600,363907,6.8799,7.0687,1
51404,36600,366218,41.5772,7.8301,1
51451,36628,678077,40.7663,5.1194,1
51518,36679,77480,116.9087,5.5649,1
51698,36804,364275,39.7688,3.3166,1
51706,36810,125271,17.7359,5.7007,1
51707,36810,174968,103.8391,5.0645,1
51860,36918,366218,58.4979,4.618,1
51861,36918,366844,76.9293,4.0761,1
52015,37026,41189,92.4932,6.117,1
52749,37552,42448,61.9193,7.1947,1
52919,18107,37668,40.0403,4.4016,1
52982,37707,38406,11.3578,3.3708,1
53035,29789,37744,103.3973,5.651,1
53036,37744,366656,3.448,6.7016,1
53125,37804,41344,59.9416,3.3708,1
53223,37879,366617,35.4338,3.7913,1
54091,37879,38509,79.9562,3.5,1
54092,38509,369499,58.8038,4.1213,1
54376,38709,66594,212.359,5.3723,1
54763,38983,670605,90.0753,7.1067,2
54874,35438,39060,99.4535,7.2058,1
54875,39060,371195,167.5938,6.4641,1
56394,40132,43500,106.3861,8.0632,1
56820,39696,40422,17.5499,13.5211,1
56821,40132,40422,16.5227,10.2066,1
56894,40470,376763,63.3368,5.9402,1
56995,40541,45904,132.8457,5.4495,1
56997,40541,41317,83.2026,5.2779,1
57541,40920,342137,141.2657,13.943,1
58400,41530,43387,37.5633,4.2976,1
58956,41933,804798,148.2768,7.0421,1
59590,42384,366844,114.3456,5.3033,1
59592,42384,45078,109.7315,4.5247,1
60201,42817,810526,391.6667,4.899,10
60202,42817,70636,31.209,4.1078,10
60327,42908,335243,113.0953,5.5971,33
60329,42908,319588,142.3244,4.977,33
60676,43155,46119,40.8289,4.3203,1
61016,43404,674208,35.8402,4.7361,1
61143,43500,416874,437.9468,8.7076,1
61511,42958,43752,42.8252,3.8708,1
61512,43752,385117,60.5746,3.8708,1
61812,43968,50712,15.5313,2.2802,1
61813,43968,685903,62.6392,2.6688,1
63076,44839,45370,9.0,6.2633,1
63418,45078,48173,97.9234,3.5937,1
63551,45173,376503,28.4527,3.4611,1
63552,45173,48897,86.6833,3.217,1
63626,45227,336686,37.6814,3.1583,1
63627,45227,323151,78.4085,4.2078,1
63824,45370,49517,138.5965,9.337,1
64586,45904,674185,58.4388,5.5,1
66098,47015,381435,50.5063,12.2881,1
66689,47418,381226,59.016,8.9436,1
68835,48897,51291,40.3361,2.8284,1
69617,49459,676652,62.6356,4.2913,1
69618,49459,694226,103.3758,4.6926,1
70006,49723,55598,65.0367,6.4155,1
70322,48173,49943,66.0681,4.2426,1
70329,49946,386510,31.4996,3.1623,1
71003,48006,50419,134.4214,6.3988,1
71004,50419,689356,279.819,6.8239,1
71035,49517,50441,22.3607,10.7912,1
71471,50759,51607,84.1731,5.2907,1
71472,50759,341152,48.6918,4.4246,1
72044,51155,393001,52.0288,4.3203,1
72055,51163,389395,15.8477,7.9639,1
72234,51291,397055,70.0333,3.217,1
72572,51546,389395,62.9313,7.1593,1
72656,51607,337426,123.2491,3.3052,1
72769,47015,51677,74.7663,8.226,1
73356,51677,52086,8.6603,4.241,1
73357,52086,54591,28.178,4.3008,1
74166,52661,331576,19.2457,3.7055,1
74755,53079,54591,25.923,3.3461,1
75086,53315,393754,34.8712,3.0,1
75456,41933,53588,13.9284,8.1417,1
75457,53588,255521,105.5741,6.4225,1
76713,54482,413079,136.2886,5.5317,1
77066,54725,325046,85.4238,4.1621,1
77248,54482,54854,11.1803,4.7408,1
77439,55004,395681,84.534,4.953,1
77546,54854,55081,15.1327,4.6289,1
77919,55338,396381,8.3666,6.5123,1
78285,55598,338494,52.6054,6.7016,1
78399,55683,330307,122.6576,6.3244,1
78669,46119,55881,159.634,5.2249,1
78670,55881,56774,15.843,6.2264,1
78741,55928,394149,56.2811,5.3218,1
78752,55935,435521,47.31,5.0368,1
78794,55970,63454,41.5994,5.9313,1
78893,56037,682781,186.9402,3.9495,1
79394,56372,696787,96.9266,8.5822,3
79958,56774,57424,58.3267,5.6109,1
80871,57424,98508,891.6087,5.4312,1
81287,56899,57718,83.1505,3.8172,1
81423,57818,329465,139.157,6.451,1
82029,47418,58241,417.2002,11.7734,1
83602,59319,402758,3.6968,18.1696,1
83993,59594,63662,41.2392,4.9286,1
85732,59338,60818,5.4467,4.241,1
85815,60878,337806,19.4508,10.1548,1
85816,55683,60878,25.5473,7.9347,1
85836,60893,286091,16.4942,4.7608,1
86152,55081,61102,103.9904,5.5706,1
86153,61102,429781,159.1592,7.4223,1
87035,57950,61722,43.0116,7.1947,1
87036,61722,414244,71.4656,7.3761,1
88624,52661,62840,25.0289,3.5355,1
88625,62840,338893,6.3509,4.3008,1
89010,63113,412178,28.6744,5.5649,1
89476,36628,63454,136.8624,6.9567,1
89776,63662,672836,103.8912,4.2976,1
90097,62674,63888,23.2809,4.999,1
90211,63970,419664,194.7699,6.4936,1
90213,63970,70646,123.5557,5.8268,1
92505,65586,402414,115.6123,5.7913,1
92587,65638,73974,96.3964,4.9338,2
92820,65805,69897,198.6681,5.2175,1
93447,66259,280411,129.3209,6.0552,1
93448,66259,292005,69.3221,6.3988,1
93700,30145,66441,139.1606,4.1926,1
93701,66441,697878,66.0648,3.0,1
93911,66585,696475,94.9976,7.1411,1
93913,66585,697458,79.8244,5.4764,1
93925,66594,77727,81.0309,5.8303,1
94144,66753,70945,61.6198,4.1926,1
94590,67049,345134,71.4368,8.3245,1
94891,54715,67258,50.9828,5.3183,1
94893,67258,351651,85.7312,4.2002,1
95377,65534,67608,30.1662,2.0908,1
95503,55338,67696,250.8087,6.5465,1
95504,67696,422296,44.2455,7.7973,1
95528,67714,417729,167.9315,5.7899,1
95529,67714,418978,25.1639,5.3617,1
95617,67779,70658,94.0106,7.4806,1
95871,67966,71550,73.5255,4.0616,1
96087,67608,68121,32.8024,2.7247,1
96254,68237,692967,107.0374,4.4495,1
96355,68307,72593,78.8289,4.0495,1
96444,54725,68365,47.1275,3.9324,1
96739,67925,68562,13.6015,7.3407,1
96740,68562,70162,110.5034,8.2453,1
96741,68562,68563,3.6056,7.5261,2
96860,68654,418978,75.037,4.8139,1
96910,34186,68687,69.7559,7.0711,10
97198,43404,68883,95.1335,4.8452,1
98046,69460,712187,108.3169,5.3166,2
98047,56034,69460,87.9482,4.0616,2
98678,69897,422703,138.7852,5.6993,1
99719,70636,176945,240.9523,3.7199,10
99747,70658,73568,77.2399,9.1556,1
99906,70769,718290,205.3839,4.2523,1
99907,70769,677412,203.0153,4.1815,1
100165,70945,428826,48.7294,4.5,1
100328,71058,339573,28.2312,2.5616,1
100827,71404,689180,58.532,5.2779,1
100861,71422,698034,49.9967,3.7199,1
101056,71550,80156,89.5433,4.8723,1
101786,72054,697458,91.5745,3.3708,1
101821,38983,72080,101.8136,7.5107,2
102540,72593,75556,50.3686,4.999,1
103324,73125,75629,57.5847,4.2523,1
103409,73187,695535,79.217,3.8643,1
103410,73187,81966,273.4358,4.6312,1
103473,73230,114181,68.0457,5.521,1
103937,73567,451414,300.0539,4.7913,1
103939,73568,78849,91.3729,8.8858,1
104327,73843,415904,73.0388,4.4203,1
104526,73974,697288,14.3372,5.1438,2
105614,74751,698707,20.0804,3.7199,1
105901,74943,697878,7.3485,4.3284,1
105902,74943,700662,62.522,5.521,1
106790,75556,78247,92.2009,5.3218,1
106894,75629,79539,136.9708,4.999,1
108277,76599,710525,124.6056,7.2327,3
108278,76599,696787,23.5773,7.1133,3
108808,68121,76955,90.2275,2.9142,1
108809,76955,77421,75.0866,2.5322,1
108991,77081,80340,70.9616,4.1231,1
109394,77366,281107,25.1064,5.7007,1
109468,77421,432345,90.4132,2.2361,1
109557,73843,77488,90.4489,3.9637,1
109558,77488,439755,95.9635,3.5355,1
109907,77727,703994,59.2818,4.0761,1
111458,78825,422296,173.1319,6.9954,1
111499,78849,433013,11.5998,7.5077,3
113666,80382,85977,95.0684,2.7247,1
114000,80612,443925,317.8233,4.899,1
115178,68365,81441,44.9555,4.0616,1
115179,81441,343822,13.0213,3.6583,1
115932,81966,709983,50.4535,5.567,1
116065,82058,439469,14.8549,9.2711,2
116133,78825,82107,73.1642,7.2598,1
116765,82582,437722,24.2693,8.4851,3
116885,78849,82670,71.9444,7.1062,4
116886,82670,88655,124.8599,7.9514,4
118067,74132,83523,87.5246,3.5616,1
118068,83523,705870,13.2497,4.7541,1
118620,79539,83900,107.9398,5.3779,1
119730,84632,677438,146.3021,6.9228,1
119731,84632,710403,116.6461,7.7457,2
119732,84632,87960,154.1029,9.0607,1
119880,70646,84739,288.3054,5.9313,1
119881,84739,443454,9.1652,8.357,1
120044,84739,84852,12.083,7.7327,2
120045,84852,93225,182.4884,6.965,2
120814,85382,144712,186.8227,15.1449,1
120815,85382,342137,9.5598,15.6791,1
121655,85977,446533,127.9019,6.0552,1
122484,86570,98586,260.4016,5.6317,3
123267,82232,87130,75.213,4.5616,1
123673,87431,439751,66.0454,6.4806,1
123674,87431,451614,188.4217,5.3218,1
123966,87624,439642,141.2471,4.4126,1
124436,87960,727627,149.7915,10.042,1
124601,88077,446865,25.9487,6.3226,1
124844,87201,88254,60.5475,5.1421,1
124957,88331,715204,46.6625,3.7199,1
125059,88408,446533,28.5579,7.0552,1
125409,88655,89774,16.4924,9.3403,4
126020,89101,473561,282.6977,6.5557,1
126968,89774,455189,69.7878,9.4244,4
127138,89908,718983,11.4018,3.6742,1
127480,90137,94049,88.8426,6.117,1
127708,90285,452842,23.6972,4.0616,1
127943,90451,94700,202.5981,6.6033,1
128918,26983,91131,174.2343,6.2696,1
128920,91131,109706,26.6958,5.6081,1
129169,91320,453659,15.7233,3.6736,1
131148,92718,93073,11.1803,5.4265,1
131352,92865,453364,22.9541,6.0738,1
131353,92865,456315,28.0654,4.3723,1
131857,93225,106204,288.3956,6.7774,2
132993,94049,459954,39.6138,5.2607,1
133910,94700,459016,31.3032,7.898,1
134185,94905,428367,115.7129,18.9646,2
134186,94905,95321,32.5883,5.8407,2
134579,95184,454086,91.3777,6.6292,2
134580,95184,467155,57.6387,6.373,2
134776,95321,97553,48.6415,4.5092,2
135248,95657,462289,40.0656,4.511,1
136108,96274,462289,152.785,4.4068,1
136275,96386,112908,65.8922,5.1421,1
136277,96386,100012,69.6435,4.2523,1
136517,96550,459297,36.1156,3.8534,1
136518,96550,468007,58.4166,4.2321,1
137294,97080,458942,37.6785,5.1421,1
137295,97080,473200,123.9148,4.4495,1
137583,97287,456604,50.5899,3.8172,1
137957,97553,477043,124.0585,3.2975,2
138045,97625,715178,63.1919,4.8341,1
138150,97701,120468,47.1359,4.1583,1
138262,96274,97780,30.0333,4.9433,1
138263,97780,464302,8.2462,5.6395,1
139191,97287,98436,40.0999,4.5811,1
139192,98436,103883,113.6354,5.1795,1
139275,98497,179239,184.6983,7.1661,10
139284,98508,492628,341.7847,5.5649,1
139699,98809,460332,131.5637,6.2696,1
140776,99548,472641,88.8332,5.099,2
140777,99548,466598,72.3249,4.999,2
140892,99630,467275,31.4272,3.7796,1
141076,99766,100154,15.0,6.2264,1
141077,99766,101098,52.7067,6.4363,1
141410,100012,351244,36.2767,3.217,1
142689,98809,100921,47.7493,6.8525,1
142713,100937,484561,167.5967,6.5557,4
142941,101098,484613,198.5535,5.5822,1
143060,100921,101174,12.8841,8.4922,1
143061,101174,479577,111.3209,7.8339,1
144431,102143,104387,62.442,5.1636,1
144432,102143,102696,79.6304,5.1636,1
144821,102407,105890,61.7171,4.1926,1
145206,102696,465434,92.8989,6.8093,1
146469,103603,471637,53.7711,5.5468,1
146471,103603,103604,23.0868,3.9263,1
146579,103678,108542,87.2812,4.1829,1
146619,103604,103704,27.037,3.8724,1
146867,103883,104506,9.6437,4.241,1
147106,104049,469067,40.5357,5.4764,1
147286,104178,128848,65.4603,9.7968,2
147430,104290,241101,72.3026,2.9889,1
147453,100606,104308,170.7484,3.9324,1
147454,104308,106076,34.3366,3.6736,1
147557,102407,104387,87.6983,4.3723,1
147724,104506,105730,34.7994,5.7016,1
148370,103704,104970,61.4898,4.6365,1
148371,104970,106293,23.3666,5.5856,1
148979,103901,105395,25.807,3.4641,3
149232,105142,105566,77.4209,3.3028,2
149359,105566,105652,13.4907,4.0941,2
149360,105652,484309,74.6272,4.7913,2
149475,105730,109942,155.9038,6.0895,1
149691,105890,478552,37.4952,5.7748,1
149861,106013,474606,127.768,6.0927,1
149894,35826,106040,87.5157,4.1231,1
149944,106076,110657,100.454,5.0043,1
150126,106204,495538,217.1835,6.5977,2
150375,104049,106369,41.7732,4.5274,1
150476,106445,126119,97.3617,5.1515,1
150477,106445,353969,61.7405,4.6856,1
151339,107052,700662,63.0234,3.8106,1
151340,107052,120452,70.2283,3.118,1
151558,107207,337446,18.3848,3.6795,1
151757,107352,483350,384.1571,4.241,1
151986,77480,107520,222.2684,5.3852,1
151987,87422,107520,64.3705,4.5634,1
152212,53246,107683,90.05,2.3428,1
152213,107683,250147,35.5809,2.7247,1
152929,108188,480430,16.0174,4.6312,1
153438,108542,111541,144.6409,4.4126,1
153538,108614,110427,67.082,6.7659,4
153839,108829,483027,15.6724,5.5076,1
154084,108993,483671,13.9603,4.3028,1
154784,109473,131821,94.5098,3.7606,1
155456,109942,117878,183.5974,5.8407,1
155499,109973,110927,76.948,6.6818,1
155637,108188,110067,161.722,3.8643,1
155638,108993,110067,73.5187,3.8643,1
155714,110119,112751,116.254,5.4265,4
155715,110119,110427,19.7231,5.5561,4
155909,110256,483693,6.4807,5.0476,1
156077,110373,483350,13.687,4.872,1
156078,110373,485855,16.1142,5.7748,1
156465,110655,117810,174.2355,4.1583,1
156469,110657,490052,81.7877,6.117,1
156562,110655,110727,56.4712,4.5616,1
156855,110927,487786,110.7712,9.6402,1
156989,108829,111019,90.802,6.9084,1
157028,111047,485563,6.6081,5.4155,1
157029,111047,114781,87.8066,4.6213,1
158640,112177,486014,74.4938,4.0306,1
159209,112583,486865,20.3286,6.4078,2
159210,112583,117244,86.18,5.7878,3
159454,112751,113713,35.1568,5.4265,4
159675,112404,112896,14.8997,8.2057,1
159676,112896,503877,125.3205,8.659,1
159693,112908,354745,86.986,4.9286,1
159753,112951,490663,75.7994,8.124,1
160348,113376,304461,139.8738,4.3028,1
160349,113376,116416,7.1957,4.5414,1
160406,113417,486313,27.3866,4.3969,1
160407,113417,492499,27.9185,3.9496,1
160836,113713,484613,114.9456,5.0981,2
160837,113713,147222,613.1868,4.6596,6
161217,113972,477529,428.5184,8.0932,2
161525,114181,690319,325.8566,6.0467,1
162355,112583,114781,104.6948,4.9936,1
162667,114994,116946,46.4112,7.4407,1
162907,114607,115174,26.096,2.3028,1
163428,115559,708663,49.1087,3.2394,1
163540,115634,526240,306.3928,5.3723,1
163830,115850,117632,41.509,6.1202,2
164450,113972,116296,86.2322,7.2636,2
164636,116416,285150,67.0373,3.8566,1
165059,114607,116710,127.7576,5.0043,1
165060,116710,492628,30.0458,6.0738,1
165414,116946,520989,302.2916,7.5452,1
165829,117244,501706,54.1541,5.7878,3
165865,117272,369801,173.5057,6.783,1
166384,117632,490052,116.0656,5.465,1
166385,117632,517073,243.437,6.0495,3
166637,117810,500557,31.526,4.1583,1
166730,111541,117874,130.7287,4.7913,1
166732,117874,120697,63.5138,5.7016,1
166738,117878,501850,77.9637,7.5745,1
167363,118320,413804,75.7751,5.7016,1
168142,116296,118876,84.6759,6.7371,2
168795,119337,162326,52.9339,6.0092,1
170379,120452,722291,79.1637,5.2016,1
170401,120468,723651,45.2132,3.0725,1
170475,120517,490070,122.6236,4.2426,3
170476,120517,519604,139.5349,4.7194,2
170750,120697,527953,306.319,6.4031,1
171023,120880,721261,36.1248,3.8534,1
171685,121347,245561,45.5229,4.5708,1
173777,122821,503786,74.6661,8.8079,2
174276,123174,497013,115.1202,7.5148,1
174277,123174,126136,46.594,9.1556,1
175351,123928,732336,95.7701,4.7608,1
175391,123959,501414,166.9411,6.5027,1
175392,123959,520989,169.9085,7.3143,1
176129,124492,133514,169.4655,4.1829,1
176267,124589,126903,132.0757,3.1623,1
176538,124786,538482,310.3894,5.734,2
177034,125138,506482,50.3024,5.1213,1
177036,125138,523019,112.6538,5.0616,1
177399,125401,126417,16.4012,3.8643,1
177776,125668,128202,100.6701,3.7247,1
177777,97625,125668,184.7837,3.4608,1
178242,125989,126649,24.1039,3.5291,1
178428,126119,126138,7.6952,4.0335,1
178454,126136,528524,133.1409,9.4684,1
178507,126168,516160,119.0393,5.2421,1
178543,102314,126193,67.1993,6.8632,1
178545,126193,131566,43.0427,4.5392,1
178880,126417,127575,15.5242,4.977,1
179026,125989,126513,32.5269,2.8831,1
179027,126513,127763,26.2488,2.7247,1
179146,126600,507170,124.7437,10.6301,2
179226,126649,515736,17.6981,5.0724,1
179584,126903,132160,170.8098,4.4534,1
179903,127130,128805,36.4005,4.6365,3
180673,127669,130123,75.5381,6.6177,1
180674,127669,134296,125.1639,6.364,1
182242,128805,138499,155.1709,5.5468,3
182305,128848,134822,21.6307,8.9751,2
182325,128861,509999,121.056,6.3442,1
183015,129337,518743,25.8263,7.8134,3
183713,129824,130692,49.8598,5.0794,1
184155,130123,518219,56.3856,5.8208,1
184448,129341,130335,72.0139,5.8268,1
184696,126600,130511,89.5433,9.3462,2
184950,130692,526134,77.4919,4.3008,1
185107,130800,519913,18.2003,6.6464,1
185108,130800,521880,9.8263,7.5027,1
185379,129824,130992,18.6815,5.8303,1
185757,131260,520885,24.2258,6.4128,3
185860,130335,131330,18.4932,6.4078,1
185861,131330,523527,22.5364,6.7129,1
186184,131566,351244,47.1652,2.9954,1
186492,131780,144581,107.3985,4.4707,1
187037,132160,140570,94.1329,6.4078,1
187044,132165,524360,100.356,4.4155,1
187045,132165,526134,159.9281,4.3589,1
187819,130511,132713,103.899,8.1238,2
188041,132713,132883,3.4641,8.4228,2
188052,132892,134231,29.5466,4.5306,1
188371,133112,525202,22.4425,5.1941,1
188796,133421,581667,59.3801,3.9903,1
188797,133421,811244,174.6177,4.9338,1
189704,131514,134062,83.4925,4.241,1
190728,117044,134794,49.8598,6.9596,1
190729,134794,723464,181.3312,7.6553,1
190778,134822,744275,138.5472,7.5445,2
191011,134991,135365,9.6437,7.4725,3
191205,135131,523019,70.0944,4.9338,1
191525,134452,135383,20.1246,6.0662,1
191526,135131,135383,62.1048,6.6472,1
191569,135412,533496,73.7066,4.9495,1
192220,111836,135858,150.9801,3.9173,3
192460,109706,136022,41.4474,6.5332,1
192574,136096,527723,50.4964,4.2361,1
192703,136181,139022,44.8776,4.3008,1
192851,136285,137935,89.2525,4.148,1
192852,136285,140509,46.1519,3.8643,1
192962,136354,535734,94.6496,5.2421,1
192963,136354,139569,118.5158,5.4218,1
192965,136355,137351,51.7204,6.5332,1
192966,136355,140702,175.1514,4.5634,1
193672,136828,158286,175.7353,8.0623,2
193673,135390,136828,24.8596,6.4806,2
193897,137005,356483,51.7784,2.5811,1
194026,133112,137090,46.0,4.5392,1
194027,137090,544002,88.6604,4.1307,1
194109,132892,137149,118.558,7.1734,1
194110,137149,137771,12.5698,8.3938,1
194396,137351,138939,20.6155,7.1572,1
194985,137771,532974,4.7258,7.9332,1
196009,138499,560420,261.3873,4.6158,3
196553,138898,140939,24.779,5.4155,1
196603,138934,142815,77.2852,4.6213,1
196719,139022,140702,22.0454,4.0503,1
196910,138871,139164,45.7165,8.1368,1
196911,139164,152028,224.4237,5.3708,1
197133,139318,139532,3.0,6.7082,1
197195,139359,146343,50.8631,7.4161,1
197197,139359,360226,124.2558,7.999,1
197439,139532,143549,51.0196,4.4721,1
197493,139569,544569,59.9444,4.6751,1
197702,139713,530254,53.6377,6.4026,1
197703,139713,144502,137.4845,4.387,1
198028,136218,139943,44.3847,5.6239,1
198901,140555,531356,53.8207,4.1231,1
198921,140509,140570,13.9642,5.5971,1
199196,140780,153338,210.4709,6.0822,2
199204,140785,547226,90.8105,5.8912,1
199205,140785,152028,214.581,5.262,1
199288,140842,536814,37.7757,8.5497,2
199295,137935,140849,34.6699,4.0035,1
199296,140849,551194,95.4599,3.7199,1
199602,138939,141074,40.1622,6.5182,1
199828,141229,724472,51.714,4.2426,1
199829,141229,154898,64.8811,3.9921,1
200304,141561,142361,21.7945,3.3461,1
201424,142361,540891,49.5872,3.7743,1
201788,142608,540462,83.7808,5.3019,1
201789,142608,145924,50.4083,6.2818,1
202088,142815,561987,210.74,4.8139,1
203116,143575,195639,303.1395,14.4078,1
203117,143575,155309,14.4568,18.1659,1
203409,143792,148037,93.1075,6.2106,1
203410,143792,155179,230.1934,8.0623,1
203532,140842,143881,66.7008,8.5853,2
203681,140012,143978,43.7035,3.2394,1
203682,143978,146978,59.3043,2.7763,1
204179,143881,144339,61.79,6.8143,2
204406,144492,147216,129.3445,4.0233,1
204407,144492,544569,5.9442,3.5348,1
204421,144502,554363,132.9787,4.7603,1
204474,144542,544164,12.8598,6.4363,1
204730,144712,150210,49.4717,12.8803,1
205066,144339,144961,16.4317,6.7787,2
206288,145829,560251,168.8635,5.8303,1
206289,145829,152685,108.798,5.458,1
206555,146009,160524,156.6014,9.3628,4
207019,146343,354745,139.4915,5.5902,1
207850,146918,763714,158.6642,4.0941,3
207851,146918,723708,168.0863,4.9839,3
208049,147058,548856,5.1316,6.3609,1
208269,147216,167945,229.1506,4.7913,1
208280,147222,147912,10.4881,4.1231,6
208363,147284,353604,48.0839,3.9637,1
208365,147284,167495,46.4958,4.6111,1
209261,147912,556100,193.537,4.1829,6
209314,147949,155196,120.3121,6.217,1
209438,148037,560458,118.0009,4.3589,1
209621,148173,750827,114.7347,5.2631,1
209622,148173,726946,61.575,5.0043,1
210099,146978,148512,38.7169,2.9208,1
210100,148512,149493,158.7136,3.3839,1
210454,148773,357216,27.1961,1.9142,1
211171,149284,151136,138.2498,4.1213,1
211544,149534,556767,111.8109,8.5166,1
211672,149621,554363,27.1968,7.0355,1
211673,149621,153807,61.8628,7.0355,1
211899,149534,149774,470.133,11.1674,1
211900,147949,149774,87.7382,10.9514,1
212140,149953,559658,63.9401,5.7439,1
212318,149493,150086,91.3783,3.8724,1
212319,150086,559295,42.3161,5.1636,1
212657,150327,163417,81.6704,5.0043,1
213801,145924,151136,63.0555,5.1627,1
214129,151369,552879,38.9102,3.3028,1
214502,151369,151629,8.8318,3.3028,1
214513,148773,151637,43.7815,3.9142,1
214521,151645,360547,45.9275,4.8143,1
214522,151645,358112,15.5134,3.3132,1
214611,146009,151710,265.7386,7.4806,4
214612,151710,554792,82.5712,8.8655,4
214675,111836,151758,97.5215,5.5649,3
215944,147058,152631,88.9269,6.6177,1
215945,152631,155789,61.1228,5.6569,1
216483,153027,745528,65.4591,3.5675,1
216936,153338,564756,49.2508,5.0616,2
217382,153660,291015,7.8031,8.0761,1
217400,153676,564095,44.4311,3.9495,1
217407,153682,230776,198.7251,4.4665,1
217603,153807,159376,99.0101,6.7371,1
217611,152980,153814,82.8372,7.0283,1
217612,153814,564500,93.5961,7.9639,1
219248,154961,559295,38.5766,4.9936,1
219570,155196,563240,9.5164,2.9208,1
219695,155279,559658,26.8514,6.9466,1
219708,155286,157730,100.1848,3.9496,1
219742,155309,256229,41.9026,17.7135,1
219755,153676,155318,32.311,3.0811,1
219756,155318,565299,11.8415,3.6427,1
219768,155326,160919,134.8073,5.3406,1
219769,155326,155714,9.8995,7.4806,3
220305,155714,156312,54.9727,5.0543,3
221158,156312,161482,95.0526,3.5937,3
221259,154961,156388,20.5426,3.6213,1
222078,156968,564257,38.8155,7.129,1
222170,157037,762804,127.1576,5.0724,1
222173,154898,157037,39.9673,5.0724,1
222321,157144,164222,200.6639,7.1411,1
222888,135858,157554,64.8879,2.7247,3
223139,157728,570825,42.4858,5.8195,1
223141,157728,157730,140.207,5.9313,1
223370,157888,358224,57.5073,12.2671,1
224007,158363,573265,93.6518,6.0092,5
224009,158364,577386,69.7177,7.4725,1
224983,159066,570871,9.3452,5.2175,1
225264,151629,159265,107.912,3.3028,1
225266,159265,572327,26.0704,3.3839,1
226535,160182,565299,56.961,3.8643,1
226990,160502,563646,72.4385,4.7541,1
226991,160502,572807,108.4819,5.6081,1
227028,160524,160526,78.8162,9.5306,4
227208,160657,360516,6.4464,5.9977,1
227209,160657,364557,27.1088,4.2002,1
227470,160834,560999,95.0099,6.3638,3
227471,160834,164542,113.7849,5.7118,3
227472,160834,162077,68.8549,6.1203,6
227581,160919,571107,22.253,4.0981,1
227697,155789,161001,91.6133,3.9921,1
227699,161001,163229,20.4695,3.5291,1
228003,158286,161212,18.5831,8.0623,2
228242,161376,188172,105.5151,6.5463,1
228277,161400,164059,12.6051,5.2421,1
228579,161604,741900,27.9205,9.4198,1
228907,161833,342330,165.6432,6.2838,33
228908,161833,370102,82.4864,5.0043,33
228999,161901,765920,144.7649,3.4611,1
229070,161955,570825,43.1166,3.8378,1
229233,162077,162168,69.0724,5.3033,6
229586,162326,253423,17.0392,5.4961,1
230741,163165,163417,24.7521,3.9241,1
230813,163216,171704,35.6888,5.9021,1
230830,163229,168627,45.3982,2.7763,1
231659,163842,595344,180.3706,4.8599,1
231995,164059,240005,163.4234,6.2281,1
232132,164155,166269,109.476,5.4,1
232133,164155,585297,264.8312,4.3574,1
232675,161482,164542,51.7204,4.729,3
232707,164565,754898,62.4473,4.6312,1
235822,166793,181628,37.1704,4.9497,1
235869,166821,168502,20.7123,6.3723,6
236816,167495,388974,134.1628,4.4068,1
237006,167633,579102,75.6461,6.085,6
237007,167633,582466,22.0,5.465,6
237057,167670,758426,37.2335,12.0232,1
237454,167945,169778,60.7042,4.7913,1
237497,167437,167973,21.8981,5.7016,1
238198,167535,168482,21.844,4.1829,1
238200,168482,176586,66.2333,4.1829,1
238226,168502,170914,100.1748,5.7913,1
238227,168502,174957,83.8928,6.458,7
238909,167437,169008,49.8662,5.9402,1
238910,169008,176586,89.8709,4.8599,1
239597,169494,591491,15.9896,4.1078,1
239998,169778,170290,13.1149,4.7408,1
240246,169960,750827,38.9187,4.977,1
240247,169960,756697,10.4722,4.9155,1
241602,170914,175335,116.5547,4.7913,1
241938,171151,581515,91.526,6.4803,1
241939,171151,172928,45.8912,4.7787,1
242290,171408,783177,198.7433,3.6503,1
242736,171704,188895,31.5359,6.3406,1
243033,171911,593219,30.2545,4.7182,1
243042,171920,620760,366.7801,4.7947,1
243043,171920,175027,114.464,5.1881,1
243289,172104,172288,34.0147,2.2247,1
243824,172488,185989,247.1266,4.6365,1
243825,172488,751303,54.5985,3.8724,1
243856,168265,172512,45.9891,4.0035,1
243857,172512,175607,37.5766,3.1583,1
243895,172538,582671,66.8423,5.1881,1
243897,172538,175542,49.9099,5.9009,1
243911,172104,172547,5.831,2.8831,1
243912,172547,179666,64.6452,3.4611,1
244213,172748,593291,55.269,6.1056,2
244214,172748,181700,163.7254,7.3805,2
244604,173036,587524,218.5986,5.1833,1
244832,173199,175121,17.6257,10.082,1
245122,171408,173399,52.4982,3.7361,1
245123,173399,762311,38.4043,4.5822,1
245331,173543,176160,119.3901,3.8172,1
245347,173555,174127,87.8692,4.9839,1
245348,173555,593243,9.4634,6.7237,1
246307,173036,174255,431.0151,8.4259,1
246494,174393,601866,138.4124,4.4155,1
246782,157888,174592,48.5476,11.6363,1
246848,174638,594379,31.5683,4.5738,1
246904,173543,174679,19.8997,4.5274,1
246905,174679,181000,74.7395,4.4126,1
247300,174957,177216,33.6155,5.7865,7
247318,174968,258226,120.4575,3.8172,1
247501,175104,769581,168.7255,7.5214,1
247525,175121,751714,207.6166,8.5789,1
247835,175335,591213,74.1934,5.9641,1
247876,174233,175365,31.0644,4.977,1
248031,174638,175481,14.0,3.8378,1
248203,175607,598373,30.9928,3.1583,1
248377,175741,589858,94.9421,5.6671,1
248433,175780,175878,7.1414,6.1644,1
248533,175741,175847,63.206,7.8482,1
248557,175864,177073,60.9672,4.4155,1
248558,175864,602044,43.4997,5.9211,1
248580,175365,175878,47.8017,5.9977,1
248581,175878,184953,171.1198,6.8571,2
248985,176160,176251,41.4488,2.9954,1
249129,176250,595415,14.3488,4.2737,1
249131,176250,176251,36.0555,2.9954,1
250131,94545,176945,151.6872,3.4758,10
250317,177073,596947,30.1478,3.6503,1
250403,177136,367384,55.6687,3.2975,1
250405,177137,363393,46.9574,3.5675,1
250406,177137,367384,12.7932,3.2975,1
250446,177170,608413,183.9761,5.2881,1
250527,177216,607663,69.2613,7.3006,7
251049,177572,599750,64.9102,3.3708,7
251765,173199,178076,58.2771,9.0446,1
251766,178076,773835,88.6999,8.0428,1
252447,178577,615326,149.228,5.4274,7
253152,179065,181700,75.213,6.6472,2
253153,179065,609750,130.289,4.8723,2
253408,179239,262702,160.2547,7.129,10
253756,121347,179465,58.0861,4.2523,1
253757,179465,255823,34.2977,3.3839,1
253992,179623,598670,47.7536,4.3523,1
253993,179623,611923,153.8025,3.3839,1
254076,179678,204260,310.8022,4.1231,5
254144,179726,185194,86.6025,4.5708,1
254505,179981,182861,141.1205,5.4909,1
254506,179981,608200,56.0987,3.9495,1
255347,180595,599660,38.0263,4.1402,1
255916,181000,603827,41.7027,4.1829,1
256032,181079,787471,108.3585,9.8328,1
256485,181415,597976,43.652,9.7546,1
256811,181628,225346,99.1288,5.0368,1
256927,181708,187946,152.3483,4.7361,1
257040,181779,380492,279.4005,3.8724,1
257331,181985,608227,53.0377,4.3203,4
257483,182093,649691,373.951,6.3364,1
258005,182465,595870,117.5089,4.9839,1
258007,182465,614901,143.5775,5.0299,1
258149,182564,182861,143.0664,5.734,1
258150,182564,609700,91.6624,5.6506,1
258515,182813,612608,141.9143,5.9137,2
258516,182813,187457,120.0208,6.2264,2
259215,183313,607663,181.9729,7.5543,7
259270,183353,191181,146.6015,5.7614,1
259271,183353,200210,258.1414,7.1756,1
259570,183566,765920,44.8962,3.7796,1
259571,183566,188508,52.8772,3.5355,1
260816,181415,184446,28.2312,9.5879,1
261472,184953,196750,210.7748,6.9372,2
261800,185194,186494,21.4243,5.1881,1
262903,185989,192455,60.1489,4.8947,1
262905,173652,185991,173.0825,3.9637,1
263538,186429,369801,55.4907,6.1911,1
263976,186724,187457,21.6795,7.2592,2
264027,186758,611910,5.8214,4.7541,4
265502,185385,187818,41.5331,8.2382,1
265633,187917,188845,76.8375,3.4758,1
265634,187917,622648,110.873,3.4758,1
265673,187946,191152,57.0263,6.1056,1
265855,188074,619109,34.3983,4.7863,1
265878,188090,197168,89.4148,3.6795,1
265985,188172,368087,49.7963,5.9641,1
266058,188221,368448,6.7741,6.7453,1
266220,187553,188335,16.2481,4.6856,3
266221,188335,618003,68.8549,4.9495,3
266908,188824,619109,70.2285,4.977,1
267001,188895,616209,16.3775,5.3723,1
267572,189339,189340,17.1172,1.8251,1
267573,189339,617820,89.874,3.1796,1
267662,187818,189402,17.4642,6.6296,1
267745,189458,631183,186.5422,8.437,4
267809,189506,613555,113.5634,4.1231,1
268314,188508,189870,12.3918,2.9142,1
269006,190364,268576,52.21,5.7996,1
269007,125271,190364,7.9512,6.0738,1
269829,190952,617820,71.7449,2.7687,1
269830,190952,625092,35.5782,1.8251,1
270146,191181,194241,33.3916,4.1829,1
271918,192459,199611,73.1665,4.3028,1
272342,191152,192740,43.1161,8.0777,1
272410,192795,763714,74.2586,5.6433,3
272731,193027,619716,96.1763,5.4312,1
273677,193695,618003,72.904,5.1926,3
273678,193695,205659,181.3202,4.9286,3
273763,193751,718983,38.1314,4.4495,1
273764,55935,193751,192.2968,4.9155,1
273987,193908,203862,64.777,4.2865,1
274447,194241,197900,44.4522,4.2976,1
275480,121079,194956,106.1084,2.8284,2
275481,194956,216666,40.3113,3.0725,2
276051,195339,622648,30.6636,2.8284,1
276052,195339,196279,28.8964,3.4758,1
276419,195538,391852,177.0127,3.3723,1
276421,195538,370875,68.7266,3.1926,1
276575,195639,767311,64.2811,10.5106,1
277060,184446,196000,191.1675,7.2882,1
277061,196000,196788,13.9284,5.1636,1
277451,196279,633377,95.2243,3.9324,1
277496,196314,375895,47.4903,3.9324,1
278113,196750,197921,42.4971,7.7991,2
278323,196894,769581,138.7276,5.6239,1
278702,197168,253307,36.7967,3.3028,1
278746,197204,213375,218.8812,6.3284,1
279347,197634,616560,262.6449,5.5971,1
279708,197900,198165,14.8997,4.5813,1
279736,197921,645758,136.0772,8.5419,6
279737,197921,197922,7.0,9.6368,4
279738,197922,631183,8.0208,9.5,4
279837,197996,784055,218.262,3.6213,1
280069,198164,370337,10.7806,3.3708,1
280070,197204,198165,69.5414,5.1736,1
280364,198373,630655,20.3361,1.618,1
280507,198473,771475,82.2739,4.872,1
280508,198473,209339,62.49,5.6926,1
280967,198813,629169,45.6715,4.3509,7
281624,199265,643331,176.6481,6.4128,1
282620,153682,199965,77.3175,4.1213,1
282671,198813,200003,11.7473,3.7199,7
282960,200210,212029,182.0687,6.6177,1
283229,200405,202909,37.8931,4.7683,1
283474,200584,819651,218.5399,5.985,2
284997,189870,201690,55.7355,3.0811,1
285114,201771,253258,193.2305,3.1796,1
285405,201974,642045,65.2738,4.0941,1
285422,185933,201985,64.8916,5.1421,1
285799,197981,202263,50.1697,4.0388,1
285800,202263,204241,40.9145,3.8643,1
288197,203970,213977,47.2288,4.3708,1
288441,202909,204141,73.0061,5.4754,1
288443,204141,795604,110.8718,5.4379,1
288599,204260,646994,43.7493,5.5971,5
288855,204441,785114,92.8296,16.7202,1
288856,204441,786938,8.7496,24.2476,1
289333,204775,635093,119.4288,5.4929,1
289381,204810,640222,128.938,5.0079,1
289382,204810,653638,150.2605,4.4867,1
289508,204914,209015,56.4712,4.6993,1
289509,204241,204914,96.3639,3.9324,1
289777,205106,639086,9.6264,4.0941,1
290162,205379,634695,62.2058,6.4155,1
290363,203862,205529,20.6908,3.285,1
290416,205574,209703,44.4185,3.6213,1
290533,205659,647922,27.9743,5.5527,3
290743,205800,206007,50.8429,6.2429,3
290974,205379,205972,9.0,5.7439,1
291281,203950,206191,37.9078,6.6802,1
291282,206191,207910,23.6008,4.9936,1
291606,206409,375107,30.203,3.8643,1
291607,206409,375106,35.4902,4.511,1
292745,204775,207226,75.8288,4.0941,1
293335,201690,207647,65.5685,4.0306,1
293719,207910,647922,18.7233,5.4379,2
293720,207910,210500,26.8701,3.3461,1
294098,208174,667686,36.9624,4.89,1
294099,205106,208174,16.6366,4.3528,1
295236,208963,209265,7.0,9.0471,6
295318,209015,652428,33.4946,4.89,1
295678,209265,214573,94.7259,8.689,6
295778,209339,230776,145.5343,5.3452,1
296297,209724,788535,27.037,4.0035,1
296298,209724,794533,33.2666,4.148,1
296365,209771,661043,89.5893,5.6506,1
296534,209771,209882,13.0384,5.4075,1
296736,210021,287896,75.3481,4.999,1
296814,210082,792794,7.2572,3.5616,1
296924,210161,652747,66.2118,4.511,1
296925,210161,664222,101.4281,4.2523,1
297407,210500,224981,155.9038,4.1402,1
297707,208972,210709,20.9762,4.4495,1
297709,210709,222406,100.2597,4.1795,1
299160,211742,374838,141.8097,5.1736,1
299161,211742,253516,72.9756,4.8452,1
299430,205800,211919,82.0,5.2631,3
299431,211919,666006,90.712,4.89,3
299582,212029,661043,54.1503,5.7748,1
299605,212045,369808,94.0851,5.5,1
300474,212642,212766,30.3142,12.619,1
300476,212642,798489,46.7691,11.9769,1
300811,209882,212880,71.2811,4.1815,1
301499,213375,657072,36.7952,7.1742,1
301757,213558,664111,223.0872,7.482,1
301887,213653,222675,51.4458,3.5,1
302179,213875,702042,115.2403,3.2975,1
302182,207226,213877,138.5532,2.8028,1
302330,213653,213977,51.8898,4.0,1
302680,214207,216056,15.6098,3.9921,2
303060,213877,214495,20.9762,3.1213,1
303177,214573,677062,162.0802,9.6974,6
304081,215204,217876,93.5788,7.5143,1
304583,215571,223269,127.0669,6.8758,1
305278,216056,815503,120.1984,3.9241,2
305427,216161,379986,18.4361,3.8724,1
305881,212045,216477,23.6197,4.6926,1
305882,216477,223369,42.7616,4.1926,1
306770,217110,229042,134.1728,2.3428,1
306810,217136,794092,45.2401,4.6043,1
307874,217876,221725,80.455,6.0837,1
308025,217980,662818,69.3938,1.5731,1
308111,218046,220032,84.2021,5.0,1
308351,32740,218230,156.3202,3.9142,2
308561,218374,798719,39.9291,10.2165,1
309253,218855,670433,33.3667,4.4068,1
309690,215571,219170,62.7136,5.0724,1
309694,219174,667735,3.6056,7.3786,8
309695,219174,224212,83.5344,5.4662,8
310003,215218,219392,25.3306,5.1421,1
310219,219536,348490,96.2133,5.1421,1
310753,219915,676445,173.6184,5.7361,1
310903,220032,669080,67.3127,4.2361,1
310972,220084,801935,37.3765,3.9822,1
311133,217837,220203,22.0454,8.1643,1
311499,220459,229493,115.9224,6.6328,3
311504,220462,387036,74.6629,2.3708,1
311505,198164,220462,47.2828,3.3708,1
311788,220661,669426,19.7709,3.5355,1
313051,221569,667613,96.1925,7.1623,1
313053,221569,223805,53.301,5.0331,1
313164,221647,807755,40.0292,3.6503,1
313277,221725,224655,62.7455,5.3852,1
313555,221925,670041,80.6618,4.5616,1
313877,222162,222406,27.5862,5.5335,1
313941,222207,231374,234.6593,6.4221,8
314136,222347,810159,22.0341,3.9324,1
314147,218684,222354,39.0822,4.7863,1
314473,222588,670038,49.9622,3.9637,1
314474,222588,234606,216.6033,5.1476,1
314592,222354,222675,21.2779,4.9155,1
315274,223160,678610,38.9915,6.2696,1
315421,223269,226351,27.4591,7.0283,1
315543,219170,223348,71.1969,3.3708,1
315691,223452,232343,36.565,4.8002,1
315746,221925,223487,23.8537,5.4155,1
315747,223487,677084,7.4204,6.6571,1
316185,223805,224071,127.3264,4.953,1
316551,224071,684150,56.9866,8.032,1
316592,33485,224102,77.3491,3.7743,1
316593,218684,224102,31.2481,4.4203,1
316747,224212,227480,69.5701,3.7199,8
316814,224262,670770,62.4758,3.5616,1
317320,224622,671608,44.1391,3.9903,1
317321,224622,225893,18.2483,1.618,1
317368,224655,683664,54.751,5.4312,1
317440,224706,228901,75.9868,4.5247,1
317466,224724,225487,30.4302,3.5616,1
317587,224805,677809,11.8603,5.1375,1
318580,223348,225487,37.8021,3.5616,1
319166,225278,225893,34.176,2.3028,1
319191,220855,225911,207.1545,5.8208,6
319192,225911,712132,153.843,7.719,6
319288,224981,225976,9.6954,5.2068,1
319289,225976,686591,55.3082,4.9839,1
319822,226351,702501,79.8283,7.3852,1
320647,226940,676650,245.4775,3.6427,1
321257,224724,227388,97.1288,3.0,1
321388,227480,228931,30.8869,4.1231,8
321523,227568,294602,20.5805,4.6289,1
321524,227388,227569,60.2495,4.0495,1
321677,227683,248140,99.4299,5.8036,1
322320,228105,670107,243.9977,5.4495,2
322322,228105,232270,102.4988,5.1421,2
323073,228654,241993,100.4551,6.9873,1
323250,228774,687674,58.9406,4.3708,1
323435,228901,686608,105.1734,4.241,2
323436,228901,231131,42.9069,5.0079,1
323451,228913,232789,44.7772,4.5274,1
323480,228931,715859,212.3362,4.1829,8
324310,229493,742908,266.4268,6.4363,3
324413,229567,232270,199.6347,4.1926,2
324936,229956,238565,203.4552,5.8208,2
326325,66259,230920,175.6091,6.1889,2
326326,230920,297603,313.9112,6.3723,2
326610,231130,231131,15.2643,5.0079,1
326679,231184,700807,81.1542,7.6787,6
326837,231294,734006,80.919,2.9889,1
327081,231482,232925,197.3423,3.3028,3
327955,232085,232689,9.8489,2.6213,1
328459,232442,719020,310.1836,4.8408,1
328803,232689,233308,16.9115,4.1213,1
329145,232925,232926,14.4222,4.7016,3
329146,232926,713382,155.1043,6.0738,3
329576,232789,233236,112.7918,3.8944,1
329577,233236,703826,49.2037,5.0124,1
329684,233308,237049,50.8035,4.8284,1
331076,234306,243479,11.4601,5.0043,1
332469,235321,811318,41.4474,3.3028,1
332510,235352,708917,45.3382,5.0,7
332693,235477,822241,54.2942,5.651,2
332724,231374,235501,83.7257,4.3723,8
332725,235501,718235,61.0956,3.8637,8
333177,235838,241532,81.2773,7.2243,1
333675,121079,236207,121.7621,2.9954,2
334430,236724,704032,86.1607,3.9495,1
334496,236769,708329,13.0128,3.0275,1
334497,236769,708330,8.5635,2.9208,1
334810,237012,240875,42.0714,4.1926,7
334862,237049,237850,41.6653,4.9497,1
335839,237751,390571,89.1889,4.9497,1
335968,237850,240568,64.0781,4.1829,1
336964,238566,725850,327.1254,7.3024,2
336965,238565,238566,45.8803,5.4312,2
337356,238837,244482,30.6105,5.6993,1
337459,238920,243800,72.6774,4.8341,7
337460,238920,240875,108.2451,4.0981,7
338985,240005,384177,331.2431,5.985,1
339802,240568,241311,11.0905,3.6427,1
340045,240728,712132,41.6733,7.5523,6
340785,241237,706873,37.4596,5.5649,3
340817,199965,241261,86.3308,3.5,1
340943,241362,243800,163.649,4.7856,1
341097,241479,286349,58.5577,6.8912,1
341098,241479,577776,94.15,7.4532,1
341177,241532,254806,214.1845,5.7118,1
342295,104290,242319,76.5695,3.9324,1
343892,243479,392053,44.9543,6.5927,1
344039,243578,243587,10.0,7.1455,3
344051,243587,378671,78.6278,8.3394,2
344052,243587,247155,14.5029,7.0153,1
344169,243674,729596,38.1954,4.872,6
344356,243800,257787,316.4064,4.3574,8
344730,15262,244066,29.6292,3.6427,1
344731,244066,250147,95.8656,3.5616,1
344751,244081,702501,79.4033,8.0932,1
344752,244081,747477,87.4605,6.6115,1
345307,244482,810855,232.9246,3.57,1
345912,244916,257834,108.6299,5.6454,1
346570,245375,254499,226.9119,6.4051,2
348056,241237,246416,316.2942,4.1068,3
348057,246416,729279,24.4813,3.9142,3
348962,247058,250079,24.9399,4.0306,1
349108,243244,247150,71.7565,6.0738,8
349109,247150,742908,84.7008,6.2838,3
349110,247150,254046,53.3948,4.6158,11
349116,247155,288339,124.6496,6.7749,1
349214,243880,247229,33.6489,6.3609,2
349215,73361,247229,16.9304,6.1942,2
349258,247259,780411,290.9221,5.3779,7
350532,248140,253307,47.1776,4.2523,1
350712,53246,248260,57.5558,3.118,1
350714,122266,248260,9.0921,4.1795,1
350814,248331,252642,83.2166,5.3852,1
351021,248475,728198,21.6179,4.3028,1
351452,248787,395871,40.5465,6.9873,1
353364,122266,250148,87.935,5.0517,1
354412,250871,737353,23.2283,5.2881,1
354413,250871,749968,141.0882,6.0495,1
354877,250079,251214,81.0555,5.8036,1
354878,251214,750482,38.1838,6.0467,1
355818,251867,254046,84.3445,4.1068,1
356910,251867,252642,97.1648,5.3852,1
356958,252679,278056,98.6881,6.1858,1
358024,253423,265674,102.6071,6.3328,1
358170,253516,272378,43.2281,4.7913,1
358928,254046,756858,69.7711,3.285,12
359561,254499,753059,88.2893,6.562,2
359989,254806,255512,9.8995,5.6317,4
361009,255512,272463,188.5153,6.3988,4
361021,255521,271018,108.4284,6.5372,1
362054,252679,256229,123.7858,12.4574,1
363031,256916,749968,27.4388,7.3079,1
363157,257007,265003,93.1987,4.7541,6
363475,257235,731547,146.4047,4.1815,1
363476,257235,702042,7.1647,2.8501,1
363938,257557,388974,15.3407,4.0035,1
364083,248475,257654,81.6395,3.8028,1
364269,257787,726627,333.2882,4.9936,8
364338,257834,271648,97.4477,5.3735,1
364767,258131,258993,24.3721,5.6569,1
365441,258616,761663,62.2549,3.9263,1
365442,258616,793249,142.6168,4.3452,1
367129,259825,689423,79.3152,3.6213,1
368135,260541,754137,66.9129,5.0724,1
368159,260556,758223,12.1747,6.4419,1
368160,260556,774904,179.2776,5.651,1
368434,260745,756003,41.8688,4.1231,10
368435,260745,265215,87.9545,4.241,10
368451,258131,260757,41.0488,7.2443,1
368492,260784,763733,35.3486,9.5301,6
369012,260757,261173,11.7898,7.9159,1
369013,261173,262651,136.2681,6.8912,1
369181,261288,793334,226.8494,6.5027,1
369214,256916,261309,65.5896,7.162,1
369546,188090,261549,57.954,4.1795,1
370448,255823,262185,40.1359,3.452,1
370488,262214,263422,40.6202,4.3523,1
370524,262243,759261,25.02,3.618,1
371177,262702,405099,90.1184,7.3852,10
371739,263094,758198,109.311,3.8643,1
372205,263422,764864,51.1816,4.3523,1
372463,263608,272463,310.9051,5.7661,4
372464,263608,787656,151.1243,6.1237,4
373010,264001,780411,132.5431,4.7856,7
373011,264001,770527,41.7126,6.5372,7
373243,261549,264157,17.4515,4.6926,1
373244,264157,359300,66.2059,4.7541,1
373440,264289,295027,15.3587,3.7913,1
374419,264974,267471,13.6056,2.3428,1
374462,265003,767560,49.3919,4.2976,6
374779,265207,753059,129.9308,6.2415,2
374780,265207,268808,108.6508,4.6795,1
374781,265207,772787,18.8591,5.0079,3
374791,265215,775007,51.0283,4.1795,10
374834,118320,265246,202.1976,5.5109,1
376003,266075,770347,29.7352,5.4536,8
376224,266247,770280,7.6085,6.1926,1
376225,266247,267613,62.0081,6.1926,1
376688,266574,275204,98.3085,6.1319,1
378104,216666,267572,137.03,3.1583,2
378105,267572,269683,42.7563,4.1926,2
378166,267613,269045,47.085,4.5634,1
379045,263094,268219,124.6475,3.4758,1
379046,268219,268480,24.9399,3.7055,1
379380,268480,271152,78.3709,4.5826,1
379518,268576,281107,119.4557,5.4265,1
379523,268580,801670,101.7495,4.9495,2
379684,268696,431023,88.5827,3.2394,2
379685,268696,339242,88.3698,4.5708,2
379691,268700,792271,83.9663,5.3218,1
379841,268804,271181,52.5642,6.4031,1
380189,269045,272773,138.9388,3.9921,1
380780,268808,269466,24.4949,4.3028,1
381052,269653,781593,37.4833,4.2865,1
381053,269653,806424,87.1487,4.1068,1
381095,269683,270081,35.6787,5.8941,2
381397,269891,276589,182.6937,5.2238,8
381659,270081,277035,68.3473,5.4376,2
382170,270435,781596,11.5326,4.1231,1
382295,270530,325933,57.1548,4.6708,1
382982,271018,525495,117.9936,8.7748,1
383175,271152,271295,52.7826,4.7913,1
383217,271181,271327,31.4166,5.9402,1
383425,271327,275335,51.2445,4.5414,1
383554,271422,272629,48.3632,4.1231,1
383868,271648,388068,16.4512,5.1438,1
383904,259825,271676,78.34,4.2426,1
384095,258226,271798,97.2728,3.8724,1
384096,271798,302883,120.8677,2.7913,1
384497,272084,405738,109.9121,5.365,5
384498,272084,399850,230.079,5.9977,5
384513,272092,309942,75.3696,3.3155,1
384961,272378,396443,46.1652,4.2913,1
385241,272578,792271,162.1429,5.7446,1
385242,272578,272773,9.434,4.9936,1
385276,272601,786847,78.8818,4.7408,8
386670,273605,370053,56.0971,4.148,1
386689,273616,402815,51.2965,3.118,1
386758,273661,311423,68.4738,6.7016,1
386759,273661,420839,32.8735,5.0,1
387027,273834,593737,164.4746,4.977,1
387253,273990,400430,22.4425,4.0,1
387384,253258,274088,77.2562,4.118,1
387647,241261,274280,146.5215,4.3723,1
387648,274280,278315,83.1972,5.7446,1
388199,274687,275204,50.4964,7.2317,1
388692,275037,820792,122.9046,4.8139,2
389312,266075,275464,61.327,5.2068,8
389313,275464,276589,25.6905,4.977,8
389920,262185,275891,19.6723,3.9324,1
389969,275925,392567,37.9742,6.9646,1
389971,275925,357121,100.5737,7.6261,1
390264,268700,276126,48.2804,5.1881,21
390265,26219,276126,112.7638,4.8002,21
390267,276127,756858,171.4964,3.9921,12
390268,276127,783712,47.2186,4.3574,12
390601,276351,280788,102.864,4.4203,1
391090,276704,279879,53.9444,4.6213,1
391261,267471,276823,78.5717,3.0275,1
391534,223452,277014,121.6155,3.6427,1
391535,277014,398999,18.868,2.6992,1
392091,272161,277418,58.7963,4.0941,1
392640,277803,535336,92.8056,6.451,1
392767,6672,277887,115.5422,5.3852,8
393007,278056,312910,32.28,6.1858,1
393226,278216,280957,70.5549,4.1621,1
393704,272629,278553,161.3567,4.1829,1
393986,278743,457982,31.9531,1.7071,1
394978,266574,279436,171.8533,5.2068,1
394979,278315,279436,13.2665,5.7878,1
395940,280111,280112,2.8284,4.1069,1
395968,280130,786168,47.052,3.9087,1
396212,279798,280301,21.7715,4.5708,1
396213,280301,812375,73.0061,4.6213,1
396362,276351,280411,52.9245,5.2881,1
396881,280788,812375,45.77,4.3708,1
397114,277418,280957,41.8808,3.6736,1
397863,43352,281486,66.188,5.9329,2
399194,280111,282409,26.7955,2.7361,1
399195,282409,286349,68.1249,4.0,1
399677,15654,282760,93.8794,4.7361,8
399678,6672,282760,27.6345,5.1926,8
400371,283240,420566,162.3563,7.0811,10
400618,283406,534992,129.9205,6.8525,2
400619,277035,283406,86.7192,5.1515,2
401147,283755,405750,77.2197,5.3218,4
401149,283755,395871,19.0058,6.3546,4
401281,29920,283851,35.7362,5.3183,3
401814,284227,289095,152.0197,3.9324,3
402168,4029,284465,154.5833,5.5495,8
402169,284465,822530,21.6766,4.8408,8
402394,284621,476028,78.6511,4.1231,1
402622,284762,747477,325.0318,6.5806,1
402753,284857,547003,107.7683,3.3839,1
403184,3624,285150,12.9357,2.8501,1
403271,285216,286282,88.7356,4.4954,8
403272,15654,285216,24.7117,4.9286,8
403330,285254,289419,152.7514,6.2723,2
403331,285254,285506,3.6056,7.5148,2
403668,43352,285506,161.2713,7.0809,2
404184,285858,820494,166.5443,7.6155,1
404509,286091,287185,21.0,4.0941,1
404568,286134,329601,149.3516,4.999,33
404569,286134,286673,18.4662,5.1881,21
404773,18296,286282,55.2107,3.9241,8
404903,286369,398242,9.724,4.0616,1
405068,286488,363077,19.9739,4.953,1
405109,286517,287100,12.6886,6.6623,21
405205,272092,286592,29.5519,2.6688,1
405314,286517,286673,87.6242,5.9009,21
405837,287046,291145,180.8079,8.9301,1
405838,57880,287046,48.9478,7.68,1
405915,26219,287100,68.3569,5.5616,21
406044,287185,293555,58.6856,4.8408,1
406247,243578,287340,104.6762,7.4407,3
406850,287795,289419,146.2088,8.7014,2
406897,287820,616786,230.288,8.3647,1
407423,286592,288176,24.599,2.3028,1
408110,288659,293555,107.0607,5.1476,1
408112,57880,288659,46.9136,6.373,1
408759,157554,289095,94.1099,3.5616,3
409510,288176,289640,11.9629,2.0,1
410241,290140,563755,19.6129,4.9433,1
410970,60893,290653,56.8037,5.6506,1
410971,286488,290653,47.4724,5.7748,1
411502,227568,291015,126.6605,5.9544,1
414107,32571,292886,133.2387,7.7888,2
416523,294602,295752,53.1601,5.2779,1
416636,294684,708922,110.6391,7.3542,1
416637,284762,294684,92.8709,7.1133,1
417094,275891,295027,28.0891,4.3528,1
417118,295048,748080,51.2217,3.4608,1
417120,295048,747685,7.7889,3.9173,1
417723,295473,295474,15.4128,3.7913,1
418129,295752,297485,39.0128,5.0645,1
419603,292886,296782,119.9792,7.6737,2
419637,292005,296802,51.1273,6.2838,1
419638,296802,495599,53.5942,6.4031,1
420574,297485,299097,43.8748,4.5274,1
420722,153660,297595,103.754,8.2063,1
420867,297690,411364,59.716,3.8534,1
420868,297690,395644,52.0096,4.1829,1
421404,298071,582340,73.3348,7.5148,2
421405,298071,637499,41.9444,7.6112,2
421851,298371,533739,96.3593,3.7199,1
422179,298614,405553,31.1609,4.7405,1
424060,299948,805668,161.8971,3.8378,2
425330,297851,300824,45.6107,3.9142,1
425331,298371,300824,43.4575,4.5616,1
426048,301339,517623,68.7548,4.2913,1
426472,301637,324754,480.2437,6.2417,1
426473,32277,301637,429.1193,4.6213,1
426606,288339,301732,39.7826,4.4142,1
426607,301732,310597,22.0259,3.217,1
426869,301917,367473,76.2867,2.9568,1
428587,303131,405866,43.3728,2.5779,1
428750,265674,303242,4.0,8.4834,1
429694,303917,518547,76.7109,5.6317,1
430439,304461,312875,75.9342,4.1583,1
431132,291145,304939,68.3264,9.025,1
431133,304939,504428,133.7867,6.958,1
431523,3012,305209,43.6585,2.9142,1
431558,305232,310443,35.623,4.511,1
432854,306142,306568,50.2494,4.7541,1
433457,306568,538173,11.0855,4.8139,1
433645,302978,306704,32.5883,2.4495,1
433646,306704,572487,37.6433,3.0275,1
434358,3012,307176,119.0714,3.9142,1
434687,307414,602257,106.9334,2.6992,1
434951,307176,307588,22.6225,4.0811,1
435648,308078,328952,19.4996,3.458,1
436194,307588,308470,32.0403,3.3839,1
436195,308470,312415,113.7945,3.8643,1
436430,5151,308647,8.9194,4.1621,1
436826,308923,310739,16.8819,4.4068,1
436828,308923,308924,122.7233,3.1796,1
437127,309150,406850,33.3167,2.9984,1
437129,309150,407186,20.9921,4.5826,1
437135,309153,405741,10.5133,4.9495,1
437715,309556,310443,118.144,3.5616,1
437716,309556,758286,88.2086,3.3028,1
438039,309791,393667,61.9193,3.2394,1
438146,304077,309871,216.0694,4.4203,10
438148,309871,654017,19.2094,5.6125,10
438248,309942,322418,17.7545,3.5675,1
438863,308647,310382,45.334,4.8289,1
439059,310515,405866,13.996,1.8251,1
439122,310556,405553,107.7504,4.885,1
439192,310597,310601,9.3081,3.217,1
439196,310601,405597,2.7689,2.5322,1
439398,310739,767037,44.4447,6.5285,1
440377,303242,311423,14.4914,7.5317,1
440433,311101,311466,18.6815,4.2976,10
441827,9249,312415,116.3949,4.1231,1
441925,303141,312489,75.5248,7.4051,33
442536,312910,325933,11.0454,6.3901,1
443571,313661,708744,10.9036,3.1796,10
443572,313661,318275,33.2866,3.618,10
444210,314096,602257,53.1296,2.9954,1
444211,314096,519122,38.2884,2.8284,1
444370,297595,314202,12.7802,7.1455,1
444371,314202,331283,62.9082,6.5945,1
445173,312875,314767,55.1453,4.5738,1
445731,310382,315155,59.4932,5.3033,1
445732,10514,315155,50.603,5.3033,1
446555,315724,322325,81.0309,3.4758,1
446556,315724,761132,28.5365,3.6503,1
446698,315820,318896,21.0238,4.1583,1
447276,316210,635986,17.7294,3.7913,1
448338,161400,316935,324.3957,6.6115,1
450246,308546,318259,151.2184,4.0388,1
451067,34186,318838,137.0568,5.715,10
451068,318275,318838,12.6886,4.6795,10
451806,314767,319347,98.158,5.365,1
452158,442,319588,26.1831,5.365,33
452377,319743,322697,132.7931,4.5826,1
452379,2176,319743,3.448,4.3528,1
452794,1883,320021,25.5995,5.6315,1
452978,319347,320155,68.3008,4.6856,1
452979,320021,320155,53.0189,2.9432,1
454607,10514,321283,58.1368,5.458,1
454609,321283,323125,49.6577,3.366,1
454885,321485,411660,71.1102,2.8284,1
456110,322325,323151,7.6811,4.6111,1
456242,322418,326610,5.6765,2.7763,1
457773,323517,324883,62.2781,6.4803,1
459715,20754,324883,289.4005,6.0738,1
459941,15493,325046,11.6905,5.1197,1
461570,18107,326183,43.7188,5.0355,1
461571,326183,331576,46.9148,3.7913,1
462151,326581,409475,12.161,4.3198,1
462194,309153,326610,60.9732,4.1583,1
463672,29879,327650,15.1541,4.2321,1
463673,327650,328584,42.9069,3.2321,1
464101,26983,327951,122.1952,5.2249,1
464102,29353,327951,8.2462,3.9324,1
464297,328087,329162,66.6975,3.6675,1
464898,318896,328505,87.6584,3.2394,1
464899,328505,330307,133.1991,5.3561,1
464907,25791,328509,168.5388,5.9106,1
465015,37668,328584,12.1518,2.366,1
465527,328952,410569,8.6987,1.618,1
465820,20150,329162,68.1714,2.618,1
465891,13965,329214,69.1303,3.8724,1
466429,303141,329601,251.0894,6.0495,33
467705,330498,391476,70.2927,5.5495,4
468772,23142,331261,90.4243,5.0079,1
468806,298276,331283,60.1711,7.129,1
469326,331666,368904,86.8882,3.6056,1
470263,332319,332889,71.1066,4.9352,1
474391,335243,342330,55.4707,6.6177,33
474439,49723,335280,31.9687,5.9155,1
474440,57818,335280,6.0828,6.5355,1
475468,336014,336796,94.4487,4.6111,1
475865,332889,336297,28.8791,3.5811,1
475985,336385,785114,102.8397,7.4562,1
475987,22280,336385,7.157,4.6856,1
475988,336014,336386,22.2957,4.7541,1
475989,336386,338037,20.3337,3.1926,1
476446,54715,336686,122.5354,3.7361,1
476594,336783,337426,12.3693,2.7687,1
476595,59338,336783,5.1316,4.1231,1
476615,22772,336796,64.0937,5.1476,1
477315,337288,337570,22.1811,1.5,1
477523,231294,337446,9.6724,3.3708,1
477699,60818,337570,28.0753,3.1795,1
478207,323517,337934,220.008,6.3201,1
478209,25118,337934,95.1341,5.6395,1
478369,338037,339288,18.3091,1.366,1
479046,117272,338494,137.2755,6.2429,1
479601,71058,338893,6.5574,4.241,1
480182,339288,340500,19.038,2.9276,1
481050,98497,339889,59.7876,6.5927,10
481051,68687,339889,4.8648,6.7371,10
481405,340132,354409,64.4714,4.6708,5
482004,340563,342466,42.6602,3.1926,1
482217,30209,340712,100.6827,6.7546,1
482819,102314,341152,39.6155,5.6372,1
483092,341342,351542,75.7694,6.1903,1
483093,337806,341342,65.238,9.1572,1
484654,342466,344523,98.3374,3.5822,1
485995,343377,343559,39.1436,4.0941,1
485996,26424,343377,83.8603,5.2068,1
486222,343529,425879,82.6095,7.1647,10
486642,343822,353604,116.6319,3.0725,1
487646,25003,344523,131.1202,5.7748,1
488114,22253,344837,53.7577,4.3723,1
488115,26543,344837,32.2783,5.7007,1
488542,345134,356378,115.2302,8.3245,1
490052,23142,346196,55.9255,4.0503,1
490053,26573,346196,18.8149,3.3708,1
492635,348021,361227,56.9478,4.2321,1
493262,73230,348490,70.4462,5.2779,1
493807,28608,348889,14.0791,4.2426,1
495301,349962,356883,67.6757,4.7863,1
497287,29312,351358,10.2956,4.3284,1
497565,351542,355959,22.4499,3.8643,1
497731,351651,357158,69.4046,2.7763,1
498157,351939,408303,52.3413,5.4376,33
498158,351939,423036,43.042,4.0388,33
499121,126138,352642,57.1723,1.9841,1
499134,348021,352654,7.0514,4.2816,1
501006,353969,355647,25.4755,3.8637,1
501650,354409,420665,166.2775,5.7614,5
501654,354412,430365,178.1731,2.9208,1
503404,151637,355647,50.2881,3.9142,1
503617,355804,357870,44.0025,12.2686,1
503618,32302,355804,13.0128,12.4808,1
503850,355959,359095,22.5832,4.1231,1
504255,29138,356226,50.8298,7.0711,1
504256,33143,356226,46.1916,6.8896,1
504473,356378,358980,296.0676,5.9986,1
504825,356634,358112,56.542,4.8215,1
505170,356883,363724,85.3808,5.4764,1
505354,357014,385072,97.1821,3.217,1
505355,309791,357014,137.3261,3.5355,1
505554,357158,384233,161.9228,2.8831,1
505640,137005,357212,39.0512,3.3839,1
505641,357212,358715,76.0263,3.3028,1
505647,356483,357216,80.1561,1.5,1
506129,36804,357564,108.728,5.1938,1
506261,31100,357652,38.5314,4.1078,1
506262,37804,357652,89.9315,3.5291,1
506587,33212,357870,75.491,8.2879,1
507080,150210,358224,62.0985,12.6577,1
507808,358715,359716,34.0735,3.9495,1
508181,166793,358980,45.5055,4.89,1
508349,359095,360855,10.3923,3.7936,1
508582,359258,361454,5.099,4.3528,1
508616,359284,411939,347.0892,8.7999,1
508617,359284,416933,94.3516,7.1661,1
508642,359300,370053,12.3693,4.4068,1
509219,359716,381113,150.9868,5.1421,1
509364,33143,359819,20.0832,7.2592,1
509579,35696,359966,31.8939,5.7511,1
509764,29163,360100,89.0312,7.1386,1
509945,356634,360226,28.3901,7.1774,1
510341,136022,360516,75.2551,6.7561,1
510388,161376,360547,87.0932,6.1644,1
510782,352642,360822,65.8939,3.1573,1
510825,177136,360855,64.3894,2.8501,1
511318,361197,405700,135.9154,5.1569,1
511358,361227,378805,69.4166,4.6795,1
511694,361454,595361,257.5422,5.2631,1
511731,34859,361478,5.8214,7.0654,1
511926,361623,362919,17.8326,4.6043,1
511927,361623,367042,41.3038,4.6751,1
513772,362919,369635,62.458,2.8501,1
514001,302980,363077,49.9099,2.9889,1
514122,363173,379758,132.3745,2.3654,1
514409,363393,370337,66.5883,4.3203,1
514926,37707,363764,48.6004,3.0,1
515361,37728,364082,42.2164,4.7856,1
515636,34141,364275,47.4892,3.4611,1
515640,364279,369217,124.1889,4.3523,1
515646,35720,364284,21.7715,3.9465,1
515827,364416,368639,37.6696,2.9142,1
516028,181779,364557,73.9887,2.6992,1
516236,364713,430546,79.2247,4.0811,1
516936,35052,365203,26.2097,5.5414,1
516938,365203,368012,19.5257,5.3866,1
517905,35714,365904,60.1831,12.0709,1
518900,364082,366617,70.5195,4.5274,1
518958,366656,370093,21.0766,7.0707,1
519452,35407,367005,38.8753,6.6984,1
519453,40470,367005,49.7733,7.8384,1
519509,367042,368802,42.4264,3.8643,1
519906,174592,367321,59.0866,9.7326,1
520368,365043,367660,104.876,6.4078,1
520369,42958,367660,54.8432,4.7431,1
520586,363173,367808,95.4044,4.7405,1
520587,201771,367808,113.5888,5.1438,1
520880,41189,368012,80.9588,5.5468,1
520995,186429,368087,61.3424,4.9495,1
521782,368639,370312,9.8995,2.2071,1
522011,368448,368802,36.9324,5.4157,1
523016,41530,369499,26.1385,4.1829,1
523208,369635,369636,16.0312,2.618,1
523311,365904,369707,77.4927,13.9808,1
523447,369801,373326,29.8329,8.2969,2
523456,188221,369808,55.7484,6.8912,1
523868,51546,370093,194.8914,6.1202,1
523882,370102,397715,227.9364,3.9822,33
524193,369636,370312,72.8011,2.2071,1
524762,364284,370700,49.2736,5.1197,1
524763,369217,370700,24.3151,4.0941,1
524917,215218,370810,74.5721,4.1078,1
524918,208662,370810,89.9593,3.7199,1
525010,220450,370875,85.1835,6.6926,1
525174,369707,370994,33.0715,13.9421,1
525471,57950,371195,444.475,6.3541,1
530613,367321,374838,255.8398,7.1296,1
530992,205712,375106,4.7258,5.365,1
530995,375107,378690,37.9868,3.8028,1
531368,196314,375363,34.0147,3.9921,1
531369,208662,375363,63.0925,4.1829,1
532455,376145,410222,221.4151,6.9432,1
532984,41344,376503,81.8712,3.1583,1
533021,376531,395644,104.3264,4.1829,1
533339,44839,376763,21.9823,5.4312,1
533661,205712,376996,45.2806,5.365,1
533662,376531,376996,7.3485,4.5708,1
535364,378240,388102,83.4086,4.7431,1
535365,219392,378240,27.6621,5.5649,1
535972,373326,378671,38.4448,9.6542,2
535995,223369,378690,129.3303,3.5,1
536159,378805,396502,61.3098,4.4155,1
537525,232343,379758,64.1967,3.4457,1
537953,380067,427265,91.5871,7.0809,1
537955,380067,419526,61.2343,6.3406,1
538033,368904,380121,36.3822,3.8643,1
538034,380121,423394,45.0802,5.8032,1
538355,248787,380350,57.784,5.9545,1
539413,379986,381102,99.99,4.4534,1
539414,234306,381102,29.2214,4.6751,1
539593,42448,381226,104.5158,8.2565,1
539900,370994,381435,175.0554,12.5658,1
539987,43387,381494,36.994,4.6856,1
540214,381113,381663,70.7884,5.7748,1
540215,228654,381663,25.0799,6.1644,1
540650,242181,381960,54.2402,2.1583,1
541247,241993,382379,209.3424,7.5452,1
541248,382379,421568,8.6987,7.5452,1
541577,380492,382607,12.7671,5.3735,1
541578,382607,393667,50.1298,4.2002,1
541807,382771,399322,85.3288,2.8501,1
541808,382771,384233,34.8425,2.9568,1
541855,382806,388102,48.5386,3.452,1
542499,381494,383256,49.7767,5.1421,1
542978,383583,384907,86.7301,5.7748,1
543412,381960,383878,12.2066,2.7763,1
543564,380350,383989,27.8747,5.1083,1
543565,383989,385636,135.0444,4.5813,1
543813,271423,384177,57.1985,4.5708,1
544806,51155,384907,44.6542,4.5634,1
544844,264974,384937,99.9266,3.1796,1
544845,225346,384937,40.8802,4.977,1
545038,350596,385072,77.0345,4.4009,1
545039,385072,398775,51.8074,4.7182,2
545099,53315,385117,104.0494,3.3708,1
545835,375895,385636,76.0395,4.4068,1
547085,383256,386510,41.1994,4.2737,1
547802,242181,387036,5.9442,1.0,1
548385,220450,387444,50.0022,6.0616,1
548386,387444,396503,58.8218,3.4758,1
549261,273990,388068,55.9106,4.5616,1
551035,382806,389312,51.6333,3.7025,1
552022,286369,390007,63.089,4.1213,1
552023,237751,390007,57.4195,4.9497,1
552632,51163,390431,25.4755,6.5164,1
552828,390571,399011,58.3267,4.2426,1
553771,273605,391231,17.1432,3.8643,1
554084,390431,391454,8.4393,4.7434,1
554114,391476,413409,26.0725,3.9637,4
554694,370451,391852,256.5987,8.0201,1
554989,392053,392567,91.9728,6.0837,1
556379,52622,393001,13.9284,4.6856,1
557488,393754,395681,123.3113,4.5822,1
557962,394114,404775,72.3855,6.443,5
558019,49943,394149,86.3717,5.7007,1
559234,276823,395006,27.7331,3.8643,1
559235,273616,395006,35.6838,4.0616,1
559527,274088,395219,7.6974,5.8284,1
559528,395219,399782,53.1413,4.6993,1
559670,395320,396503,10.3923,2.9142,1
559672,395320,401644,69.5989,3.0,1
560075,257557,395592,28.8614,3.0725,1
560076,298614,395592,56.9649,3.0725,1
560457,395871,396293,3.7417,7.68,5
561051,396293,399850,78.4219,6.8571,5
561179,50441,396381,104.2913,8.665,1
561351,362072,396502,56.2277,4.5274,1
561651,396658,458678,142.2756,4.6856,1
561652,357121,396658,57.1583,5.5902,1
561834,53079,396788,37.0506,5.4967,1
562875,52622,397405,72.238,4.7856,1
562876,397405,402455,65.9941,3.9637,1
564024,398242,399322,38.8072,3.1796,1
564699,397055,398711,21.3203,3.217,1
564700,56899,398711,56.9034,3.6503,1
564797,398775,404588,8.2798,6.4862,2
565127,295585,398999,74.1657,2.618,1
565139,321485,399011,63.074,3.5355,1
565387,386733,399169,199.8413,5.7007,1
565853,396788,399498,64.0943,6.5081,1
566259,399169,399782,39.9375,4.7431,1
567086,295585,400346,58.5795,4.0981,1
567202,273834,400430,15.4991,3.5616,1
567648,287340,400740,29.3655,7.7782,3
568023,55004,401003,154.0278,5.2249,1
568024,401003,420939,450.0364,6.9596,1
568930,271423,401644,36.6697,3.6213,1
569979,49946,402414,178.8455,5.0811,1
570034,62674,402455,67.761,3.8637,1
570109,399498,402510,33.8378,5.1515,1
570110,402510,403704,7.5498,4.7182,1
570138,58241,402530,13.5851,15.6273,1
570139,59319,402530,4.8189,16.8816,1
570172,55928,402547,73.5429,4.6856,1
570173,63113,402547,160.1204,5.1083,1
570528,391454,402802,76.9574,3.7606,1
570529,402802,413179,93.8776,4.872,1
570546,303131,402815,9.292,2.9889,1
571627,402758,403603,187.4336,24.3153,1
571802,403603,420939,81.4834,18.2513,1
571935,403603,437001,144.5504,20.3026,2
571950,403613,408335,53.2259,3.2361,1
572078,65534,403704,91.855,2.6688,1
572257,396443,403826,47.4342,3.5,1
572258,310556,403826,41.8426,3.3028,1
572445,403953,427268,18.6518,6.5897,2
572665,404108,432905,51.4458,2.4142,1
574008,343529,405099,50.7477,8.5033,10
574655,405553,416737,158.0063,5.2035,2
574727,364713,405597,73.9226,3.618,1
574872,400346,405700,95.5301,4.4009,1
574932,405738,411145,75.6968,4.6289,5
574945,405750,406857,21.4009,4.3723,4
575412,57718,406089,93.9173,4.1307,1
575414,68307,406089,206.5799,4.0495,1
576485,405741,406850,97.765,3.1566,1
576492,330498,406857,103.2657,4.5,4
576562,243423,406911,112.9292,4.7541,1
576563,355689,406911,58.0861,4.5634,1
576650,308078,406975,53.0694,4.6163,1
576651,310515,406975,25.4406,2.7763,1
576949,326581,407186,18.1445,5.0299,1
578568,397715,408303,92.0054,5.381,33
578612,408335,409285,5.7446,4.3574,1
578644,408359,408792,70.9033,5.562,1
579251,408792,461551,40.398,3.2321,1
579939,409285,429508,164.3594,2.8284,1
581321,331666,410222,93.9539,5.0043,1
581556,409475,410391,83.672,3.0811,1
581815,410569,415474,51.2445,3.9903,1
581821,410573,415474,43.4741,4.9936,1
582642,340132,411145,41.1245,4.729,5
582950,411364,417973,84.5872,3.1463,1
583361,350596,411660,17.892,4.0123,1
583745,408359,411939,450.0278,9.087,1
584085,67925,412178,180.7804,5.9713,1
584935,410391,412797,14.2478,3.7913,1
584936,354412,412797,33.4162,4.0941,1
585370,67966,413079,46.5855,5.3019,1
585533,66753,413179,72.3832,5.3852,1
585868,413409,430173,95.8436,3.0725,4
586436,99339,413804,36.4737,4.3528,1
587057,67779,414244,42.4068,7.1756,1
587282,63888,414405,115.9925,4.6708,1
587284,414405,415904,19.5648,3.9921,1
587575,414604,431023,38.0657,2.9889,2
588714,270530,415397,48.1456,5.0794,1
590598,65586,416732,29.1776,5.862,1
590599,70162,416732,34.0735,7.754,1
590610,416737,417123,122.1638,5.692,2
590802,68654,416874,52.2292,7.8646,1
590888,376145,416933,91.2561,7.1328,1
591179,403953,417123,56.7617,7.2449,2
592394,404108,417973,41.0609,2.8284,1
594096,65805,419181,67.1589,5.9545,1
594098,73567,419181,47.8729,5.5822,1
594576,412433,419526,97.7105,4.5616,1
594761,78843,419664,112.8554,6.0402,1
594843,352654,419735,42.2295,5.2421,1
596023,304077,420566,17.9784,6.6726,10
596164,394114,420665,36.1017,7.2108,5
596411,420839,507914,93.0269,3.0811,1
597428,421568,500216,135.0346,7.7457,1
598429,422270,432196,148.2768,3.7055,1
598430,422270,449712,218.9444,3.4758,1
599022,417729,422703,136.5707,5.9036,1
599489,423036,443131,58.9887,5.3383,33
599515,423056,423390,22.891,3.0956,1
599516,423056,432196,122.3969,3.516,1
600091,423390,437642,160.9099,3.6029,1
600096,421633,423394,98.1931,5.863,1
601638,424474,431223,139.4453,6.2838,4
601795,274687,424593,18.1292,4.5092,1
601796,424593,457982,36.0694,2.118,1
602715,400740,425248,260.701,8.5728,3
603595,425879,436049,57.7668,6.0467,10
604388,416884,426445,44.0415,2.7687,1
605576,427265,431436,45.0,6.0688,1
605580,427268,440394,64.6065,6.2696,2
606914,404588,428204,30.8545,6.443,2
606915,428204,489672,177.5688,5.4218,2
607948,428826,430266,12.6535,5.7386,1
608242,404775,429045,42.595,6.0738,5
608243,429045,455859,43.1239,5.2631,5
608882,429508,472650,51.3485,1.8251,1
609245,429781,434057,67.5985,7.4952,1
609821,424474,430173,117.8898,4.8599,4
609962,430266,430764,8.5959,4.3198,1
610105,430365,461256,46.6262,2.618,1
610106,430365,496607,120.1189,3.1796,2
610350,416884,430546,29.3806,3.6427,1
610351,426445,430547,56.2583,2.5099,1
610637,430764,443554,198.5047,3.8172,1
610916,430962,431209,52.5071,1.8251,1
611293,431223,436417,103.0776,7.1133,4
611583,431436,434227,18.3848,6.669,1
611869,431209,431626,32.2645,2.118,1
611870,431626,438868,26.9934,2.8028,1
612989,80382,432345,41.604,2.3428,1
613944,82582,433013,117.2656,7.6787,3
615250,299948,433864,256.8294,4.5247,2
615251,339242,433864,117.4521,4.7947,2
615529,434057,460148,209.2362,6.8182,1
615669,78843,434158,180.289,4.953,1
615671,82232,434158,26.7865,3.9324,1
615763,434227,437943,48.7647,7.3761,1
615903,412433,434330,35.1094,4.5616,1
615904,434330,459653,42.7574,4.1583,1
616582,434819,464042,3.3166,4.241,1
616593,434828,455859,15.4272,4.511,5
616594,434828,437084,44.1135,3.8637,5
617590,135412,435521,62.6285,4.5708,1
619716,82058,437001,11.7992,10.4003,2
619843,437084,437627,52.2398,4.3723,5
620385,437469,437627,23.0434,8.057,5
620654,437642,441740,89.2805,3.2321,1
620669,437654,454572,248.4952,6.562,4
620670,436417,437654,34.7275,8.0932,4
620761,86570,437722,130.7899,7.8256,3
620911,315578,437831,152.8289,5.458,1
620912,437831,517623,53.0513,5.2493,1
622441,438868,466820,72.927,4.0388,1
622469,438891,468076,31.143,4.3196,1
622470,438891,450830,183.9212,3.1796,3
622484,421633,438901,30.6059,2.6213,1
622486,430962,438901,31.281,1.2071,1
622801,439112,447396,109.2795,2.9954,1
622802,439112,440256,73.171,3.7055,1
623232,439422,443131,75.8112,5.4064,33
623309,428367,439469,63.8421,21.0428,2
623552,439642,441215,20.6794,4.7913,1
623712,68563,439747,325.4844,6.7045,2
623719,82107,439751,30.3315,8.4186,1
623722,439755,444992,58.5852,4.1829,1
623735,92718,439763,222.8378,5.0476,1
623736,439763,439764,15.0886,4.9495,1
623737,83900,439764,71.3528,5.3284,1
624059,386733,439985,44.8425,4.89,1
624060,439985,488716,51.36,3.9324,1
624317,440114,527428,88.9096,21.1264,3
624390,440114,451124,125.814,23.0953,22
624641,440256,490168,15.0555,3.8724,1
624844,439422,440394,22.0,5.2249,33
626048,441215,456346,177.2732,5.3284,1
626518,441535,458678,106.2068,3.9495,1
626796,441740,516479,74.7507,3.8452,1
627827,442463,445286,60.1183,4.4689,1
628414,442879,452287,92.2822,4.1829,1
628680,443067,813764,73.6919,5.6623,1
629218,89101,443454,66.7807,8.0711,1
629352,87624,443554,75.9364,4.3574,1
629893,87130,443925,46.0109,4.9495,1
630538,434819,444377,73.1642,5.9211,1
630751,415397,444525,29.0689,5.0794,1
630950,444672,456279,137.3499,3.285,3
631223,444377,444866,12.4097,7.4159,1
631400,444992,446678,37.6622,4.511,1
631827,88254,445286,35.2744,5.0476,1
632438,361197,445736,142.972,5.9522,1
632486,445766,532246,78.177,5.1926,21
632487,445766,563462,83.8014,4.9495,21
633802,446678,449002,48.4114,4.0306,1
634079,87201,446865,38.0832,5.7748,1
634803,447396,452287,58.0086,3.6427,1
635077,447584,454066,96.8194,2.7247,3
635078,447584,452007,59.3127,3.7361,3
635264,90451,447715,136.5125,5.2779,1
635265,101571,447715,281.1743,4.511,1
635557,447715,447922,76.1439,4.999,2
635558,447922,468773,197.7852,5.2881,2
637115,91044,449002,87.0479,5.7042,1
637137,449017,524566,47.7552,2.9142,1
637259,436049,449099,94.5992,10.5305,10
637260,444866,449099,147.5297,10.8506,1
637798,88077,449481,141.8802,7.1455,1
637799,90137,449481,14.4568,7.1067,1
638129,449703,516479,29.0861,3.2112,1
638141,449712,577759,178.1494,3.1796,1
638170,391231,449733,112.7564,4.1231,1
638171,290140,449733,113.3534,4.6596,1
638473,449955,526737,42.9328,14.6732,11
638512,441535,449985,106.8363,2.9142,1
638514,449985,534963,49.5785,5.3193,1
639084,437469,450382,110.4446,10.2468,5
639085,449955,450382,201.1119,11.7432,11
639727,450830,451007,55.3263,6.1847,3
639982,440394,451007,75.7232,7.4772,35
639983,450382,451008,7.0711,10.738,16
640109,451101,451980,12.0,6.8522,1
640110,451101,453421,27.9643,12.0208,1
640147,451124,524977,33.9687,21.2398,22
640150,451008,451125,7.6811,11.3129,16
640424,451315,539241,21.1739,4.8284,1
640572,451414,457224,84.6312,4.4126,1
640872,91320,451614,42.4588,4.6751,1
641296,451909,453710,71.7418,3.9495,1
641386,451980,547381,34.4141,7.2218,1
641419,452007,456004,75.6108,3.6503,3
642240,444525,452580,10.3923,4.1829,1
642241,452580,479629,56.5951,4.5616,1
642300,451007,452620,20.3224,9.485,38
642301,452620,452959,8.0623,11.0408,16
642524,452620,452775,38.4838,13.8766,54
642525,452775,456269,84.9176,10.636,1
642610,451909,452842,29.2613,3.5,1
642770,451125,452959,121.396,11.4017,16
643539,453491,501430,94.8015,3.4758,1
643666,453591,453904,7.5498,4.6856,1
643672,445736,453596,298.1957,4.8894,1
643673,447793,453596,231.7822,6.3224,1
643733,453491,453640,55.2268,3.217,1
643734,453640,550731,15.3695,3.4611,1
643761,95657,453659,60.7691,4.3203,1
643835,91044,453713,15.5528,7.4772,1
643869,453737,453738,39.4462,1.9318,1
643871,453738,529907,43.6157,2.8059,1
643983,453814,543714,14.1185,6.2281,1
643984,453814,562030,79.0225,6.6177,1
644113,453904,531092,17.6777,6.5422,1
644366,439747,454086,227.749,7.2715,2
645035,454572,502466,62.6711,8.9031,4
645907,100937,455189,151.4199,7.7016,4
646585,90285,455693,79.3767,4.3528,1
646586,455693,459297,63.0705,4.4126,1
646726,455787,458942,30.3571,4.1926,1
646977,455980,524918,98.7128,19.2097,1
646978,455980,549237,4.397,17.3398,1
647006,456000,457274,29.0517,3.7913,2
647388,456269,568621,32.1697,3.3461,1
647450,455787,456315,90.2078,3.0,1
647494,100606,456346,221.0475,4.89,1
647697,456486,552078,4.8189,47.3937,22
647793,456553,510224,96.4071,3.1796,1
647794,456553,463313,52.7067,4.1231,1
647869,93073,456604,139.3485,5.0645,1
648058,456737,539706,63.2289,6.6978,1
648059,456737,461548,181.6976,8.659,1
648722,457224,457494,7.3711,4.6708,1
648792,457274,461103,60.9754,2.618,2
649098,457494,462147,91.2774,4.6111,1
649611,452775,457845,91.1811,27.2364,55
651362,78247,459016,472.9773,6.9954,1
652269,459653,468076,26.6905,4.8599,1
652691,101571,459954,137.46,4.4068,1
652968,460148,465434,128.5191,7.2911,1
653170,460287,574763,105.7303,28.3265,1
653243,453713,460332,112.8273,6.7082,1
653938,97012,460839,14.1892,3.9263,1
654308,461096,565272,65.4896,3.6503,7
654309,461096,601277,105.9885,3.285,7
654596,461297,462595,31.0644,4.3528,1
654888,461515,568621,128.7655,10.183,1
654939,461548,607232,122.9654,8.8984,1
654943,461551,483384,43.1393,2.9568,1
655794,462147,467326,150.3027,4.9338,1
656426,462595,462786,145.9966,4.241,1
656674,462786,587572,165.7082,4.4707,1
658484,419735,464042,127.3983,4.7541,1
658864,102593,464302,118.3117,5.1029,1
659030,457992,464421,141.6121,5.6239,1
659044,464430,578593,2.7689,10.197,1
660068,465139,584289,64.4386,4.4707,7
660069,465139,603268,118.1948,4.3528,7
660266,465290,578771,17.8232,3.9142,1
660333,465341,589355,64.6611,2.2247,1
660334,465341,468865,21.4009,1.7071,1
660444,465416,596980,49.163,2.5322,1
660486,98586,465446,26.3507,6.6115,3
660601,465521,574740,14.1185,6.4685,1
660623,464430,465538,35.2278,10.3635,1
660720,465290,465604,11.8743,2.5322,1
661060,465839,587970,61.3451,4.7913,1
661061,465839,587564,27.2626,3.7913,1
661080,97012,465851,34.6506,5.0378,1
661339,432905,466028,13.3041,3.2913,1
661340,466028,482696,34.633,3.4093,1
661841,466386,587121,46.1591,2.9954,14
661857,466396,584289,3.9158,4.241,7
661858,466396,589109,22.9903,4.6596,7
662149,466598,467155,124.6658,6.2244,2
662466,461256,466820,52.5124,3.7361,1
662477,302978,466829,72.9559,3.516,1
662478,311412,466829,60.4447,3.7055,1
662583,465416,466908,40.7676,4.0761,1
662584,466908,471555,47.0425,5.5076,1
663192,100154,467326,60.4621,5.7446,1
663477,467533,504294,333.6937,12.2782,4
664128,468007,470904,35.4753,5.4155,1
664218,468064,626070,88.9307,2.7763,1
664890,465604,468537,86.0465,3.3541,1
665229,468773,470316,19.976,5.979,2
665366,468865,610217,49.7268,2.5099,1
665664,465851,469067,38.0971,5.9329,1
665891,469216,599003,104.7903,2.9208,14
665892,469216,622382,145.5526,4.0761,14
666167,467533,469416,82.9096,12.194,4
666168,469416,588802,21.3672,8.1908,4
666445,469629,582334,80.2205,12.3837,1
666446,469629,601254,38.1887,7.5261,1
666463,469644,476010,146.1677,3.9115,7
666697,469813,595581,31.6696,3.3708,10
667026,470036,579139,52.0665,6.8416,1
667027,470036,607769,74.7633,6.6401,1
667438,115850,470316,302.8129,6.8111,2
667534,470375,478539,519.8952,8.7085,1
667767,465446,470530,71.3507,5.4762,3
667768,103901,470530,33.4465,2.2802,3
667813,470560,608129,99.368,4.0616,14
667814,470560,646931,263.2078,4.511,14
668320,470904,474606,45.5143,6.2696,1
668755,468537,471216,62.2736,4.2361,1
668992,471391,471604,5.1854,3.5811,1
669228,471555,483810,81.1542,6.6115,1
669301,471604,760621,17.1043,2.5811,1
669348,467275,471637,111.8238,5.3229,1
669425,102593,471690,41.7532,4.3528,1
669426,103678,471690,13.1022,4.3528,1
669571,471784,751034,64.6907,5.2212,1
669750,471917,479310,100.9455,5.6533,1
670321,472123,472330,41.1218,8.1126,1
670517,472470,478443,102.0049,2.9208,1
670753,105142,472641,54.1695,4.0495,2
672037,473561,483717,117.9628,6.4803,1
673235,472330,474406,66.9776,6.772,1
673607,473200,474670,43.0516,4.2913,1
673608,474670,475396,17.0261,4.8408,1
673858,474851,475493,12.6886,6.4026,1
674172,471216,475068,145.7704,3.2247,1
674513,475310,479420,55.9375,4.4707,14
674554,99630,475338,125.7537,4.3509,1
674555,109973,475338,363.6463,4.4246,1
674646,107750,475396,56.006,5.0495,1
674784,475493,609189,8.518,6.5534,1
675553,476010,478972,26.9258,5.1375,7
675582,476028,713461,90.1043,4.7541,1
675969,475068,476307,155.1966,4.7603,1
675970,476307,476309,73.437,9.2801,1
677546,477418,481550,102.5773,4.2426,1
677695,477043,477529,17.8466,6.2106,2
679076,478495,609419,55.8331,5.2676,1
679077,478495,628155,55.2955,7.3434,1
679133,478539,612314,76.5434,8.6172,1
679151,107352,478552,20.4668,5.1438,1
679771,478972,487014,120.756,5.6506,7
680039,106369,479159,16.9804,4.4126,1
680092,478443,479199,34.1321,2.2361,1
680093,479199,630977,144.7008,2.9208,1
680419,479420,622382,65.9411,5.1375,14
680637,110727,479577,92.8852,5.3403,1
680719,479629,577126,74.0405,4.6795,1
680843,479159,479725,11.7668,4.6213,1
680973,479811,616816,50.7346,1.618,1
680974,479811,631898,47.9471,2.5616,1
681196,479975,649382,150.2065,3.2394,2
681853,479725,480430,17.2341,5.3284,1
682921,481161,482216,40.6694,3.4611,2
682922,481161,493462,113.3975,3.6056,2
683444,108614,481524,12.06,7.7449,4
683445,481524,488443,95.649,6.6296,4
683856,107750,481816,37.8902,4.7361,1
684036,481937,487409,64.0156,4.6856,1
684131,482003,619020,52.294,3.4093,7
684388,477418,482179,180.543,3.5355,1
684448,482216,483424,68.2715,3.3904,2
684822,106293,482495,63.9427,5.5317,1
685110,482696,490168,48.0706,2.6992,1
685579,483027,483217,4.2866,5.458,1
685830,481937,483197,94.2751,6.1731,1
685831,114994,483197,118.1233,7.4725,1
685865,482179,483217,17.2868,3.9142,1
686121,483384,484715,70.6612,3.0956,1
686526,112404,483671,76.4497,5.5822,1
686550,481816,483693,59.607,4.6856,1
687394,484309,486865,83.2074,6.0355,2
687485,484373,675650,185.0604,2.2361,10
687755,484561,490504,92.6961,6.7082,4
687828,113911,484613,162.39,5.0495,1
687892,481990,484660,18.412,3.118,5
687893,484660,653732,219.3528,2.2361,4
687984,484715,493975,13.6707,4.9122,1
688271,484923,641787,47.8121,3.217,1
688429,485045,493225,92.747,5.2386,2
688617,476309,485171,130.0346,10.435,1
688618,485171,488504,49.4773,8.8437,1
689164,110256,485563,10.3923,5.5136,1
689571,485855,490062,53.4052,5.9106,1
689659,106013,485915,90.0457,5.8208,1
689661,485915,486313,6.0105,5.8208,1
689796,482495,486014,200.7359,3.8724,1
690022,486174,631112,70.8567,4.2737,4
690023,486174,637698,53.5807,3.1623,4
690042,486188,618940,65.1306,4.4707,1
690044,486188,658828,70.3681,3.2913,1
690153,472650,486266,45.288,3.1796,1
690790,112177,486727,50.9967,4.9495,1
690791,486727,491085,170.0008,6.7426,1
691208,487014,490945,89.95,5.4312,7
691676,481828,487346,43.1856,4.9286,1
691677,487346,656496,86.2198,5.4312,1
691763,115634,487409,54.5181,4.9495,1
691902,487505,638181,41.8117,2.7247,1
691970,112951,487554,23.4236,8.6446,1
692284,487554,487786,63.4711,9.273,1
692604,487505,488017,63.1348,2.3428,1
693284,488504,640537,32.5077,10.1741,1
693411,488596,612533,174.0479,5.9329,1
693553,488700,489485,19.2873,4.9497,14
693554,488700,488971,12.0416,3.5355,14
693580,457992,488716,161.7289,4.216,1
693947,488971,660425,176.9093,2.5322,14
694580,489429,514968,285.7919,7.892,5
694642,489474,644552,153.3786,6.3668,1
694658,489485,646931,66.6408,5.2779,14
694722,489532,649271,111.7149,5.8284,1
694788,489583,640377,64.0384,6.9495,5
694798,488596,489591,70.8872,8.3715,1
694799,489591,641290,14.5564,10.1789,1
694901,438891,489672,29.7658,3.6675,2
695113,489813,492304,83.3307,4.0941,3
695114,489813,496026,54.8999,4.5274,3
695160,483717,489848,141.5643,6.151,1
695161,115174,489848,87.0153,3.3723,1
695470,113911,490062,57.6859,5.3779,1
695481,105395,490070,143.8178,4.7194,3
695920,490371,508424,191.9479,5.8032,1
696120,490504,495360,68.9534,6.5945,4
696344,114391,490663,13.8764,7.7021,1
696743,490945,494699,100.3095,5.6967,7
696943,111019,491085,120.7439,8.6015,1
698416,492127,492306,33.1512,2.9142,1
698493,488443,492179,131.2062,5.6506,4
698494,492179,495360,52.6435,6.1984,4
698683,492306,496392,73.5051,2.2071,1
698948,492499,501315,83.6726,5.0299,1
699075,492576,647549,31.742,2.2361,1
699970,493191,644626,76.5477,4.1829,1
700004,114391,493218,50.0899,7.6712,1
700005,493218,496714,47.7377,7.7054,1
700014,492127,493225,127.0197,3.9142,1
700015,493225,649984,11.2645,6.1056,3
700362,493462,494536,9.6437,4.2523,2
700987,493922,493923,74.3303,1.8251,1
700988,493923,606868,263.5065,2.3428,1
701063,486266,493975,23.3238,5.1029,1
701760,492304,494472,18.4932,5.1939,3
701761,494472,649984,3.448,6.9967,3
701853,494536,660613,58.7055,4.899,2
703226,124786,495538,188.8147,5.3852,2
703951,496026,637698,54.0668,3.8172,3
704432,99339,496366,70.8496,4.3528,1
704460,492576,496392,75.7166,1.8251,1
704773,444672,496607,55.2922,3.4758,3
704923,117889,496714,36.5224,6.7564,1
705342,88408,497013,658.8614,6.1742,1
707714,117889,498644,52.1217,5.4274,1
707715,120517,498644,69.395,4.4665,1
708629,499276,663303,29.6198,4.3528,1
709469,465521,499852,166.1174,5.7439,1
709999,425248,500216,262.3884,8.1707,3
710000,500216,528146,131.8602,9.6285,4
710470,500557,509977,136.1653,5.0981,1
711530,501315,510369,91.1342,5.6109,1
711664,501414,507585,142.7484,6.8596,1
711687,442879,501430,4.3589,4.1829,1
712019,501681,502229,43.1161,3.0275,1
712056,127130,501706,231.5822,5.1636,3
712257,501850,504612,27.6908,8.2144,1
712402,501958,655990,66.4276,2.5779,1
712776,502229,510099,129.9577,3.0275,1
714999,118876,503786,104.5241,7.3434,2
715720,502466,504294,10.1187,10.9031,4
715872,297603,504391,205.5943,7.2417,2
715925,306142,504428,60.6071,5.0196,1
716194,504612,536690,389.3124,7.6018,1
718685,437943,506369,89.9174,6.8896,1
718686,447793,506369,77.9379,7.3852,1
718835,124589,506482,59.2368,3.7025,1
719293,506819,511231,43.359,2.4472,14
719413,493191,506908,127.1023,4.4126,1
719790,122821,507170,17.9444,10.315,2
720276,507511,653363,109.4501,5.1083,1
720395,507585,520271,122.1229,7.5667,1
720549,507689,669214,756.0116,8.4503,3
720849,297851,507914,95.8917,2.9954,1
721251,503877,508186,34.0686,6.6978,1
721252,125401,508186,27.7969,4.9651,1
721601,508424,670951,43.7493,5.4157,1
722296,508906,668321,24.7431,3.0,1
722744,506804,509213,39.7003,4.4954,1
723016,509410,519403,279.8678,5.0331,1
723802,134231,509977,182.6204,4.2564,1
723834,509999,518031,122.9476,5.6056,1
724158,510224,520775,61.0592,3.8106,1
724260,509213,510296,12.3378,3.8643,1
724371,510369,518219,83.0274,5.6109,1
725490,509410,511157,66.3476,4.3708,1
725595,511231,513960,40.5709,4.2737,14
726110,511605,675480,49.3361,6.8541,3
727170,512354,518210,124.29,7.8229,4
727448,512354,512556,35.3977,8.0826,3
727974,512936,677512,4.7258,4.6213,2
727975,512936,516904,68.7605,4.2426,2
728012,512961,677569,15.6663,2.6992,1
728013,512961,680958,63.4,2.6992,1
728575,512626,513352,8.124,3.2394,1
728775,496607,513507,75.2396,3.8643,1
728776,449703,513507,43.8862,2.6688,1
729408,513960,525583,174.1867,4.8139,14
730000,514384,680811,42.7746,2.1213,1
730808,514968,521205,112.5966,7.0421,5
731475,506908,515437,49.1732,4.7408,1
731476,515437,522071,35.5949,5.1421,1
731711,510099,515603,40.9145,3.2863,1
731722,508906,515611,43.3705,3.3708,1
731723,515611,688353,58.565,4.5634,1
732461,516135,682102,13.9603,9.717,5
732498,516160,518032,42.0675,6.1926,1
732860,510296,516416,103.3124,5.0196,1
732861,516416,521376,44.3233,4.6901,1
732909,126168,516452,74.0315,5.2421,1
732942,516475,675835,107.6162,3.217,1
733489,516851,689606,54.6535,7.1838,5
733565,516904,682029,100.6341,4.8139,2
733799,517060,521606,24.779,2.9889,1
734027,509439,517218,63.3246,4.3708,1
734028,517218,524948,42.3084,5.4155,1
735125,517990,680065,103.7885,11.2613,2
735190,518031,522331,93.182,3.8028,1
735191,128861,518032,34.7032,6.2386,1
735445,518210,537569,448.3514,6.1984,1
735446,518210,533921,178.4152,5.0431,3
735893,518521,676231,37.1439,3.6213,1
735894,518521,695045,50.547,4.1213,1
735923,298276,518547,145.1593,6.8571,1
735947,518570,520480,29.0861,2.2071,1
735949,518572,678534,84.6063,4.4203,1
735950,518572,530539,107.5267,5.8078,1
736198,517073,518743,62.5504,7.0707,3
736580,453421,519011,78.1516,21.4661,1
736743,262,519122,28.1869,3.4142,1
736769,519139,533755,121.5319,2.9954,1
736804,515736,519165,90.0441,6.0738,1
736805,130913,519165,43.6593,4.4534,1
736933,519251,682979,17.3108,3.8643,1
737439,519604,525202,97.7724,4.8341,1
737574,519011,519704,6.675,25.8357,1
737866,519913,520278,139.3884,4.5813,1
738345,520253,687902,19.0965,4.7194,1
738352,520258,524523,43.4856,2.9954,1
738370,138871,520271,142.4558,8.1723,1
738382,130992,520278,217.895,5.1083,1
738541,520381,686690,15.1217,7.2456,5
738684,520480,520723,4.3589,3.5,1
739036,520723,687902,24.8385,4.5981,1
739111,520775,530759,22.9129,4.8139,1
739253,129337,520885,29.4147,7.9169,3
739695,520381,521205,83.9583,7.4806,5
739926,131514,521376,12.4766,3.9115,1
740038,520253,521457,61.3025,4.2426,1
740253,521606,695784,27.869,4.2002,1
740640,132013,521880,17.4992,4.9336,1
740923,522071,698196,42.3189,5.6081,1
741100,127575,522194,78.9135,6.4155,1
741101,522194,523124,6.2004,6.4155,1
741290,519604,522331,22.8741,4.4009,1
742429,136218,523124,53.1445,5.2607,1
742891,523461,677512,72.7393,3.9142,8
742892,523461,706253,224.8933,3.4758,8
742897,523464,685548,45.5887,3.5348,4
742993,136181,523527,61.288,5.9619,1
743336,523766,687046,111.1935,2.1213,1
743535,303917,523902,41.9921,4.6111,1
743536,305232,523902,75.9078,4.511,1
743662,131260,523992,25.186,5.9402,3
744195,516452,524360,66.1958,4.9286,1
744269,524408,529508,69.8212,5.3735,5
744274,524412,524413,4.2426,6.5701,5
744275,524408,524413,119.4738,5.1197,5
744490,450564,524566,54.8746,2.5,1
744604,523992,524654,29.9096,7.7016,3
744605,134991,524654,46.0202,8.437,3
744819,523766,524814,14.3527,2.4142,1
744829,524821,699960,90.0012,3.9921,1
744954,519704,524918,34.176,23.6832,1
745007,523464,524957,79.7371,3.9115,4
745008,524957,695806,10.1796,5.1375,4
745046,524977,550659,46.6743,32.6323,22
745779,287820,525495,20.0305,8.6309,1
746256,132013,525839,248.7131,3.7936,1
746257,525839,529038,42.3656,5.0196,1
747241,526520,695421,71.4679,3.0,1
747242,526520,527678,21.3776,3.2321,1
747543,449099,526737,15.5849,15.2541,11
748507,527426,572989,102.2736,4.2865,21
748530,527443,697125,21.8098,2.618,2
748862,527678,704935,37.5037,4.4707,1
748934,134062,527723,24.8574,4.0616,1
749008,527778,532452,87.4128,3.8643,1
749250,138934,527953,82.0427,5.7016,1
749504,528146,586189,193.0595,8.8293,4
750055,139318,528524,69.3433,7.5074,1
750099,134296,528553,31.5278,4.5605,1
750100,528553,539083,125.974,4.6475,1
750317,517060,528715,129.7266,4.1069,1
750318,528715,711458,63.8201,5.8416,1
750565,528890,709293,78.6935,8.3199,1
750788,529038,531571,23.0796,5.458,1
751329,130913,529416,60.238,5.0811,1
751375,529446,595361,51.5849,14.0413,1
751376,529446,643702,159.3393,19.1764,1
752018,449017,529907,64.5446,2.9954,1
752141,529993,713755,85.3776,2.8831,1
752356,530135,530481,96.9777,3.5,1
752528,530254,530502,4.5826,6.5945,1
752846,136096,530481,39.9903,4.2361,1
752881,526240,530502,70.5171,6.2264,1
752930,527778,530539,164.4749,5.9986,1
752946,530549,695806,30.3912,4.0761,4
752999,527426,530584,61.9399,3.217,21
753179,519403,530716,583.3532,5.6623,1
753243,451315,530759,32.9798,4.1213,1
753685,449940,531092,24.6475,4.5927,1
754048,530135,531356,15.4524,3.5616,1
754142,524412,531424,54.2771,6.2417,5
754353,137634,531571,20.199,3.7247,1
755036,532060,680811,202.5183,2.2882,1
755037,532060,697125,24.0624,3.0811,1
755166,532151,545424,110.4943,9.2202,2
755290,530584,532246,9.4986,4.4954,21
756342,135365,532974,68.6319,7.3761,3
756343,532974,551497,162.4422,7.5822,4
756453,529416,533051,87.1452,6.4155,1
756455,140012,533051,28.802,4.4966,1
756585,533143,695784,91.2276,3.7893,1
756586,533143,700254,97.0189,2.2071,1
756634,132883,533178,123.0226,7.1585,2
757064,185933,533496,74.6855,5.1926,1
757401,533739,730614,29.1243,3.4611,1
757421,533755,704935,37.2603,4.3198,1
757645,533921,537135,23.4307,4.8028,3
757821,530716,534053,338.003,4.7361,1
757822,534053,549579,131.689,6.4787,1
759114,534963,536368,50.7732,6.4051,1
759453,530549,535198,62.498,3.2394,4
759644,535336,773027,138.2427,4.5355,1
760220,141074,535734,71.2967,5.8941,1
760863,536190,541426,74.686,4.0388,8
761122,536368,539706,41.426,5.6623,1
761497,536627,693515,173.5206,4.7608,14
761498,536627,554091,289.3683,4.2523,1
761499,536627,541945,53.5257,3.8643,13
761593,146594,536690,165.3471,7.6938,1
761776,533178,536814,99.4675,6.3284,2
762249,537135,554101,235.508,4.8708,3
762749,529508,537494,120.2747,4.8143,5
762846,537569,544541,112.7874,4.3723,1
763259,296782,537853,124.4307,7.892,2
763260,504391,537853,72.3525,8.4321,2
763712,495599,538173,84.3992,5.3229,1
764155,140780,538482,5.9907,6.1236,2
764623,538806,540154,72.9589,4.8002,4
765105,539157,706568,32.1023,3.0811,1
765216,539241,553573,33.698,5.521,1
765829,461515,539654,45.0549,22.6969,1
766545,535198,540154,80.6288,4.8599,4
766966,539083,540462,27.3537,4.977,1
767565,540867,541973,76.3937,3.3028,12
767566,540867,715980,29.6816,3.6056,12
767603,140939,540891,66.7599,5.465,1
768045,541181,709367,110.7865,4.9352,1
768046,541181,716036,271.7879,4.7827,1
768379,541426,715471,34.7067,5.3183,8
769096,541945,721966,54.867,5.4527,13
769356,542131,710115,31.3475,8.2353,2
770570,539157,542980,51.2348,2.6992,1
770571,542980,560477,111.0495,2.9889,1
771008,543281,545294,72.4086,2.5322,12
772287,139943,544164,63.2327,6.3609,1
772797,544517,572392,234.4973,3.9921,2
772803,161288,544523,12.2972,4.1231,1
772804,355689,544523,141.5521,3.9324,1
772833,544541,546169,25.1595,3.217,1
773193,544804,549110,67.8307,3.5348,12
773204,544815,716301,83.8193,4.1926,12
773874,545294,546197,6.1644,2.2802,12
774045,545424,551337,65.9924,9.4051,2
774669,545861,711318,106.5781,2.2071,5
774670,545861,547110,41.6173,2.8866,5
775107,546169,546170,10.0,3.6736,1
775108,546170,546642,3.0,3.285,1
775133,546192,551636,125.004,4.1068,12
775138,546192,546197,86.3713,2.2802,12
775493,370451,546436,287.8134,9.7576,1
775494,470375,546436,372.5936,8.7631,1
776281,547003,563755,77.1103,3.9263,1
776440,547110,566229,102.2008,3.4042,5
776605,152685,547226,147.6772,5.0,1
776801,547367,722759,14.3023,3.8172,2
776818,453591,547381,13.3542,6.1412,1
777229,544002,547685,44.6843,5.7899,1
777230,547685,553911,70.1087,5.6899,1
778126,548322,722170,17.4165,3.3166,12
778712,548732,551520,19.9499,2.0,1
778857,546642,548832,159.6841,3.9142,1
778895,141561,548856,74.2249,5.4,1
779170,549054,550329,33.3017,4.2523,1
779245,549110,722170,29.2689,3.4611,12
779457,454066,549250,8.775,3.0956,3
779458,456279,549250,3.1623,3.7417,3
779925,549579,551980,25.9615,8.1796,1
780472,549988,724864,26.2869,4.0233,12
780723,550170,716640,86.1936,3.1463,12
780724,550170,729358,42.1149,3.2321,12
780948,547603,550329,20.199,3.6736,1
781394,140555,550636,133.6815,4.1231,1
781395,550636,563646,94.1209,4.1231,1
781432,456486,550659,21.924,40.5118,22
781450,550674,555077,31.3209,2.9954,6
781533,550731,588875,82.2158,3.0725,1
781652,550811,709293,77.8396,10.677,1
781653,550811,769774,348.3456,9.7309,1
782181,551194,568350,128.6813,4.511,1
782393,551337,563950,155.7626,7.3028,2
782614,149284,551497,54.829,5.7417,1
782615,158363,551497,150.3821,7.0583,5
782616,146594,551498,64.2875,8.1542,1
782617,158364,551498,179.5677,7.9681,1
782729,551580,722756,47.0956,5.6825,1
782730,551580,726389,8.518,6.5927,1
782811,551636,556450,50.0999,5.1421,1
783393,552078,557171,25.6528,46.6016,78
783513,147910,552150,22.7572,5.7748,6
783514,552150,560251,71.7364,5.9545,6
784247,443067,552674,106.8691,4.6623,1
784248,552674,595152,135.5581,3.7913,1
784261,144961,552681,144.2429,6.1926,2
784262,155326,552681,81.9003,6.5332,2
784560,143549,552879,67.1491,2.618,1
784659,552953,559139,32.4962,10.0225,4
784728,527428,553001,38.1457,6.5311,3
784729,456004,553001,42.0595,3.9142,3
785189,450564,553319,41.2942,3.9155,1
785190,553319,589355,110.3399,4.1402,1
785993,149953,553911,3.7859,5.2779,1
786257,549054,554091,55.3986,4.899,1
786270,554101,557503,123.5071,3.3708,3
786593,460287,554343,167.6945,28.5431,1
786594,554343,561197,40.952,27.5622,1
786661,549988,554395,76.1249,4.0233,12
786662,554395,557166,32.6956,3.5348,12
787242,554792,557895,30.0259,8.2653,4
787629,555077,557083,19.105,3.3839,6
788991,544804,556029,175.12,4.2321,12
789095,147910,556100,338.3256,4.8139,6
789569,556450,557645,105.5651,4.3203,1
790022,556767,557900,45.9033,7.8384,1
790441,557083,738207,48.6438,3.8028,6
790559,557166,740780,110.3827,4.6312,12
790565,457845,557171,6.866,41.0487,55
790566,557171,574767,31.0798,37.1932,23
790569,478684,557173,125.6512,4.241,7
790570,557173,572989,86.0284,4.9338,7
791043,557503,570476,113.1503,3.6795,3
791073,152980,557526,86.1233,6.8365,1
791236,557645,558428,75.8156,3.3708,1
791574,557895,593243,373.5366,7.2715,4
791580,557526,557900,39.3475,7.7991,1
791905,558129,559492,26.8887,2.6992,1
792157,144542,558310,121.9084,6.5164,1
792158,157144,558310,90.7304,6.6978,1
792217,551520,558348,61.5305,2.8452,1
792218,558129,558348,93.6269,3.9263,1
793021,558914,729296,28.5854,4.1926,1
793023,558914,561469,34.4529,4.8139,1
793350,559139,737414,39.8065,10.5779,4
793912,559546,735718,124.7152,3.6427,1
793913,559546,740141,160.9613,3.5616,1
794665,560088,560420,85.1809,3.9637,3
794708,559492,560122,5.7446,2.2361,1
794709,560122,562817,16.1864,2.5322,1
794730,560139,734165,32.5111,4.1583,1
794776,560174,752576,100.4988,2.2802,2
794886,200003,560251,691.6537,4.9338,7
795181,560458,561853,18.8119,4.872,1
795941,560088,560999,9.1287,5.7511,3
796027,561060,740141,26.9671,3.1583,1
796215,539654,561197,27.1518,26.7578,1
796367,561300,738559,66.7749,3.7936,1
796368,561300,564708,78.032,3.1796,1
796602,561456,566813,43.3935,3.1796,1
797184,174127,561853,312.8203,4.9839,1
797334,561954,568899,51.0882,1.8251,1
797376,166269,561987,174.8476,5.9713,1
797445,461297,562030,141.8516,5.3735,1
797895,562344,735298,52.1089,3.4093,1
798576,562817,566813,62.1611,2.5322,1
798604,560139,562836,54.1295,2.1583,1
798962,543714,563086,54.8077,4.9286,1
798963,463313,563086,123.7695,4.2976,1
799146,562836,563220,5.7446,1.2071,1
799170,155286,563240,8.25,3.4611,1
799333,561095,563353,16.5529,4.5813,1
799487,456000,563462,29.2176,4.7408,2
799547,159376,563504,63.1368,6.2838,1
799548,563504,584076,124.9219,5.1438,1
800162,563950,741250,43.9318,4.7182,1
800163,563950,749343,115.0922,4.885,1
800380,564107,734430,107.0261,3.9142,1
800382,564107,740703,10.8012,2.8284,1
800494,564188,565650,41.3884,3.3028,1
800595,155179,564257,12.5952,7.3852,1
800947,155279,564500,94.4205,8.6409,1
801028,553573,564557,216.5202,5.1926,1
801030,564557,578771,49.7036,5.0,1
801320,564756,572139,61.0551,5.0196,2
802006,565257,736800,31.209,6.6516,1
802022,440114,565272,190.1191,19.3314,9
802023,565272,616481,179.4414,3.7361,2
802163,565366,736223,37.3527,3.6213,1
802164,565366,742012,9.6695,4.3008,1
802339,565481,741443,8.4656,4.0941,1
802340,565481,742650,213.6048,4.3528,1
803344,566193,737895,27.1232,4.4246,1
803345,565650,566193,65.0692,3.2321,1
803352,566199,566370,56.8683,4.4126,1
803398,566229,743694,21.6564,2.7247,5
803589,566370,737895,145.2894,4.9839,1
803947,566623,740816,95.8761,3.7386,1
804672,156968,567133,32.5201,6.373,1
804833,566199,567255,46.4004,3.7796,1
804834,567255,744131,66.6408,3.8944,1
805392,567647,572062,81.1788,5.2713,1
805393,567647,742012,10.4163,6.3328,1
806036,565257,568100,47.9375,3.8378,1
806037,568100,747607,204.1911,4.3509,1
806401,170207,568350,204.1345,5.3218,1
807321,156388,568987,56.8683,3.0,1
808097,569519,571708,44.9333,10.1518,4
808827,566623,570058,57.9396,2.118,1
808828,570058,756456,67.6063,2.6992,1
809311,570396,750081,22.2835,1.7071,1
809433,570476,745495,39.2669,3.9822,3
810303,571107,577672,99.3013,4.8341,1
811129,571708,572148,19.5192,8.2434,4
811757,163847,572139,41.9603,5.5076,2
811769,572148,583144,159.0031,9.8639,4
811813,160526,572182,50.04,7.3079,4
811911,572250,757323,60.685,7.1734,1
812023,572327,572906,47.1911,3.5811,1
812118,572392,573815,13.0384,4.1829,2
812260,308924,572487,14.6587,2.9208,1
812542,572696,741956,182.6734,3.2394,1
812543,572696,574802,36.2215,3.2394,1
812559,166821,572706,71.1196,5.7878,6
812601,572732,758451,127.8211,10.7923,1
812602,572732,752497,63.7539,8.3973,1
812838,159066,572906,80.5481,4.8723,1
812873,572807,572930,74.3371,7.1875,1
812874,572930,589858,171.3123,6.3336,1
812950,572989,578631,13.5728,5.3218,14
813336,179678,573265,275.0503,4.7541,5
813735,573549,580946,42.9418,3.5811,2
813771,573575,748632,14.1421,3.4042,1
813772,573575,760584,73.8053,2.7247,1
814297,161955,573948,42.681,3.0725,1
814814,574322,579139,52.9829,6.8758,1
814815,574322,595131,39.723,6.5465,1
814873,574367,738207,72.8392,4.2361,4
814874,574367,751729,29.1757,4.3574,4
815394,464421,574740,147.0272,6.9188,1
815429,463501,574763,11.6428,28.9723,1
815435,563462,574767,113.2872,17.3155,23
815867,575075,754513,14.3527,8.4495,1
816006,573948,575171,10.2686,2.9142,1
816007,168265,575171,57.2131,3.8452,1
816323,572182,575390,30.4193,8.744,4
816837,575758,754939,27.9861,4.5708,1
817295,463501,576088,9.8939,29.4866,1
817296,465546,576088,113.4264,28.6339,1
817686,576360,737721,81.8879,4.0532,1
817687,576360,758148,31.4042,2.7247,1
817822,576453,578685,55.0908,2.9954,1
818477,572062,576941,88.1476,2.9208,1
818479,576941,586636,252.3985,3.6056,1
819095,163842,577386,3.448,6.7371,1
819616,475051,577759,223.7176,2.2361,1
819644,308546,577776,26.8928,6.2981,1
819704,570871,577821,46.2961,4.8452,1
819705,164930,577821,6.2716,5.7016,1
820783,549237,578593,158.286,14.1303,1
820834,466386,578631,71.4773,4.0306,14
820906,578685,579819,13.4536,2.9954,1
821037,567133,578780,176.0903,4.6596,1
821038,578780,589236,67.1524,3.8643,1
821478,162168,579102,41.9603,5.8807,6
821771,160182,579318,55.2107,2.9208,1
821772,172288,579318,60.475,2.118,1
821869,579391,589947,68.1616,5.1636,1
822415,579770,755000,20.6236,6.3592,1
822487,579819,590087,63.3246,2.8284,1
823070,580249,586017,41.9285,4.6708,2
824050,580946,596006,106.1838,4.0616,2
824340,568987,581156,75.2957,5.0,1
824835,581515,587766,106.4654,5.381,1
825050,23764,581667,9.7411,2.2361,1
825063,581676,582334,7.4917,17.4868,1
825065,465546,581678,309.4344,23.6166,1
825066,581676,581678,11.1337,18.9886,1
825076,581683,601277,121.1991,3.0956,2
825077,479975,581683,139.9893,3.3461,2
825137,581721,763051,113.1386,10.0277,12
825138,581721,763056,113.399,8.6204,12
825708,582131,593814,187.5592,4.4068,7
825993,534992,582340,171.0146,7.7776,2
826162,582466,584802,15.0672,4.7182,6
826461,581156,582671,25.7962,5.9495,1
827124,583144,772629,103.2793,14.8493,4
827354,172928,583304,139.8507,3.7913,1
827355,170290,583304,100.8789,4.7408,1
827669,161288,583528,53.2593,4.511,1
828118,164930,583852,30.4686,6.0738,1
828119,583852,588781,57.0195,3.9903,1
828258,583951,768836,46.119,3.2321,1
828434,584076,593631,90.201,4.4068,1
828452,584088,771939,297.2416,4.5247,2
828507,582828,584126,31.209,7.8369,12
828508,584126,764704,193.4681,8.779,12
829449,572706,584802,227.0158,4.7182,6
830112,182093,585297,155.033,5.7002,1
830552,440114,585612,165.4102,17.9613,10
830553,585612,587519,22.2061,1.5731,10
831143,586017,588383,19.6469,4.1829,2
831225,586077,764831,25.3289,2.5,1
831381,586189,588802,19.9053,6.8163,4
831654,163847,586379,63.4849,5.465,2
831656,586379,593291,68.6642,5.4155,2
831722,583951,586421,35.2278,3.2321,1
831723,586421,590087,44.5982,3.1463,1
832723,587121,599003,47.1825,3.217,14
832821,587189,769893,59.4278,3.7606,2
833071,574802,587362,74.5989,2.6992,1
833072,587362,588422,14.8661,3.2394,1
833275,469813,587519,19.6893,2.5779,10
833283,587524,595570,440.6604,5.3301,1
833348,587564,587572,44.4575,3.7913,1
833618,587766,607494,191.329,5.2617,1
833686,587254,587813,333.3002,3.9495,1
833687,587813,770663,40.4391,3.7361,1
833689,573815,587816,106.5692,3.9324,2
833690,587816,609019,272.0165,3.9921,2
833827,461103,587911,54.1387,2.9208,2
833828,474851,587911,172.6866,5.0431,1
833829,472470,587911,46.2709,3.6056,1
833906,475051,587970,91.0415,3.618,1
833997,588035,756873,253.9529,17.1464,3
834216,588193,779004,129.6324,4.3203,1
834648,586636,588511,108.3421,3.217,1
835044,588781,590464,19.2177,4.7923,1
835068,522773,588799,380.1079,5.7269,1
835172,588875,616817,91.7373,3.217,1
835501,469644,589109,37.5751,4.3301,7
835680,589236,592359,41.5973,4.2523,1
836353,170207,589725,24.5153,4.9338,1
836354,589725,589895,72.417,4.1231,1
836551,589870,757323,93.7052,6.172,1
836582,174233,589895,73.855,4.1231,1
837120,587189,590273,59.3801,3.1795,2
837121,590273,593054,67.7495,2.4142,2
837395,590464,591557,37.7382,5.2554,1
837554,588511,590584,42.4028,2.8284,1
837555,590584,606231,76.9415,2.8284,1
838439,171911,591213,111.225,6.3796,1
838808,588422,591490,22.7156,4.1213,1
838809,591490,770551,13.3874,4.4495,1
838906,177170,591557,96.6517,4.3198,1
839775,583528,592151,77.2399,4.7408,1
840061,592359,598670,50.7901,4.999,1
840198,592455,775559,69.9476,13.6141,1
840727,175027,592852,150.4306,5.1881,1
840728,175481,592852,33.6656,4.6289,1
840744,592864,763056,138.6915,10.3176,11
841004,593054,605293,153.8863,2.9142,2
841227,174393,593219,172.5814,4.0388,1
841263,593243,611144,159.0087,6.5311,3
841962,356068,593737,111.8978,5.6081,1
842071,177572,593814,74.0788,3.9324,7
842735,594291,604997,51.1957,3.3028,4
842864,594379,595905,43.1303,5.6541,1
843005,168627,594481,72.1961,3.2394,1
843256,594659,769349,32.596,3.7025,3
843757,582131,595020,127.4559,3.4632,7
843759,178577,595020,34.5591,3.4632,7
843906,595131,608783,189.3627,5.1636,1
844303,175780,595415,30.1644,5.7748,1
844413,590332,595491,47.8017,2.639,1
844414,595491,600659,88.3289,2.5322,1
844529,595570,597025,232.9769,8.5134,1
844546,595581,606137,45.5396,3.0811,10
844974,595870,595975,74.5423,4.4954,1
845021,595344,595905,28.9002,4.3969,1
845121,175542,595975,71.1571,4.9651,1
845540,470294,596292,16.8688,5.734,1
845541,472123,596292,204.1835,6.5332,1
846502,596947,598711,64.0382,3.9142,1
846548,476295,596980,152.9248,3.217,1
846611,597025,615490,293.7189,9.031,1
846905,597226,771721,41.5772,3.8643,2
846942,301917,597250,65.6197,3.5348,1
847774,594481,597863,46.8832,4.1829,1
847775,179726,597863,27.3496,4.1829,1
847933,164222,597976,142.3886,8.1881,1
847939,597226,597981,6.9282,3.8643,2
848480,598373,599660,25.9594,2.8831,1
848951,181708,598711,88.0795,4.7361,1
849196,594659,598887,35.3695,3.1623,3
849787,471917,599308,4.6971,7.2355,1
849916,465538,599398,89.3047,9.5219,1
849917,599398,601254,67.9709,7.6474,1
850425,599750,600781,33.2699,3.5616,7
850453,599770,603232,48.3942,3.3028,1
850454,599770,606178,115.369,2.9142,1
850678,575390,599928,256.4454,8.5607,4
850679,181985,599928,47.7703,5.1875,4
850697,180595,599942,26.3755,4.5738,1
851163,600294,770551,38.8916,4.5708,1
851247,175847,600362,176.1625,8.0176,1
851248,600362,601154,48.7226,6.2244,1
851270,600381,777884,23.4805,3.6503,1
851347,597981,600430,19.0263,3.8643,2
851349,600430,781252,37.833,4.0616,2
851672,600659,603798,31.0644,2.3428,1
851842,600781,602387,64.5375,5.6323,7
851998,179666,600897,19.678,4.0941,1
851999,188845,600897,108.2969,3.7055,1
852526,481990,601277,104.9121,3.8708,5
853181,601729,778419,13.9603,15.0866,1
853379,601154,601866,49.3164,4.6289,1
853636,189340,602044,119.5013,4.4488,1
854124,183313,602387,151.8331,6.6529,7
854469,210021,602635,236.8302,5.9495,1
855344,482003,603268,152.5243,3.1796,7
855523,588383,603397,95.5301,4.511,2
856091,603798,780336,58.5396,3.0956,1
856128,181479,603827,32.0408,3.1796,1
856403,604023,607112,96.0069,4.7856,1
856445,603397,604051,43.2897,4.4495,2
856493,600294,604084,32.3883,4.1213,1
856494,603232,604084,54.7083,3.8028,1
856710,604234,616859,120.5404,4.2737,2
856850,481828,604333,53.3635,6.0766,1
857035,589870,604474,177.8932,3.9324,1
857036,604474,611965,96.0469,4.4068,1
857224,604023,604607,35.9846,3.9637,1
857884,605075,774657,201.668,4.2865,1
858193,605293,618373,110.1771,2.618,2
859107,605948,616307,49.051,3.7743,1
859374,484373,606137,154.5937,2.6992,10
859437,606178,779409,9.5812,3.9637,1
860031,606600,606791,114.0219,3.5616,1
860305,606791,781367,39.9249,3.3708,1
860354,468064,606825,92.881,2.3428,1
860415,606868,615922,35.704,2.7247,1
860760,474406,607112,43.6654,4.7361,1
860927,470294,607232,125.7994,6.8163,1
861235,607458,782923,46.6786,5.2035,1
861288,607494,608067,9.0156,6.4363,1
861696,607808,608507,17.2079,3.8643,1
862033,608067,613305,46.1871,7.2592,1
862110,475310,608129,54.9181,4.2913,14
862205,608200,609884,123.9019,4.458,1
862235,186758,608227,26.2488,4.511,4
862518,608413,619716,201.7551,5.2421,1
862648,181479,608507,45.1504,2.9208,1
862661,608515,782713,150.6992,4.458,1
862784,595152,608602,18.6815,3.7055,1
862788,174255,608604,240.8184,9.651,1
862789,185385,608604,6.0415,9.7095,1
863052,604607,608783,69.2323,3.7055,1
863601,607769,609189,52.8583,6.3912,1
864303,609700,610573,10.1249,6.1596,1
864341,609725,803309,131.8054,6.0467,3
864379,186724,609750,16.8984,5.9051,2
864894,610107,782934,4.714,9.7947,4
865055,479122,610217,111.1339,3.8643,1
865550,610573,614901,167.2613,5.9402,1
865757,610714,616715,46.9148,14.8642,1
865983,604333,610877,105.6409,7.5148,1
866348,187553,611144,26.5895,4.7361,3
866440,610877,611208,6.7495,8.0617,1
867366,611874,640583,36.1801,3.5616,1
867367,611874,708378,115.6936,4.2976,1
867422,611910,614334,51.697,5.6506,4
867440,188824,611923,20.4423,3.6427,1
867988,611208,612314,17.3365,8.4495,1
868293,599308,612533,118.5892,6.3226,1
868397,612608,620760,181.3395,5.3866,2
868488,188074,612678,55.7106,3.285,1
869096,307414,613116,48.2873,2.2361,1
869097,597250,613116,6.3377,2.9208,1
869368,613305,625514,104.5679,7.4051,1
869730,613552,618886,130.3384,5.651,1
869731,188953,613552,148.7119,5.365,1
869736,186494,613555,103.937,4.8002,1
869938,609419,613698,78.3638,2.8501,1
869939,484923,613698,72.7347,2.9208,1
870302,613960,615490,43.383,10.2791,1
870303,613960,620105,67.6123,10.0682,1
870769,614293,617394,30.3809,3.9496,1
870821,189458,614334,24.0214,6.895,4
871549,605075,614846,189.0952,3.5355,1
871895,188953,615097,68.7839,5.465,1
871897,189506,615097,105.642,4.6111,1
871910,615105,623655,114.3941,4.0388,1
872214,615326,649388,280.4538,6.0402,7
873055,615922,653701,129.1091,4.5822,1
873469,616209,638836,34.8999,3.7383,1
873837,483424,616481,39.5839,3.2321,2
873942,612678,616560,121.9435,4.9497,1
874138,616715,620180,22.7596,15.1162,1
874249,616786,640290,53.6843,7.255,1
874287,616816,616817,22.3614,2.9208,1
874344,616859,621919,27.4408,5.521,2
874347,596006,616862,113.0177,4.1231,2
874348,616862,630811,99.1464,4.3528,2
875115,617394,793875,44.3759,4.1621,1
875995,588799,618026,147.5466,4.1213,1
876464,618379,788864,4.4347,5.2907,1
877161,618886,626798,110.9089,5.381,1
877245,479310,618940,24.3379,3.6795,1
877358,478684,619020,4.2817,4.4707,7
877420,619069,620905,42.5206,3.7025,1
878014,619491,620671,11.1803,4.9723,2
878436,616835,619793,27.3679,4.2865,1
878437,619793,793515,27.5479,4.6751,1
878669,615105,619957,43.0116,3.9681,1
878870,203950,620105,146.8173,8.4447,1
878980,620180,622990,32.45,15.2637,1
879016,489030,620204,73.2137,2.4142,1
879381,620463,788937,26.2345,2.618,1
879382,620463,621574,17.7482,1.618,1
879470,189402,620527,37.1618,6.3326,1
879471,620527,627819,83.2835,8.5898,1
879595,620610,789635,11.2793,6.7016,1
879703,609884,620695,73.5298,4.5392,1
879704,620695,628834,90.6729,4.1792,1
879799,620760,645342,223.763,4.8947,3
880008,618373,620905,74.92,3.2394,2
881093,476295,621718,47.0886,2.9208,1
881384,621919,802217,66.4003,6.0688,2
881597,622062,791989,17.1075,2.5243,1
881784,622199,631323,59.4138,5.5649,1
882628,193027,622806,59.3813,6.1298,1
882630,622806,632289,101.3567,6.5927,1
882894,622990,797718,58.9293,16.1384,1
883508,623423,798356,129.3531,3.4611,1
883739,604997,623598,149.8599,4.2523,4
883819,619491,623655,42.3438,5.1939,2
883820,623655,809596,172.6477,4.5414,1
884972,618026,624487,65.4981,4.0616,1
885210,624673,626440,17.4642,2.4472,1
885619,624964,656377,225.5731,4.6993,1
885789,625092,627476,27.3031,1.618,1
885795,625097,627484,37.7624,6.7016,1
886028,625271,795203,42.6406,6.5897,1
886372,625514,646994,214.4994,7.0355,1
886630,192740,625703,104.8645,10.0174,1
886631,199265,625703,74.7895,9.2195,1
886950,625097,625931,56.8946,5.7016,1
887163,484018,626070,32.1973,2.8831,1
888138,626783,627484,26.4197,6.7016,1
888139,626783,631171,73.6682,7.589,1
888159,197981,626798,91.6382,4.4155,1
888187,626817,627071,25.02,4.1069,1
888188,626817,797304,18.9912,4.4721,1
888217,201974,626838,153.2532,4.4126,1
888219,626841,782886,93.2137,2.8284,1
888547,627071,796001,7.8102,3.0956,1
889050,592151,627416,48.8365,5.3735,1
889592,627819,640752,99.0027,8.8549,1
890081,621718,628155,17.9011,4.9259,1
890564,628511,637884,59.4727,4.5,1
891013,628834,633214,76.6065,4.8341,1
891532,623423,629219,38.6782,4.1078,1
891711,627476,629346,14.3091,1.5,1
891899,628511,629479,48.8262,3.618,1
892618,624964,629993,80.3534,4.7431,1
892619,626838,629993,82.111,4.9936,1
892663,630022,788841,527.2458,5.4536,1
892664,630022,643335,223.808,5.6454,1
892706,630052,800794,22.4944,6.0738,1
892734,626841,630075,14.3527,2.639,1
893506,630636,798275,25.625,2.4142,1
893533,629346,630655,20.5075,2.118,1
893760,630811,799725,9.8939,4.6365,2
893936,630938,635503,40.3609,2.118,1
893993,488017,630971,71.1337,2.9889,1
894000,630971,630977,9.8036,3.6736,1
894203,489583,631112,79.2927,5.1421,4
894379,631250,805026,48.0278,3.9903,1
894598,631404,632416,18.6815,3.5616,1
895324,620204,631898,53.8439,3.4758,1
895565,629479,632063,27.5318,3.9903,1
895868,632289,640222,251.7541,5.381,1
896596,632836,799266,18.2635,3.9241,1
897168,633214,636954,57.2835,4.2976,1
897959,484660,633774,27.6104,3.2394,1
897960,509439,633774,190.6917,3.9921,1
899216,196788,634695,35.9707,5.7913,1
899789,197634,635093,112.2508,5.2631,1
900296,635461,808177,48.4183,8.2806,1
900355,635503,635907,3.6056,1.618,1
900444,635577,793521,126.7105,5.9545,1
900941,635928,798964,49.1257,4.2976,1
901185,479122,636103,68.009,3.0616,1
902225,636833,792646,117.7809,9.3367,1
902226,631171,636833,124.7798,9.6315,1
902398,636954,647665,84.1515,4.3528,1
902711,284857,637184,136.5613,4.0941,1
902713,637184,672220,36.2767,4.7913,1
903144,637499,656293,18.8149,5.7398,2
903252,637572,637884,12.7671,3.5811,1
903426,636103,637698,45.3235,2.5811,1
903580,637802,805538,28.954,4.1583,1
903752,631820,637924,31.9061,9.6478,3
904110,638181,639566,84.509,3.3708,1
904658,629557,638569,130.3725,6.5005,1
905041,213875,638836,52.5706,3.0455,1
905270,632836,639002,42.4971,4.9651,1
905271,639002,804155,49.0136,4.9651,1
905382,639079,803019,19.8718,3.4758,1
905392,608602,639086,100.7373,3.217,1
906080,489474,639566,113.9966,4.5634,1
906266,625271,639712,93.0,5.6541,1
906929,639079,640170,8.124,3.2863,1
907104,640290,663174,21.6333,6.4026,1
907203,484018,640356,38.223,2.3428,1
907204,640356,644626,21.3281,3.1796,1
907239,489429,640377,290.5498,9.1904,5
907336,483810,640452,51.8941,8.8054,1
907337,640452,658745,57.6281,7.9057,1
907456,489532,640537,94.2271,8.8492,1
907517,640583,811244,185.2809,3.5616,1
907555,640609,806218,7.0868,4.4721,1
907689,640699,804155,32.8583,3.8643,1
907692,635577,640703,48.3632,6.7129,1
907765,640752,652418,95.0312,8.1478,1
908015,640699,640937,51.3615,4.2976,1
908520,485045,641290,192.1012,7.2386,2
908521,641290,661304,63.8366,7.5822,1
908649,633377,641377,64.6744,2.9889,1
908744,641448,803777,29.2916,2.5322,1
908752,641454,799266,57.3488,5.1627,1
908753,641454,802630,23.9387,5.5909,1
909230,501681,641787,116.4918,2.639,1
909600,641377,642045,109.8312,2.9208,1
910136,205574,642428,25.8242,3.9241,1
910137,205972,642428,28.7846,4.6312,1
910622,642787,644886,99.8098,7.7889,1
910757,642890,805950,7.0057,5.8416,1
911263,643220,798834,83.908,6.5465,1
911439,643331,666885,364.9878,6.2386,1
911445,640609,643335,98.6205,5.5902,1
912205,643875,793875,108.36,3.285,1
912207,643875,813851,39.2938,3.8637,1
912437,212880,644030,106.6021,4.5605,1
912995,489583,644433,71.3536,5.3218,1
913157,490371,644552,18.5293,7.4159,1
913630,644886,811212,41.4447,5.5975,1
914263,645342,647711,19.9958,6.0495,3
914531,645539,801689,63.2901,3.9142,1
914824,208963,645758,50.2494,8.6221,6
915729,637572,646396,80.827,3.3839,1
915730,646396,650608,19.105,3.217,1
915735,643220,646400,45.793,6.2264,1
916598,220855,646994,243.9932,6.2741,6
917376,493922,647549,111.0986,1.8251,1
917542,647665,671142,416.2937,5.2068,1
917608,206007,647711,59.072,6.5414,3
917893,208972,647922,19.8888,5.7661,1
918744,648564,654484,82.6378,4.1621,1
919212,648879,653732,93.2702,3.2975,4
919213,648879,668005,90.3771,5.4198,4
919251,648906,656377,109.4181,5.3779,1
919253,648906,652747,36.3125,4.6111,1
919399,489030,649018,101.5639,2.4142,1
919400,649018,664402,50.2796,3.5355,1
919760,649271,655407,31.9392,6.937,1
919935,649382,670953,109.689,2.5322,2
919942,247259,649388,625.9618,5.7865,7
920368,649691,655010,53.2812,5.1083,1
920606,649855,806218,47.6678,4.2976,1
920607,649855,657919,34.7563,4.3528,1
920959,629169,650104,142.8892,5.8549,7
920960,650104,664535,171.2461,5.7604,7
921171,648564,650248,31.209,4.1621,1
921222,650286,808177,32.0104,5.5649,1
921224,650286,814753,14.6496,4.8139,1
923655,652019,806812,148.6327,4.4534,1
923658,652021,809227,49.3221,4.5061,1
923659,652021,653071,4.1231,6.5555,1
924204,217837,652418,66.6275,9.0903,1
924218,652428,657334,145.5232,4.6111,1
925042,653010,815569,10.7275,6.5465,1
925530,644433,653363,30.8419,5.1083,1
925925,653638,665164,99.9244,4.3509,1
926024,653701,663831,57.2242,4.953,1
926453,654017,744204,35.3491,6.1911,10
926737,654209,816023,87.0166,4.0335,1
927123,654484,810189,54.6648,4.4203,1
927835,655010,677809,155.7252,4.4155,1
929248,499276,655990,8.7536,3.9324,1
929358,640703,656074,153.6652,6.7129,1
929653,277803,656293,192.4076,4.7182,1
929654,656293,690244,24.6171,4.8028,1
929954,656496,668321,112.9015,4.2386,1
929990,654209,656523,39.0384,2.9208,1
930753,657072,661538,49.6006,7.5794,1
930952,657215,663815,84.6699,2.9954,1
931777,657810,815321,25.0865,3.7199,1
931934,8597,657919,70.7005,3.2913,1
933091,507689,658745,44.5084,7.7721,1
933184,501958,658828,24.7775,1.7071,1
933585,659118,817402,39.449,2.8028,1
934840,19998,659999,233.4888,4.7913,1
935294,33766,660312,135.0037,5.0378,1
935445,506819,660425,86.94,1.9841,14
935704,660613,680065,80.3724,9.3233,2
936987,215204,661538,9.1652,8.0282,1
937549,661931,810620,102.0668,5.2016,3
937550,661931,667872,101.1978,5.0822,1
937869,261288,662161,63.0714,7.5454,1
937977,657334,662240,55.723,6.0495,1
937978,219915,662240,162.7652,7.0,1
938560,645539,662670,121.0331,4.3723,1
938561,662670,666528,24.1868,4.7608,1
938841,499852,662860,16.0416,6.1558,1
939280,575075,663174,79.0928,7.3024,1
939462,663303,671920,221.0562,4.7913,1
940181,502519,663831,25.9465,2.3708,1
940591,664111,666826,41.5209,7.2929,1
940996,514384,664402,66.131,3.5355,1
941051,56372,664439,121.1419,10.0826,3
941052,637924,664439,144.1249,9.0826,3
941198,664535,676911,97.4663,5.2907,7
941959,665090,807988,938.2848,7.713,1
942069,665164,666853,54.9019,5.1926,1
942438,664943,665418,17.3205,4.4126,1
942514,665468,819500,29.4076,4.4246,1
943141,356068,665910,44.1885,4.3509,1
943281,220459,666006,27.3922,6.1071,3
943689,656074,666298,99.3428,5.9545,1
943714,22077,666315,42.5428,5.3852,1
943715,666315,667715,20.1494,5.6506,1
944012,41540,666528,90.4317,4.3028,1
944028,661304,666539,17.4005,5.6317,1
944454,218046,666826,19.3477,5.5495,1
944475,662818,666843,29.0354,2.866,1
944476,218855,666843,7.0396,4.0616,1
944494,224706,666853,114.6691,4.8452,1
945272,655407,667379,101.7016,6.2283,1
945273,512626,667379,158.182,4.4126,1
945486,209703,667530,75.3636,2.9142,1
945611,664222,667613,27.3516,5.8028,1
945704,667686,689423,73.7021,4.3284,1
945746,663815,667715,77.1816,4.5392,1
945774,667735,671671,244.569,6.1202,8
945985,667872,682473,116.5976,5.5317,1
946724,36679,668404,152.2778,5.1083,1
946726,668404,674946,53.591,6.011,1
946967,494699,668579,132.0778,6.5288,7
946968,512354,668579,74.7566,8.1533,7
947406,668889,693853,161.7591,2.2361,1
947533,662860,668976,25.3903,6.1127,1
947693,222162,669080,42.3084,5.5902,1
947878,669214,670827,86.8159,7.9939,3
948168,667530,669426,30.4302,3.5355,1
948600,220661,669739,218.5368,3.6503,1
949043,670038,687674,113.1425,3.285,1
949048,213558,670041,59.9055,4.8002,1
949146,670107,670557,18.0247,6.0,2
949598,220203,670433,84.8882,5.6618,1
949788,219915,670557,104.3355,6.5,2
949837,665418,670594,31.1288,4.7408,1
949855,670605,806284,257.6112,6.0738,2
950092,214495,670770,52.5156,4.1829,1
950180,511605,670827,217.5942,7.6533,3
950367,670951,675143,79.0387,5.8541,1
950609,231130,671142,291.639,5.0949,1
950950,668976,671384,10.8883,5.8723,1
950951,522773,671384,138.1601,6.6056,1
951266,217980,671608,66.2364,3.5794,1
951363,222207,671671,51.517,6.0136,8
951434,665090,671721,153.0,8.4447,1
951435,671721,674884,142.8881,7.9155,1
951709,511157,671920,40.8962,5.0,1
951902,669739,672053,45.1479,4.4721,1
952120,219536,672220,499.4247,5.1926,1
952331,670953,672377,7.1259,2.8284,2
952332,672377,699817,179.0785,2.8284,2
952353,89908,672393,27.0,3.3461,1
954915,33766,674185,67.8307,4.8452,1
954954,674208,819044,191.3885,3.6503,1
955904,34977,674884,61.5982,6.953,1
955999,22482,674946,46.2781,6.9765,1
956027,666885,674964,113.3441,7.7426,1
956028,223160,674964,7.157,7.5967,1
956289,675151,767567,141.3786,3.3708,1
956290,359258,675151,191.4739,4.1621,1
956385,224805,675217,129.3833,5.3033,1
956386,228913,675217,86.5941,4.6365,1
956499,25010,675283,101.3361,6.9765,2
956783,512556,675480,153.0633,6.8541,3
957080,507689,675693,90.6201,9.9248,2
957281,519251,675835,176.9272,3.6056,1
957461,301339,675965,86.5807,3.8028,1
957678,666298,676113,128.5535,5.8208,1
957679,30145,676113,4.3589,5.4312,1
957847,507511,676231,35.242,4.3723,1
958141,226940,676445,211.3307,4.2976,1
958309,675143,676557,75.4782,7.0,1
958448,672053,676650,42.4081,3.8172,1
958451,674778,676652,62.7136,3.8724,1
958828,676911,693343,135.38,5.6081,7
958905,107207,676967,109.2078,4.0503,1
958906,665910,676967,40.6202,3.5291,1
958918,661931,676975,174.8085,6.0311,2
959039,231184,677062,193.0924,9.0802,6
959504,72054,677412,194.5736,3.2321,1
959540,22482,677438,50.1465,6.2838,1
959637,675650,677512,11.4164,3.618,10
959708,519139,677569,47.752,2.9954,1
960407,38709,678077,10.387,4.3028,1
960529,224262,678172,6.8232,3.9495,1
960530,678172,684527,27.3861,4.9495,1
961024,676557,678534,13.7278,7.0495,1
961128,678609,685811,119.3105,6.7404,1
961129,678609,678610,51.1273,6.1558,1
961555,678921,680958,40.0194,2.2882,1
961556,515603,678921,67.2954,2.7687,1
962488,34977,679576,39.2003,6.7564,1
965069,56034,681392,79.9062,4.1829,2
965070,35346,681392,32.9343,4.2426,2
965281,668005,681552,64.846,5.3617,4
965282,681552,685548,19.9639,3.9241,4
965947,524954,682029,137.8066,5.1421,2
966055,516851,682102,14.8623,8.6221,5
966569,682473,692223,79.0127,4.511,1
967305,520258,682979,81.772,3.4758,1
967860,666539,683386,65.8998,5.8661,1
968277,683664,685700,28.2056,6.2386,1
968956,684142,686608,35.8758,7.493,2
968957,684142,684150,5.6984,10.3811,2
968967,231482,684150,111.1597,6.7525,3
969195,229567,684311,125.414,4.1926,2
969196,229956,684311,29.7433,5.7748,2
969338,59594,684407,51.2582,6.1926,1
969339,679576,684407,120.0208,6.5822,1
969508,235430,684527,90.4544,4.0,1
970097,516475,684959,66.9378,3.4142,1
970098,518570,684959,4.7258,2.7071,1
970237,513352,685063,26.5059,3.1796,1
970722,14596,685407,109.0825,5.0378,2
970724,65638,685407,56.872,5.2175,2
971131,685700,692444,52.3779,6.5,1
971273,227569,685804,7.2572,5.4218,1
971284,685811,688722,67.6196,6.1926,1
971427,74751,685903,136.8316,3.8643,1
971630,232442,686049,51.2922,5.3779,1
971657,48006,686067,53.7701,6.5182,1
971658,686067,690099,50.05,6.7723,1
972385,228774,686591,3.559,5.1926,1
972525,516135,686690,109.11,8.6056,5
973048,529993,687046,121.7443,1.9318,1
974309,243423,687941,96.1735,4.6111,1
974898,685063,688353,113.497,4.7541,1
975369,38785,688688,66.9094,4.8442,1
975371,68237,688688,33.4664,4.2523,1
975415,686049,688722,91.0698,5.521,1
976315,71404,689356,61.6171,6.5701,1
976339,677084,689369,126.3653,7.2058,1
976341,236724,689369,66.341,5.9136,1
976678,689606,704148,178.8935,6.5953,5
977369,690099,696214,123.061,6.7723,1
977576,690244,704678,119.623,5.2913,1
977690,690319,698841,77.0065,5.6454,1
979363,521457,691517,8.6731,4.6708,1
980372,71422,692223,28.6938,3.7199,1
980677,692444,696126,81.585,5.2913,1
980706,692463,702685,70.8802,3.5291,1
980707,692463,704712,74.6726,3.8944,1
980917,683386,692605,56.9396,7.1572,1
981456,56037,692967,111.85,4.4495,1
981997,693343,701386,48.6056,5.6081,7
982239,525583,693515,167.8366,5.0794,14
982722,693853,704712,272.8699,3.3541,1
983228,694226,703267,79.2149,5.521,1
983251,694240,705593,125.226,5.9402,6
983252,243674,694240,163.9095,5.8941,6
984386,535830,695045,52.6308,3.118,1
984582,524523,695184,26.5832,4.9352,1
984583,524948,695184,14.1185,6.2696,1
984927,695421,699960,61.6252,3.3708,1
985087,41540,695535,143.393,4.5616,1
985121,524954,695559,69.455,5.1881,2
985122,695559,724826,225.1486,4.9747,2
985655,695929,742605,486.5933,4.8002,1
985657,74132,695929,45.9239,3.5616,1
985928,696126,715870,257.5664,5.1636,1
986063,696214,696475,7.6811,6.7371,1
987373,524814,697125,36.6333,2.5,1
987610,697288,710402,66.4756,6.9873,2
988575,85601,697978,35.8961,4.1829,1
988644,698034,707440,58.5577,3.1796,1
988868,528890,698196,5.8214,5.8735,1
989786,284621,698841,159.3309,4.3528,1
990066,517990,699042,144.6859,9.7025,2
990067,532151,699042,19.485,10.6301,2
990651,692605,699441,46.5349,9.2489,1
990652,699441,709488,51.4919,9.7095,1
991004,72080,699679,38.313,7.5426,2
991197,699817,702570,23.8374,2.9142,2
991560,234606,700060,7.874,5.8384,1
991834,700254,701645,104.1735,3.1583,1
992624,700807,725086,197.3915,6.8093,6
992866,699679,700968,9.3808,7.7776,2
992867,104178,700968,61.5977,8.8155,2
993441,235352,701386,12.3423,5.1926,7
994224,698707,701939,114.057,4.3509,1
994226,88331,701939,33.899,4.7541,1
995035,602635,702491,44.6082,6.7016,1
995036,15493,702491,90.0012,6.03,1
995148,702570,709986,35.294,3.0,2
995753,700060,702976,43.2422,6.4419,1
995754,702976,707226,23.8188,5.7016,1
996173,97701,703267,48.0798,5.3284,1
996954,109473,703824,67.1143,3.6795,1
996955,682781,703824,183.7172,3.0,1
996957,235838,703826,11.9024,7.4161,1
997193,80340,703994,20.4342,3.1796,1
997412,531424,704148,123.1323,5.8166,5
998599,701645,704973,23.4445,3.3166,1
999475,240728,705593,161.4555,5.6541,6
999851,705870,708663,70.6965,4.8139,1
1000405,536190,706253,13.6137,3.8643,8
1000824,675693,706546,532.9883,9.3771,2
1000825,527443,706546,95.9126,5.1801,2
1000879,85601,706588,37.1734,4.6111,1
1000880,706588,715110,55.1181,3.7743,1
1001302,706873,713382,82.8566,5.7446,3
1001812,707226,725818,75.2957,4.5616,1
1002112,120880,707440,57.6281,2.8501,1
1003135,708191,721966,264.4782,7.0312,13
1003136,551636,708191,152.7107,6.3326,13
1003328,708329,721673,130.8969,2.8059,1
1003330,241258,708330,43.5048,2.9889,1
1003398,704678,708378,98.1071,4.5274,1
1003742,235430,708625,68.413,4.0,1
1003919,311101,708744,66.685,4.1231,10
1004019,708625,708813,22.7107,4.6213,1
1004020,241311,708813,77.0865,3.7025,1
1004162,237012,708917,47.9884,5.1926,7
1004170,15524,708922,243.4752,15.3738,1
1004806,709367,714751,26.8196,5.2249,1
1004989,709488,716036,64.2858,7.5027,1
1005239,311412,709674,42.5284,4.6546,1
1005240,316210,709674,22.9855,4.7404,1
1005683,709983,741900,277.359,7.0106,1
1005689,547367,709986,55.6796,3.0811,2
1005878,544517,710115,99.6126,6.201,2
1005967,537494,710174,6.2093,3.3904,5
1006295,710402,710403,3.6056,7.8102,2
1006471,710525,723708,231.6916,5.8941,3
1006789,241258,710736,114.0555,5.3708,1
1006790,247058,710736,73.4824,5.0811,1
1007377,299097,711153,172.5192,4.8894,1
1007379,325677,711153,113.4925,5.2907,1
1007609,710174,711318,64.1058,3.1583,5
1007831,535830,711458,64.4205,4.7236,1
1008856,135390,712187,220.2506,5.7661,2
1010725,713461,800508,51.3084,4.9839,1
1011135,713755,735849,109.6844,4.1078,1
1011293,532452,713879,103.4891,3.6056,1
1011294,713879,714626,65.6218,4.6751,1
1012229,241362,714506,24.8663,5.5076,1
1012394,714626,720076,88.5651,4.6751,1
1012444,543281,714660,104.9153,2.6992,12
1012571,714751,719595,80.8443,2.9889,1
1012951,77019,715023,134.4818,6.2417,1
1013070,715110,716054,28.3373,2.7247,1
1013095,715128,715980,77.9957,3.8643,12
1013096,715128,716301,47.364,4.7541,12
1013166,87422,715177,90.4839,4.3708,1
1013167,128202,715177,75.8626,5.0,1
1013169,117044,715178,4.9329,6.2036,1
1013205,123928,715204,49.4138,4.6163,1
1013577,542131,715471,121.9954,6.9873,2
1013578,550674,715471,71.5185,4.4964,6
1014131,715859,726627,82.862,4.9936,8
1014145,714506,715870,62.8959,5.8303,1
1014408,124492,716054,50.0988,3.5616,1
1014751,548322,716297,104.2992,3.4611,12
1014752,541973,716297,31.9687,3.3028,12
1015157,538806,716601,139.5011,6.4774,4
1015158,552953,716601,153.5422,9.5394,4
1015213,714660,716640,121.6539,2.9954,12
1017347,544815,718111,5.6862,2.9142,12
1017348,718111,724864,73.6267,3.1463,12
1018665,248331,719020,107.1785,4.9839,1
1019464,548732,719595,29.4939,2.618,1
1020138,720076,722756,20.5183,4.0941,1
1020502,115559,720333,46.9681,2.618,1
1020503,131780,720333,17.6257,3.6795,1
1022436,721673,723826,28.3373,3.6427,1
1022452,721685,723222,11.7473,4.9497,1
1023317,721685,722291,147.5568,6.03,1
1023993,559546,722759,89.093,4.2976,2
1024576,133514,723154,18.0616,3.7025,1
1024688,723222,747507,200.6589,4.8139,1
1024745,548832,723260,41.5612,4.7361,1
1024746,723260,731488,112.1611,3.8944,1
1025017,718290,723444,40.4228,3.217,1
1025018,723444,733736,74.4177,4.4964,1
1025041,723464,735057,80.7217,8.2063,1
1025566,723826,724140,89.141,4.1231,1
1025987,244383,724140,28.4468,2.5616,1
1026465,723154,724472,41.0488,3.7025,1
1026948,560174,724826,76.943,3.6503,2
1027303,260784,725086,194.4704,7.4275,6
1028307,725818,737228,58.7585,2.7687,1
1028352,245375,725850,3.559,8.5149,2
1029137,554913,726389,13.9722,5.2631,1
1029328,551980,726517,11.6619,6.0583,1
1029329,556242,726517,40.1456,4.9497,1
1029914,723651,726946,29.4788,3.217,1
1030903,138742,727627,5.9067,10.6097,1
1031527,728055,756853,212.165,3.0811,1
1031528,721261,728055,75.6968,3.7025,1
1033256,254806,729279,215.8757,5.0495,3
1033279,556242,729296,17.7461,4.3284,1
1033370,556029,729358,6.5574,4.0,12
1033711,257007,729596,113.169,4.872,6
1037117,715023,732002,129.0116,4.3028,1
1037119,150327,732002,44.4916,5.0043,1
1037600,167535,732336,104.0545,3.9241,1
1037841,561095,732510,58.5776,4.9747,1
1037842,732510,736841,117.4138,4.2386,1
1038282,731488,732820,135.4248,3.7199,1
1039488,733690,736255,32.3111,2.3428,1
1039553,733736,735039,15.1658,5.2617,1
1039747,733887,740816,92.7943,4.2386,1
1039748,561456,733887,17.0587,3.5616,1
1039910,203259,734006,111.6214,2.618,1
1040144,733690,734165,25.4958,3.618,1
1040529,734430,743265,89.4628,3.7247,1
1041397,153027,735039,43.9153,4.6289,1
1041745,560477,735298,3.0551,4.1621,1
1042354,735718,757035,119.9801,3.8172,1
1043063,704973,736223,156.2689,3.1583,1
1043111,736255,737129,54.7905,3.3461,1
1043330,561954,736420,4.3012,1.7071,1
1043477,736524,742424,105.9245,4.8599,1
1043478,131821,736524,79.6953,3.7025,1
1043732,732820,736695,105.3307,4.1829,1
1043733,736695,741443,80.4494,3.9241,1
1043876,561060,736800,76.4853,6.1304,1
1043936,736841,741956,60.5025,3.0811,1
1044361,561469,737129,10.0499,4.2426,1
1044498,737228,747274,33.8198,1.7071,1
1044680,262651,737353,228.1788,6.1298,1
1044764,569519,737414,103.7524,11.0873,4
1045035,161441,737596,130.0615,5.4218,1
1045036,737596,741734,57.7062,5.2421,1
1045209,735849,737721,60.8647,5.2779,1
1045890,573549,738207,105.6688,3.5811,2
1045946,558428,738244,91.2049,3.0811,1
1045947,564188,738244,53.3479,3.3839,1
1046225,563353,738445,57.4708,4.6365,1
1046397,563220,738559,24.797,2.4392,1
1046716,736420,738793,41.8788,2.118,1
1046717,564708,738793,10.3763,2.2361,1
1047077,718235,739055,96.6126,6.3546,8
1047078,243244,739055,63.3509,6.7774,8
1048056,739758,754376,143.1014,6.7237,1
1048058,138742,739758,83.8742,8.4805,1
1050215,575758,741250,392.7501,5.0368,1
1050910,741734,745954,69.7782,5.8941,1
1051081,740703,741849,9.1591,1.9142,1
1051082,741849,744191,28.2573,1.618,1
1052149,735057,742605,277.4509,6.6437,1
1052207,579391,742650,225.3032,4.3528,1
1052552,562344,742887,55.5488,3.1796,1
1052559,23764,742894,108.8694,3.3541,1
1052904,144581,743139,100.1898,5.4929,1
1052905,164565,743139,43.8216,5.0043,1
1053095,568899,743265,8.6987,2.3428,1
1053685,743694,759923,175.934,4.0495,5
1054330,738445,744131,30.9731,4.5274,1
1054429,744191,745749,14.1098,1.8251,1
1054449,311466,744204,113.7566,4.6856,10
1054555,167670,744275,52.0032,9.7355,2
1056313,745491,748632,22.4128,5.2617,1
1056320,745491,745495,19.2209,4.885,1
1056321,745495,748868,61.645,3.0275,2
1056366,161901,745528,4.714,2.9208,1
1056700,570396,745749,26.198,1.4142,1
1056963,745954,747757,82.8191,4.0676,1
1058818,747274,750595,11.3382,1.5,1
1059132,747507,771475,138.5821,4.872,1
1059173,173652,747539,74.8821,4.6708,1
1059174,161441,747539,105.7718,4.9936,1
1059279,572250,747607,48.6141,5.5649,1
1059394,295474,747685,63.9948,4.1926,1
1059493,163165,747757,51.2705,2.9873,1
1059921,295473,748058,29.4656,4.7913,1
1059922,748058,751034,40.2368,4.0811,1
1059947,731547,748080,120.1208,4.6856,1
1059983,742887,748103,27.7569,5.8365,1
1061081,748868,755438,41.7253,3.2863,2
1061741,749343,755906,86.9832,5.2035,1
1062807,747583,750081,19.5135,2.118,1
1063172,728198,750330,110.9419,4.7361,1
1063384,750482,754313,42.9483,4.8139,2
1063385,258993,750482,57.3818,5.521,1
1064535,742424,751303,76.909,4.3198,1
1065130,161604,751714,90.2601,8.3882,1
1065151,594291,751729,141.191,3.6213,4
1066238,752497,752815,150.8351,6.1644,1
1066341,752568,755050,82.2603,5.7511,1
1066342,752568,754939,88.5041,5.651,1
1066357,752576,771721,126.2101,2.6688,2
1066693,579770,752815,109.8691,5.3183,1
1067053,753078,770837,157.829,11.8385,2
1067054,161212,753078,107.861,10.5311,2
1067903,750330,753671,16.4688,4.1069,1
1067904,261285,753671,74.8287,3.3708,1
1068563,754137,757347,72.5784,5.651,1
1068802,754313,761843,42.82,5.3229,2
1068892,175104,754376,47.2611,8.2738,1
1069089,662161,754513,26.5707,9.1045,1
1069161,167670,754565,25.186,6.8443,1
1069162,169950,754565,2.708,1.0,1
1069633,754898,757089,121.6594,6.5701,1
1069769,748103,755000,89.0562,7.898,1
1069834,755050,757477,21.5045,4.8408,1
1070362,755438,756354,10.6927,3.4758,2
1071029,590332,755906,78.4133,3.3461,1
1071162,756003,770528,152.0413,4.511,10
1071696,580249,756354,35.836,3.9637,2
1071833,756456,758915,79.197,3.7025,1
1072079,750595,756625,22.2136,1.2071,1
1072567,592455,756873,322.4774,22.2272,1
1072973,610107,756873,353.0576,20.7113,4
1073236,587254,757035,41.1893,4.6856,1
1073323,181079,757089,314.5757,7.9843,1
1073698,262214,757347,104.5428,4.2523,1
1073888,588193,757477,87.1754,4.1621,1
1074112,730614,757635,49.2037,4.0388,1
1074862,586077,758148,51.2272,2.5,1
1074936,260541,758198,54.999,3.6736,1
1074977,758223,769908,32.865,5.5317,1
1075077,315820,758286,19.615,4.3028,1
1075878,758846,759819,38.1503,5.7446,1
1075985,576453,758915,38.7943,3.5355,1
1076479,756625,759261,13.7639,3.2071,1
1077279,261309,759819,65.7368,6.2264,1
1077435,759923,763550,42.049,5.5076,7
1077724,740780,760143,100.7869,5.2779,12
1077725,760143,762042,73.724,4.899,12
1078320,756853,760542,81.8596,4.3284,1
1078321,760542,762311,26.9258,5.9106,1
1078372,760575,761125,380.635,8.2525,1
1078373,169950,760575,32.0156,5.217,1
1078387,760584,771231,78.0712,4.7016,1
1078440,760621,785185,118.7182,2.4142,1
1079170,761125,767311,35.9722,8.7076,1
1079176,315578,761132,36.6697,4.7361,1
1079643,758426,761460,23.7908,10.6538,1
1079927,761663,775839,96.9651,3.1623,1
1080188,761843,810526,267.2768,5.651,2
1080485,585755,762042,152.7282,6.2244,12
1081338,471784,762604,163.7088,7.1401,1
1081633,191243,762804,163.382,3.3708,1
1081986,763051,764704,307.4622,10.217,12
1081996,758451,763056,89.2244,9.5699,1
1082630,643702,763504,420.0821,10.0687,1
1082631,471391,763504,112.682,3.7321,1
1082689,763550,774164,173.97,6.1596,7
1082955,268580,763733,30.4979,7.4244,2
1082956,763733,788524,219.5255,7.2662,8
1083490,584088,764117,47.5219,4.6365,2
1083491,620671,764117,211.9292,3.8724,2
1084603,764831,767862,19.0759,3.8452,1
1084619,582828,764843,159.7891,5.6457,12
1084620,585755,764843,81.4323,5.6457,12
1084654,764864,767700,54.0915,4.7182,1
1084999,193908,765113,63.1814,5.5649,1
1085000,756697,765113,57.4891,4.6926,1
1087843,316935,767037,112.4559,8.2453,1
1088653,767567,789914,82.5086,3.0,1
1088841,767700,774845,40.981,5.2607,1
1089079,767862,769276,14.4568,4.8947,1
1090450,600845,768836,100.0781,3.1463,1
1091108,769276,775942,41.9868,4.6111,1
1091222,588035,769349,53.8934,2.8284,3
1091842,769774,770236,3.9238,10.0948,1
1092029,759923,769893,75.503,4.1307,2
1092515,592864,770236,23.4107,11.9038,1
1092584,276704,770280,129.3943,5.1926,1
1092669,770347,785645,68.6821,5.8549,8
1092945,770527,775007,136.5451,6.3012,13
1092946,268700,770527,22.3024,6.7507,20
1092947,767560,770528,39.1095,4.6856,6
1092948,770528,787656,164.968,6.1237,4
1093397,196266,770837,65.2968,11.3801,2
1093950,601088,771231,39.9492,6.03,1
1094684,771757,774132,122.9046,3.7055,1
1094954,771939,777786,70.3404,4.241,2
1096164,772783,778247,17.9628,2.366,1
1096169,772787,801626,124.2623,5.7439,3
1096510,672393,773027,90.7956,3.1213,1
1096512,192459,773028,54.0984,4.3708,1
1096513,185991,773028,45.159,3.285,1
1097303,589947,773596,264.5403,5.3723,1
1097317,771757,773611,95.5733,5.1197,1
1097639,773835,780736,65.7419,6.0329,1
1097687,606600,773871,124.0524,4.511,1
1098061,773596,774132,77.7077,3.9142,1
1098819,773611,774657,293.9273,5.7007,1
1099085,271422,774845,48.1179,4.4068,1
1099167,774904,781596,75.7611,4.511,1
1099273,268804,774982,14.3836,5.651,1
1099274,269466,774982,99.9694,4.2523,1
1099317,775007,777821,44.9568,4.2361,3
1099395,773871,775062,26.3523,4.2523,1
1099396,775062,779741,42.5154,4.8028,1
1099480,600845,775116,40.6612,3.7055,1
1099481,600381,775116,6.5064,3.7055,1
1099546,742894,775157,38.255,4.7856,1
1099547,775157,813764,79.3918,5.0495,1
1100110,601729,775559,11.5902,15.8418,1
1100389,598887,775749,16.2652,3.3132,3
1100390,603645,775749,22.1861,3.5348,3
1100509,262243,775839,104.4743,2.6992,1
1100592,770663,775893,92.4052,4.2976,1
1100658,605948,775942,26.6521,3.2863,1
1101552,592864,776562,314.0647,9.8992,10
1101553,774164,776562,122.4114,6.8758,7
1101554,609725,776562,69.0362,6.3668,3
1103079,687941,777634,145.9338,4.1307,1
1103080,757635,777634,36.6879,3.8172,1
1103222,192795,777733,11.0604,8.1707,3
1103223,200584,777733,35.0809,7.8657,3
1103296,604051,777786,115.5797,4.0616,2
1103345,777821,788742,69.9944,4.7361,3
1103429,777884,783124,87.1608,4.0388,1
1103917,778247,787079,58.5319,3.7361,1
1104166,610714,778419,41.0433,14.3854,1
1105004,608515,779004,203.0342,3.9495,1
1105555,779409,780184,6.9339,4.7856,1
1106885,614293,780336,49.9622,3.5291,1
1107458,7671,780736,454.4986,5.2493,1
1107698,601088,780898,44.7114,6.03,1
1107700,622199,780898,118.4518,5.8941,1
1107768,606231,780947,45.9819,2.8284,1
1107769,780947,782886,56.8888,2.8284,1
1108210,604234,781252,124.6368,3.5811,2
1108373,775893,781367,45.9687,3.9324,1
1108719,278216,781593,64.5962,5.1636,1
1110316,607458,782713,40.7093,5.0794,1
1110371,271295,782748,13.9603,6.3079,1
1110372,272161,782748,14.1853,6.0992,1
1110631,610331,782923,65.0555,6.6177,1
1110644,772629,782934,150.0672,14.008,4
1110870,783080,788430,57.282,4.7775,1
1110871,783080,785881,39.3022,4.4155,1
1110934,611122,783124,4.3589,4.3028,1
1111013,197996,783177,35.1807,3.5355,1
1111337,603645,783422,66.9154,8.9791,3
1111338,783422,785139,22.0807,13.7718,3
1111497,783537,787388,49.917,5.4772,1
1111748,783712,808151,111.9198,4.9286,12
1112134,191243,783977,62.9682,3.0,1
1112253,203970,784055,61.7783,3.3708,1
1112935,200584,784524,4.397,6.7759,1
1113484,783537,784896,60.4335,3.9634,1
1113742,784524,785080,4.3589,5.7404,1
1113820,616473,785139,39.7031,11.7432,3
1113890,785185,810439,17.2208,2.5322,1
1114532,272601,785645,3.559,5.1421,8
1114780,620610,785814,85.8578,5.7361,1
1114879,785881,791226,78.7387,4.9286,1
1115324,261285,786168,81.2356,4.7016,1
1115481,786282,795388,113.5006,8.962,1
1116290,277887,786847,71.7937,4.9839,8
1116415,786938,789914,46.9006,14.2476,1
1116617,280112,787079,69.0554,4.1069,1
1116751,611122,787171,43.1959,4.1583,1
1116755,787171,787173,13.2563,2.7763,1
1116758,787173,788484,12.1437,1.8251,1
1116800,609019,787202,65.163,4.1829,2
1116801,629479,787202,169.3563,3.1796,2
1117085,779741,787388,55.4316,5.7386,1
1117165,787440,797325,94.3151,4.3523,1
1117208,787471,788795,8.3666,11.5483,1
1117235,214207,787497,52.0481,5.0724,2
1117236,196266,787497,123.3248,9.2431,2
1117507,275037,787682,63.5311,5.1627,2
1117790,787440,787891,52.3546,3.217,1
1117839,616835,787925,71.7217,2.5322,1
1118199,761460,788177,213.9953,7.8904,1
1118200,227683,788177,130.0495,6.2696,1
1118338,619957,788273,87.9122,3.5348,1
1118454,312489,788358,16.4688,7.2963,33
1118469,787925,788365,19.2585,2.2361,1
1118575,788430,788934,4.6904,5.4265,1
1118654,788365,788484,14.372,1.8251,1
1118714,269891,788524,119.708,5.4536,8
1118728,217110,788535,65.0043,2.7763,1
1119035,788742,803639,94.5757,4.0811,3
1119175,614846,788841,57.9106,5.2836,1
1119216,619069,788864,170.2948,4.1792,1
1119321,788273,788934,27.9563,4.6312,1
1119324,616307,788937,67.4555,4.0495,1
1119466,789037,792794,27.8568,5.8032,1
1119467,789037,794830,45.1221,7.6787,1
1120214,786282,789557,63.3076,7.0192,1
1120320,624487,789635,97.7832,5.2631,1
1121987,618379,790820,16.1314,4.9286,1
1122168,783977,790946,41.1582,3.6795,1
1122556,789557,791226,67.0539,5.7748,1
1122731,788795,791350,61.6604,8.6968,1
1122784,192455,791385,102.8672,4.0495,1
1122983,791530,810439,43.9874,3.2394,1
1122984,787891,791530,14.0712,3.5355,1
1123419,196894,791828,80.1291,5.8452,1
1123653,621574,791987,10.4243,1.2071,1
1123656,791989,797751,49.0227,3.2394,1
1124166,790946,792338,9.4868,4.6289,1
1124583,622062,792644,12.261,1.9841,1
1124584,791987,792644,6.7412,1.8251,1
1124589,791049,792646,167.9765,6.7853,1
1124890,787682,792873,49.7407,5.4909,2
1124891,281486,792873,53.7587,5.1421,2
1125440,769908,793249,76.9957,4.2913,1
1125560,265246,793334,35.7584,5.5451,1
1125826,624673,793515,30.7499,2.6688,1
1125837,611965,793521,178.0147,5.4274,1
1126620,200405,794092,263.5166,3.1463,1
1127280,792338,794533,26.3439,4.2523,1
1127720,207647,794830,122.8766,6.3865,1
1127793,616473,794882,63.3745,10.5097,3
1127794,631820,794882,28.9021,10.5097,3
1128279,625931,795203,144.1454,6.1742,1
1128549,791049,795388,140.7669,7.7175,1
1128603,632416,795423,48.2724,3.0811,1
1128864,791350,795604,146.3523,6.0552,1
1128954,790820,795661,70.0492,4.5813,1
1128956,630052,795661,14.5373,5.5468,1
1129437,795423,796001,25.0968,2.8059,1
1130329,628439,796599,25.9711,5.2386,1
1130330,796599,797596,58.7719,4.0811,1
1130424,218230,796666,36.6424,5.3284,2
1130425,414604,796667,578.2802,3.9324,2
1130426,796666,796667,85.8836,4.89,2
1131073,628439,797112,113.9981,4.3969,1
1131255,205529,797232,64.9897,5.262,1
1131402,762604,797325,5.6273,6.0495,1
1131540,797112,797416,15.748,4.3509,1
1131541,629557,797416,4.8189,5.3852,1
1131802,797596,798306,35.0748,3.0811,1
1131982,797718,799641,14.7385,17.4549,1
1132033,797751,801363,59.1789,3.6427,1
1132820,630938,798275,4.7582,2.4142,1
1132864,797304,798306,56.7509,3.7361,1
1132939,631250,798356,71.1657,2.9208,1
1133132,210082,798489,31.88,7.6033,1
1133480,212766,798719,13.4247,13.3218,1
1133648,632063,798834,14.7045,6.5465,1
1133828,620905,798964,52.9402,4.3574,1
1133864,797232,798988,14.7986,5.4527,1
1134281,610331,799268,116.0771,7.5355,1
1134282,629219,799268,20.5562,6.4495,1
1134505,785080,799428,68.3813,5.0,1
1134506,217069,799428,11.7992,4.7361,1
1134811,635461,799641,13.6707,14.4223,1
1134923,799725,804577,46.194,4.148,1
1134932,799732,799934,51.8703,5.3012,1
1134933,643623,799732,93.0154,8.3323,1
1135241,784896,799934,96.5096,2.2247,1
1136070,800508,819609,82.8506,4.7913,1
1136480,638569,800794,128.8397,6.6802,1
1137318,801363,803019,19.1956,3.4758,1
1137678,284227,801626,189.8631,4.7863,3
1137774,799725,801689,116.8472,4.8452,1
1138134,791828,801935,50.8035,5.6795,1
1138426,635907,802149,3.3166,1.0,1
1138531,802217,806284,23.2044,6.1127,2
1139141,784304,802630,190.8863,5.5495,1
1139564,802278,802931,25.5865,2.7763,1
1139702,802149,803020,8.9567,1.618,1
1139703,640170,803020,66.7383,2.3428,1
1139724,631404,803039,47.1381,3.8643,1
1139725,802931,803039,60.9745,2.9208,1
1139896,217069,803162,8.8819,4.1069,1
1139897,803162,808136,21.4709,4.953,1
1140095,803309,810620,42.1579,6.5557,3
1140561,283851,803639,101.7606,3.8172,3
1140762,642890,803777,30.293,3.6503,1
1141088,279798,804003,119.2542,6.0202,1
1141089,278553,804003,12.9059,5.692,1
1141918,804577,814676,313.9124,2.9208,1
1142242,798988,804798,47.0744,5.2631,1
1142573,805026,807699,99.9924,5.5649,1
1142733,218374,805138,12.4097,6.7223,1
1142734,222347,805138,9.8234,4.953,1
1143318,653071,805538,60.7783,5.4155,1
1143508,675151,805668,164.5669,3.5291,2
1143935,785814,805950,222.5337,5.8416,1
1144864,642787,806599,48.2688,10.1247,1
1144865,653010,806599,88.6954,10.1934,1
1146157,217136,807518,46.9965,5.3218,1
1146424,640937,807699,57.0516,4.9286,1
1146504,807755,821116,102.279,5.1515,1
1146704,806812,807898,28.5988,3.6427,1
1146837,631323,807988,98.2683,6.7774,1
1147045,227628,808136,32.1714,5.3183,1
1147062,286134,808151,87.6141,5.1421,12
1147093,808172,811976,148.3846,3.0811,1
1147300,623598,808310,135.7647,5.5317,4
1147301,808310,817241,71.1185,5.2035,3
1148615,807898,809227,190.1055,2.9276,1
1149134,809596,811212,39.1706,4.1528,1
1149940,810159,811318,8.3066,3.8643,1
1149983,808310,810189,33.9675,5.6317,1
1150293,77366,810415,111.5213,6.0738,1
1150294,810415,819609,75.5469,5.7016,1
1150450,810526,820119,241.8781,4.7408,8
1150518,244916,810568,86.8306,6.5557,1
1150519,810568,814163,189.436,6.4031,1
1150933,221647,810855,56.1278,2.639,1
1152024,806424,811643,19.6638,6.2281,1
1152274,635928,811803,92.7793,5.9986,1
1152276,659118,811803,88.8125,4.937,1
1152512,229042,811976,18.1842,2.8059,1
1156141,639712,814511,123.4405,6.2741,1
1156143,660312,814511,56.29,6.2281,1
1156375,674778,814676,167.5609,2.6992,1
1156570,652019,814819,6.6081,5.5649,1
1157305,813851,815321,80.5798,4.1078,1
1157468,643623,815422,124.1554,6.0311,1
1157581,236207,815503,56.2198,3.3839,2
1157678,14560,815569,103.3285,6.151,1
1157759,650608,815629,61.5269,2.639,1
1157889,814753,815714,36.0609,4.3008,1
1158107,815873,816997,13.4866,5.1438,1
1158336,815422,816023,143.9058,4.9155,1
1158427,814819,816081,20.1474,4.9839,1
1159685,814163,816938,91.1043,5.2016,1
1159769,816997,819044,61.2617,4.4964,1
1159960,646400,817135,65.307,7.0283,1
1159961,659999,817135,16.3197,5.9655,1
1160134,657215,817241,22.971,3.5355,1
1160354,815873,817402,79.1489,3.8643,1
1160521,815629,817520,67.4193,3.7743,1
1160522,8275,817520,57.4888,4.3523,1
1160778,657810,817697,19.5192,3.7936,1
1160779,664943,817697,50.1664,3.8534,1
1160873,37035,817754,134.4115,8.4805,1
1160874,816081,817754,38.1477,4.9839,1
1161202,817986,820119,15.7926,4.7913,8
1161685,815714,818289,32.268,4.241,1
1161755,238837,818345,25.0799,7.7416,1
1161756,816938,818345,24.5561,6.3875,1
1163272,817241,819383,24.8663,4.3574,2
1163273,819383,820916,15.4236,4.0388,2
1163449,818289,819500,28.9238,4.7541,1
1163666,819651,821876,9.9499,4.7947,2
1164302,287896,820089,74.4177,4.2078,1
1164304,280130,820089,38.1663,2.3654,1
1164929,811643,820494,85.2115,7.3761,1
1165322,801670,820792,46.6813,5.1926,2
1165811,220084,821116,143.6663,4.7182,1
1166902,243880,821876,37.7705,5.4274,2
1167432,73361,822241,44.486,6.117,2
1167785,68883,822487,143.6774,13.185,1
1167797,37035,822487,73.0786,16.6276,1
1167871,817986,822530,65.9679,4.7913,8
