edge_id,src,dst,length_um,radius_um,usage
668,442,788358,39.2457,5.8407,40
6755,4911,666252,26.6562,3.8106,2
7594,5517,245585,32.532,4.4707,1
8643,4029,6288,110.6165,5.5,6
8644,6288,18296,20.4641,4.6213,6
11287,4911,8210,51.099,5.8941,2
16015,11639,15011,75.5381,11.1695,2
20099,14560,21182,11.9094,6.8143,6
20125,14576,324495,65.0273,5.6081,1
20155,14596,676330,56.8448,4.9839,2
20256,14661,22600,231.6765,8.5438,1
20655,14942,157547,116.1077,3.3708,1
20756,15011,15232,6.4031,10.8385,1
20866,15091,327897,31.8957,9.2256,1
21043,15213,325454,7.4087,3.3028,1
21044,15213,16965,150.0033,3.5616,1
21068,15232,15868,48.0521,9.6533,1
21978,15091,15867,58.1464,7.2166,1
21980,15867,15868,25.318,7.0688,1
22206,16022,327836,42.3123,10.4881,1
22508,16022,16235,16.4317,10.4642,1
23514,16965,333747,86.1665,4.7541,1
27586,19803,20896,18.4662,8.4656,1
27847,19998,38785,37.0037,5.5414,1
28992,15011,20810,192.6448,11.3801,1
29505,21182,697978,193.2148,5.6569,6
30198,21669,26091,59.3464,5.4155,1
30403,21807,337606,23.4023,5.3452,1
30404,21807,22915,13.3791,4.8452,1
31935,22915,37184,195.9949,5.4155,1
34916,25010,676975,37.2514,7.806,2
35033,22600,25089,64.0391,8.4853,1
36426,26091,29138,59.4306,6.451,1
36744,26317,283240,100.0433,5.0196,6
36745,26317,94545,44.243,3.4758,6
37459,26812,328540,389.5526,9.2513,1
38404,27495,28593,19.5192,2.8284,1
38787,27756,287143,60.3552,4.6926,1
39394,28174,281267,24.5937,14.832,1
40097,28670,346072,87.4751,3.8378,1
40099,28671,351419,5.2599,4.1621,1
45219,32252,359846,95.9786,3.7417,1
45681,32571,287795,27.6265,9.4199,1
45682,32571,279223,58.9736,6.6333,1
45718,32593,675283,178.4831,5.4929,2
45719,32593,676330,5.4671,4.5826,2
45930,32740,235477,59.075,3.8637,4
46001,32801,44582,168.7898,8.562,1
47325,33752,689180,64.3169,4.0306,3
47326,33752,672836,84.1408,3.6427,3
47802,34080,367677,60.3794,2.618,1
47913,28671,34158,117.8686,5.4929,1
48294,34420,354295,65.8787,7.7728,1
48295,34420,35170,19.5448,8.2693,1
48595,34661,362897,19.9583,22.3935,1
49426,35245,64462,138.457,4.6312,1
49428,35246,70602,251.2975,5.6079,1
49574,35346,820916,71.9915,3.9241,1
49696,35438,359819,41.1623,7.6468,1
49697,35438,369447,111.016,6.4342,2
50952,36301,364654,60.0278,3.0811,1
51518,36679,77480,116.9087,5.5649,2
51767,36849,352984,15.4719,2.3428,1
52029,37039,348337,16.9509,1.8251,1
52085,37039,37084,20.4668,2.1213,1
52086,37084,63805,19.405,2.8284,1
52229,37184,368903,53.7205,5.9977,1
52870,37636,370627,41.1673,19.3284,1
53217,26812,37876,295.7786,9.4625,1
53218,37876,364318,60.3932,8.17,1
53976,38412,363973,25.3881,3.8643,1
53977,38412,39238,32.1248,4.0388,1
54531,38818,372189,50.2121,4.4954,1
54763,38983,670605,90.0753,7.1067,2
54874,35438,39060,99.4535,7.2058,3
54875,39060,371195,167.5938,6.4641,3
54967,39135,367072,17.2844,5.6433,1
55104,37497,39238,64.2729,3.6503,1
55477,39497,376512,75.5028,5.7079,1
55553,36276,39554,49.2544,4.2564,1
55554,39554,42155,59.2874,4.4689,1
56165,39973,44059,67.2384,2.4495,1
56499,40208,237511,37.3196,8.5897,1
56851,40440,372188,6.8374,4.5634,1
57650,40998,369484,33.6947,2.9208,1
57651,40998,374197,13.0979,3.8643,1
57813,41103,374508,64.0573,3.9822,2
58956,41933,804798,148.2768,7.0421,1
60201,42817,810526,391.6667,4.899,6
60202,42817,70636,31.209,4.1078,6
60327,42908,335243,113.0953,5.5971,40
60329,42908,319588,142.3244,4.977,40
61149,43504,49471,79.8373,4.7541,1
61411,43683,374197,41.5518,3.7199,1
61412,43683,46758,41.4126,3.4611,1
62709,44582,381133,210.8591,6.8904,3
64351,45739,375435,85.3808,5.8723,2
64352,45739,46862,205.6089,6.6056,2
65396,46499,50468,82.6801,7.1763,1
65452,46538,367257,194.8213,8.0907,2
65595,46649,49773,49.7695,2.5322,1
65899,44582,46862,94.9158,7.6676,2
66794,47491,370944,91.7505,12.8691,1
67750,48158,48773,23.0217,3.0956,1
68644,48773,386199,11.9373,4.5788,1
68690,47491,48803,16.5227,13.7632,1
69013,49030,381811,50.362,7.3723,1
69015,49030,50441,65.0692,7.8972,1
69154,49138,50327,43.7035,3.2863,1
69452,49345,387206,15.8055,6.8758,1
69453,49345,51581,45.0222,12.0707,1
69617,49459,676652,62.6356,4.2913,1
69618,49459,694226,103.3758,4.6926,1
69637,49470,390827,40.0625,4.7863,1
69639,49138,49472,20.0499,3.5616,1
69640,49472,49836,99.1262,4.5822,1
69698,46538,49517,97.067,10.3215,2
70077,49773,53145,100.6628,3.9637,1
70636,50157,52875,106.3485,5.2421,1
70776,50261,52906,34.5543,2.3428,1
70868,50327,50675,4.5826,1.9318,1
70962,50391,51900,33.0,5.8807,1
70998,50414,683499,187.0548,7.4725,1
71003,48006,50419,134.4214,6.3988,3
71004,50419,689356,279.819,6.8239,3
71035,49517,50441,22.3607,10.7912,2
71072,49471,50468,23.3666,5.6323,1
72619,51581,388704,17.6457,21.2319,1
73094,51900,52396,46.3681,5.4274,1
73356,51677,52086,8.6603,4.241,1
73357,52086,54591,28.178,4.3008,1
73682,52325,387402,32.3767,12.1235,3
73718,52347,702290,93.8681,4.8139,2
73791,52396,55881,89.8109,6.4363,1
74471,49470,52875,62.9682,5.465,1
74512,52906,53967,17.2916,3.0956,1
74755,53079,54591,25.923,3.3461,1
74768,53089,389475,19.2894,18.0961,1
74997,53089,53250,10.6301,18.2049,1
74998,53250,395449,43.8547,30.5598,1
75195,53394,389000,49.5042,3.2321,1
75271,49198,53448,136.2241,8.2153,1
75456,41933,53588,13.9284,8.1417,1
75457,53588,255521,105.5741,6.4225,1
75982,51047,53976,53.0943,3.8378,1
77150,53145,54775,46.594,3.9637,1
77440,54775,55004,14.0357,3.285,1
77919,55338,396381,8.3666,6.5123,3
78517,53448,55765,77.801,8.0584,1
78670,55881,56774,15.843,6.2264,1
78893,56037,682781,186.9402,3.9495,1
79394,56372,696787,96.9266,8.5822,10
79488,53967,56453,24.779,3.452,1
79489,56453,59648,42.5558,3.3839,1
79958,56774,57424,58.3267,5.6109,1
80737,57332,304707,43.8254,4.8947,1
80871,57424,98508,891.6087,5.4312,1
81061,57567,59698,70.9436,8.2265,1
81065,50414,57569,102.955,6.6756,1
83993,59594,63662,41.2392,4.9286,3
83994,57569,59594,26.1232,5.4312,1
84069,59648,402510,73.1277,4.7182,1
85903,60934,84789,358.0738,8.5166,2
85904,60934,684614,20.9258,8.1435,2
86190,61131,63931,51.9711,5.2411,1
86487,61342,386251,164.9128,12.8291,1
87035,57950,61722,43.0116,7.1947,3
87036,61722,414244,71.4656,7.3761,3
87200,61838,406878,4.58,1.9142,3
88192,62536,77207,59.8758,3.8637,1
88193,62536,681349,38.0,3.285,1
88787,52325,62962,449.1113,10.0021,3
89397,61426,63392,63.0,3.6029,1
89398,63392,411248,34.3883,3.2321,1
89612,55765,63538,191.6377,6.0846,1
89776,63662,672836,103.8912,4.2976,3
89973,63805,82243,35.006,2.639,1
90160,63931,407688,11.3707,2.3428,1
90586,64217,425438,272.0016,5.0495,1
90931,64462,65649,22.0731,5.567,1
91893,65148,66007,34.4964,4.7863,1
92103,63538,65304,64.4127,2.8866,1
92522,65597,117898,83.1978,8.7734,3
92587,65638,73974,96.3964,4.9338,2
92597,65649,70327,62.5691,5.1881,1
92649,65687,72636,85.8429,3.3461,1
93081,66007,66725,30.282,4.8708,1
94895,67259,763069,73.459,5.2881,2
95377,65534,67608,30.1662,2.0908,3
95503,55338,67696,250.8087,6.5465,3
95504,67696,422296,44.2455,7.7973,3
95617,67779,70658,94.0106,7.4806,3
96087,67608,68121,32.8024,2.7247,3
96254,68237,692967,107.0374,4.4495,1
96910,34186,68687,69.7559,7.0711,6
96965,68726,413054,34.4719,11.6821,1
96966,68726,70095,48.9183,8.9772,1
98046,69460,712187,108.3169,5.3166,1
98047,56034,69460,87.9482,4.0616,1
98608,69855,415738,40.4104,8.8564,1
98609,69855,431675,143.6802,6.5372,1
99190,64217,70266,61.8142,5.5495,1
99275,70327,116139,131.616,4.511,1
99387,70403,427005,110.9815,4.9155,1
99673,70602,699038,34.2329,4.7408,1
99719,70636,176945,240.9523,3.7199,6
99747,70658,73568,77.2399,9.1556,3
100827,71404,689180,58.532,5.2779,3
101471,71832,417203,103.905,15.8339,1
101766,72038,94340,30.3571,4.89,1
101821,38983,72080,101.8136,7.5107,2
101822,72080,702109,147.5677,6.434,1
102156,70095,72320,41.4126,6.6623,1
102600,72636,424723,18.2178,2.7247,1
103451,73212,424723,16.4688,3.7361,1
103452,73212,431672,106.2832,5.4376,1
103528,73265,695033,7.5425,6.4685,1
103556,73284,241076,62.5327,4.3523,1
103913,72320,73548,41.9166,8.112,1
103939,73568,78849,91.3729,8.8858,3
103982,73600,76005,47.55,2.9142,1
104410,73548,73898,9.9499,10.5622,1
104526,73974,697288,14.3372,5.1438,2
104851,73898,74217,11.4891,10.3295,1
104894,74251,432345,56.6765,3.4093,1
105061,74379,82313,79.2149,7.0283,1
105794,73600,74873,77.4726,3.6503,1
107385,74217,75968,30.0167,9.7419,2
107441,74251,76005,30.2324,3.7913,1
108277,76599,710525,124.6056,7.2327,10
108278,76599,696787,23.5773,7.1133,10
108595,76815,139545,41.4702,8.4059,1
108596,67076,76815,183.8493,5.5971,1
108808,68121,76955,90.2275,2.9142,3
108809,76955,77421,75.0866,2.5322,3
109468,77421,432345,90.4132,2.2361,3
109607,77523,717625,240.218,8.1453,1
109741,77615,700488,22.492,4.4009,1
111458,78825,422296,173.1319,6.9954,3
111499,78849,433013,11.5998,7.5077,1
112133,79305,429133,5.099,6.4734,1
112134,79305,90676,19.3075,5.6825,1
113449,75968,80227,153.1045,7.9404,2
113450,80227,91396,227.1453,4.5738,2
113666,80382,85977,95.0684,2.7247,4
115489,81656,86804,32.1956,3.7247,1
115832,81900,436219,82.1557,3.6736,1
115833,81574,81900,4.6904,3.7417,1
116065,82058,439469,14.8549,9.2711,9
116066,82058,83328,24.6171,7.8256,1
116133,78825,82107,73.1642,7.2598,3
116235,82182,704367,78.2276,5.3218,1
116399,82313,84854,58.9915,6.6323,1
116765,82582,437722,24.2693,8.4851,1
116885,78849,82670,71.9444,7.1062,4
116886,82670,88655,124.8599,7.9514,4
117795,83328,84356,20.8087,7.1133,1
118813,84005,729110,155.261,20.7248,1
118854,84005,169799,142.0176,25.8185,1
119730,84632,677438,146.3021,6.9228,2
119731,84632,710403,116.6461,7.7457,2
119881,84739,443454,9.1652,8.357,1
120005,84826,724751,151.9312,5.1926,1
120006,77615,84826,48.3831,5.0981,1
120044,84739,84852,12.083,7.7327,1
120045,84852,93225,182.4884,6.965,1
120048,84854,86561,32.1559,5.6506,1
120322,85050,436219,50.0822,4.4009,1
120323,85050,447572,89.1945,4.7775,1
121655,85977,446533,127.9019,6.0552,4
122470,86561,446470,8.9815,5.6081,1
122484,86570,98586,260.4016,5.6317,1
122537,86608,86694,14.8997,19.1323,1
122652,86694,445600,41.2765,21.1326,1
123650,87344,87413,10.0995,3.0,2
123673,87431,439751,66.0454,6.4806,3
123674,87431,451614,188.4217,5.3218,3
123699,87448,91092,43.4885,5.1495,1
124805,88225,439475,75.527,7.5568,2
124806,87413,88225,46.2709,4.9641,2
124894,88293,448702,37.9298,2.6688,1
125059,88408,446533,28.5579,7.0552,4
125078,87344,88422,36.4143,2.5,2
125079,88422,448382,16.5151,2.4142,2
125409,88655,89774,16.4924,9.3403,4
125433,88677,448702,28.6298,3.6736,1
126020,89101,473561,282.6977,6.5557,1
126339,89326,706588,6.4464,5.7118,5
126968,89774,455189,69.7878,9.4244,4
127304,88677,90022,25.8844,2.9889,1
127305,90022,91576,51.1762,2.9889,1
127777,90337,450550,82.8211,4.4263,2
128264,90676,538187,79.32,3.9496,1
128299,90702,454942,32.0087,4.7361,1
128493,90846,708211,25.4755,3.9324,1
128494,90846,91092,20.4315,3.7417,1
128758,91019,447609,87.4204,9.3656,3
129169,91320,453659,15.7233,3.6736,3
129269,91396,93012,25.632,3.0725,2
130504,92265,137291,118.8634,5.3218,2
130505,84789,92265,32.2949,5.651,2
131349,92862,450334,143.0513,5.3708,1
131562,93012,467234,143.3453,4.7683,2
131857,93225,106204,288.3956,6.7774,1
132789,93901,500972,30.9654,2.7763,1
132793,93905,452816,69.8737,11.3889,3
133415,94340,463666,3.448,3.8643,1
133846,91576,94656,44.1475,3.3708,1
134185,94905,428367,115.7129,18.9646,9
134186,94905,95321,32.5883,5.8407,9
134776,95321,97553,48.6415,4.5092,9
135248,95657,462289,40.0656,4.511,3
135484,95824,97689,65.9924,6.3284,2
135858,96093,459053,39.4194,7.0421,1
136078,96251,100063,69.0797,5.4157,2
136108,96274,462289,152.785,4.4068,3
136269,96383,451119,143.2034,5.8941,1
136271,96383,101098,120.8553,6.2838,1
136458,96507,461832,5.1208,7.9681,2
137453,84429,97197,361.9848,8.6345,1
137513,92089,97234,37.4833,3.452,6
137719,82243,97384,26.6599,1.9318,1
137957,97553,477043,124.0585,3.2975,9
138135,96093,97689,30.1496,6.03,1
138136,97689,142919,769.0748,7.4652,3
138150,97701,120468,47.1359,4.1583,1
138232,97757,460674,67.9035,3.4758,1
138262,96274,97780,30.0333,4.9433,3
138263,97780,464302,8.2462,5.6395,3
138331,97832,98981,24.2899,2.7247,1
138447,97913,465873,68.3776,3.6795,1
138855,98209,100253,150.1666,5.2881,1
139275,98497,179239,184.6983,7.1661,6
139284,98508,492628,341.7847,5.5649,1
139744,97832,98841,108.3005,2.9142,1
139952,98981,467026,58.4865,2.639,1
140099,98841,99081,11.3578,3.4758,1
140115,99094,464604,55.1876,3.6427,1
140470,99340,710345,17.2884,8.8655,5
141484,100063,105637,115.2562,5.5902,2
141646,96507,100176,158.8993,7.6787,2
141751,100253,100693,76.1906,5.4218,1
142373,100693,467357,29.9666,6.5465,1
142438,100738,101542,9.7411,5.6541,5
142627,100878,235524,54.2893,3.6213,1
142713,100937,484561,167.5967,6.5557,4
142864,101042,101449,103.7063,4.3203,1
142941,101098,484613,198.5535,5.5822,1
143461,101449,468033,51.3744,6.0895,1
143509,101482,525367,42.9341,5.8078,1
143510,101482,553210,173.6846,2.9889,1
143593,89326,101542,66.1522,6.0778,5
145140,102641,107707,69.029,4.899,1
145180,102676,104441,46.3573,3.4611,1
146579,103678,108542,87.2812,4.1829,3
147286,104178,128848,65.4603,9.7968,1
148723,87534,105217,46.8591,5.2907,1
148724,105217,714768,65.261,4.6926,1
148979,103901,105395,25.807,3.4641,1
149340,105637,105929,47.7074,4.5813,2
149372,105658,480108,85.5641,5.9545,2
149373,105658,483709,89.5092,5.5317,2
149740,105929,109012,220.8823,6.5285,2
150014,104441,106127,37.5366,4.0388,1
150016,106127,106128,51.0,3.7361,1
150017,106128,111185,127.2164,4.0,1
150126,106204,495538,217.1835,6.5977,1
150394,97197,106385,248.8554,10.414,1
151605,107243,480250,9.2014,3.0811,1
151985,107520,735055,138.808,4.1068,2
151986,77480,107520,222.2684,5.3852,2
151993,107527,123750,88.1164,3.6736,1
151994,83629,107527,46.1363,2.9208,1
152240,107707,113458,82.134,5.5317,1
153071,108287,487509,136.4789,4.1829,1
153438,108542,111541,144.6409,4.4126,3
153538,108614,110427,67.082,6.7659,5
153897,108874,710345,60.7005,6.9228,5
153995,108936,158418,50.4449,15.7777,2
154108,106385,109012,62.2977,9.4984,1
154366,109193,109268,19.9499,2.9142,3
154367,109193,485010,45.3431,3.5616,3
154371,109196,717086,27.6285,11.7546,1
154478,109268,484383,57.6011,3.7055,3
154784,109473,131821,94.5098,3.7606,1
155714,110119,112751,116.254,5.4265,5
155715,110119,110427,19.7231,5.5561,5
155908,110256,488900,96.4002,4.6596,1
156210,110465,233501,71.3399,3.0956,1
156211,110465,249197,29.2973,3.2863,1
156212,109012,110466,27.0185,9.3311,3
157028,111047,485563,6.6081,5.4155,1
157029,111047,114781,87.8066,4.6213,1
157200,102090,111161,152.6073,5.5259,1
157201,111161,487078,22.3768,3.2863,1
159210,112583,117244,86.18,5.7878,1
159439,112743,486482,68.2324,4.5634,1
159454,112751,113713,35.1568,5.4265,5
159487,81656,112774,61.959,3.9173,1
159489,112774,127163,39.2885,6.0092,1
160019,113136,484561,66.0051,5.2249,1
160020,113136,492184,105.3948,5.3349,1
160836,113713,484613,114.9456,5.0981,1
160837,113713,147222,613.1868,4.6596,6
161217,113972,477529,428.5184,8.0932,9
161616,114246,117043,64.0859,7.8012,1
161702,114305,488721,30.2361,13.1655,1
162338,108287,114771,125.04,5.0794,1
162339,114771,115205,8.3066,6.1984,1
162355,112583,114781,104.6948,4.9936,1
162490,114878,491207,46.7065,10.7284,1
162640,114878,114978,32.0312,5.8452,1
162907,114607,115174,26.096,2.3028,1
164227,116139,732321,115.0188,6.3627,1
164450,113972,116296,86.2322,7.2636,9
165059,114607,116710,127.7576,5.0043,1
165060,116710,492628,30.0458,6.0738,1
165558,117043,153597,167.663,6.8992,1
165829,117244,501706,54.1541,5.7878,1
166730,111541,117874,130.7287,4.7913,3
166732,117874,120697,63.5138,5.7016,3
166766,117898,496105,16.2933,4.9497,3
167877,118684,138620,21.3776,3.1926,1
168142,116296,118876,84.6759,6.7371,9
168143,118876,124485,120.5404,7.1756,1
169396,119761,135788,67.5603,4.7431,1
169756,120020,123316,54.5344,5.2175,3
170198,113458,120334,117.4606,7.1133,1
170199,120334,504526,28.0,8.0932,1
170401,120468,723651,45.2132,3.0725,1
170475,120517,490070,122.6236,4.2426,1
170476,120517,519604,139.5349,4.7194,1
170750,120697,527953,306.319,6.4031,3
171523,121235,498573,133.5764,5.099,2
171524,121235,132373,250.1719,7.0495,2
173777,122821,503786,74.6661,8.8079,10
174276,123174,497013,115.1202,7.5148,4
174277,123174,126136,46.594,9.1556,4
174465,123301,171776,18.3576,9.7894,1
174917,123612,498400,150.2627,6.4806,1
174927,123618,509343,20.0871,8.525,3
175060,123316,123721,13.7477,5.1083,3
175321,74422,123907,58.8218,5.1421,1
176118,124485,509615,81.7782,5.7614,1
176129,124492,133514,169.4655,4.1829,1
176538,124786,538482,310.3894,5.734,1
178454,126136,528524,133.1409,9.4684,4
179146,126600,507170,124.7437,10.6301,11
179903,127130,128805,36.4005,4.6365,1
180243,127363,127461,29.1852,5.6506,1
180343,127437,149002,137.5023,2.4495,1
180375,127461,146841,109.0739,6.1596,1
182242,128805,138499,155.1709,5.5468,1
182305,128848,134822,21.6307,8.9751,1
183480,127163,129670,14.1146,6.4789,1
183481,129670,729508,38.2927,5.6623,1
184442,123721,130332,108.1203,4.6856,3
184443,130332,131985,42.9535,4.999,3
184696,126600,130511,89.5433,9.3462,11
184936,114246,130681,60.2149,7.1742,1
185114,130805,729057,31.8906,3.452,1
187123,132223,160220,119.5459,4.3509,1
187344,132373,524654,4.7526,9.0,2
187819,130511,132713,103.899,8.1238,11
188041,132713,132883,3.4641,8.4228,11
188371,133112,525202,22.4425,5.1941,1
189370,133840,519297,68.23,6.6115,3
189594,133990,711931,657.5058,9.272,5
189595,133990,150740,102.0049,11.1323,3
189596,133990,136666,105.4377,11.4314,2
190275,134478,517268,147.1367,4.999,1
190778,134822,744275,138.5472,7.5445,1
191011,134991,135365,9.6437,7.4725,2
192100,135779,138018,114.9437,8.2653,2
192112,127363,135788,120.9816,5.5649,1
193440,135779,136666,112.6134,11.025,2
193579,73284,136764,73.8647,5.7899,1
193672,136828,158286,175.7353,8.0623,1
193673,135390,136828,24.8596,6.4806,1
194026,133112,137090,46.0,4.5392,1
194027,137090,544002,88.6604,4.1307,1
194307,137291,729883,13.9821,6.2264,2
194621,134478,137514,47.3709,5.7511,1
195295,133840,137986,58.8643,9.6745,3
196009,138499,560420,261.3873,4.6158,1
196168,138620,148321,23.8537,1.0,1
196254,138680,750194,43.9986,9.5026,1
196255,138680,738794,44.7425,8.5453,1
196603,138934,142815,77.2852,4.6213,3
197133,139318,139532,3.0,6.7082,4
197439,139532,143549,51.0196,4.4721,4
197457,139545,504725,5.4772,12.2392,1
199196,140780,153338,210.4709,6.0822,1
199288,140842,536814,37.7757,8.5497,11
200448,137514,141665,113.4416,5.4929,1
200449,141665,545385,34.0327,4.8894,1
200595,141775,538467,38.1663,4.7431,3
202088,142815,561987,210.74,4.8139,3
202862,143389,730101,12.4989,3.2321,1
203013,143496,144474,124.3704,6.0981,3
203116,143575,195639,303.1395,14.4078,1
203117,143575,155309,14.4568,18.1659,1
203532,140842,143881,66.7008,8.5853,11
204110,144290,154895,94.5739,4.7016,3
204179,143881,144339,61.79,6.8143,11
205066,144339,144961,16.4317,6.7787,11
206555,146009,160524,156.6014,9.3628,3
207744,146841,736322,118.4535,7.7016,1
207850,146918,763714,158.6642,4.0941,10
207851,146918,723708,168.0863,4.9839,10
208280,147222,147912,10.4881,4.1231,6
208383,143496,147296,48.7134,5.5981,3
208385,147296,557110,127.3918,5.5,3
209261,147912,556100,193.537,4.1829,6
209487,148074,717625,234.2506,7.5252,1
209489,148074,170597,339.5943,6.6571,1
209586,148148,735377,11.299,4.7016,1
209621,148173,750827,114.7347,5.2631,1
209622,148173,726946,61.575,5.0043,1
209839,148321,298594,102.2155,3.0495,1
210590,148869,545025,46.2097,4.4126,3
210734,148972,151281,57.81,4.1231,1
210773,149002,758166,133.1202,4.0532,1
211483,149493,551455,51.6075,5.4863,3
211544,149534,556767,111.8109,8.5166,1
211899,149534,149774,470.133,11.1674,1
212140,149953,559658,63.9401,5.7439,1
212318,149493,150086,91.3783,3.8724,3
212319,150086,559295,42.3161,5.1636,3
213233,150740,748467,190.8094,7.7625,3
213253,150755,736876,68.4325,8.8801,1
213705,151072,569509,84.0754,3.9495,1
214001,151281,559504,39.2329,3.5616,1
214129,151369,552879,38.9102,3.3028,4
214366,151529,170728,196.9351,5.7878,1
214385,138018,151542,67.6704,7.2715,2
214502,151369,151629,8.8318,3.3028,4
214611,146009,151710,265.7386,7.4806,3
214612,151710,554792,82.5712,8.8655,3
215264,149774,152163,171.2717,12.2163,1
215265,151072,152163,27.5136,7.8639,1
216747,153206,560111,6.5574,5.3779,3
216936,153338,564756,49.2508,5.0616,1
217293,148148,153597,39.6106,4.0981,1
217611,152980,153814,82.8372,7.0283,1
217612,153814,564500,93.5961,7.9639,1
219248,154961,559295,38.5766,4.9936,3
219695,155279,559658,26.8514,6.9466,1
219742,155309,256229,41.9026,17.7135,1
219769,155326,155714,9.8995,7.4806,11
220305,155714,156312,54.9727,5.0543,11
221158,156312,161482,95.0526,3.5937,11
221259,154961,156388,20.5426,3.6213,4
223988,158350,160496,44.0908,5.8661,3
224007,158363,573265,93.6518,6.0092,2
224088,158418,650274,120.7091,17.737,2
224983,159066,570871,9.3452,5.2175,4
225264,151629,159265,107.912,3.3028,4
225266,159265,572327,26.0704,3.3839,4
226179,159918,572303,14.8261,5.2631,1
226984,160496,167715,92.0543,4.8408,3
227028,160524,160526,78.8162,9.5306,3
227470,160834,560999,95.0099,6.3638,1
227471,160834,164542,113.7849,5.7118,11
227472,160834,162077,68.8549,6.1203,12
228003,158286,161212,18.5831,8.0623,1
228565,160220,161594,8.9007,5.2421,1
228566,161594,751517,67.9412,4.0495,1
228761,161727,724751,130.1832,6.1926,1
228907,161833,342330,165.6432,6.2838,40
228908,161833,370102,82.4864,5.0043,40
229201,162053,583830,93.4248,2.7247,1
229233,162077,162168,69.0724,5.3033,12
230243,162795,165835,39.8246,3.7025,2
230626,163081,255648,75.5782,3.7936,1
232132,164155,166269,109.476,5.4,3
232133,164155,585297,264.8312,4.3574,3
232675,161482,164542,51.7204,4.729,11
233239,164936,254435,53.1601,6.2901,1
235869,166821,168502,20.7123,6.3723,15
236066,151542,166966,106.3438,7.5667,2
236966,159918,167604,91.6788,6.03,1
237006,167633,579102,75.6461,6.085,15
237007,167633,582466,22.0,5.465,15
237458,167949,757411,183.7044,7.129,2
237459,166966,167949,12.1738,6.8896,2
237568,167604,168029,4.6904,4.9497,1
237569,168029,170162,26.6458,3.6213,1
238227,168502,174957,83.8928,6.458,15
240028,169799,756658,21.5484,17.2606,1
240246,169960,750827,38.9187,4.977,1
240247,169960,756697,10.4722,4.9155,1
240522,170015,170162,8.0623,3.3708,1
240834,170375,595337,99.925,5.6436,3
241338,170728,211685,266.4772,4.9936,1
242835,171776,739569,33.295,12.4478,1
243461,170015,172224,25.1595,3.7417,1
243675,172224,172375,3.3166,3.6736,1
243760,172439,759425,41.829,8.0711,2
243825,172488,751303,54.5985,3.8724,1
243829,172488,172492,61.6784,4.0941,1
243895,172538,582671,66.8423,5.1881,4
243897,172538,175542,49.9099,5.9009,4
243979,172589,754527,53.8191,5.2631,3
244213,172748,593291,55.269,6.1056,1
244214,172748,181700,163.7254,7.3805,1
244326,172831,759569,19.779,13.1691,1
244327,172075,172831,9.2405,14.0352,1
244449,172922,600633,101.3427,6.3364,3
244604,173036,587524,218.5986,5.1833,3
245243,172375,173479,13.9284,3.0275,1
245331,173543,176160,119.3901,3.8172,1
245416,170375,173614,59.975,6.7428,3
245417,173614,600633,100.6164,6.7428,3
246226,174198,592117,16.4992,3.0811,3
246227,174198,596492,38.9041,3.6795,3
246247,174211,761416,22.8181,11.2268,1
246307,173036,174255,431.0151,8.4259,3
246583,174462,597470,123.7026,4.2426,3
247159,164256,174857,152.5272,3.3708,1
247299,172922,174957,322.8994,5.8303,3
247300,174957,177216,33.6155,5.7865,18
247611,175178,760860,26.6723,10.2227,1
247853,175347,759569,11.9216,12.5688,1
248433,175780,175878,7.1414,6.1644,1
248581,175878,184953,171.1198,6.8571,1
248985,176160,176251,41.4488,2.9954,1
249129,176250,595415,14.3488,4.2737,1
249131,176250,176251,36.0555,2.9954,1
249909,172492,176794,65.7157,5.1939,1
249910,176794,177978,26.6937,4.6159,1
249944,176817,770510,65.554,5.2631,1
250131,94545,176945,151.6872,3.4758,6
250446,177170,608413,183.9761,5.2881,4
250527,177216,607663,69.2613,7.3006,18
251049,177572,599750,64.9102,3.3708,18
251272,172439,177737,40.1954,7.0622,2
251273,177737,187316,81.0521,6.2503,2
251627,177788,177978,144.9138,2.7247,1
252015,178255,178835,14.3527,3.1795,1
252016,178255,605578,65.812,2.7321,1
252447,178577,615326,149.228,5.4274,18
252836,178835,604332,103.7529,4.6795,1
253152,179065,181700,75.213,6.6472,1
253153,179065,609750,130.289,4.8723,1
253326,179180,803818,49.8319,7.0283,1
253408,179239,262702,160.2547,7.129,6
253886,179552,765477,51.6968,3.2394,1
254076,179678,204260,310.8022,4.1231,2
254505,179981,182861,141.1205,5.4909,4
254506,179981,608200,56.0987,3.9495,4
254963,180308,589720,146.6011,3.3028,1
254964,180308,181258,9.8489,3.3839,1
255350,180598,187393,77.1919,2.4472,1
255582,180764,773650,113.1582,5.5125,1
255583,180764,760929,30.9844,4.5092,1
255693,180845,261968,492.5802,4.6623,4
255694,161934,180845,65.2908,6.217,4
255965,181032,268607,139.6048,4.8599,2
256479,179033,181410,24.2693,4.0495,1
257331,181985,608227,53.0377,4.3203,3
257483,182093,649691,373.951,6.3364,3
257993,182456,754071,72.6972,3.7936,2
257995,182456,187316,58.6714,5.9667,2
258005,182465,595870,117.5089,4.9839,4
258007,182465,614901,143.5775,5.0299,4
258082,182517,186410,19.7499,2.9568,1
258083,182517,781969,224.3294,4.1815,1
258149,182564,182861,143.0664,5.734,4
258150,182564,609700,91.6624,5.6506,4
258515,182813,612608,141.9143,5.9137,1
258516,182813,187457,120.0208,6.2264,1
259215,183313,607663,181.9729,7.5543,18
261222,172589,184755,65.6011,6.2838,3
261223,184755,192844,60.5145,5.5822,2
261402,184895,621787,76.1205,3.0811,1
261472,184953,196750,210.7748,6.9372,1
261521,184991,610738,50.6778,3.2247,1
262673,180284,185823,69.0881,6.4363,1
262674,185823,186410,195.4725,4.307,1
263976,186724,187457,21.6795,7.2592,1
264027,186758,611910,5.8214,4.7541,3
264912,187393,770323,85.7419,2.2802,1
265360,187713,605481,80.37,8.8741,1
265502,185385,187818,41.5331,8.2382,3
265758,170597,188000,245.9697,8.1291,1
265759,188000,199071,77.7975,7.9582,1
266220,187553,188335,16.2481,4.6856,3
266221,188335,618003,68.8549,4.9495,3
266234,188346,193787,31.009,5.3735,1
267084,187713,188960,19.1311,8.6345,1
267662,187818,189402,17.4642,6.6296,3
267663,189402,620007,62.2629,4.4954,1
267745,189458,631183,186.5422,8.437,3
269677,190839,615134,27.8189,11.0674,1
269958,191042,194827,36.3318,1.618,1
269959,191042,619338,9.8601,2.118,1
270048,190839,191108,17.2337,11.8999,1
270823,191108,191683,11.5326,12.7075,1
271660,192277,623845,29.8412,4.7405,1
271667,192283,619830,15.4812,11.9292,1
271668,192283,194069,20.4695,7.8659,1
272089,192571,628951,61.2363,4.511,1
272090,192571,621426,24.6577,3.9495,1
272410,192795,763714,74.2586,5.6433,10
272468,192844,784594,121.0482,4.0,2
272731,193027,619716,96.1763,5.4312,4
273677,193695,618003,72.904,5.1926,3
273678,193695,205659,181.3202,4.9286,3
273947,136764,193883,85.6329,6.2818,1
273987,193908,203862,64.777,4.2865,1
274809,194489,811179,205.5821,10.217,2
275288,194815,630031,102.3778,8.7067,1
275331,194846,738797,99.7112,4.4954,1
275346,194856,198862,55.2359,2.118,1
275861,194827,195219,5.831,1.0,1
276263,195432,625703,74.788,10.0729,1
276575,195639,767311,64.2811,10.5106,1
276853,195850,626468,7.1764,6.2281,1
276854,195850,627841,11.1654,7.0801,1
277013,195219,195961,35.6791,1.618,1
277155,196063,630743,40.8616,2.9889,1
277429,196266,204758,100.4866,11.7643,1
278113,196750,197921,42.4971,7.7991,1
278895,197312,627841,64.8742,9.6076,1
278916,197325,198391,62.7774,3.452,1
279368,197647,200548,38.8072,3.9921,1
279732,197325,197918,8.8318,3.3708,1
279736,197921,645758,136.0772,8.5419,4
279737,197921,197922,7.0,9.6368,3
279738,197922,631183,8.0208,9.5,3
279832,197994,219850,197.5095,11.3284,2
280392,198391,624505,172.3214,2.9954,1
280510,197918,198475,5.4772,3.5616,1
280967,198813,629169,45.6715,4.3509,6
280973,197312,198817,141.3506,8.7202,1
281178,198960,199071,32.6637,7.3456,1
281624,199265,643331,176.6481,6.4128,1
281936,199497,261968,308.8597,6.5164,4
282106,199607,259970,54.4461,7.573,1
282408,199830,627822,28.0595,2.5,1
282409,197647,199830,31.3209,3.3708,1
282671,198813,200003,11.7473,3.7199,6
282818,198817,200108,81.9573,9.3309,1
283166,200363,636070,126.4959,7.3478,1
283172,200368,783057,6.6249,6.2264,1
283424,200548,642286,46.2241,6.364,1
283474,200584,819651,218.5399,5.985,10
283582,200663,204707,79.6088,5.3028,1
283583,200663,203820,17.195,3.9241,1
285630,200108,202136,78.9747,11.3309,1
285631,202136,640817,23.8234,7.3708,1
286046,202438,775028,106.7359,7.2053,1
286047,201911,202438,5.5877,7.7632,1
286437,202733,647762,54.1141,4.4126,1
287879,203746,209540,65.2772,7.717,1
288599,204260,646994,43.7493,5.5971,2
288855,204441,785114,92.8296,16.7202,1
288856,204441,786938,8.7496,24.2476,1
289236,204707,787089,55.7066,4.618,1
289308,204758,212954,85.0673,11.0613,1
289381,204810,640222,128.938,5.0079,4
289382,204810,653638,150.2605,4.4867,4
289766,205098,211685,111.7338,3.6213,1
289767,205098,791823,17.7576,2.2071,1
290139,205362,255834,14.1539,2.5811,6
290141,205362,225255,177.0311,3.0616,6
290270,205451,255648,8.0971,3.5616,1
290363,203862,205529,20.6908,3.285,1
290533,205659,647922,27.9743,5.5527,3
290743,205800,206007,50.8429,6.2429,1
291281,203950,206191,37.9078,6.6802,3
291282,206191,207910,23.6008,4.9936,3
291402,206272,646411,47.3216,5.2238,1
292141,205493,206782,62.2049,2.5322,1
293719,207910,647922,18.7233,5.4379,3
294381,208369,659717,46.2853,6.9567,4
294391,208378,787558,31.3776,5.1926,1
295236,208963,209265,7.0,9.0471,4
295466,209112,209540,106.3568,8.654,1
295678,209265,214573,94.7259,8.689,4
296924,210161,652747,66.2118,4.511,1
296925,210161,664222,101.4281,4.2523,1
297240,210388,652037,11.4728,4.89,1
297241,210389,651903,9.0554,2.5322,1
297242,210389,211560,8.124,1.8251,1
299154,211738,644282,83.7705,2.4142,1
299430,205800,211919,82.0,5.2631,1
299431,211919,666006,90.712,4.89,1
300222,212476,808964,287.8453,6.2838,1
300424,211560,212613,37.9737,1.4142,1
300920,212954,793358,82.0203,7.8881,1
301947,213699,660054,17.5008,2.2247,1
302483,214075,221258,59.8464,6.117,2
303177,214573,677062,162.0802,9.6974,4
304661,215625,226596,93.7846,3.4758,1
305935,216517,662472,14.9183,3.0,1
306601,211687,216996,34.8409,5.7079,1
307758,217792,803978,9.4281,3.6213,1
308025,217980,662818,69.3938,1.5731,1
308089,218030,220166,24.3516,5.6926,1
308351,32740,218230,156.3202,3.9142,4
308621,218415,801419,9.2556,5.9402,1
309105,218743,223834,31.7578,4.8139,1
309253,218855,670433,33.3667,4.4068,2
309254,218855,220655,80.8703,3.8643,1
309477,219011,220204,18.0555,4.2523,1
309694,219174,667735,3.6056,7.3786,6
309695,219174,224212,83.5344,5.4662,6
310397,219665,670008,71.2461,4.216,1
311081,220166,230760,152.1611,4.4142,1
311133,217837,220203,22.0454,8.1643,2
311136,220204,220655,38.0132,3.6056,1
311150,220214,249594,158.7862,4.1926,2
311151,218230,220214,22.7877,5.1926,2
311240,220274,650274,46.8743,24.7482,2
311241,220274,673758,40.0058,29.4873,2
311499,220459,229493,115.9224,6.6328,1
312615,221258,803956,146.3399,4.3196,2
313036,221563,223322,33.0303,7.8719,1
313051,221569,667613,96.1925,7.1623,1
313053,221569,223805,53.301,5.0331,1
313086,221592,253361,69.9611,3.6213,1
313781,222094,698488,111.599,4.1829,1
313941,222207,231374,234.6593,6.4221,6
315274,223160,678610,38.9915,6.2696,1
315442,223283,671354,29.426,2.9142,1
316174,223795,225280,72.0347,4.6926,1
316185,223805,224071,127.3264,4.953,1
316224,223834,235360,99.7246,4.1926,1
316319,218415,223904,65.2448,5.7016,1
316321,223905,818390,115.8476,4.999,1
316322,223905,808545,5.1316,5.4218,1
316551,224071,684150,56.9866,8.032,1
316622,224126,674558,21.1586,2.1213,1
316747,224212,227480,69.5701,3.7199,6
317130,223322,224485,16.7631,6.9937,1
317131,223795,224485,9.0,5.3852,1
317320,224622,671608,44.1391,3.9903,1
317440,224706,228901,75.9868,4.5247,4
317587,224805,677809,11.8603,5.1375,3
318235,225255,288700,80.9506,3.9324,6
318271,224622,225280,43.4281,3.118,1
319191,220855,225911,207.1545,5.8208,2
319192,225911,712132,153.843,7.719,2
320166,226596,233501,85.4807,3.9324,1
320680,226962,237511,88.3558,7.4532,1
321388,227480,228931,30.8869,4.1231,6
322223,228038,817738,40.3402,3.217,1
322513,228246,249594,190.0249,3.3028,2
322514,228246,243066,102.5251,3.5348,2
323435,228901,686608,105.1734,4.241,8
323436,228901,231131,42.9069,5.0079,4
323451,228913,232789,44.7772,4.5274,3
323480,228931,715859,212.3362,4.1829,6
323792,229138,810656,90.0919,4.5616,6
323794,229138,813528,25.7013,3.7247,6
324310,229493,742908,266.4268,6.4363,1
324391,199607,229552,26.3059,7.9958,1
324393,229552,233473,4.6904,4.9936,1
326094,230760,690137,42.2493,4.2426,1
326610,231130,231131,15.2643,5.0079,4
326679,231184,700807,81.1542,7.6787,5
327081,231482,232925,197.3423,3.3028,9
327275,231610,245585,77.9009,3.9822,1
327276,231610,234197,32.2375,4.4009,1
327749,231944,819350,17.8115,5.9155,1
327883,221592,232035,36.3593,3.0,1
328459,232442,719020,310.1836,4.8408,1
329087,5517,232884,19.6876,4.3528,1
329088,228679,232884,120.5059,5.0196,1
329145,232925,232926,14.4222,4.7016,9
329146,232926,713382,155.1043,6.0738,9
329576,232789,233236,112.7918,3.8944,3
329577,233236,703826,49.2037,5.0124,3
329922,233473,260139,11.8743,7.4364,1
330918,234197,247292,305.0451,4.4009,1
332510,235352,708917,45.3382,5.0,6
332520,235360,244319,37.8212,3.5616,1
332693,235477,822241,54.2942,5.651,4
332724,231374,235501,83.7257,4.3723,6
332725,235501,718235,61.0956,3.8637,6
333177,235838,241532,81.2773,7.2243,3
333468,236054,811152,135.8439,4.3528,1
333469,236054,244154,74.9696,4.6365,1
334810,237012,240875,42.0714,4.1926,6
336948,238557,239473,30.0832,3.7199,1
337357,238838,239868,21.0502,6.2264,1
337459,238920,243800,72.6774,4.8341,6
337460,238920,240875,108.2451,4.0981,6
338237,239473,245940,81.4432,2.7763,1
340045,240728,712132,41.6733,7.5523,2
340560,231944,241076,90.9647,4.8028,1
340785,241237,706873,37.4596,5.5649,9
341177,241532,254806,214.1845,5.7118,3
341588,241828,813528,59.0424,3.0275,6
343333,243066,313637,365.7302,3.7936,2
344169,243674,729596,38.1954,4.872,2
344356,243800,257787,316.4064,4.3574,6
344691,118684,244041,54.8716,6.0467,1
344863,244041,244154,64.7336,5.6993,1
345083,244319,246885,16.8984,3.9324,1
345548,244653,821521,32.4842,12.6529,1
345549,211446,244653,99.213,12.3027,1
346106,224949,245056,82.7051,4.6213,1
346107,182557,245056,19.0029,4.9495,1
346842,241828,245569,38.8387,2.9208,6
346844,92089,245569,11.8322,2.9889,6
348056,241237,246416,316.2942,4.1068,9
348057,246416,729279,24.4813,3.9142,9
348722,238838,246885,91.8513,5.2249,1
348890,245940,247004,12.2066,2.618,1
349108,243244,247150,71.7565,6.0738,6
349109,247150,742908,84.7008,6.2838,1
349110,247150,254046,53.3948,4.6158,7
349214,243880,247229,33.6489,6.3609,4
349215,73361,247229,16.9304,6.1942,4
349258,247259,780411,290.9221,5.3779,18
349308,247292,266092,28.4664,5.0043,1
350814,248331,252642,83.2166,5.3852,1
351721,248977,804915,197.5669,6.9432,1
352030,163081,249197,34.6699,3.7936,1
353179,247004,250009,30.0333,2.9142,1
353327,250115,252129,9.1224,26.4902,1
353722,100878,250399,33.4847,3.9921,1
354015,157547,250597,14.6135,3.3708,1
355818,251867,254046,84.3445,4.1068,1
356910,251867,252642,97.1648,5.3852,1
356957,38345,252679,123.1571,5.3406,1
357932,250399,253361,53.0105,3.9921,1
358928,254046,756858,69.7711,3.285,8
359112,250009,254178,57.6194,3.1463,1
359113,254178,744101,11.7898,3.3904,1
359464,254435,255496,26.8597,5.985,1
359989,254806,255512,9.8995,5.6317,12
360040,224949,254842,28.5895,3.9921,1
360050,67259,254849,61.627,5.9009,2
360982,248977,255496,135.4064,6.7371,1
361009,255512,272463,188.5153,6.3988,12
361021,255521,271018,108.4284,6.5372,1
361464,255834,257739,115.3216,4.2737,6
362054,252679,256229,123.7858,12.4574,1
363157,257007,265003,93.1987,4.7541,2
363291,250597,257103,82.9015,4.3284,1
364195,97234,257739,120.4577,4.2737,6
364253,161727,257777,709.5499,5.5616,1
364254,257777,264255,58.4734,6.3627,1
364269,257787,726627,333.2882,4.9936,6
364402,205451,257884,36.1893,2.9142,1
364670,258061,288700,48.6832,4.0503,6
364671,258061,642252,489.8429,4.4707,6
365602,257884,258731,26.0981,2.1213,1
366339,259243,368077,92.7901,9.9191,1
367329,259970,285198,9.5764,4.0306,1
367568,260139,264529,12.0876,11.3773,1
368434,260745,756003,41.8688,4.1231,14
368435,260745,265215,87.9545,4.241,14
368492,260784,763733,35.3486,9.5301,5
369580,181032,261572,91.916,4.0306,2
369581,261572,332296,56.9756,4.2523,2
369898,74422,261805,117.4673,4.3509,1
369900,261805,388001,77.8909,3.5291,1
371177,262702,405099,90.1184,7.3852,6
372463,263608,272463,310.9051,5.7661,12
372464,263608,787656,151.1243,6.1237,12
373010,264001,780411,132.5431,4.7856,18
373011,264001,770527,41.7126,6.5372,18
373962,264650,322171,170.6055,8.8853,1
373963,264650,303676,73.1249,7.7568,1
374462,265003,767560,49.3919,4.2976,2
374572,193883,265067,58.3381,5.734,1
374680,257103,265140,60.2693,5.1736,1
374681,265140,350520,101.2546,3.7594,1
374791,265215,775007,51.0283,4.1795,14
375291,265588,270901,60.4594,3.217,1
376003,266075,770347,29.7352,5.4536,6
376024,266092,267252,21.6539,5.3229,1
377400,27231,267098,144.0313,12.6513,2
377401,267098,802906,23.7627,6.2721,2
377442,267131,279223,78.7782,6.8873,1
377500,267173,317943,20.7718,6.0778,1
377739,264255,267333,104.2807,7.2166,1
377741,267333,295937,228.1184,4.7863,1
378855,268091,298594,139.6724,9.6206,1
378857,268091,382529,37.5518,10.3877,1
379523,268580,801670,101.7495,4.9495,1
379565,268607,274041,249.0808,5.2787,2
379684,268696,431023,88.5827,3.2394,2
379685,268696,339242,88.3698,4.5708,2
381397,269891,276589,182.6937,5.2238,6
381602,270039,337867,58.4209,5.9495,1
382802,270889,403856,46.1411,4.89,2
382812,270899,331208,26.8542,15.8107,1
382813,270899,381209,21.0796,9.2016,1
382982,271018,525495,117.9936,8.7748,1
383970,271721,276221,47.0191,12.3231,1
384392,272009,278891,22.4054,2.2321,2
384397,272012,375592,5.5353,7.0707,1
384497,272084,405738,109.9121,5.365,1
384498,272084,399850,230.079,5.9977,1
384536,272108,383951,10.924,16.0261,2
384701,272217,277019,116.3651,16.4072,1
384702,272108,272217,84.7789,13.9949,1
385127,194489,272493,410.9102,13.2782,2
385276,272601,786847,78.8818,4.7408,6
386553,273507,509079,190.397,4.5708,4
386603,273550,606241,268.5937,9.0829,1
386605,273550,293742,210.8458,6.3985,1
386912,270901,273764,34.4754,3.0725,1
386913,273764,404287,6.8232,3.3166,1
387321,274041,465926,67.2923,3.8028,2
387325,274045,277185,88.0139,2.9142,1
387801,274391,330988,90.7946,3.3461,1
387803,274391,421352,15.5778,4.2426,1
387985,274527,408193,9.9499,4.1583,1
388182,274674,467772,54.0422,4.1621,1
388692,275037,820792,122.9046,4.8139,1
389312,266075,275464,61.327,5.2068,6
389313,275464,276589,25.6905,4.977,6
389603,274987,275669,52.032,3.1796,2
390264,268700,276126,48.2804,5.1881,32
390265,26219,276126,112.7638,4.8002,32
390267,276127,756858,171.4964,3.9921,8
390268,276127,783712,47.2186,4.3574,8
390409,276221,463540,30.8653,3.452,1
391393,276921,277185,50.5195,3.9637,1
391543,277019,434422,7.9303,20.7106,1
392767,6672,277887,115.5422,5.3852,6
393589,278472,606241,215.2317,10.4289,1
394096,278819,285706,35.1773,3.8708,1
394162,278867,294012,24.9622,4.8143,1
394163,278867,396613,89.439,3.1463,1
394197,278891,806214,3.6515,1.2071,2
395260,279639,774440,120.8015,3.9681,1
395262,279639,279785,43.9204,3.8944,1
395480,254842,279785,131.7999,3.5291,1
396634,28174,280613,22.0065,14.9418,1
397549,281267,506336,20.8763,6.5616,1
397863,43352,281486,66.188,5.9329,1
397904,281515,467772,39.6947,5.1197,1
398674,282049,530236,104.9289,3.3708,1
398675,282049,461697,34.4453,3.7913,1
399507,282635,283214,34.0327,3.8643,1
399677,15654,282760,93.8794,4.7361,6
399678,6672,282760,27.6345,5.1926,6
400275,283177,283185,42.2019,9.0687,1
400277,264529,283177,3.5901,12.5814,1
400289,164936,283185,96.6488,6.3901,1
400331,283214,486288,12.4454,4.5616,1
400371,283240,420566,162.3563,7.0811,6
401014,283673,287452,28.6705,7.1734,1
401147,283755,405750,77.2197,5.3218,1
401149,283755,395871,19.0058,6.3546,1
401902,182557,284286,108.9082,7.1665,1
401903,284286,293541,92.8493,9.1891,1
402168,4029,284465,154.5833,5.5495,6
402169,284465,822530,21.6766,4.8408,6
403271,285216,286282,88.7356,4.4954,6
403272,15654,285216,24.7117,4.9286,6
403330,285254,289419,152.7514,6.2723,1
403331,285254,285506,3.6056,7.5148,1
403668,43352,285506,161.2713,7.0809,1
404568,286134,329601,149.3516,4.999,40
404569,286134,286673,18.4662,5.1881,32
404773,18296,286282,55.2107,3.9241,6
405109,286517,287100,12.6886,6.6623,32
405314,286517,286673,87.6242,5.9009,32
405915,26219,287100,68.3569,5.5616,32
406392,287452,289561,18.7646,8.6313,1
406850,287795,289419,146.2088,8.7014,1
406897,287820,616786,230.288,8.3647,1
407847,288473,299517,80.3552,5.4218,1
409391,289561,572038,29.9054,7.3301,1
410442,290282,565667,68.4828,8.8559,1
410540,290350,303676,29.6311,6.5182,1
410541,265067,290350,12.8712,6.0092,1
410629,290415,550312,55.5548,14.1774,1
410630,290282,290415,6.733,14.1949,1
410928,290625,291182,27.2606,3.7161,1
413285,258731,292275,35.8639,2.1213,1
415322,293742,616450,174.3948,4.6094,1
415823,294090,806414,10.007,5.1029,1
415824,4903,294090,29.4562,3.1796,1
417021,294966,295055,7.5203,3.9858,1
417129,295055,572038,6.4464,6.2787,1
417130,295055,296569,8.9505,7.3098,2
418400,288473,295937,211.627,4.7431,1
419310,296569,299433,23.3643,6.0927,2
420238,265588,297235,80.8799,3.6736,1
420239,297235,298711,5.9161,3.9324,1
421295,297997,636778,31.4983,20.6458,1
421296,297997,297998,11.2424,16.4896,1
422326,298711,324113,19.6723,5.0196,1
423323,299433,624344,23.9003,4.89,2
423446,299517,302424,28.026,4.729,1
424060,299948,805668,161.8971,3.8378,1
426995,299948,302006,24.6824,4.3008,1
426996,302006,447977,81.7245,4.3574,1
427176,302137,470405,69.735,13.2428,1
427566,302409,560829,72.4293,3.6056,1
427567,302409,303634,15.096,3.217,1
427590,302424,555336,108.243,5.381,1
428270,302898,303634,195.9331,4.2865,1
429750,303955,402995,7.7863,7.7457,1
430800,304707,345119,91.5533,6.1202,1
433256,303955,306427,30.5213,13.4183,1
438146,304077,309871,216.0694,4.4203,6
438148,309871,654017,19.2094,5.6125,6
438208,306427,309917,9.6457,18.8539,1
438209,309917,406363,10.4881,20.8624,1
440433,311101,311466,18.6815,4.2976,6
441184,311971,322171,41.9285,7.2882,1
441925,303141,312489,75.5248,7.4051,40
442845,313139,353711,204.6151,6.8416,1
443537,270889,313637,91.0293,4.89,2
443571,313661,708744,10.9036,3.1796,6
443572,313661,318275,33.2866,3.618,6
448075,232035,316754,43.382,3.3028,1
448076,316754,349101,78.962,3.6736,1
448958,313139,317357,42.0,7.6174,1
449792,311971,317943,15.0997,6.1203,1
451067,34186,318838,137.0568,5.715,6
451068,318275,318838,12.6886,4.6795,6
452158,442,319588,26.1831,5.365,40
452837,320053,403705,32.4568,20.6608,1
454971,321547,413969,116.1857,3.6945,1
454972,321547,404544,24.2822,4.0532,1
455007,321571,329912,10.3994,12.3996,1
458079,15215,323715,36.0956,5.8661,1
458659,211446,324113,195.9107,9.9222,1
459178,324495,324858,54.7043,5.521,1
459679,14661,324858,9.3927,7.1296,1
460546,15215,325454,48.7739,4.3523,1
462032,326499,337606,86.9106,6.3541,1
463362,317357,327436,128.6701,8.9159,1
463831,14576,327764,80.8015,5.1515,1
463937,327836,330670,173.0061,12.2082,1
464020,16235,327897,39.4884,10.1446,1
464951,20810,328540,204.0504,11.2616,1
466128,326499,329394,31.4166,6.5557,1
466429,303141,329601,251.0894,6.0495,40
467705,330498,391476,70.2927,5.5495,1
467939,330670,335204,189.5073,10.7721,1
468405,292275,330988,66.9701,2.639,1
470224,274987,332296,69.689,3.8643,2
472291,21669,333747,56.2346,5.1926,1
472730,267252,334065,18.1353,5.3229,1
472731,334065,402852,53.8516,6.03,1
474336,19803,335204,146.731,10.1522,1
474391,335243,342330,55.4707,6.6177,40
474555,331208,335367,36.6197,13.4849,1
478115,267173,337867,108.3969,5.365,1
478638,20896,338211,7.7244,3.9241,1
481050,98497,339889,59.7876,6.5927,6
481051,68687,339889,4.8648,6.7371,6
481405,340132,354409,64.4714,4.6708,1
485808,327436,343239,235.4167,8.0355,1
485920,25155,343320,19.2693,5.979,1
486222,343529,425879,82.6095,7.1647,6
488524,345119,361610,57.5355,6.2633,1
489877,27495,346072,33.5692,3.5937,1
493066,36849,348337,19.972,2.3428,1
494097,349101,533001,171.6217,9.8864,1
496110,276921,350520,150.9411,3.9637,1
497375,28670,351419,71.6938,3.5291,1
498157,351939,408303,52.3413,5.4376,40
498158,351939,423036,43.042,4.0388,40
498954,352513,642252,43.5086,3.7055,2
499623,352984,355292,3.1623,2.2361,1
500636,293541,353711,57.3236,8.1122,1
501264,25089,354145,118.1435,8.1478,1
501265,354145,370944,132.0002,10.0288,1
501650,354409,420665,166.2775,5.7614,1
502907,4903,355292,22.3159,2.2361,1
503308,25155,355578,98.201,6.3787,1
503309,38818,355578,122.3938,6.3326,1
504255,29138,356226,50.8298,7.0711,1
504256,33143,356226,46.1916,6.8896,1
505666,34661,357228,36.2016,22.4708,1
509364,33143,359819,20.0832,7.2592,1
509400,34080,359846,14.7045,3.3708,1
509639,32252,360010,51.8525,3.9921,1
510554,360663,370627,286.7416,11.3605,1
511834,360663,361550,13.5647,4.7408,1
511835,36301,361550,68.1787,4.0306,1
512586,362083,368331,123.862,4.7775,1
512587,36276,362083,27.929,4.2564,1
512985,32801,362376,160.548,7.5822,1
512986,34158,362376,80.3534,6.2838,1
513734,37636,362897,29.8049,21.5397,1
515198,363973,369358,155.8978,4.1231,1
515689,35170,364318,77.7667,7.2663,1
516154,364652,370932,73.3704,3.5937,1
516155,364652,364654,6.377,2.9142,1
517163,270039,365368,14.8885,7.1056,1
519554,367072,367403,38.2139,7.4461,1
519809,11639,367257,773.8717,9.3665,2
520026,367403,373722,119.7712,7.2456,1
520392,39973,367676,71.6659,3.2863,1
520625,37497,367832,33.6997,3.7055,1
520978,368077,403429,92.3959,6.6978,1
521339,43504,368331,111.6692,4.872,1
522154,39135,368903,58.2342,4.885,1
522693,39497,369274,49.339,5.5777,1
522814,367677,369358,27.4348,3.1796,1
522955,41103,369447,40.9458,4.872,2
522995,367676,369484,21.0687,3.1796,1
523882,370102,397715,227.9364,3.9822,40
525471,57950,371195,444.475,6.3541,3
526360,345400,371834,111.5922,4.2523,1
526362,371834,395142,32.2645,3.6056,1
526873,372188,380813,128.8846,5.1926,1
526876,40440,372189,51.5679,3.6736,1
528889,42155,373593,77.1269,2.9889,1
529066,369274,373722,105.0273,7.415,1
530142,373593,374508,27.1539,2.9208,1
531474,367832,375435,92.1894,5.1636,1
531475,370932,375435,37.1244,5.0517,1
531717,274527,375592,44.1324,5.229,1
532994,50391,376512,113.9049,7.4407,1
534255,374508,377432,27.378,3.9822,1
538453,46649,380421,43.6883,2.618,1
539017,380421,380813,57.8182,4.0,1
539459,381133,383551,213.3814,10.1428,3
539568,272012,381209,16.6024,6.7016,1
540390,46758,381782,43.7188,4.3028,1
541190,280613,382344,68.6394,19.1442,1
541196,382344,698318,40.7538,22.0344,1
541466,382529,408193,22.8254,5.8166,1
541733,46499,382717,45.2204,5.2639,1
542931,383551,387402,36.4623,13.737,3
543213,49836,383752,89.9012,5.6803,1
543214,383752,386051,19.1775,4.0981,1
543509,272493,383951,10.419,15.994,2
546430,50157,386051,82.6599,4.1926,1
546649,51047,386199,30.9166,5.0124,1
546728,48803,386251,6.2093,14.1242,1
548039,387206,389472,30.0476,4.3196,2
548041,387206,395449,69.5157,24.5147,1
549175,67076,388001,87.9482,5.4064,1
550566,381782,389000,108.0869,4.2321,1
551271,389475,394845,38.7752,17.7402,1
553207,377432,390827,88.3434,4.0503,1
554114,391476,413409,26.0725,3.9637,1
557331,271721,393635,25.7124,20.3138,1
557332,273640,393635,3.266,20.1693,1
557962,394114,404775,72.3855,6.443,1
558812,394709,394845,26.1908,9.7204,1
560457,395871,396293,3.7417,7.68,1
561051,396293,399850,78.4219,6.8571,1
561179,50441,396381,104.2913,8.665,3
561268,278819,396444,53.2718,3.4142,1
561269,396444,396613,4.3589,2.8284,1
561834,53079,396788,37.0506,5.4967,1
562008,389472,396917,119.418,23.5122,2
562012,396917,397643,90.0801,27.7794,1
563208,53394,397643,122.45,6.8852,1
565853,396788,399498,64.0943,6.5081,1
568023,55004,401003,154.0278,5.2249,1
568024,401003,420939,450.0364,6.9596,1
569355,294012,401967,9.1652,5.9545,1
569657,53976,402184,49.393,4.4707,1
569911,401967,402361,4.4721,5.7878,1
570109,399498,402510,33.8378,5.1515,1
570110,402510,403704,7.5498,4.7182,2
570593,402852,442780,31.4006,5.7439,1
570682,273640,402917,14.2712,19.377,1
570683,402917,421701,19.9499,16.8794,1
570786,402361,402995,5.831,6.7561,1
570987,61131,403136,12.1033,6.1847,1
571390,72038,403429,36.8194,5.9907,1
571639,403603,406779,178.697,23.3348,3
571694,403603,410779,140.214,15.8705,1
571802,403603,420939,81.4834,18.2513,1
571847,70225,403603,86.2415,15.1458,1
571850,403603,421908,54.752,25.5086,1
571935,403603,437001,144.5504,20.3026,8
572078,65534,403704,91.855,2.6688,3
572079,403705,757204,67.2582,18.6547,1
572305,275669,403856,26.7769,3.1796,2
572925,274674,404287,6.9442,3.5291,1
573232,403704,404518,6.8961,3.217,1
573233,62098,404518,30.122,3.4758,1
573266,404544,410208,61.6847,3.2863,1
573360,403136,404616,9.9437,2.5616,1
574008,343529,405099,50.7477,8.5033,6
574248,396917,405268,96.8306,24.1263,3
574252,61838,405268,6.6856,2.2321,3
574932,405738,411145,75.6968,4.6289,1
574945,405750,406857,21.4009,4.3723,1
575805,406363,407179,9.1652,20.4939,1
576492,330498,406857,103.2657,4.5,1
576513,406779,406878,18.3734,10.1033,3
576939,321571,407179,5.7166,17.2487,1
577680,403603,407688,128.6392,15.8705,1
578568,397715,408303,92.0054,5.381,40
581298,345400,410208,43.328,4.511,1
581612,74379,410431,141.2409,6.5557,1
582118,402184,410779,62.9444,3.516,1
582642,340132,411145,41.1245,4.729,1
582783,65687,411248,51.1523,3.6213,1
585334,61342,413054,59.2732,11.9276,1
585868,413409,430173,95.8436,3.0725,1
586658,285706,413969,164.4486,2.7369,1
587057,67779,414244,42.4068,7.1756,3
587575,414604,431023,38.0657,2.9889,2
588798,27231,415455,54.5132,16.5898,2
588799,108936,415455,43.3051,16.0468,2
595642,420300,506085,103.5133,3.9155,1
595644,274045,420300,62.3663,2.5,1
596023,304077,420566,17.9784,6.6726,6
596164,394114,420665,36.1017,7.2108,1
597116,421352,461697,32.6497,4.4126,1
597594,66725,421674,79.3347,9.5954,1
597595,71832,421674,21.0238,14.244,1
597630,405569,421701,30.1496,8.3102,1
597916,72800,421908,17.5165,20.3628,1
599347,422933,423262,8.3703,6.1127,1
599489,423036,443131,58.9887,5.3383,40
599904,65304,423262,179.2215,3.9475,1
599915,70403,423270,183.6355,5.2404,1
599916,70266,423270,39.7618,6.2404,1
601638,424474,431223,139.4453,6.2838,1
602984,422933,425438,45.8579,5.3723,1
603595,425879,436049,57.7668,6.0467,6
604566,417203,426569,62.7237,11.6853,1
604567,426569,429975,28.9636,5.6213,1
605192,74217,427005,23.3,7.6325,1
608242,404775,429045,42.595,6.0738,1
608243,429045,455859,43.1239,5.2631,1
608366,27756,429133,78.3246,5.7748,1
609821,424474,430173,117.8898,4.8599,1
611293,431223,436417,103.0776,7.1133,1
611936,431672,432122,25.6929,5.5468,1
612582,429975,432122,30.8545,4.4665,1
612989,80382,432345,41.604,2.3428,4
613944,82582,433013,117.2656,7.6787,1
615250,299948,433864,256.8294,4.5247,2
615251,339242,433864,117.4521,4.7947,2
616038,278472,434422,38.5746,16.3618,1
616593,434828,455859,15.4272,4.511,1
616594,434828,437084,44.1135,3.8637,1
617516,62962,435472,406.3832,8.4243,3
619716,82058,437001,11.7992,10.4003,8
619843,437084,437627,52.2398,4.3723,1
620385,437469,437627,23.0434,8.057,1
620669,437654,454572,248.4952,6.562,1
620670,436417,437654,34.7275,8.0932,1
620761,86570,437722,130.7899,7.8256,1
623232,439422,443131,75.8112,5.4064,40
623309,428367,439469,63.8421,21.0428,9
623317,426569,439475,107.9069,7.5927,2
623631,395142,439693,111.466,3.3028,1
623632,439693,440114,115.8587,18.5953,1
623719,82107,439751,30.3315,8.4186,3
623993,431675,439937,164.2458,6.0766,1
624390,440114,451124,125.814,23.0953,25
624844,439422,440394,22.0,5.2249,40
627596,435472,442301,127.8928,8.1542,3
628266,442780,726254,206.4776,6.451,1
629047,443336,443512,3.1623,8.0617,1
629218,89101,443454,66.7807,8.0711,1
629299,443512,443851,4.6442,9.7726,1
629784,84429,443851,84.6952,8.9207,1
632254,90032,445600,63.554,17.5228,1
632486,445766,532246,78.177,5.1926,28
632487,445766,563462,83.8014,4.9495,28
633493,446470,452359,87.4586,6.5897,1
633602,443336,446541,36.1186,5.6742,1
633603,446541,451590,57.361,6.9749,1
635061,88293,447572,5.9161,3.0455,1
635111,442301,447609,87.7015,8.447,3
635497,447881,569765,33.4149,4.0503,1
636229,448382,450550,66.7938,4.6158,2
637259,436049,449099,94.5992,10.5305,6
638473,449955,526737,42.9328,14.6732,6
639003,439937,450321,188.4251,6.5332,1
639004,90702,450321,13.2874,5.1926,1
639021,89980,450334,8.2462,6.7016,1
639084,437469,450382,110.4446,10.2468,1
639085,449955,450382,201.1119,11.7432,6
639746,97384,450845,25.7553,2.5099,1
639747,93901,450845,6.996,3.4611,1
639982,440394,451007,75.7232,7.4772,40
639983,450382,451008,7.0711,10.738,7
640139,451119,452359,80.3921,6.3668,1
640147,451124,524977,33.9687,21.2398,25
640150,451008,451125,7.6811,11.3129,7
640833,451590,455878,48.8507,6.8458,1
640872,91320,451614,42.4588,4.6751,3
642300,451007,452620,20.3224,9.485,40
642301,452620,452959,8.0623,11.0408,7
642524,452620,452775,38.4838,13.8766,47
642578,91019,452816,15.1658,11.3137,3
642770,451125,452959,121.396,11.4017,7
643761,95657,453659,60.7691,4.3203,3
645035,454572,502466,62.6711,8.9031,1
645569,454942,462694,77.3118,4.1069,1
645907,100937,455189,151.4199,7.7016,4
646404,90337,455567,41.688,3.9173,2
646405,96251,455567,81.6041,4.7541,2
647263,456184,458918,24.8552,11.0899,1
647265,456184,459904,38.8146,15.131,1
647697,456486,552078,4.8189,47.3937,25
649611,452775,457845,91.1811,27.2364,47
649739,92862,457940,45.5107,3.9324,1
650589,457247,458517,70.2646,3.8637,1
650590,99081,458517,109.6601,4.511,1
650663,457940,458561,73.5587,3.6427,1
650770,93905,458638,13.8804,10.34,3
651416,459053,460276,15.3119,9.1556,1
651987,102090,459450,87.7213,17.3108,1
652617,97757,459904,237.7277,9.0954,1
653153,458918,460276,40.0552,8.9551,1
654308,461096,565272,65.4896,3.6503,17
654309,461096,601277,105.9885,3.285,17
654696,460674,461367,89.0799,4.1231,1
654697,98209,461367,71.2741,4.8002,1
654810,459450,461462,22.7024,21.9119,1
655356,95824,461832,22.0731,7.5311,2
656559,462694,464706,46.1411,4.7863,1
657686,458561,463476,91.5059,3.2394,1
657688,463476,465536,27.4287,4.2564,1
657964,463666,465578,92.9785,4.885,1
658864,102593,464302,118.3117,5.1029,3
659095,90032,464464,172.5936,10.477,1
659096,98474,464464,4.0277,5.521,1
659242,94656,464563,74.4304,4.458,1
659244,464563,473656,95.0839,4.7608,1
659294,97913,464604,16.6633,3.0811,1
659435,464706,465873,9.8178,5.0949,1
659728,463540,464903,7.3485,3.2394,1
659729,282635,464903,21.9317,3.4611,1
660068,465139,584289,64.4386,4.4707,16
660069,465139,603268,118.1948,4.3528,16
660486,98586,465446,26.3507,6.6115,1
660620,102676,465536,63.6492,4.2564,1
660677,465578,473994,64.195,5.3183,1
661194,465926,494212,21.5639,3.5348,2
661393,98474,466067,15.1539,5.1926,1
661394,102641,466067,42.1099,4.9495,1
661841,466386,587121,46.1591,2.9954,12
661857,466396,584289,3.9158,4.241,16
661858,466396,589109,22.9903,4.6596,16
662749,101042,467026,130.6624,3.285,1
663049,467234,470436,57.8753,5.8036,2
663477,467533,504294,333.6937,12.2782,1
663478,467533,475770,76.6094,11.3137,1
664177,100176,468033,33.7738,7.3817,2
665891,469216,599003,104.7903,2.9208,12
665892,469216,622382,145.5526,4.0761,12
666463,469644,476010,146.1677,3.9115,16
666697,469813,595581,31.6696,3.3708,5
667572,470405,757204,23.8371,15.5657,1
667614,470436,473794,87.1863,5.0476,2
667767,465446,470530,71.3507,5.4762,1
667768,103901,470530,33.4465,2.2802,1
667813,470560,608129,99.368,4.0616,12
667814,470560,646931,263.2078,4.511,12
669090,99094,471459,99.8649,4.5616,1
669104,458638,471468,104.7866,9.2202,3
669106,471468,478783,77.2025,6.4546,3
669425,102593,471690,41.7532,4.3528,3
669426,103678,471690,13.1022,4.3528,3
669960,472069,490271,96.3846,4.4203,1
670642,107243,472560,53.4772,2.7247,1
671519,471459,473192,36.3899,4.7913,1
671763,473363,484154,154.6268,2.9954,1
672037,473561,483717,117.9628,6.4803,1
672169,472560,473656,44.4697,3.0275,1
672361,473794,480108,73.9226,5.4704,2
672643,473994,488547,15.5563,5.5148,1
674513,475310,479420,55.9375,4.4707,12
675211,475770,633581,107.9745,8.2525,1
675553,476010,478972,26.9258,5.1375,16
675648,283673,476078,32.4448,3.9903,1
675911,473363,476259,51.7021,3.2394,1
675913,107963,476259,60.208,3.0725,1
676973,477026,480980,60.6407,7.9741,1
677681,476078,477513,31.3369,4.3196,1
677695,477043,477529,17.8466,6.2106,9
679491,108535,478783,23.1661,5.2421,3
679551,478824,493325,181.2676,5.3403,1
679552,478824,481025,26.6062,4.9338,1
679771,478972,487014,120.756,5.6506,16
680417,468033,479419,245.7356,6.0895,1
680419,479420,622382,65.9411,5.1375,12
681168,254849,479952,110.3595,6.8023,1
681597,107963,480250,24.59,2.9954,1
681798,480393,481251,17.4929,6.8522,1
681799,480393,620851,28.225,12.4096,1
682660,480980,487246,77.2029,3.285,1
682725,481025,491310,98.1869,5.9137,1
682921,481161,482216,40.6694,3.4611,2
682922,481161,493462,113.3975,3.6056,2
682931,477026,481167,47.0735,9.8782,1
683049,481251,633639,50.9526,10.099,1
683444,108614,481524,12.06,7.7449,5
683445,481524,488443,95.649,6.6296,5
684131,482003,619020,52.294,3.4093,16
684448,482216,483424,68.2715,3.3904,2
686570,483709,490050,83.0385,4.899,2
687173,479419,484154,62.9109,3.8637,1
687380,108535,484301,52.0737,4.8139,3
687381,484301,484383,6.6081,4.4126,3
687485,484373,675650,185.0604,2.2361,5
687755,484561,490504,92.6961,6.7082,5
687892,481990,484660,18.412,3.118,17
687893,484660,653732,219.3528,2.2361,17
689164,110256,485563,10.3923,5.5136,1
689591,485869,634729,8.2395,2.618,1
690185,281515,486288,12.741,5.3284,1
690455,111185,486482,5.4772,5.1926,1
691208,487014,490945,89.95,5.4312,16
691298,487078,487246,65.7263,3.4758,1
693121,110466,488390,45.6575,9.8648,3
693345,123907,488547,75.4645,5.7282,1
693553,488700,489485,19.2873,4.9497,12
693554,488700,488971,12.0416,3.5355,12
693585,107125,488721,98.6892,9.8742,1
693803,481167,488868,84.4895,7.2749,1
693835,473192,488889,133.944,5.2913,1
693836,488889,507170,215.8726,8.315,1
693853,112743,488900,23.3952,3.9324,1
693947,488971,660425,176.9093,2.5322,12
694658,489485,646931,66.6408,5.2779,12
695160,483717,489848,141.5643,6.151,1
695161,115174,489848,87.0153,3.3723,1
695451,490050,498573,109.7882,4.999,2
695481,105395,490070,143.8178,4.7194,1
695525,488868,490102,14.8361,6.8541,1
696120,490504,495360,68.9534,6.5945,5
696743,490945,494699,100.3095,5.6967,16
697105,114305,491207,5.244,14.4568,1
697265,491310,497228,61.8277,6.9465,1
698493,488443,492179,131.2062,5.6506,5
698494,492179,495360,52.6435,6.1984,5
699045,490271,492557,11.1803,6.3901,1
699046,492557,493215,35.0571,6.3406,1
699084,487509,492585,59.5021,4.977,1
699086,492585,495312,37.674,4.3297,1
699992,493209,633639,25.9161,10.4224,1
700001,493215,649863,57.8314,5.0981,1
700159,492184,493325,13.4726,6.7428,1
700273,490102,493399,40.9186,6.3541,1
700362,493462,494536,9.6437,4.2523,2
701853,494536,660613,58.7055,4.899,2
702011,485010,494643,78.2425,4.3528,3
702012,494643,498767,52.1898,5.5317,3
702657,495121,496004,13.9284,2.5322,2
702914,114978,495312,49.0136,3.7594,1
703226,124786,495538,188.8147,5.3852,1
703908,488390,495998,109.1429,7.9957,3
703917,496004,649049,21.0528,4.5765,2
704065,123618,496105,55.8834,7.8534,3
705342,88408,497013,658.8614,6.1742,4
707186,495998,498284,26.9588,6.1071,3
707353,497228,498400,121.3029,7.9363,1
707889,120020,498767,71.4773,5.5856,3
710597,493399,500653,71.5588,6.7749,1
711769,115205,501496,157.7315,6.7404,1
712056,127130,501706,231.5822,5.1636,1
713567,500653,502785,23.949,7.7119,1
714999,118876,503786,104.5241,7.3434,10
715720,502466,504294,10.1187,10.9031,1
716358,504725,528080,22.6274,7.9565,1
718285,506085,524891,84.3564,4.4155,1
718635,506336,545038,4.9226,2.7687,1
719052,504526,506646,22.857,6.7546,1
719293,506819,511231,43.359,2.4472,12
719790,122821,507170,17.9444,10.315,10
720549,507689,669214,756.0116,8.4503,2
722546,509079,554368,121.1693,5.1421,4
722923,144290,509343,45.9335,6.7016,3
722993,495121,509394,70.5833,3.4093,2
722994,509394,673024,6.6081,6.2283,2
723302,509615,512774,128.9388,5.0794,1
725595,511231,513960,40.5709,4.2737,12
725829,123612,511398,27.8189,5.7661,1
726110,511605,675480,49.3361,6.8541,2
727170,512354,518210,124.29,7.8229,14
727448,512354,512556,35.3977,8.0826,2
727741,501496,512774,198.6401,6.458,1
727974,512936,677512,4.7258,4.6213,2
727975,512936,516904,68.7605,4.2426,2
729408,513960,525583,174.1867,4.8139,12
729414,498284,513964,187.2117,6.8904,3
729415,513964,519297,40.9715,6.6115,3
729536,514058,514227,9.1104,4.4246,2
729782,514227,686270,43.12,7.8646,2
732843,506646,516401,79.2486,5.6926,1
733056,516550,542779,149.9467,7.9671,3
733057,515125,516550,21.1187,10.327,3
733565,516904,682029,100.6341,4.8139,2
734089,516401,517268,7.6667,5.4495,1
735125,517990,680065,103.7885,11.2613,2
735445,518210,537569,448.3514,6.1984,4
735446,518210,533921,178.4152,5.0431,10
736395,518883,685610,4.961,28.7006,1
737439,519604,525202,97.7724,4.8341,1
738642,520455,524784,12.0416,15.8062,1
739198,520842,696772,96.9811,25.127,2
741551,522514,523890,20.5426,9.6755,3
741552,161934,522514,82.7869,9.2447,3
742891,523461,677512,72.7393,3.9142,3
742892,523461,706253,224.8933,3.4758,3
742897,523464,685548,45.5887,3.5348,17
743336,523766,687046,111.1935,2.1213,1
743523,515125,523890,24.3516,11.4128,3
744605,134991,524654,46.0202,8.437,2
744778,524784,529059,58.2151,17.3894,1
744819,523766,524814,14.3527,2.4142,1
744920,524891,560829,53.4228,3.3028,1
745007,523464,524957,79.7371,3.9115,17
745008,524957,695806,10.1796,5.1375,17
745046,524977,550659,46.6743,32.6323,25
745601,161934,525367,30.293,8.654,1
745779,287820,525495,20.0305,8.6309,1
747543,449099,526737,15.5849,15.2541,6
747797,526928,529680,26.6458,24.7575,1
748507,527426,572989,102.2736,4.2865,28
748530,527443,697125,21.8098,2.618,1
749250,138934,527953,82.0427,5.7016,3
749732,528305,528909,10.6301,25.3367,2
750055,139318,528524,69.3433,7.5074,4
750593,528909,700030,13.2035,24.7281,2
750819,529059,533001,35.5106,16.545,1
751693,529680,530833,9.8489,22.1467,1
752141,529993,713755,85.3776,2.8831,1
752499,291182,530236,92.7901,2.9889,1
752946,530549,695806,30.3912,4.0761,17
752999,527426,530584,61.9399,3.217,28
753346,530833,531652,13.9284,18.4903,1
754151,531429,533596,17.7482,24.8954,2
754152,531429,531430,7.0711,28.1683,2
754463,531652,699177,91.0759,24.7119,1
755166,532151,545424,110.4943,9.2202,2
755290,530584,532246,9.4986,4.4954,28
756342,135365,532974,68.6319,7.3761,2
756343,532974,551497,162.4422,7.5822,2
756634,132883,533178,123.0226,7.1585,11
756740,527443,533255,41.8927,3.3541,1
757208,533596,704433,10.5548,19.2185,2
757468,533791,705338,28.8386,14.6586,2
757645,533921,537135,23.4307,4.8028,10
759453,530549,535198,62.498,3.2394,17
760501,137986,535937,28.0119,9.9137,3
760863,536190,541426,74.686,4.0388,3
761497,536627,693515,173.5206,4.7608,12
761499,536627,541945,53.5257,3.8643,12
761776,533178,536814,99.4675,6.3284,11
762249,537135,554101,235.508,4.8708,10
762846,537569,544541,112.7874,4.3723,4
763429,535937,537978,61.5666,8.3012,3
763734,538187,553210,69.606,2.7763,1
764134,131985,538467,127.6767,5.4218,3
764155,140780,538482,5.9907,6.1236,1
764623,538806,540154,72.9589,4.8002,17
766545,535198,540154,80.6288,4.8599,17
767565,540867,541973,76.3937,3.3028,12
767566,540867,715980,29.6816,3.6056,12
768379,541426,715471,34.7067,5.3183,3
769096,541945,721966,54.867,5.4527,12
769207,542024,545124,16.6433,16.4164,2
769356,542131,710115,31.3475,8.2353,1
769554,141775,542270,22.1139,4.4203,3
769555,144474,542270,85.1742,6.0495,3
770292,154895,542779,84.3307,5.4051,3
771008,543281,545294,72.4086,2.5322,12
772137,544052,709263,78.6229,4.1829,1
772138,544052,711276,38.3362,4.2426,1
772797,544517,572392,234.4973,3.9921,1
772833,544541,546169,25.1595,3.217,4
773193,544804,549110,67.8307,3.5348,12
773204,544815,716301,83.8193,4.1926,12
773639,545124,712947,43.5397,17.9602,2
773874,545294,546197,6.1644,2.2802,12
773996,545385,546342,8.756,5.4704,1
774045,545424,551337,65.9924,9.4051,2
774204,537978,545537,104.8353,6.8723,3
774994,545025,546095,19.1427,3.9241,3
774995,545537,546095,23.6596,4.6751,3
775107,546169,546170,10.0,3.6736,4
775108,546170,546642,3.0,3.285,4
775133,546192,551636,125.004,4.1068,12
775138,546192,546197,86.3713,2.2802,12
775362,148972,546342,57.5123,4.9338,1
775533,142919,546470,37.1573,9.3272,3
777229,544002,547685,44.6843,5.7899,1
777230,547685,553911,70.1087,5.6899,1
778126,548322,722170,17.4165,3.3166,12
778358,548490,558658,106.4753,12.6173,1
778857,546642,548832,159.6841,3.9142,4
779245,549110,722170,29.2689,3.4611,12
780088,549696,699177,48.1541,34.1674,1
780089,549696,723835,8.6987,32.3417,1
780472,549988,724864,26.2869,4.0233,12
780723,550170,716640,86.1936,3.1463,12
780724,550170,729358,42.1149,3.2321,12
781432,456486,550659,21.924,40.5118,25
781450,550674,555077,31.3209,2.9954,2
782393,551337,563950,155.7626,7.3028,2
782551,551455,554010,128.5362,7.68,3
782615,158363,551497,150.3821,7.0583,2
783393,552078,557171,25.6528,46.6016,75
783513,147910,552150,22.7572,5.7748,6
783514,552150,560251,71.7364,5.9545,6
784261,144961,552681,144.2429,6.1926,11
784262,155326,552681,81.9003,6.5332,11
784560,143549,552879,67.1491,2.618,4
784659,552953,559139,32.4962,10.0225,17
785372,553451,553909,13.3417,21.0132,1
785990,553909,728142,8.6023,20.909,1
785993,149953,553911,3.7859,5.2779,1
786129,546470,554010,142.7581,8.4653,3
786270,554101,557503,123.5071,3.3708,10
786391,447977,554192,114.4577,4.0388,1
786392,447881,554192,154.0061,3.9822,1
786624,554368,694278,232.6134,6.5977,4
786661,549988,554395,76.1249,4.0233,12
786662,554395,557166,32.6956,3.5348,12
787242,554792,557895,30.0259,8.2653,3
787522,543006,555006,128.8022,6.7892,2
787523,555006,560106,72.3118,8.7931,2
787629,555077,557083,19.105,3.3839,2
788727,555842,727171,24.3721,11.7331,1
788728,555842,729650,38.6095,17.4436,1
788991,544804,556029,175.12,4.2321,12
789095,147910,556100,338.3256,4.8139,6
789237,556208,730849,18.6011,18.6882,2
790022,556767,557900,45.9033,7.8384,1
790441,557083,738207,48.6438,3.8028,2
790480,153206,557110,24.173,5.3284,3
790559,557166,740780,110.3827,4.6312,12
790565,457845,557171,6.866,41.0487,47
790566,557171,574767,31.0798,37.1932,28
790569,478684,557173,125.6512,4.241,16
790570,557173,572989,86.0284,4.9338,16
791043,557503,570476,113.1503,3.6795,10
791073,152980,557526,86.1233,6.8365,1
791574,557895,593243,373.5366,7.2715,3
791580,557526,557900,39.3475,7.7991,1
792655,558658,732394,14.4645,5.3852,1
792949,558864,572034,125.9524,14.7089,1
793350,559139,737414,39.8065,10.5779,17
793388,502785,559167,453.6839,9.0848,1
793389,559167,569247,64.5514,9.6478,1
793858,154961,559504,44.7052,3.6213,1
794500,559965,736865,52.747,8.9983,2
794665,560088,560420,85.1809,3.9637,1
794685,560106,591736,357.8729,6.7814,4
794686,560106,749270,190.2005,7.6833,2
794693,162168,560111,147.0533,4.8947,3
794776,560174,752576,100.4988,2.2802,2
794886,200003,560251,691.6537,4.9338,6
795941,560088,560999,9.1287,5.7511,1
797031,158350,561747,58.9774,7.6755,3
797149,561827,743670,105.019,6.8541,1
797376,166269,561987,174.8476,5.9713,3
797683,148869,562194,68.9436,5.7913,3
797684,561747,562194,49.5356,7.8589,3
800162,563950,741250,43.9318,4.7182,2
800947,155279,564500,94.4205,8.6409,1
801189,563751,564662,13.9284,7.4721,2
801190,564662,741634,15.6045,8.8596,2
801320,564756,572139,61.0551,5.0196,1
802022,440114,565272,190.1191,19.3314,19
802023,565272,616481,179.4414,3.7361,2
802339,565481,741443,8.4656,4.0941,4
802340,565481,742650,213.6048,4.3528,4
802603,290625,565667,22.4933,4.3301,1
804872,567280,741634,15.7639,5.6122,2
804873,567280,569377,14.0,2.2247,2
807321,156388,568987,56.8683,3.0,4
807889,569377,747353,21.8098,3.8284,2
808093,569516,569519,64.6375,8.6099,1
808097,569519,571708,44.9333,10.1518,16
809433,570476,745495,39.2669,3.9822,10
811129,571708,572148,19.5192,8.2434,16
811757,163847,572139,41.9603,5.5076,1
811769,572148,583144,159.0031,9.8639,16
811813,160526,572182,50.04,7.3079,3
811993,162053,572303,25.8421,3.2863,1
812023,572327,572906,47.1911,3.5811,4
812118,572392,573815,13.0384,4.1829,1
812559,166821,572706,71.1196,5.7878,15
812838,159066,572906,80.5481,4.8723,4
812950,572989,578631,13.5728,5.3218,12
813336,179678,573265,275.0503,4.7541,2
813735,573549,580946,42.9418,3.5811,1
813771,573575,748632,14.1421,3.4042,4
813772,573575,760584,73.8053,2.7247,4
813823,573609,748906,6.442,18.0017,4
814873,574367,738207,72.8392,4.2361,1
814874,574367,751729,29.1757,4.3574,1
815250,573609,574641,8.3666,13.5687,4
815435,563462,574767,113.2872,17.3155,28
815850,569509,575066,188.6517,7.1665,1
815852,575066,583830,51.6918,6.217,1
816209,494212,575305,90.7634,3.2321,2
816323,572182,575390,30.4193,8.744,3
816421,569247,575459,51.6077,8.6533,1
816836,575758,744228,164.6346,5.4379,1
816837,575758,754939,27.9861,4.5708,1
817871,576486,757327,36.344,5.0517,1
817969,576559,743670,72.8423,7.5311,1
818250,576764,751381,18.5346,10.9016,4
818251,576764,753620,3.9158,8.654,4
818677,577087,749270,25.0244,4.9142,2
818678,577087,759217,32.0191,7.9907,2
819384,577597,760737,76.5724,5.1515,7
819385,577597,779420,159.3379,5.6081,7
819704,570871,577821,46.2961,4.8452,4
819705,164930,577821,6.2716,5.7016,4
819767,577860,760213,62.1584,6.5822,7
820019,576763,578046,20.4695,8.1796,4
820020,578046,578489,10.4403,10.3048,4
820644,578489,751081,82.1542,18.5322,4
820834,466386,578631,71.4773,4.0306,12
821478,162168,579102,41.9603,5.8807,15
821869,579391,589947,68.1616,5.1636,4
823070,580249,586017,41.9285,4.6708,6
824050,580946,596006,106.1838,4.0616,1
824286,581111,760978,45.829,18.9195,1
824340,568987,581156,75.2957,5.0,4
825137,581721,763051,113.1386,10.0277,12
825138,581721,763056,113.399,8.6204,12
825427,574477,581931,71.5052,2.639,1
825428,581931,767670,57.7552,3.4758,1
825708,582131,593814,187.5592,4.4068,18
826008,582350,753142,46.3843,3.4641,1
826162,582466,584802,15.0672,4.7182,15
826393,582632,761152,8.9069,11.3788,2
826461,581156,582671,25.7962,5.9495,4
826910,582986,759860,5.2281,14.0775,1
827124,583144,772629,103.2793,14.8493,16
827476,582511,583384,9.1652,12.2881,1
828118,164930,583852,30.4686,6.0738,4
828119,583852,588781,57.0195,3.9903,4
828452,584088,771939,297.2416,4.5247,6
828507,582828,584126,31.209,7.8369,12
828508,584126,764704,193.4681,8.779,12
829449,572706,584802,227.0158,4.7182,15
830112,182093,585297,155.033,5.7002,3
830282,167715,585413,18.7439,4.7408,3
830283,585413,597470,126.1617,4.5708,3
830435,576559,585531,82.5288,8.5311,1
830552,440114,585612,165.4102,17.9613,5
830553,585612,587519,22.2061,1.5731,5
830951,585886,764122,22.8687,16.8851,1
830952,585886,587893,16.8226,13.7091,1
831143,586017,588383,19.6469,4.1829,6
831654,163847,586379,63.4849,5.465,1
831656,586379,593291,68.6642,5.4155,1
831730,575305,586425,23.7065,4.7016,2
831731,586425,751897,173.4474,5.8941,2
832509,586972,590567,26.3059,6.2901,2
832723,587121,599003,47.1825,3.217,12
833275,469813,587519,19.6893,2.5779,5
833283,587524,595570,440.6604,5.3301,3
833689,573815,587816,106.5692,3.9324,1
833690,587816,609019,272.0165,3.9921,1
833796,587893,764825,4.9666,14.5085,1
833826,297998,587910,21.7792,8.8654,1
833997,588035,756873,253.9529,17.1464,11
834216,588193,779004,129.6324,4.3203,1
834421,588348,590814,89.7274,3.285,1
834826,588637,590690,18.3848,2.5616,1
835044,588781,590464,19.2177,4.7923,4
835213,199497,588901,68.5703,6.2696,4
835501,469644,589109,37.5751,4.3301,16
836175,589597,750212,131.7542,5.0517,1
836346,173543,589720,20.377,3.7361,1
837395,590464,591557,37.7382,5.2554,4
837530,590567,592527,12.0416,10.2045,2
837691,590690,766846,23.3167,4.511,1
837726,582350,590717,42.638,3.3904,1
837727,590717,769842,16.5126,4.3509,1
837865,590814,593600,19.7484,3.9324,1
838841,591112,591512,128.0039,3.4758,7
838906,177170,591557,96.6517,4.3198,4
839175,591736,594207,18.0555,5.4704,4
839406,591897,596605,65.4599,5.9667,7
839720,174462,592117,46.9988,3.7025,3
840282,592519,596604,28.3901,4.2803,3
840491,591897,592691,55.1815,4.977,7
840744,592864,763056,138.6915,10.3176,12
841001,593053,768429,17.418,9.9098,3
841263,593243,611144,159.0087,6.5311,3
841715,593548,596492,47.9088,4.4155,3
841716,593548,595337,215.6924,4.4155,3
842047,593796,594355,39.064,3.3541,1
842071,177572,593814,74.0788,3.9324,18
842620,594207,780304,127.6297,6.7129,4
842735,594291,604997,51.1957,3.3028,1
842818,594355,595549,16.6733,3.2361,1
843256,594659,769349,32.596,3.7025,11
843757,582131,595020,127.4559,3.4632,18
843759,178577,595020,34.5591,3.4632,18
844303,175780,595415,30.1644,5.7748,1
844497,592212,595549,43.3244,5.5,1
844529,595570,597025,232.9769,8.5134,3
844546,595581,606137,45.5396,3.0811,5
844569,595597,772112,20.4268,8.109,1
844974,595870,595975,74.5423,4.4954,4
845121,175542,595975,71.1571,4.9651,4
845943,585531,596569,80.3368,7.0,1
845999,596605,772347,4.3589,8.321,7
846611,597025,615490,293.7189,9.031,3
846905,597226,771721,41.5772,3.8643,2
847204,173479,597451,34.093,2.3428,1
847205,179033,597451,18.8591,2.618,1
847939,597226,597981,6.9282,3.8643,2
848252,598205,607104,73.1369,5.9522,1
848676,472069,598515,6.9442,4.216,1
849196,594659,598887,35.3695,3.1623,11
849639,588901,599199,50.636,6.6571,4
849640,599199,611184,27.0924,7.2417,4
850425,599750,600781,33.2699,3.5616,18
850678,575390,599928,256.4454,8.5607,3
850679,181985,599928,47.7703,5.1875,3
851347,597981,600430,19.0263,3.8643,2
851349,600430,781252,37.833,4.0616,2
851673,593600,600661,67.9632,3.8643,1
851674,600661,604486,34.1321,4.3523,1
851842,600781,602387,64.5375,5.6323,18
851901,181258,600826,68.8271,4.1307,1
852526,481990,601277,104.9121,3.8708,17
854124,183313,602387,151.8331,6.6529,18
855344,482003,603268,152.5243,3.1796,16
855523,588383,603397,95.5301,4.511,6
855840,181410,603616,6.4031,4.7856,1
855841,184895,603616,31.4272,3.8172,1
856445,603397,604051,43.2897,4.4495,6
856710,604234,616859,120.5404,4.2737,2
857884,605075,774657,201.668,4.2865,4
857931,605106,607556,17.2337,2.8708,3
857960,604332,605124,27.5882,4.1583,1
858449,575459,605481,234.9802,9.4919,1
858580,600826,605578,71.9524,4.2816,1
858881,605795,610822,7.2801,14.0716,1
858978,605858,609244,35.6782,3.4632,1
859374,484373,606137,154.5937,2.6992,5
859943,606539,606733,31.1288,11.6593,3
860209,606733,780304,20.4776,9.1556,4
860210,606733,607806,11.9164,11.0814,7
860749,607104,676495,222.7285,6.373,1
861235,607458,782923,46.6786,5.2035,1
861367,606212,607556,23.1733,3.6736,3
861693,607806,786647,99.3886,11.2663,7
862110,475310,608129,54.9181,4.2913,12
862205,608200,609884,123.9019,4.458,4
862235,186758,608227,26.2488,4.511,3
862518,608413,619716,201.7551,5.2421,4
862661,608515,782713,150.6992,4.458,1
862788,174255,608604,240.8184,9.651,3
862789,185385,608604,6.0415,9.7095,3
863679,609244,609374,42.2912,5.1801,1
863841,604486,609364,76.87,3.6675,1
863842,609364,611622,36.0832,3.618,1
863854,605124,609373,33.4408,5.7203,1
863855,609373,609374,7.8868,8.124,1
864303,609700,610573,10.1249,6.1596,4
864341,609725,803309,131.8054,6.0467,4
864379,186724,609750,16.8984,5.9051,1
864894,610107,782934,4.714,9.7947,16
864895,610107,615875,30.0333,10.4769,1
865550,610573,614901,167.2613,5.9402,4
865789,192277,610738,54.0744,5.0822,1
865891,609582,610822,3.0,14.9663,1
866348,187553,611144,26.5895,4.7361,3
866408,208369,611184,88.7374,7.1401,4
867029,611622,615007,99.97,5.458,1
867422,611910,614334,51.697,5.6506,3
868397,612608,620760,181.3395,5.3866,1
870302,613960,615490,43.383,10.2791,3
870303,613960,620105,67.6123,10.0682,3
870821,189458,614334,24.0214,6.895,3
871020,198475,614470,110.5562,4.511,1
871549,605075,614846,189.0952,3.5355,4
871764,615007,623590,65.5591,4.958,1
871950,188960,615134,9.4458,10.6892,1
872214,615326,649388,280.4538,6.0402,18
873792,302137,616450,27.9643,9.7565,1
873837,483424,616481,39.5839,3.2321,2
873913,616536,786294,28.8469,10.901,1
874249,616786,640290,53.6843,7.255,1
874344,616859,621919,27.4408,5.521,2
874347,596006,616862,113.0177,4.1231,1
874348,616862,630811,99.1464,4.3528,1
877358,478684,619020,4.2817,4.4707,16
877421,616536,619070,36.4829,4.6536,1
877803,614470,619338,36.6742,3.4495,1
878014,619491,620671,11.1803,4.9723,6
878484,191683,619830,8.3865,12.4696,1
878740,620007,624128,41.1569,2.9208,1
878870,203950,620105,146.8173,8.4447,3
879470,189402,620527,37.1618,6.3326,2
879471,620527,627819,83.2835,8.5898,2
879703,609884,620695,73.5298,4.5392,4
879704,620695,628834,90.6729,4.1792,4
879799,620760,645342,223.763,4.8947,1
880712,621426,623384,12.5654,3.5616,1
881204,621787,622490,4.1231,3.0,1
881384,621919,802217,66.4003,6.0688,2
881678,622125,624505,62.8305,3.5355,1
881679,202733,622125,108.6058,4.2426,1
881784,622199,631323,59.4138,5.5649,4
882628,193027,622806,59.3813,6.1298,4
882630,622806,632289,101.3567,6.5927,4
883508,623423,798356,129.3531,3.4611,1
883729,623590,796049,69.4334,4.4495,1
883739,604997,623598,149.8599,4.2523,1
883819,619491,623655,42.3438,5.1939,6
883820,623655,809596,172.6477,4.5414,6
883839,623669,783463,89.4614,2.6992,4
884068,623845,627822,31.0134,2.6583,1
884465,194856,624128,20.232,2.2361,1
884774,559726,624344,244.0314,5.567,2
884998,196063,624507,56.1536,2.3428,1
886631,199265,625703,74.7895,9.2195,1
886632,195432,625705,6.1373,9.2447,1
886633,196726,625705,69.8164,8.0711,1
887704,194815,626468,29.8747,7.4725,1
888809,569765,627249,187.3206,9.3708,1
888810,605795,627249,28.3019,14.0384,1
889592,627819,640752,99.0027,8.8549,2
890813,628687,668408,58.1893,3.1463,4
891013,628834,633214,76.6065,4.8341,4
891068,628873,629240,12.1198,2.7247,1
891072,620851,628877,33.5281,13.2616,1
891074,628873,628877,14.5755,5.6122,1
891083,196726,628884,21.4476,7.3852,1
891084,197197,628884,6.3509,8.5863,1
891180,624507,628951,44.8714,3.2863,1
891532,623423,629219,38.6782,4.1078,1
891568,629240,630596,6.6175,2.618,1
892663,630022,788841,527.2458,5.4536,4
892664,630022,643335,223.808,5.6454,4
892675,197197,630031,20.4015,9.3249,1
893657,195961,630743,71.7124,2.9889,1
893760,630811,799725,9.8939,4.6365,1
894168,630596,631092,15.8548,2.9208,1
894170,485869,631092,10.7102,3.3028,1
894379,631250,805026,48.0278,3.9903,1
895233,622490,631842,59.3951,3.1583,1
895235,202463,631842,40.3237,2.6583,1
895565,629479,632063,27.5318,3.9903,1
895868,632289,640222,251.7541,5.381,4
897168,633214,636954,57.2835,4.2976,4
897359,633354,635194,13.7477,3.0956,1
897654,198862,633552,8.0416,1.866,1
897692,633577,799172,82.3522,3.5675,1
897693,633577,800044,36.4289,5.5317,1
897698,633581,670983,194.4475,11.159,1
900357,635504,798639,15.0499,2.5981,4
900448,635581,802388,15.2971,3.9496,1
901148,194069,636070,142.8538,5.4379,1
901973,633552,636663,83.0669,2.2802,1
902136,320053,636778,21.5767,22.8685,1
902396,200363,636953,138.1835,6.7237,1
902397,206272,636953,210.4614,4.7541,1
902398,636954,647665,84.1515,4.3528,4
903447,636663,637711,42.3215,3.4142,1
903752,631820,637924,31.9061,9.6478,11
905270,632836,639002,42.4971,4.9651,1
905271,639002,804155,49.0136,4.9651,1
905332,635194,639044,19.8242,3.285,1
905333,639044,806879,58.7707,2.1213,1
907104,640290,663174,21.6333,6.4026,1
907554,635504,640609,42.5558,3.1021,4
907689,640699,804155,32.8583,3.8643,1
907765,640752,652418,95.0312,8.1478,2
908015,640699,640937,51.3615,4.2976,1
909884,628687,642252,59.2115,4.0233,4
910622,642787,644886,99.8098,7.7889,6
911263,643220,798834,83.908,6.5465,1
911439,643331,666885,364.9878,6.2386,1
911445,640609,643335,98.6205,5.5902,4
911867,643631,804931,22.1359,15.4569,1
912021,637711,643745,86.8875,6.6368,1
912022,642286,643745,14.2906,8.8794,1
912780,640817,644282,17.0896,3.285,1
913630,644886,811212,41.4447,5.5975,6
914263,645342,647711,19.9958,6.0495,1
914415,645453,815155,35.0951,8.4255,1
914588,645576,809318,9.551,2.9954,1
914824,208963,645758,50.2494,8.6221,4
915735,643220,646400,45.793,6.2264,1
915755,646411,658725,110.3189,6.5164,1
916598,220855,646994,243.9932,6.2741,2
917542,647665,671142,416.2937,5.2068,4
917608,206007,647711,59.072,6.5414,1
917679,647762,650046,54.2766,4.4126,1
919212,648879,653732,93.2702,3.2975,17
919213,648879,668005,90.3771,5.4198,17
919251,648906,656377,109.4181,5.3779,1
919253,648906,652747,36.3125,4.6111,1
919445,493209,649049,26.1831,6.8023,1
919942,247259,649388,625.9618,5.7865,18
920368,649691,655010,53.2812,5.1083,3
920618,649049,649863,12.4298,5.7604,1
920872,650046,657805,86.6397,5.0794,1
920959,629169,650104,142.8892,5.8549,6
920960,650104,664535,171.2461,5.7604,6
923499,210388,651903,9.4163,3.4758,1
923682,202463,652037,86.6754,3.8284,1
923800,632836,652117,104.5275,3.9241,1
924204,217837,652418,66.6275,9.0903,2
924908,652917,809318,48.3172,4.1792,1
925042,653010,815569,10.7275,6.5465,6
925925,653638,665164,99.9244,4.3509,4
926453,654017,744204,35.3491,6.1911,6
927835,655010,677809,155.7252,4.4155,3
928066,655169,814071,42.6328,3.3132,1
928209,211738,655255,16.7133,2.118,1
929779,656377,657341,22.8668,5.3284,1
930853,657148,690273,291.4258,10.7399,1
931127,657341,658725,42.432,5.8541,1
931770,218030,657805,49.9967,5.6506,1
932205,655169,658112,19.1311,7.0471,1
932206,658112,669249,73.8241,10.29,1
933037,658705,818970,11.0659,10.1125,1
934439,659717,694278,95.2733,7.2218,4
934840,19998,659999,233.4888,4.7913,1
934925,655255,660054,52.6186,2.118,1
935159,213699,660217,20.1825,3.0275,1
935445,506819,660425,86.94,1.9841,12
935704,660613,680065,80.3724,9.3233,2
937549,661931,810620,102.0668,5.2016,4
937550,661931,667872,101.1978,5.0822,2
938217,652117,662416,57.6368,4.3008,1
938218,662416,678433,69.029,4.729,1
938293,660217,662472,40.6844,4.3028,1
940367,222094,663955,91.6745,3.6213,1
940368,219011,663955,15.6383,3.9495,1
941051,56372,664439,121.1419,10.0826,10
941052,637924,664439,144.1249,9.0826,11
941053,664439,821921,22.3433,5.0826,1
941198,664535,676911,97.4663,5.2907,6
941959,665090,807988,938.2848,7.713,4
942069,665164,666853,54.9019,5.1926,4
942280,216517,665304,41.501,3.0495,1
942281,665304,671354,30.0111,3.9637,1
943281,220459,666006,27.3922,6.1071,1
943633,666252,666918,53.4228,3.618,2
944475,662818,666843,29.0354,2.866,1
944476,218855,666843,7.0396,4.0616,1
944494,224706,666853,114.6691,4.8452,4
944518,352513,666869,9.6437,4.1068,2
944595,666918,677632,69.7209,4.3028,2
945200,667334,668978,7.1414,2.2321,1
945611,664222,667613,27.3516,5.8028,1
945774,667735,671671,244.569,6.1202,6
945986,8210,667872,10.4563,6.2838,2
946724,36679,668404,152.2778,5.1083,2
946726,668404,674946,53.591,6.011,2
946731,668408,807848,477.8347,3.4758,4
946967,494699,668579,132.0778,6.5288,16
946968,512354,668579,74.7566,8.1533,16
947878,669214,670827,86.8159,7.9939,2
948695,77523,669801,238.6245,5.8268,1
948703,669807,673579,25.6337,5.6583,1
948998,219665,670007,7.8951,4.5634,1
948999,224126,670008,59.5315,3.7594,1
949598,220203,670433,84.8882,5.6618,2
949783,216106,670554,39.6905,6.0981,1
949784,221563,670554,9.6609,7.0707,1
949855,670605,806284,257.6112,6.0738,2
949963,669807,670687,4.8534,7.9051,1
949964,670687,674144,19.2758,5.4051,1
950180,511605,670827,217.5942,7.6533,2
950406,670983,677556,30.1588,11.5655,1
950609,231130,671142,291.639,5.0949,4
951266,217980,671608,66.2364,3.5794,1
951363,222207,671671,51.517,6.0136,6
951418,670007,671711,12.2972,3.9173,1
951419,671711,688294,73.0365,2.7247,1
951434,665090,671721,153.0,8.4447,4
951435,671721,674884,142.8881,7.9155,4
951606,302898,671840,30.9952,5.5649,1
952903,514058,672771,57.4733,4.6901,2
953268,672771,673024,19.2277,6.895,2
953651,673294,674144,9.9944,2.9142,1
953652,673294,673774,4.6278,3.5355,1
954037,673579,682819,62.8673,14.1082,1
954301,673758,679629,13.4907,30.5095,2
955450,223283,674558,26.4227,2.2071,1
955904,34977,674884,61.5982,6.953,4
955999,22482,674946,46.2781,6.9765,2
956007,35245,674952,17.7826,4.0941,1
956027,666885,674964,113.3441,7.7426,1
956028,223160,674964,7.157,7.5967,1
956289,675151,767567,141.3786,3.3708,1
956385,224805,675217,129.3833,5.3033,3
956386,228913,675217,86.5941,4.6365,3
956499,25010,675283,101.3361,6.9765,2
956783,512556,675480,153.0633,6.8541,2
957080,507689,675693,90.6201,9.9248,2
958211,479952,676495,84.9699,7.415,1
958451,674778,676652,62.7136,3.8724,1
958828,676911,693343,135.38,5.6081,6
958918,661931,676975,174.8085,6.0311,2
959039,231184,677062,193.0924,9.0802,5
959040,677062,685737,44.4835,7.8385,1
959540,22482,677438,50.1465,6.2838,2
959637,675650,677512,11.4164,3.618,5
959793,52347,677632,123.3608,4.4954,2
960889,678433,700488,116.709,4.3523,1
961072,35246,678569,6.9687,6.3166,1
961073,49844,678569,88.4565,6.3541,1
961128,678609,685811,119.3105,6.7404,1
961129,678609,678610,51.1273,6.1558,1
962488,34977,679576,39.2003,6.7564,4
962571,250115,679629,38.1357,28.3753,2
962890,679852,682706,21.6333,7.5249,1
964535,526928,681016,35.4772,31.0571,1
965005,674952,681349,183.1639,4.1621,1
965069,56034,681392,79.9062,4.1829,1
965070,35346,681392,32.9343,4.2426,1
965281,668005,681552,64.846,5.3617,17
965282,681552,685548,19.9639,3.9241,17
965947,524954,682029,137.8066,5.1421,2
966905,682706,683978,165.4751,7.8972,1
967069,518883,682819,22.25,25.1974,1
967750,48006,683303,33.36,6.8522,2
968040,57567,683499,87.7908,6.7371,1
968054,683303,683510,30.282,7.8075,2
968728,683978,692480,76.4722,9.7461,1
968956,684142,686608,35.8758,7.493,8
968957,684142,684150,5.6984,10.3811,8
968967,231482,684150,111.1597,6.7525,9
969338,59594,684407,51.2582,6.1926,4
969339,679576,684407,120.0208,6.5822,4
969621,683510,684614,89.2244,7.1004,2
970722,14596,685407,109.0825,5.0378,2
970724,65638,685407,56.872,5.2175,2
971002,685610,687146,9.2045,32.4757,1
971284,685811,688722,67.6196,6.1926,1
971431,666869,685906,17.4356,5.1926,2
971630,232442,686049,51.2922,5.3779,1
971657,48006,686067,53.7701,6.5182,1
971658,686067,690099,50.05,6.7723,1
971943,686270,689069,29.5353,13.0936,2
973048,529993,687046,121.7443,1.9318,1
973169,681016,687146,36.2194,34.2569,1
973189,687158,687486,7.0396,21.6898,2
973656,520842,687486,8.3865,23.9999,2
974820,688294,689670,6.2716,3.0,1
975369,38785,688688,66.9094,4.8442,1
975371,68237,688688,33.4664,4.2523,1
975415,686049,688722,91.0698,5.521,1
975449,59698,688748,98.6672,9.2969,1
975451,688748,695033,49.5883,7.1004,1
975681,679852,688929,79.4796,6.8012,1
975683,75011,688929,48.6176,8.2063,1
975893,687158,689069,35.2609,17.6426,2
976088,158083,689208,319.9547,3.9496,2
976089,685906,689208,33.0757,4.7913,2
976315,71404,689356,61.6171,6.5701,3
977369,690099,696214,123.061,6.7723,1
977423,685737,690137,41.1569,5.3284,1
980729,109196,692480,124.5338,12.464,1
981456,56037,692967,111.85,4.4495,1
981997,693343,701386,48.6056,5.6081,6
982239,525583,693515,167.8366,5.0794,12
983161,694182,702304,66.5282,4.1231,1
983162,694182,694580,4.1231,4.241,1
983228,694226,703267,79.2149,5.521,1
983251,694240,705593,125.226,5.9402,2
983252,243674,694240,163.9095,5.8941,2
983736,83629,694580,77.1449,3.2975,1
985121,524954,695559,69.455,5.1881,2
985122,695559,724826,225.1486,4.9747,2
986063,696214,696475,7.6811,6.7371,1
986459,86804,696475,87.3117,6.0355,1
986868,528305,696772,26.8452,26.1342,2
987373,524814,697125,36.6333,2.5,1
987610,697288,710402,66.4756,6.9873,2
988575,85601,697978,35.8961,4.1829,6
989039,671840,698318,21.4009,10.1926,1
989182,698424,703973,53.4228,6.4078,1
989183,75011,698424,4.5826,7.4407,1
989274,238557,698488,107.4523,4.1231,1
990058,77207,699038,31.0143,4.899,1
990066,517990,699042,144.6859,9.7025,2
990067,532151,699042,19.485,10.6301,2
991004,72080,699679,38.313,7.5426,1
991517,700030,701885,11.3431,23.7876,2
991686,700148,707140,40.8262,4.3528,1
992624,700807,725086,197.3915,6.8093,5
992746,700890,738881,240.5847,4.899,1
992747,80899,700890,19.0351,4.1078,1
992866,699679,700968,9.3808,7.7776,1
992867,104178,700968,61.5977,8.8155,1
993441,235352,701386,12.3423,5.1926,6
993799,531430,701630,12.5698,24.6321,2
994108,73265,701857,49.9121,5.9313,1
994109,701857,703704,66.468,4.6365,1
994149,701630,701885,9.9219,22.7046,2
994468,82182,702109,7.5203,5.7007,1
994722,80899,702280,6.5064,3.2394,1
994738,105055,702290,74.5691,5.6213,2
994759,87448,702304,39.2842,5.3403,1
996173,97701,703267,48.0798,5.3284,1
996779,703704,704294,5.831,4.4068,1
996954,109473,703824,67.1143,3.6795,1
996955,682781,703824,183.7172,3.0,1
996957,235838,703826,11.9024,7.4161,3
997163,702280,703973,16.2481,4.4534,1
997725,704367,706077,29.5635,4.7408,1
997811,533791,704433,22.5256,17.3454,2
998509,534709,704910,34.2036,3.1463,1
998510,704910,731002,121.5771,5.4737,1
999106,705338,705867,4.0,11.8811,2
999475,240728,705593,161.4555,5.6541,2
999844,705867,707348,17.3237,9.834,2
1000159,87534,706077,127.6819,4.8894,1
1000405,536190,706253,13.6137,3.8643,3
1000824,675693,706546,532.9883,9.3771,2
1000825,527443,706546,95.9126,5.1801,2
1000879,85601,706588,37.1734,4.6111,6
1000880,706588,715110,55.1181,3.7743,1
1001302,706873,713382,82.8566,5.7446,9
1001460,99340,706984,562.58,7.3162,5
1001689,100145,707140,7.6376,4.3528,1
1001975,707348,710510,21.4674,7.3444,2
1002056,707399,720728,103.9615,2.9208,1
1002057,704294,707399,23.6854,3.8643,1
1003135,708191,721966,264.4782,7.0312,12
1003136,551636,708191,152.7107,6.3326,12
1003170,119761,708211,42.534,3.9324,1
1003919,311101,708744,66.685,4.1231,6
1004162,237012,708917,47.9884,5.1926,6
1004329,534709,709035,100.5861,2.5322,1
1004331,537787,709035,9.5685,2.2361,1
1004333,537787,709036,61.5957,2.9889,1
1004650,709263,709446,14.7611,3.1796,1
1004926,709036,709446,40.1345,2.9889,1
1005610,709939,711931,273.119,8.7903,5
1005611,706984,709939,53.3479,7.241,5
1005878,544517,710115,99.6126,6.201,1
1006295,710402,710403,3.6056,7.8102,2
1006447,542024,710510,17.7346,11.0881,2
1006471,710525,723708,231.6916,5.8941,10
1007361,361610,711140,70.9374,4.3509,1
1007362,555336,711140,31.3776,4.8599,1
1007539,533255,711276,65.7698,4.3574,1
1008856,135390,712187,220.2506,5.7661,1
1009594,712685,721588,61.6262,22.3852,2
1009596,549690,712685,37.223,15.7678,1
1009955,108874,712925,87.9937,6.9228,5
1009956,100738,712925,61.8915,6.5792,5
1009991,543006,712947,106.358,11.9391,2
1011135,713755,735849,109.6844,4.1078,1
1012444,543281,714660,104.9153,2.6992,12
1012592,714768,719513,61.4736,3.4142,1
1013070,715110,716054,28.3373,2.7247,1
1013095,715128,715980,77.9957,3.8643,12
1013096,715128,716301,47.364,4.7541,12
1013577,542131,715471,121.9954,6.9873,1
1013578,550674,715471,71.5185,4.4964,2
1014131,715859,726627,82.862,4.9936,6
1014408,124492,716054,50.0988,3.5616,1
1014751,548322,716297,104.2992,3.4611,12
1014752,541973,716297,31.9687,3.3028,12
1015157,538806,716601,139.5011,6.4774,17
1015158,552953,716601,153.5422,9.5394,17
1015198,57332,716629,40.9675,4.7947,1
1015213,714660,716640,121.6539,2.9954,12
1015849,717086,729110,77.1103,10.8814,1
1017347,544815,718111,5.6862,2.9142,12
1017348,718111,724864,73.6267,3.1463,12
1018665,248331,719020,107.1785,4.9839,1
1019345,132223,719513,36.6515,3.0725,1
1021434,105055,720984,56.8526,6.7016,2
1021435,720984,740601,111.5796,6.9432,2
1021753,720728,721203,20.0998,2.2361,1
1021754,127437,721203,27.2947,2.3428,1
1022314,721588,722045,17.6377,11.8733,2
1022591,548490,721784,13.7356,19.0076,1
1022963,722045,723004,44.2971,20.7045,2
1024351,723004,732394,90.8772,19.3659,1
1024352,723004,728264,27.1313,31.9131,3
1024575,130805,723154,45.6071,3.452,1
1024576,133514,723154,18.0616,3.7025,1
1024745,548832,723260,41.5612,4.7361,4
1024746,723260,731488,112.1611,3.8944,4
1025162,723541,740333,54.0568,21.8651,4
1025436,723733,724092,9.3423,16.3963,1
1025575,553451,723835,21.7715,25.9477,1
1026234,723733,724309,10.7238,14.8663,1
1026948,560174,724826,76.943,3.6503,2
1027303,260784,725086,194.4704,7.4275,5
1028193,725739,727440,17.3224,7.7071,4
1028194,723541,725739,53.8365,20.0192,4
1029914,723651,726946,29.4788,3.217,1
1030083,727069,727070,11.1831,21.1719,1
1030084,727069,728263,10.0281,25.8545,1
1030242,724309,727171,21.145,10.8773,1
1031642,556208,728142,24.1661,20.909,1
1031822,727440,728263,37.2767,15.0075,4
1031823,728263,728264,4.7199,29.5401,3
1031980,150295,728380,67.0796,8.2525,1
1031981,130681,728380,29.7069,8.3912,1
1031996,123750,728390,251.25,3.9921,1
1032581,724092,728809,52.4505,10.121,1
1032582,558864,728809,58.8671,8.147,1
1032945,147859,729057,48.3529,3.5811,1
1033256,254806,729279,215.8757,5.0495,9
1033370,556029,729358,6.5574,4.0,12
1033413,712685,729397,64.6302,27.053,1
1033424,729403,730021,11.0372,19.5104,2
1033425,729403,729404,20.7866,22.2355,2
1033428,559965,729404,17.7947,17.4161,2
1033711,257007,729596,113.169,4.872,2
1033789,729397,729650,74.5673,23.2454,1
1034117,84005,729883,48.8131,19.3619,2
1034435,147859,730101,64.1405,3.5,1
1035481,730845,731331,24.0947,13.577,1
1035482,556208,730845,9.6782,19.0335,1
1035487,730849,731036,6.2716,19.2501,2
1035705,561827,731002,47.5418,7.0958,1
1035751,730021,731036,13.9403,19.5104,2
1036187,731331,732533,8.0627,6.5878,1
1036228,731359,735055,76.6942,4.4142,2
1036798,731768,749023,39.9235,3.8028,1
1037373,732175,750029,138.0072,4.511,1
1037374,728390,732175,94.7734,4.5708,1
1037580,732321,733392,5.099,9.0182,1
1038282,731488,732820,135.4248,3.7199,4
1039077,731359,733392,23.3452,7.717,2
1041118,729508,734851,31.9218,4.9495,1
1041856,733392,735377,13.6382,7.9185,1
1043198,150755,736322,15.1819,9.4749,1
1043405,734851,736474,217.2694,6.5726,1
1043406,736474,745887,146.4036,7.4397,1
1043477,736524,742424,105.9245,4.8599,1
1043478,131821,736524,79.6953,3.7025,1
1043732,732820,736695,105.3307,4.1829,4
1043733,736695,741443,80.4494,3.9241,4
1043973,563751,736865,34.5579,6.0822,2
1043993,150295,736876,4.5461,7.4407,1
1044175,143389,737003,29.3806,3.2321,1
1044176,737003,746840,68.4251,3.3028,1
1044764,569519,737414,103.7524,11.0873,17
1045209,735849,737721,60.8647,5.2779,1
1045210,737721,737904,4.0225,5.521,1
1045473,737904,753142,107.1435,4.4246,1
1045890,573549,738207,105.6688,3.5811,1
1046724,700148,738797,65.7025,4.7541,1
1046842,151529,738881,140.6754,5.365,1
1047077,718235,739055,96.6126,6.3546,6
1047078,243244,739055,63.3509,6.7774,6
1048913,740333,748906,125.1646,18.9578,4
1050215,575758,741250,392.7501,5.0368,2
1052207,579391,742650,225.3032,4.3528,4
1053182,576486,743323,63.7251,6.0346,1
1053662,255064,743674,15.5956,2.618,1
1054286,743674,744101,12.2656,3.1583,1
1054449,311466,744204,113.7566,4.6856,6
1054487,743323,744228,136.8109,6.4789,1
1054497,162795,744233,69.4278,4.5708,2
1054555,167670,744275,52.0032,9.7355,1
1056313,745491,748632,22.4128,5.2617,4
1056320,745491,745495,19.2209,4.885,4
1056321,745495,748868,61.645,3.0275,6
1056868,745887,747475,88.227,4.8166,1
1059092,747475,760528,75.2928,2.618,1
1059195,574477,747554,19.6044,3.3461,1
1060500,748250,748467,61.3025,3.9324,3
1060964,577860,748787,137.9005,5.5,7
1061081,748868,755438,41.7253,3.2863,6
1061148,572034,748920,22.2835,16.6829,1
1061293,194846,749023,81.3668,3.8028,1
1062725,164256,750029,15.3514,3.9324,1
1062979,750194,751545,9.4875,15.6997,1
1063014,577595,750212,151.5861,3.8723,1
1064225,751081,759500,89.867,20.8515,4
1064317,751146,757411,60.7454,5.8962,2
1064318,744233,751146,95.5824,4.5708,2
1064535,742424,751303,76.909,4.3198,1
1064652,574641,751381,9.0571,11.8636,4
1064711,267131,751426,83.1204,6.7723,1
1064842,751517,757684,70.4911,4.1926,1
1064886,100145,751545,126.5728,9.8397,1
1065151,594291,751729,141.191,3.6213,1
1065398,559726,751897,163.383,5.4312,2
1066341,752568,755050,82.2603,5.7511,1
1066342,752568,754939,88.5041,5.651,1
1066357,752576,771721,126.2101,2.6688,2
1066680,748920,752806,47.2652,10.6611,1
1067053,753078,770837,157.829,11.8385,1
1067054,161212,753078,107.861,10.5311,1
1067204,751426,753186,11.0252,5.0043,1
1067507,746840,753397,43.8748,4.148,1
1067826,576763,753620,3.559,7.874,4
1068070,179180,753784,18.338,5.5902,1
1068466,165835,754071,42.3661,3.3132,2
1069054,753397,754491,8.6603,4.4665,1
1069107,748250,754527,54.7449,3.9324,3
1069161,167670,754565,25.186,6.8443,1
1069162,169950,754565,2.708,1.0,1
1069295,747353,754668,46.7479,12.048,2
1069299,754668,765837,60.1888,11.4556,2
1069300,747554,754669,77.2679,3.5355,1
1069301,577595,754669,16.0624,2.4142,1
1069834,755050,757477,21.5045,4.8408,1
1070362,755438,756354,10.6927,3.4758,6
1070483,752806,755525,90.4266,4.1447,1
1070869,748787,755807,56.4506,3.6583,7
1071162,756003,770528,152.0413,4.511,14
1071354,174857,756138,130.5259,4.3723,1
1071355,756138,764193,188.775,5.7446,1
1071696,580249,756354,35.836,3.9637,6
1072129,172075,756658,6.0828,14.5209,1
1072438,582986,756873,291.5705,22.8032,1
1072666,592212,756873,285.2449,20.9393,1
1072935,756873,784908,226.1241,18.6187,1
1072973,610107,756873,353.0576,20.7113,15
1073667,588348,757327,115.5618,3.5937,1
1073888,588193,757477,87.1754,4.1621,1
1074088,581111,757618,10.4243,13.2178,1
1074179,757684,771491,94.4299,5.2421,1
1074888,758166,759362,18.5742,5.3284,1
1075307,758447,767090,140.7578,16.3584,4
1075967,740601,758905,141.0603,6.9432,2
1075969,758905,770791,139.8571,7.4736,2
1076382,754491,759186,90.1443,3.7025,1
1076383,179552,759186,33.7474,3.1623,1
1076396,759199,760151,21.6795,10.0927,1
1076417,582632,759217,9.6724,12.3428,2
1076612,176817,759362,15.7903,4.5616,1
1076705,197994,759425,130.798,8.4776,2
1076818,758447,759500,124.1758,17.7757,4
1077340,759860,760701,9.434,14.4589,1
1077724,740780,760143,100.7869,5.2779,12
1077725,760143,762042,73.724,4.899,12
1077738,175347,760151,3.6912,12.3639,1
1077831,592691,760213,112.5981,5.9977,7
1077948,760287,760701,5.7812,14.4265,1
1077952,760287,760290,23.7978,15.0296,1
1077953,582511,760290,3.2998,13.5129,1
1078300,180598,760528,45.423,2.6992,1
1078372,760575,761125,380.635,8.2525,1
1078373,169950,760575,32.0156,5.217,1
1078387,760584,771231,78.0712,4.7016,4
1078606,755807,760737,91.3273,3.8944,7
1078786,759199,760860,18.0555,8.5927,1
1078881,177788,760929,48.7408,2.618,1
1078958,593053,760978,36.4908,16.2687,3
1079170,761125,767311,35.9722,8.7076,1
1079208,586972,761152,41.4367,8.062,2
1079588,175178,761416,18.7691,10.2227,1
1080485,585755,762042,152.7282,6.2244,12
1081986,763051,764704,307.4622,10.217,12
1082010,158083,763069,317.3862,4.2078,2
1082689,763550,774164,173.97,6.1596,7
1082690,763550,765451,46.9704,4.6163,7
1082955,268580,763733,30.4979,7.4244,1
1082956,763733,788524,219.5255,7.2662,6
1083490,584088,764117,47.5219,4.6365,6
1083491,620671,764117,211.9292,3.8724,6
1083496,764121,764825,13.4938,12.7801,1
1083499,764122,767994,18.8296,13.6447,1
1083598,180284,764193,185.6777,6.2264,1
1083745,739569,764307,47.811,9.288,1
1083746,753784,764307,67.6244,4.9286,1
1084342,764702,767090,252.545,27.0204,4
1084619,582828,764843,159.7891,5.6457,12
1084620,585755,764843,81.4323,5.6457,12
1084999,193908,765113,63.1814,5.5649,1
1085000,756697,765113,57.4891,4.6926,1
1085282,753186,765317,137.1273,3.8028,1
1085470,765451,773203,84.2542,3.2394,7
1085504,765477,774973,44.0341,3.2394,1
1086049,760978,765837,53.942,15.3032,2
1087555,766846,768753,29.9425,4.3203,1
1087616,591112,766891,83.9762,2.5322,7
1088653,767567,789914,82.5086,3.0,1
1088795,598161,767670,53.9506,4.4068,1
1089268,767994,769760,29.3259,9.663,1
1089899,592519,768429,25.9732,7.8262,3
1089974,765317,768488,100.4772,2.7071,1
1090330,768753,770530,48.2056,3.3708,1
1090950,589597,769164,25.4209,5.381,1
1091222,588035,769349,53.8934,2.8284,11
1091278,766891,769386,36.6257,2.2361,7
1091820,769760,770851,43.23,9.6242,1
1091859,203746,769786,182.5441,3.7071,1
1092640,769786,770323,49.9099,2.1213,1
1092669,770347,785645,68.6821,5.8549,6
1092918,188346,770510,8.0346,6.7723,1
1092945,770527,775007,136.5451,6.3012,14
1092946,268700,770527,22.3024,6.7507,32
1092947,767560,770528,39.1095,4.6856,2
1092948,770528,787656,164.968,6.1237,12
1092951,593796,770530,8.0208,2.618,1
1093203,592527,770708,32.6556,17.9936,2
1093207,770708,774469,69.9657,25.7453,2
1093336,770791,811179,211.1303,8.989,2
1093397,196266,770837,65.2968,11.3801,1
1093418,595597,770851,115.8461,7.0094,1
1093950,601088,771231,39.9492,6.03,4
1094314,771491,775028,33.6155,5.6317,1
1094684,771757,774132,122.9046,3.7055,4
1094954,771939,777786,70.3404,4.241,6
1095204,769842,772112,24.5816,6.9937,1
1095541,769386,772347,21.3073,5.5339,7
1096761,591512,773203,92.9211,3.6427,7
1097160,773493,773936,35.5696,13.777,3
1097161,773493,774978,41.9534,10.3104,3
1097303,589947,773596,264.5403,5.3723,4
1097317,771757,773611,95.5733,5.1197,4
1097368,773650,776366,29.2916,3.7796,1
1098061,773596,774132,77.7077,3.9142,4
1098108,769164,774164,91.9233,6.4031,1
1098490,768488,774440,52.7489,2.4392,1
1098539,774469,786294,75.0736,21.481,2
1098709,596604,774587,23.6609,15.0891,3
1098710,773936,774587,6.2442,24.5859,3
1098819,773611,774657,293.9273,5.7007,4
1100389,598887,775749,16.2652,3.3132,11
1100390,603645,775749,22.1861,3.5348,11
1100837,774978,776070,17.247,18.1366,3
1100860,184755,776085,100.3992,4.953,1
1101260,776366,787558,63.4823,4.3509,1
1101552,592864,776562,314.0647,9.8992,12
1101553,774164,776562,122.4114,6.8758,8
1101554,609725,776562,69.0362,6.3668,4
1102945,776070,777535,35.0877,11.6829,3
1102946,777535,777828,28.5174,3.8566,3
1103222,192795,777733,11.0604,8.1707,10
1103223,200584,777733,35.0809,7.8657,10
1103296,604051,777786,115.5797,4.0616,6
1103354,605106,777828,14.6401,2.118,3
1104006,606212,778306,33.1129,6.9263,3
1104007,778306,780935,62.3068,10.9114,3
1104720,520029,778804,82.8553,8.0907,1
1104721,726254,778804,36.0416,7.0711,1
1105004,608515,779004,203.0342,3.9495,1
1105574,779420,781147,128.0022,6.3326,7
1107698,601088,780898,44.7114,6.03,4
1107700,622199,780898,118.4518,5.8941,4
1107718,780912,781779,112.5083,3.6213,1
1107719,287143,780912,56.2079,4.1213,1
1107749,606539,780935,62.9356,12.1322,3
1108047,781147,786291,65.9537,9.002,7
1108210,604234,781252,124.6368,3.5811,2
1108279,764702,781299,156.1808,21.2809,4
1108280,781299,783463,15.9339,2.3428,4
1108985,731768,781779,94.0809,3.3028,1
1109260,781969,787089,62.7136,3.5675,1
1109329,198960,782013,4.8333,7.3805,1
1110316,607458,782713,40.7093,5.0794,1
1110631,610331,782923,65.0555,6.6177,1
1110644,772629,782934,150.0672,14.008,16
1110840,193787,783057,39.5095,4.6751,1
1111337,603645,783422,66.9154,8.9791,11
1111338,783422,785139,22.0807,13.7718,11
1111748,783712,808151,111.9198,4.9286,8
1113045,214075,784594,61.3886,4.4155,2
1113505,784908,789178,32.3979,3.6795,1
1113783,259243,785114,35.4824,11.6037,1
1113820,616473,785139,39.7031,11.7432,11
1114532,272601,785645,3.559,5.1421,6
1115343,203820,786183,20.0721,2.6213,1
1115344,205493,786183,41.088,1.9142,1
1115995,786291,786647,68.3561,10.8619,7
1116290,277887,786847,71.7937,4.9839,6
1116415,786938,789914,46.9006,14.2476,1
1116800,609019,787202,65.163,4.1829,1
1116801,629479,787202,169.3563,3.1796,1
1117507,275037,787682,63.5311,5.1627,1
1118454,312489,788358,16.4688,7.2963,40
1118714,269891,788524,119.708,5.4536,6
1119175,614846,788841,57.9106,5.2836,4
1121188,790233,811152,95.0999,4.8002,1
1121189,790233,790392,5.7446,4.5414,1
1121398,776085,790392,84.1962,3.6736,1
1121408,206782,790400,80.4135,3.1796,1
1123367,774973,791793,137.2516,3.452,1
1123368,791793,797927,37.6431,3.6736,1
1123412,228679,791823,152.5254,3.6651,1
1124162,200368,792335,87.6274,5.0861,1
1124890,787682,792873,49.7407,5.4909,1
1124891,281486,792873,53.7587,5.1421,1
1125596,212476,793358,19.6356,5.7511,1
1127793,616473,794882,63.3745,10.5097,11
1127794,631820,794882,28.9021,10.5097,11
1129517,635581,796049,130.0859,4.1078,1
1129755,790400,796217,145.952,3.1796,1
1130424,218230,796666,36.6424,5.3284,2
1130425,414604,796667,578.2802,3.9324,2
1130426,796666,796667,85.8836,4.89,2
1131255,205529,797232,64.9897,5.262,1
1132300,215625,797927,19.5533,3.217,1
1132939,631250,798356,71.1657,2.9208,1
1133348,623669,798639,74.2933,3.3132,4
1133377,598161,798659,183.28,5.3866,1
1133378,645453,798659,121.8902,5.1029,1
1133648,632063,798834,14.7045,6.5465,1
1133864,797232,798988,14.7986,5.4527,1
1134124,633354,799172,11.9536,2.3428,1
1134281,610331,799268,116.0771,7.5355,1
1134282,629219,799268,20.5562,6.4495,1
1134923,799725,804577,46.194,4.148,1
1135412,789178,800044,82.4702,4.5822,1
1136328,209112,800688,35.9629,6.1731,1
1136329,800688,802515,128.5807,4.0388,1
1137396,208378,801419,51.0283,5.2386,1
1137551,217792,801540,66.0799,3.7025,1
1137553,796217,801540,47.8121,2.6992,1
1138531,802217,806284,23.2044,6.1127,2
1138794,802388,807595,98.4384,5.6454,1
1138971,802515,812251,57.5326,4.8028,1
1139533,272009,802906,10.8167,3.9115,2
1140095,803309,810620,42.1579,6.5557,4
1140819,65597,803818,88.2081,10.3263,3
1141023,216996,803956,16.2378,2.9208,1
1141024,228038,803956,72.9817,2.5322,1
1141056,218743,803978,36.0093,3.6213,1
1141918,804577,814676,313.9124,2.9208,1
1142242,798988,804798,47.0744,5.2631,1
1142408,211687,804915,134.8341,7.6468,1
1142431,636258,804931,81.4105,14.2379,1
1142573,805026,807699,99.9924,5.5649,1
1143433,805616,807141,11.6285,3.0,1
1143508,675151,805668,164.5669,3.5291,1
1144307,806214,816427,50.6776,4.0983,2
1144599,716629,806414,86.2224,5.4909,1
1144864,642787,806599,48.2688,10.1247,6
1144865,653010,806599,88.6954,10.1934,6
1144984,636258,806682,53.3104,9.2362,1
1144985,806682,810954,82.7023,16.9168,1
1145260,805616,806879,103.3366,2.2071,1
1145625,645576,807141,11.7992,2.9142,1
1146267,807595,821182,208.3496,6.0467,1
1146424,640937,807699,57.0516,4.9286,1
1146634,273507,807848,160.3309,4.1829,4
1146837,631323,807988,98.2683,6.7774,4
1147062,286134,808151,87.6141,5.1421,8
1147300,623598,808310,135.7647,5.5317,1
1147301,808310,817241,71.1185,5.2035,1
1147627,223904,808545,6.4031,5.3723,1
1148238,226962,808964,26.3692,6.4734,1
1149134,809596,811212,39.1706,4.1528,6
1150450,810526,820119,241.8781,4.7408,6
1151073,756873,810954,504.1731,30.4838,1
1155481,652917,814071,75.6498,4.1792,1
1156375,674778,814676,167.5609,2.6992,1
1157057,657148,815155,21.6025,12.5486,1
1157678,14560,815569,103.3285,6.151,6
1158929,803818,816427,29.9091,7.0654,2
1159056,810656,816512,51.7977,4.5616,6
1159960,646400,817135,65.307,7.0283,1
1159961,659999,817135,16.3197,5.9655,1
1160040,49844,817187,167.7488,8.7855,1
1160848,14942,817738,30.4302,3.3028,1
1161202,817986,820119,15.7926,4.7913,6
1162680,818970,819437,5.7743,9.6436,1
1163227,818390,819349,50.0899,5.5317,1
1163228,819349,819350,19.799,5.9977,1
1163272,817241,819383,24.8663,4.3574,1
1163273,819383,820916,15.4236,4.0388,1
1163354,817187,819437,45.4166,9.4625,1
1163559,812251,819576,65.3835,4.5,1
1163560,235524,819576,58.8671,3.0,1
1163665,816512,819651,27.5862,4.9495,6
1163666,819651,821876,9.9499,4.7947,4
1165322,801670,820792,46.6813,5.1926,1
1165902,669801,821182,113.1989,4.9839,1
1166403,219850,821521,143.101,13.5192,2
1166902,243880,821876,37.7705,5.4274,4
1167432,73361,822241,44.486,6.117,4
1167581,821921,822346,3.7342,1.0,1
1167582,667334,822346,3.0822,1.0,1
1167871,817986,822530,65.9679,4.7913,6
