edge_id,src,dst,length_um,radius_um,usage
314,209,544,7.5498,11.9345,1
547,361,655737,12.2066,23.6854,1
813,544,327426,108.8174,10.6892,1
1215,795,25164,17.9528,15.0322,1
1239,813,438642,11.225,8.765,1
1240,813,506239,12.7279,6.1858,1
1702,1120,319384,7.6305,12.9428,1
1899,1259,430601,12.261,11.3106,1
3336,2319,236448,6.8232,11.5509,17
3859,2730,804153,46.5976,10.2225,1
3860,2730,164668,47.7377,10.6235,1
12206,8864,322610,6.549,12.2505,8
12278,8912,237600,3.2787,18.3576,17
12279,8912,105872,62.2415,18.0811,17
14555,10584,434190,6.7741,23.2427,1
14556,10584,566044,6.9761,22.3704,1
16041,11655,818694,92.8081,30.2964,6
16042,11655,22486,17.2498,26.9105,6
20125,14576,324495,65.0273,5.6081,1
20256,14661,22600,231.6765,8.5438,1
20635,14929,566044,4.899,21.0348,1
20738,14998,338284,221.5121,7.4736,5
20739,14998,321224,14.3047,7.5886,5
21242,15353,496894,173.5979,5.3852,2
21610,15610,329541,31.8251,4.5495,1
22088,15940,287300,23.6761,14.8605,1
27245,19566,683992,83.9764,15.103,1
27586,19803,20896,18.4662,8.4656,1
28993,20810,338974,15.0333,11.6984,1
29768,21361,344605,77.6638,4.6043,1
30231,21690,25315,79.9875,5.6795,1
31769,22795,338974,29.6254,13.0899,1
31770,22795,25909,59.3464,13.112,1
34081,24420,25234,35.0571,4.3528,1
35033,22600,25089,64.0391,8.4853,1
35132,25155,26290,96.9639,5.6541,1
35147,25164,33722,14.2146,16.6105,1
35241,25234,344837,57.7629,5.1636,1
35266,25254,346072,11.3969,3.9822,1
35346,25315,27121,36.0694,5.715,1
36175,25909,29062,55.7494,12.4796,1
36426,26091,29138,59.4306,6.451,1
36508,26151,29732,74.1215,6.8541,1
36706,26290,352820,85.9593,6.6571,1
37066,26091,26543,87.046,5.7439,1
37257,26678,348865,31.1073,7.5927,1
37459,26812,328540,389.5526,9.2513,1
37887,27121,350011,15.0444,8.5105,1
38404,27495,28593,19.5192,2.8284,1
38409,27499,31684,107.4709,8.8296,1
38932,22486,27849,31.9192,22.0967,6
38933,27849,680317,35.2775,16.4622,6
40318,28827,29757,26.4764,10.4676,12
40624,29034,352566,8.9069,7.9169,1
40663,29062,359930,72.4124,13.3199,13
40833,29182,330305,34.8553,11.8751,8
41145,29402,352890,43.6463,7.5771,1
41146,29402,30745,23.8956,8.9119,1
41631,29062,29757,45.0111,11.0434,12
42170,30116,43406,28.5754,25.6075,4
42813,30556,666606,101.4171,3.3052,1
42814,30556,675534,7.9904,3.5981,1
43690,31164,328984,14.1774,14.4677,1
43812,31239,33608,35.0571,6.8758,1
44225,31540,355749,4.6547,12.6577,12
44510,31750,352820,53.4384,7.0958,1
45134,32190,357575,11.225,5.0495,1
45137,31540,32192,28.0891,16.4062,12
45348,32340,356945,8.2597,10.2328,1
45349,32340,358011,10.779,11.9044,1
45478,32192,32432,8.3666,19.6469,12
45884,32709,357045,7.5719,10.4375,26
46538,33189,346906,163.3136,5.8941,5
47126,33608,361717,31.791,13.9137,1
47128,32432,33610,31.8434,18.5682,12
47234,33610,33694,32.3265,18.9056,12
47235,33694,359929,9.8489,19.5277,12
47275,33722,366008,12.47,16.4463,1
48294,34420,354295,65.8787,7.7728,1
48295,34420,35170,19.5448,8.2693,1
48343,34460,359755,15.5421,20.6582,12
48595,34661,362897,19.9583,22.3935,1
48804,34797,360449,13.2539,20.8213,12
49059,34984,36001,29.4788,7.904,1
49526,35312,35481,5.7446,9.2195,26
49696,35438,359819,41.1623,7.6468,1
49766,35481,361488,8.2462,9.9248,1
49767,35481,40312,83.3847,9.5595,25
50002,35645,36221,17.3494,3.57,1
50328,35865,43911,28.5164,17.0774,18
50510,30745,36001,83.7914,9.7968,1
50563,36039,361717,17.9536,21.2715,11
50838,36221,37434,33.7491,3.9263,1
51466,36640,329678,9.7125,12.904,10
51537,36694,57788,189.591,19.141,1
51726,36824,370805,5.2599,12.9795,3
51767,36849,352984,15.4719,2.3428,1
52025,37035,679168,14.8099,9.6285,1
52576,37434,365408,21.1476,3.6427,1
52870,37636,370627,41.1673,19.3284,1
53217,26812,37876,295.7786,9.4625,1
53218,37876,364318,60.3932,8.17,1
53807,38294,39360,14.5258,5.0838,1
54229,38605,674535,32.8215,13.2249,10
54230,38605,47414,16.9648,14.6486,10
54362,38698,366587,20.8087,21.3822,11
54402,38728,767852,78.9698,18.3576,3
54486,38294,38786,36.4692,5.4312,1
54874,35438,39060,99.4535,7.2058,1
54875,39060,371195,167.5938,6.4641,1
55007,39165,54475,39.6569,15.9948,10
55105,39239,39392,2.4495,11.9364,13
55279,39360,382117,91.1714,5.3452,1
55326,39392,370997,19.8382,13.4746,13
55958,39828,56929,17.3781,6.6315,1
56161,39971,372121,28.5073,7.5799,3
56162,39971,375056,29.0,5.0083,3
56499,40208,237511,37.3196,8.5897,1
56743,40371,372424,15.5242,9.5647,25
57164,40653,41784,15.1327,19.0148,2
57350,38698,40780,41.6293,24.0617,11
57576,40944,680317,5.2281,14.4542,6
57652,40780,40999,2.4495,25.075,11
57653,40999,373495,10.6301,25.075,11
57837,41121,240205,14.1303,6.0895,3
57838,41121,244036,10.9545,5.3218,3
57868,41143,371711,21.3828,9.434,25
58139,41338,289266,30.499,11.8851,8
58217,41395,41460,8.124,4.1926,1
58761,41784,374935,12.2474,21.9762,2
59072,42017,42887,35.609,9.7333,3
59730,42481,684456,36.491,8.9641,1
60053,42706,684865,24.2464,21.8458,1
60054,42706,674536,31.8416,21.6279,1
60301,42887,378401,31.7683,9.8669,3
60404,42967,374935,7.1414,23.4097,2
60405,42967,44131,17.1464,23.3878,2
61020,43406,684824,37.6017,25.7953,4
61733,43911,682904,20.5345,12.4243,18
61953,44059,44137,14.3527,2.8831,1
62057,44131,45964,29.1548,24.1908,2
62070,41460,44140,69.6491,4.1926,1
62071,44137,44140,88.2383,3.1583,1
62311,44307,370997,60.6071,15.3071,13
62312,44307,382180,40.223,15.6683,13
62370,44349,66534,51.6624,16.8648,1
63050,44819,376370,35.2546,22.4385,1
63051,44819,388538,69.197,23.1845,1
63226,44944,812072,62.2415,4.9839,1
63630,45229,379131,18.5293,13.0057,25
64197,45631,50478,13.3,7.3786,1
64664,45967,379673,18.0185,13.4387,25
64929,45964,46155,2.2361,25.504,2
64930,46155,380730,21.1217,25.7831,2
65396,46499,50468,82.6801,7.1763,1
65430,46524,373821,59.6182,4.6795,1
66794,47491,370944,91.7505,12.8691,1
66998,47639,288018,22.9613,8.5952,30
67405,47920,330697,22.6618,15.8453,1
67738,36694,48151,41.7463,23.179,1
67750,48158,48773,23.0217,3.0956,1
68644,48773,386199,11.9373,4.5788,1
68690,47491,48803,16.5227,13.7632,1
68782,45967,48858,87.1149,13.5356,25
69013,49030,381811,50.362,7.3723,1
69015,49030,50441,65.0692,7.8972,1
69154,49138,50327,43.7035,3.2863,1
69175,49159,387320,19.4594,7.8875,3
69822,49597,388536,17.4706,22.0754,5
69895,49648,408574,135.3916,5.8941,1
70559,50108,385453,25.4165,21.2924,11
70776,50261,52906,34.5543,2.3428,1
70868,50327,50675,4.5826,1.9318,1
71073,50468,56365,75.9539,6.9248,1
71088,50478,55977,33.4813,9.6602,1
71583,50836,390465,14.8754,17.5457,13
72359,51386,52987,30.0666,4.7194,1
72487,51487,388538,21.0528,19.1972,1
72488,51487,391602,55.9038,20.2428,1
72513,51505,55797,18.1904,7.8075,5
72770,51677,384962,38.2965,4.89,3
72918,51784,814238,99.2522,6.8804,1
73028,51849,381780,145.5789,6.8406,1
73031,51850,389178,19.2787,15.7036,25
73322,52060,396210,61.2826,5.099,1
73356,51677,52086,8.6603,4.241,2
73357,52086,54591,28.178,4.3008,2
73495,45631,52186,16.2275,6.7723,1
73499,48151,52189,19.3336,22.6719,1
74512,52906,53967,17.2916,3.0956,1
74625,52060,52987,143.2515,5.1476,1
74705,53042,389110,46.9633,5.9211,1
74759,51849,53083,39.8623,5.958,1
74768,53089,389475,19.2894,18.0961,1
74844,53142,656311,4.7258,12.2179,1
74997,53089,53250,10.6301,18.2049,1
74998,53250,395449,43.8547,30.5598,1
75195,53394,389000,49.5042,3.2321,1
75271,49198,53448,136.2241,8.2153,1
75570,51850,53673,21.6795,19.3144,25
75571,53673,396020,20.9178,19.8693,12
75869,53673,53896,22.7596,20.3311,13
76431,36849,54288,16.202,2.8059,1
76433,54288,67172,12.0669,2.6992,1
76704,54475,336965,20.1494,15.7473,10
77958,36640,55367,51.0392,9.2656,10
77960,55367,58357,63.9653,6.6623,10
78159,54591,55511,9.2736,5.1213,2
78517,53448,55765,77.801,8.0584,1
78563,55797,64698,27.9464,8.3031,5
78693,55898,56016,7.1414,21.9883,2
78694,55898,55899,4.2426,22.524,2
78704,55906,56158,3.0,18.0416,12
78806,55977,59635,25.2675,14.5414,1
78863,56016,56633,22.8254,19.071,2
78999,56110,818967,88.0341,16.8946,18
79000,35865,56110,77.6595,13.5336,18
79031,56132,63457,22.2236,22.0284,1
79032,52189,56132,7.2425,20.7645,1
79074,56158,400175,25.7034,17.3644,12
79205,56243,62366,14.4741,9.6497,18
79488,53967,56453,24.779,3.452,1
79489,56453,59648,42.5558,3.3839,1
79618,56544,57278,19.2614,17.0178,2
79752,56544,56633,16.5831,18.1394,2
80178,56929,237463,191.5985,5.6272,1
80666,57278,57522,13.3417,16.0871,2
80737,57332,304707,43.8254,4.8947,1
80807,57383,396917,67.3026,32.918,1
80996,57522,401570,22.5536,19.0442,2
81380,57788,685412,3.9581,15.1766,1
82037,57383,58246,24.0416,18.8002,1
82171,58334,399498,20.6398,3.9681,1
82201,58357,336267,10.419,6.7016,10
82532,58582,194817,174.8199,5.5109,1
82554,58601,715840,73.5791,9.4604,1
82675,58683,74889,31.4881,15.8314,1
83256,59089,61748,38.1314,16.4012,12
83427,59197,403707,24.0416,19.891,2
83548,56365,59278,50.2295,6.3955,1
83602,59319,402758,3.6968,18.1696,4
84069,59648,402510,73.1277,4.7182,1
84111,59677,59990,7.3485,23.1164,4
84563,59990,403977,8.5245,25.2728,4
84662,60055,391602,63.7138,22.6518,1
84664,60055,60948,23.7276,22.5005,1
85677,60774,408473,30.5123,4.6312,1
86487,61342,386251,164.9128,12.8291,1
86782,60948,61540,11.1803,23.1189,1
87035,57950,61722,43.0116,7.1947,1
87037,61722,69900,81.4002,5.9619,1
87069,61748,64843,65.7419,14.0529,11
87515,62056,63905,25.3377,4.7541,2
87568,58334,62098,40.1248,3.7936,1
87584,62109,244036,13.5154,4.3723,3
87585,62109,244885,7.6085,3.5,3
87881,62316,400287,118.8139,25.1219,2
87957,62366,66420,26.0192,15.8069,18
88442,62719,673559,17.4133,10.8103,1
88786,62736,62961,33.3766,5.1213,1
89397,61426,63392,63.0,3.6029,1
89663,63575,693882,51.8807,19.3467,1
89959,63794,407977,12.0687,7.933,1
89960,63794,64094,5.3852,10.147,1
90038,59278,63846,48.8876,4.8442,1
90039,63846,414528,34.0041,8.3028,1
90069,63869,64265,6.1644,12.3443,1
90229,63980,409319,10.7083,6.7016,2
90658,64265,64763,4.4721,11.8443,1
90664,64094,64269,3.4641,10.8948,1
90862,64413,65942,43.8292,3.7913,1
91270,64698,338900,8.3865,8.6137,5
91350,64763,413488,12.8355,11.5828,1
91453,64843,421332,109.4809,11.726,11
91674,64986,408466,33.116,5.6454,1
91675,64986,423097,128.0508,4.4707,1
91893,65148,66007,34.4964,4.7863,1
92526,64413,65600,20.0,4.5822,1
92528,65600,413164,7.3402,5.6317,1
92995,65942,417329,33.5095,5.7913,1
93060,61748,65992,100.6231,11.8748,1
93081,66007,66725,30.282,4.8708,1
93303,66156,413202,75.3761,9.5137,1
93374,66203,403603,46.4892,20.4337,1
93503,66302,407273,127.0324,16.7249,2
93504,66302,417203,39.5985,16.9887,2
93511,66306,66966,8.124,5.7426,1
93667,66420,691041,6.7082,19.873,18
93835,66534,69387,24.9466,14.7336,1
93924,65597,66593,5.4467,12.1747,3
93963,65992,66623,8.775,7.5148,1
93964,66623,68769,29.5466,8.8155,1
93980,66635,689255,12.2565,26.9157,1
93981,66635,67144,3.9016,27.3033,1
94106,66725,412453,24.5334,5.5,1
94424,63457,66940,18.3428,25.0845,1
94465,66966,415738,3.6056,8.7979,1
94637,67086,69387,14.7761,12.1648,1
94639,67086,405792,8.5635,10.9429,1
94771,67172,115798,44.6201,2.2361,1
94920,63980,67277,49.4166,6.5822,2
94921,67277,419987,35.4855,6.7564,2
95812,67925,411281,74.0675,7.9155,26
96049,68089,69695,30.4302,8.9669,2
96050,68089,417734,5.4671,10.5951,2
96479,68390,174479,14.543,16.7182,2
96546,68431,74298,74.6592,7.0707,1
96739,67925,68562,13.6015,7.3407,26
96741,68562,68563,3.6056,7.5261,26
96965,68726,413054,34.4719,11.6821,1
96967,68726,71247,32.0156,8.3057,1
97032,68769,422988,30.1496,10.7412,1
97232,47414,68904,59.7671,19.5229,10
98097,66593,69493,7.4312,11.1129,3
98397,69695,71685,57.3934,9.8089,2
98683,69900,76549,70.157,6.1833,3
99480,70469,691482,35.0381,23.6658,1
99488,70469,70475,41.4485,21.666,1
99556,70519,415455,11.5181,18.5787,2
99800,70701,423452,63.2157,4.1213,1
100601,71247,435582,89.9074,5.3779,1
100626,63905,71260,73.7699,5.0616,2
100627,71260,71768,7.0711,5.4495,2
101247,71685,72409,72.904,8.7776,2
101275,67144,71706,24.779,28.039,1
101276,71706,699685,38.4303,22.1266,1
101322,71734,468098,55.0242,13.0455,1
101382,71768,72761,18.4932,5.985,2
101471,71832,417203,103.905,15.8339,2
102009,72210,427455,42.0079,7.0,1
102776,72761,424963,47.2464,7.5976,2
103598,73317,423452,111.3997,4.5495,1
103860,73508,427461,13.344,19.7782,1
103981,73600,421900,34.7516,3.7055,1
104298,73822,74754,26.0,8.1513,11
104631,74047,74048,3.7712,11.428,1
104632,74048,697840,37.6194,14.5732,1
104634,74049,74127,7.4981,16.4463,1
104734,74127,695922,38.0263,13.9427,1
105061,74379,82313,79.2149,7.0283,1
105330,74558,158656,139.9114,11.3477,3
105331,36824,74558,58.8123,12.9031,3
105620,74754,428607,10.198,10.3581,11
105774,74861,456101,105.8957,6.1236,2
105794,73600,74873,77.4726,3.6503,1
105820,74889,342383,13.3915,16.8225,1
106264,75204,436440,69.7089,6.9873,1
107578,76103,79860,35.1852,4.6365,1
107794,76256,77344,11.7047,11.7411,11
107834,76283,77932,26.2869,6.0738,1
108212,76549,79551,130.9733,6.6115,3
109016,72820,77096,69.7822,6.2634,1
109363,77344,432360,8.0989,12.3471,11
110187,76103,77932,76.0197,5.5468,1
110340,78040,440096,88.5306,7.0283,1
110372,78061,433123,26.7893,7.5507,1
110671,78061,78273,6.4031,8.3031,1
110672,78273,434812,31.3635,6.1524,1
111449,78817,81646,11.8842,16.6416,10
112047,79242,82384,36.6197,4.8894,1
112476,79551,80617,14.0357,5.465,3
112570,79616,79840,18.0278,15.0011,4
112637,79657,699683,10.7961,26.5233,10
112907,79839,434200,7.2034,19.3284,4
112908,79840,436503,14.3074,17.071,4
113517,80281,439428,49.0051,6.0467,1
113660,80281,80378,5.099,5.8941,1
113742,77096,80434,123.5557,5.4218,1
113829,80494,81022,7.5498,9.0735,11
113852,79860,80507,10.0995,4.0941,1
113853,80507,443434,71.8672,4.6312,1
114592,81022,81518,9.8489,9.2546,11
114660,81070,429548,59.4643,5.6506,1
114661,81070,440986,29.5852,6.0467,1
114697,81093,430301,67.3721,8.4244,1
114698,81093,81791,9.9499,6.8541,2
114703,81099,435433,19.4651,20.5195,4
114707,81101,436986,5.971,15.0662,4
115110,81389,85321,3.0,6.0828,3
115115,81392,83669,44.1135,5.3327,1
115287,81516,438713,15.7818,7.7728,1
115290,81518,81604,9.2736,10.0234,11
115365,81574,441451,41.2216,4.1621,1
115413,81604,86042,75.6703,10.4375,11
115680,81354,81791,25.632,7.0958,2
116065,82058,439469,14.8549,9.2711,9
116066,82058,83328,24.6171,7.8256,1
116320,82249,438070,10.2956,22.003,4
116400,82313,86266,132.7027,7.0654,1
116498,82385,85385,43.9773,9.9747,1
116919,82249,82693,11.9164,21.1052,4
117795,83328,84356,20.8087,7.1133,1
117999,82690,83476,13.6748,6.0738,1
118008,83482,439839,27.7969,17.7817,4
118279,83669,443550,111.1755,5.8698,1
118329,83708,438933,94.986,6.4128,3
118737,83982,441115,167.9222,7.5,1
118854,84005,169799,142.0176,25.8185,4
118862,84005,760534,163.025,27.0305,4
119248,84293,436792,72.1565,4.3028,1
119764,84654,442633,11.2793,8.2764,1
119981,84811,703231,25.1794,10.7622,1
120459,85148,86284,38.9102,14.4121,1
120592,85238,87282,9.0,14.3165,1
120803,85376,473266,80.7294,5.9036,1
120804,85376,126069,34.7946,6.1202,1
120820,85385,90714,93.1397,9.8995,2
121144,85620,510473,52.0449,5.0517,1
121145,85621,705242,10.8934,19.2313,18
121303,85727,717602,67.7207,17.829,18
121314,85734,716325,43.068,18.2302,1
121395,69493,85788,40.8716,9.9203,3
121832,86108,86248,33.4365,5.2238,1
121833,86108,86838,12.6886,6.1203,1
122031,86248,444386,12.2474,4.1829,1
122076,81354,86284,62.7535,13.2548,2
122077,86284,445253,3.6818,20.0131,3
122269,86419,86564,54.2402,5.4075,1
122270,86419,87451,32.5269,5.651,1
122374,86496,87451,69.4334,6.2016,1
122474,78040,86564,149.8833,6.3121,1
122537,86608,86694,14.8997,19.1323,1
122652,86694,445600,41.2765,21.1326,4
122858,86838,90707,85.0647,6.0402,1
123270,87131,87538,42.45,6.7564,1
123474,87282,700356,5.2345,12.723,1
123620,87393,89953,29.3428,4.6213,1
123829,86266,87538,100.9752,7.0654,1
123833,79657,87541,29.7788,22.9728,10
123834,87541,100950,30.7119,19.9336,10
123974,87631,454730,55.8589,5.1421,3
124318,87131,87874,58.0086,5.9977,1
124355,87899,446768,7.8031,20.033,4
124920,87899,88311,8.775,18.9588,4
124921,88311,89555,14.6287,18.6681,4
125456,88695,446322,18.8287,10.8846,1
125457,88695,449295,5.9442,9.9717,1
126367,89348,97412,26.3239,15.6883,18
126941,89754,354556,53.1779,20.7186,8
127100,89555,89882,8.2462,17.8139,4
127194,89950,90837,137.0949,4.9839,1
127195,89950,455962,120.9914,6.8157,1
127201,89953,91218,44.1135,4.4126,1
127320,89882,90032,4.6904,16.1486,4
127590,90208,100443,46.8722,14.6511,10
127592,81646,90208,36.2232,16.3467,10
128303,90707,91129,8.124,6.4363,1
128312,90714,459090,72.0525,10.5622,2
128481,90837,441258,105.4767,5.3735,1
129026,91218,455215,18.4932,4.9839,1
130240,88393,92079,48.0937,4.6365,1
131294,92823,707245,12.7138,8.6254,1
131298,92827,699050,104.3472,5.4218,1
131299,92827,121935,64.846,5.0517,1
132486,92752,93674,24.7184,3.3708,1
132487,93674,457723,9.8093,3.5616,1
133390,94321,103486,31.2289,26.5609,1
133488,91129,94390,48.6004,6.3121,1
133490,94390,97382,37.8682,5.0794,1
134579,95184,454086,91.3777,6.6292,26
135285,95684,464429,75.8441,6.3326,3
135800,95184,96045,74.5989,7.5478,26
137296,96045,97081,27.6586,9.3372,26
137716,97382,102918,76.9025,6.0264,1
137761,97412,712281,20.497,12.1838,18
138097,97081,97661,21.4243,9.4124,26
138117,97677,508973,113.7761,6.1742,2
138142,97696,463183,3.7268,14.1546,1
138465,97661,97925,13.6382,9.6075,26
138957,98278,474977,91.4473,6.9567,4
139331,98544,468619,48.8774,15.1106,1
139375,78791,98575,36.0275,6.0173,10
140730,98314,99517,93.2148,13.3561,1
140731,99517,458984,92.3767,27.9203,1
141962,100398,105813,69.5989,9.0819,1
142380,100697,467357,65.714,7.0283,1
142680,100916,466237,32.8684,10.6789,26
142753,25160,100968,30.9282,4.6856,1
143172,100916,101246,9.0,10.1789,26
143930,101778,708041,16.5831,12.8216,1
143942,101788,715723,46.7297,6.7723,1
143943,92823,101788,26.1051,7.6737,1
143971,101807,103518,43.7035,16.8979,1
144442,102149,142527,82.9337,6.6328,5
146341,103518,475163,65.3784,11.0363,1
146402,101246,103562,71.9444,8.6231,26
146535,103649,473981,6.2716,25.7281,2
146946,103938,474277,14.8847,26.7094,2
148040,104733,476018,12.0646,20.5623,2
148242,102918,104879,52.0481,7.4758,1
148425,105005,475368,4.714,27.8199,2
148668,105181,711515,5.9161,15.292,1
149009,100950,105418,13.8764,20.9316,10
149045,105442,347947,13.4743,16.2782,1
149046,105442,117733,37.1202,16.0663,1
149164,98575,105516,15.0333,5.78,10
149495,105744,105813,82.061,6.9216,1
149979,106103,246266,18.12,5.9713,1
149980,106103,203600,69.3253,4.8139,1
150459,105744,106435,14.3527,4.6289,1
150460,106435,480956,25.3553,4.6289,1
151529,107188,107255,18.0555,17.1082,2
151616,101778,107251,14.5507,13.9071,1
151620,107255,479959,15.8114,16.7374,2
151980,105181,107517,19.7722,12.6939,1
152159,107647,346906,16.9607,6.5557,5
152735,108057,478861,42.5245,6.7785,2
152736,108057,481465,9.3452,3.4758,2
153790,108799,480707,79.5725,6.5355,26
153995,108936,158418,50.4449,15.7777,2
154110,85788,109014,17.2137,6.5662,3
154111,109014,113995,4.9749,4.9747,3
154575,104879,109337,68.5347,7.6634,1
154576,109337,490475,190.0953,8.8097,1
155658,110081,111418,27.037,9.2736,2
156750,110851,111050,4.6904,7.6468,26
157031,111050,112062,34.0147,6.8206,26
157573,111418,486464,14.9778,9.9519,2
157822,111603,716715,23.2376,16.8473,18
158500,112078,764307,35.0317,10.4547,3
158918,112376,491141,113.5805,6.5465,26
158921,112378,498953,140.6961,7.1193,1
159302,112062,112648,151.3704,6.4155,26
161217,113972,477529,428.5184,8.0932,2
161258,113995,500833,16.3936,5.0299,3
161891,114446,119715,147.2617,5.2421,26
163131,111603,115329,24.4709,21.7775,18
164235,107251,116145,17.1091,12.6965,1
164237,116145,716327,20.8487,10.5902,1
164450,113972,116296,86.2322,7.2636,2
166527,117733,147477,65.4516,16.7995,1
166737,117878,121010,100.03,6.5927,26
166738,117878,501850,77.9637,7.5745,26
166858,117964,743867,57.2539,22.0491,1
167633,89348,118509,32.4107,11.4874,18
167952,118730,120025,113.0531,5.8912,26
167953,118730,500242,52.7668,6.2417,26
168142,116296,118876,84.6759,6.7371,2
168544,119172,120512,48.4355,9.0759,4
168965,119456,500242,7.3485,6.9432,26
169220,119639,716327,4.714,10.0497,1
169291,119687,123111,16.4655,17.6765,1
169329,119715,120025,9.0,5.9407,26
169362,119741,125289,38.614,21.9031,18
170468,120512,500255,88.5645,8.9957,4
171084,119639,120922,22.9427,8.2513,1
171085,120922,720214,15.5824,6.2838,1
171203,121010,122049,114.9174,6.6657,26
171518,115798,121232,16.7995,2.5322,1
171519,121232,497720,12.3153,2.4142,1
172510,121935,718314,10.8934,4.3008,1
172607,122004,718441,47.6993,8.8315,1
172609,122006,720131,98.6943,14.1589,1
172610,122004,122006,9.6667,13.7543,1
173777,122821,503786,74.6661,8.8079,2
173919,122916,124083,26.096,6.6904,1
174465,123301,171776,18.3576,9.7894,1
174917,123612,498400,150.2627,6.4806,1
176873,125019,721267,18.6815,17.1024,18
177247,125289,720326,5.4772,19.2094,18
177334,125353,353437,4.5461,6.8459,5
177452,125436,723460,69.3568,20.746,1
177453,125436,727357,97.3332,19.094,1
178365,126069,617174,131.1322,6.9248,1
178644,126265,722793,25.0932,4.4964,1
178645,126265,141282,51.5817,6.5463,1
179146,126600,507170,124.7437,10.6301,2
179247,126669,721892,25.2763,20.0856,18
179248,126669,721267,6.4722,19.4646,18
179461,126818,721207,157.8171,11.786,1
180250,127367,720800,33.6799,14.9384,1
181204,128070,128161,7.874,7.4491,1
181335,128161,516562,32.9545,6.733,1
181354,128177,516856,3.559,12.2105,4
181355,128177,130765,63.6553,13.1703,4
181386,128199,721892,3.448,20.1108,18
181387,128199,722478,10.0277,20.96,18
181388,128200,721894,4.761,19.9295,1
181396,128205,718314,45.6861,5.1627,1
182021,126818,128644,32.0975,10.3445,1
182764,129164,511398,51.5903,8.6552,2
183015,129337,518743,25.8263,7.8134,1
183454,129651,290852,23.4495,11.1803,30
183538,129708,514162,50.636,10.3959,3
183539,129708,520123,6.0622,11.7204,3
184445,130333,723854,7.3711,7.3024,18
184669,130493,723999,17.7576,13.2741,18
184670,130493,723199,7.874,8.8289,18
184696,126600,130511,89.5433,9.3462,2
185059,130765,528933,86.9493,14.9156,4
185174,130842,722478,50.2998,22.9705,18
185757,131260,520885,24.2258,6.4128,1
187460,132461,135574,28.843,13.0956,1
187461,128644,132461,46.1354,12.0419,1
187748,132665,723624,6.3421,11.9761,1
187749,132665,133995,3.4157,13.2124,1
187819,130511,132713,103.899,8.1238,2
188041,132713,132883,3.4641,8.4228,2
188122,132943,149319,42.8654,14.4472,5
188123,132943,358654,98.0442,6.7986,5
188951,133532,138357,75.8288,11.1352,3
189891,123111,134196,82.9732,19.1694,1
189892,134196,148386,95.4108,19.9053,1
190827,134862,500972,12.3895,2.3428,1
190828,134862,538675,34.6627,2.8059,1
190915,134925,726491,50.5459,22.9044,1
191011,134991,135365,9.6437,7.4725,1
191683,135496,253212,30.3592,20.9119,17
191802,135574,725308,28.7112,11.9848,1
192101,135780,723854,14.7949,9.4006,18
192326,135930,136790,19.2354,8.1542,1
192475,136033,530409,3.2998,9.6954,1
192823,136266,142377,56.3705,25.4083,1
193169,136033,136493,80.604,8.4877,1
193401,135930,136642,81.8657,8.4243,1
193615,136790,138392,135.4031,9.1301,1
194186,137208,725678,50.3463,23.1401,18
194187,137208,726724,45.3735,21.9382,18
194289,137277,727870,13.2372,15.3606,1
194291,137277,137279,14.4376,15.5078,1
194297,137284,727574,3.2998,15.4446,1
194484,137420,727357,17.8294,16.9893,1
194485,137420,140297,21.7945,19.3157,1
194489,133995,137422,17.4992,14.1774,1
194490,137422,729716,9.8263,14.6716,1
194735,137284,137594,31.7997,15.4953,1
194985,137771,532974,4.7258,7.9332,1
194986,137771,139819,38.0657,7.9978,1
195728,138299,531820,53.7742,8.5419,2
195807,138352,156536,39.7883,4.3203,10
195811,138357,542269,67.9068,11.0454,3
195852,138299,138388,2.4495,8.1771,2
195858,138392,138393,2.2361,9.8687,1
195859,138393,532652,57.9272,8.7067,2
195860,138393,139593,98.1937,7.8111,1
196033,138513,140508,31.305,14.5769,4
196404,138789,497720,19.5471,2.4142,1
197457,139545,504725,5.4772,12.2392,1
197525,139593,539104,40.9417,6.5414,1
197885,139845,539249,51.6871,10.207,2
198520,140283,731932,74.9088,13.383,1
198521,137594,140283,64.0989,15.3388,1
198542,140297,143772,37.4836,18.1908,1
198664,140381,755275,204.8316,12.3909,1
198847,140508,144976,74.7529,16.7284,4
199083,140698,538157,21.2368,7.9078,1
199288,140842,536814,37.7757,8.5497,2
199892,141277,739978,48.4,13.9048,1
199900,141282,750966,108.9796,5.5854,1
200925,142019,144000,46.1844,6.2429,1
201449,142377,146834,93.521,16.4262,1
201654,142527,295946,178.8646,6.7787,5
201854,142646,144390,11.9478,14.5695,1
201885,141638,142669,19.7484,3.9921,1
201886,142669,545350,52.5325,4.6708,1
202467,143114,541711,23.8956,6.1558,3
202468,143114,551768,70.3776,6.8525,3
202489,143130,149058,74.1755,6.0329,1
202490,143130,143360,8.2462,4.8408,1
202825,143360,544984,94.3251,4.0495,1
203017,143499,147305,74.2496,7.0801,1
203018,143499,144072,70.859,6.6296,1
203116,143575,195639,303.1395,14.4078,7
203117,143575,155309,14.4568,18.1659,7
203129,143585,546546,35.9212,8.3613,2
203532,140842,143881,66.7008,8.5853,2
203717,144000,144072,9.9499,6.9784,1
204179,143881,144339,61.79,6.8143,2
204247,143772,144390,30.8062,14.7542,1
205066,144339,144961,16.4317,6.7787,2
205087,144976,546235,6.4464,19.3235,4
205618,145353,546380,20.6935,18.5032,4
206245,145797,724547,53.8981,15.2803,10
206554,129164,146009,237.1012,8.9786,2
206555,146009,160524,156.6014,9.3628,2
206633,39828,146067,128.7828,6.5945,1
206634,146067,252760,31.7857,6.2264,1
207140,68390,146427,16.8325,16.1309,2
207386,146594,565051,167.7584,6.9954,26
207497,146669,533863,18.868,19.9973,1
207735,146834,154313,45.7363,16.1874,1
208147,147127,182833,488.9468,7.6298,3
208396,147305,563314,95.9074,9.2865,1
209413,148018,735190,6.5662,5.6506,1
209763,148269,250404,9.4458,6.7336,3
209764,148269,173856,19.799,9.4049,3
209826,148309,567960,108.4892,6.8239,1
209924,148386,149886,11.4066,19.0947,1
210773,149002,758166,133.1202,4.0532,1
210774,141220,149002,41.5278,3.3461,1
210853,149058,552852,5.9214,7.2772,1
211221,147477,149319,7.874,19.8397,1
211222,149319,359342,17.2595,20.0141,6
211307,149376,551608,40.5079,19.9241,4
211544,149534,556767,111.8109,8.5166,1
211899,149534,149774,470.133,11.1674,1
212050,149886,150688,12.5521,21.2914,1
212131,149947,167995,40.3788,6.6699,1
212140,149953,559658,63.9401,5.7439,1
212472,150205,151985,7.6012,2.5322,1
212853,150466,151438,16.0312,5.365,1
213172,150688,525149,25.364,22.4144,1
213198,150714,358751,23.6973,22.8289,9
213705,151072,569509,84.0754,3.9495,1
213835,151156,551314,82.9371,6.6177,3
214230,151438,163786,130.4799,5.6081,1
214423,149376,151575,63.5925,19.962,4
214424,151575,154575,43.6005,17.0885,4
214520,151644,367879,57.7451,12.8031,1
215003,138789,151985,23.2269,2.8284,1
215089,152045,557897,29.2722,7.9412,1
215225,152045,152137,3.0,8.4845,1
215264,149774,152163,171.2717,12.2163,1
215265,151072,152163,27.5136,7.8639,1
215402,152260,736034,18.43,14.8,18
216037,152704,555844,156.6301,7.2166,1
216301,152137,152896,22.1133,7.2655,1
216627,153128,558127,25.3421,6.3723,1
216764,153218,565320,127.3277,5.6213,26
216765,153218,157374,62.8092,7.0355,26
216981,153371,553634,202.5562,6.1202,1
217329,153622,170767,302.0092,10.952,1
217457,153712,364079,30.0606,7.0958,5
217611,152980,153814,82.8372,7.0283,1
217612,153814,564500,93.5961,7.9639,1
218213,154242,156025,40.3113,20.2211,4
218243,153371,154262,36.5103,4.4203,1
218244,154262,564029,23.4307,5.2249,1
218332,154313,155592,9.1727,20.1796,1
218702,154575,560452,13.3125,17.1888,4
219241,149616,154956,8.6023,22.5988,5
219289,154989,563870,12.3895,6.7371,26
219695,155279,559658,26.8514,6.9466,1
219742,155309,256229,41.9026,17.7135,7
219769,155326,155714,9.8995,7.4806,2
220146,155592,358270,15.0739,18.1343,1
220212,152704,155646,49.1935,8.8289,1
220305,155714,156312,54.9727,5.0543,2
220748,156025,568154,64.8331,20.4566,4
221018,156213,558106,44.0643,9.6478,3
221020,156214,565026,59.7513,6.4363,2
221082,155646,156259,12.2474,8.0277,1
221083,156259,158041,34.5543,7.4051,1
221159,156214,156312,125.4352,4.4964,2
221161,156314,156946,57.5847,5.9329,3
221470,156536,370818,90.2675,5.1112,10
221521,156568,565051,90.9243,6.7129,26
221522,156568,568462,28.3255,6.5332,26
222053,156946,572796,90.257,5.9329,3
222332,139545,157153,37.0555,16.9509,1
222638,157374,586234,131.3849,7.0355,26
222685,157409,571500,36.862,7.0094,1
224088,158418,650274,120.7091,17.737,2
224170,157054,158474,12.2474,18.5995,18
225396,159363,571109,65.9461,4.977,1
225397,159363,159828,59.0424,5.6081,1
225667,159551,569324,16.2583,9.7575,1
225668,159480,159551,3.0,11.6402,1
225675,159480,159556,7.874,10.3431,1
225715,156213,159588,34.1906,8.562,3
226030,159810,741731,20.0666,18.8516,10
226032,159810,160122,4.3205,19.2625,10
226053,159828,586496,234.0214,6.2281,1
226179,159918,572303,14.8261,5.2631,1
226283,160000,663361,215.7112,6.4225,1
226454,160122,164808,32.2731,18.8639,10
227028,160524,160526,78.8162,9.5306,2
227165,160624,575066,23.9209,6.9531,1
227174,160634,174563,45.5089,9.1924,5
227470,160834,560999,95.0099,6.3638,5
227472,160834,162077,68.8549,6.1203,5
227478,160840,581502,102.1154,4.6993,1
227945,161167,745772,9.5459,18.13,1
228042,161239,573264,10.6301,7.5893,1
228043,161239,577677,85.3086,6.1889,1
229233,162077,162168,69.0724,5.3033,5
230285,162827,573089,27.0119,6.6472,1
230286,162827,578859,20.9921,7.68,1
231589,163786,171072,71.5751,5.7748,1
231856,163971,577677,7.5425,6.0552,1
231857,163971,580254,53.1256,5.9402,1
232849,164668,299192,85.1208,11.1789,1
232985,164769,510473,168.2399,4.4707,1
233047,164808,167438,20.0721,20.7219,10
233397,165059,166845,57.3585,5.4157,4
233584,165193,289815,32.3196,4.9286,1
233618,165216,578859,4.0415,7.4051,1
234478,165839,172598,71.2461,12.6429,1
235300,166413,167075,17.6918,20.1307,4
235450,166521,167604,11.0454,4.89,1
235603,166641,182056,85.5265,11.2133,9
235604,166641,361168,85.8817,15.7553,9
236228,167075,169794,39.3065,18.9849,4
236738,167438,171818,36.9083,17.6865,10
236957,167594,748893,45.5948,8.0903,1
236966,159918,167604,91.6788,6.03,1
237006,167633,579102,75.6461,6.085,5
237525,167995,196639,46.4028,7.6088,1
239975,169762,649277,144.3106,6.5182,1
240023,169794,588095,27.3537,19.4289,4
240028,169799,756658,21.5484,17.2606,4
240166,169905,591048,36.7862,7.2157,1
240833,170375,585675,110.1385,4.9641,5
241152,170597,178526,151.9568,9.508,1
241344,170732,759970,42.7707,21.6382,17
241402,170767,175122,61.1274,11.378,1
241506,170839,592710,83.6673,6.2749,1
241805,171060,171345,18.3576,6.2264,1
241880,171116,172837,17.7733,11.2362,1
242020,171203,767455,57.2917,12.038,2
242063,171236,619161,268.3841,7.3024,26
242210,171345,607159,229.5835,8.5503,1
242616,171618,582425,73.0616,6.6323,1
242835,171776,739569,33.295,12.4478,3
242897,171818,761125,35.5668,10.3363,10
243974,172586,588866,11.5785,8.6601,1
243991,172598,172837,29.9537,13.246,1
244081,172656,584044,181.7819,8.0176,26
244115,172684,252221,18.0462,24.868,5
244116,172684,175656,12.3693,25.5519,5
244145,172699,586141,36.1801,5.6079,1
244326,172831,759569,19.779,13.1691,4
244327,172075,172831,9.2405,14.0352,4
244604,173036,587524,218.5986,5.1833,1
244832,173199,175121,17.6257,10.082,1
244966,173290,759425,9.8263,7.0283,1
245275,173502,592324,52.4944,6.2838,1
245416,170375,173614,59.975,6.7428,5
245417,173614,600633,100.6164,6.7428,5
245755,173859,589925,24.4177,10.0479,1
246247,174211,761416,22.8181,11.2268,1
246307,173036,174255,431.0151,8.4259,1
246308,173859,174256,5.7446,11.3885,1
246606,174479,584588,38.5087,17.6955,2
246735,174563,374314,68.2752,12.5326,5
247525,175121,751714,207.6166,8.5789,1
247526,175122,176784,135.9228,12.3071,1
247611,175178,760860,26.6723,10.2227,4
247612,175178,180592,43.5421,10.4662,5
247613,175179,760534,19.4951,19.5959,4
247614,175179,176836,9.2832,14.1184,4
247853,175347,759569,11.9216,12.5688,4
248199,172586,175604,203.7327,8.6601,1
248264,175656,254439,19.7569,29.3193,5
248707,175968,177414,17.8326,18.3283,4
249540,176538,602829,86.3983,18.3845,4
249897,176784,178076,77.7603,10.8204,1
249944,176817,770510,65.554,5.2631,1
249972,176836,180976,26.4512,12.4191,4
250655,177300,206168,79.8288,17.8441,6
250826,176538,177414,8.7178,18.2743,4
251526,177913,299316,79.0253,14.0855,1
251765,173199,178076,58.2771,9.0446,1
252037,174256,178273,83.4566,11.2147,1
252368,178526,764921,108.055,9.8283,1
252496,173856,178609,4.2426,13.1148,3
252498,178609,200896,29.5635,11.0105,3
252742,178773,598684,13.3666,6.8896,1
252882,178773,178864,6.1644,6.5945,1
253108,178864,179030,8.0623,7.3937,1
253326,179180,803818,49.8319,7.0283,3
253788,179488,598185,34.2146,8.4259,1
253860,169762,179535,31.1644,6.0738,1
255237,148913,180514,126.8328,4.3028,1
255344,180592,186558,34.3738,8.9267,5
255880,180976,765313,10.6927,15.7339,1
255881,180976,767538,12.5433,14.7478,3
257333,181986,605438,13.772,4.5414,1
257334,181986,186919,65.6201,5.6967,1
257420,182043,369180,28.8508,8.6988,9
258139,165193,182557,29.8812,4.6856,1
258508,182809,204251,334.6282,6.6401,5
258543,181010,182833,49.2037,8.4208,4
258544,182833,184484,22.8254,7.1413,1
260397,184146,367300,5.4772,7.4699,5
260412,184157,191197,80.287,6.6235,1
261402,184895,621787,76.1205,3.0811,1
261521,184991,610738,50.6778,3.2247,1
261869,185245,610662,21.3385,7.9754,2
262274,185529,188880,53.6004,16.4096,4
262671,185822,763810,48.8228,5.9106,1
263731,186558,187392,18.6041,7.6474,5
263761,186580,609545,21.1082,3.4155,1
263762,186580,187247,25.0,2.6688,1
264257,186919,186979,3.0,5.8303,1
264338,186979,613948,51.1142,6.0738,1
264721,187247,611842,11.9024,4.2523,1
264911,187392,776707,45.7457,7.8516,5
264932,187406,190968,31.4246,15.021,3
265502,185385,187818,41.5331,8.2382,1
265758,170597,188000,245.9697,8.1291,1
265759,188000,199071,77.7975,7.9582,1
266234,188346,193787,31.009,5.3735,1
266362,188429,211517,27.4874,8.0355,1
266980,188880,191303,43.6005,16.9556,4
267662,187818,189402,17.4642,6.6296,1
267746,189460,616077,7.4536,6.2106,2
267772,185822,189478,28.6143,4.9497,1
267773,189478,778795,52.0481,4.8599,1
268748,190187,613948,16.9974,6.2016,1
268750,190187,619772,18.8503,5.1795,1
269090,171776,190424,16.2481,11.9761,2
269091,190424,796949,33.3816,15.3025,2
269610,190787,627343,115.8879,6.1889,2
269852,190968,780679,33.3916,7.5199,3
269987,191063,629011,127.0324,4.89,1
270168,191197,626291,47.1013,6.3894,1
270302,191303,191959,15.3623,15.9477,4
270436,191408,776541,10.4828,17.1134,17
271222,191959,195692,63.1664,13.0232,4
271660,192277,623845,29.8412,4.7405,1
272089,192571,628951,61.2363,4.511,1
272090,192571,621426,24.6577,3.9495,1
272397,192783,627105,31.6052,6.2429,1
274327,194151,200649,38.589,18.9329,17
275288,194815,630031,102.3778,8.7067,4
275291,194817,269158,86.885,6.1135,1
275478,194954,601144,213.4437,8.2785,1
275492,194963,199738,66.4003,8.2417,26
276263,195432,625703,74.788,10.0729,4
276331,195474,200850,136.576,6.2822,1
276575,195639,767311,64.2811,10.5106,7
276651,195692,631953,35.5246,11.8751,4
276853,195850,626468,7.1764,6.2281,4
276854,195850,627841,11.1654,7.0801,4
276881,195474,195869,34.3657,5.0378,1
277357,196219,199893,56.9561,5.5414,1
277429,196266,204758,100.4866,11.7643,1
277954,196639,211378,37.8315,7.6842,1
278619,195869,197112,54.8635,6.9937,1
278895,197312,627841,64.8742,9.6076,4
279338,197626,197786,78.4729,7.0094,4
279339,197626,643715,96.4863,9.8701,4
279368,197647,200548,38.8072,3.9921,1
279624,197839,202932,82.0061,4.0495,1
279625,197839,197977,13.4907,4.8947,1
279643,197850,783995,35.5434,9.1969,5
279644,197850,782638,16.1452,7.7054,5
279808,197977,637711,58.9425,4.3452,1
279832,197994,219850,197.5095,11.3284,1
280938,198794,623468,116.7433,5.8941,1
280973,197312,198817,141.3506,8.7202,4
281021,198853,767455,72.2103,11.6644,2
281178,198960,199071,32.6637,7.3456,1
281455,199158,199159,5.3852,7.5452,5
281624,199265,643331,176.6481,6.4128,4
282288,199738,652081,136.6102,6.982,26
282490,199886,635974,12.8841,11.593,4
282494,199888,200117,58.0431,5.0981,1
282498,199890,641298,40.8167,6.5055,1
282504,199893,200976,28.9137,6.8012,1
282818,198817,200108,81.9573,9.3309,4
282831,199890,200117,42.4853,5.5414,1
283172,200368,783057,6.6249,6.2264,1
283380,200518,798513,105.0825,3.8708,1
283424,200548,642286,46.2241,6.364,1
283582,200663,204707,79.6088,5.3028,1
283583,200663,203820,17.195,3.9241,1
283833,200850,201276,15.748,7.9681,1
283852,200866,202249,123.7578,5.2175,1
283890,200896,202106,12.6886,7.0216,3
284006,200976,201069,7.1414,7.4634,1
284080,201037,788277,28.4462,9.5026,5
284407,201276,647048,110.5245,7.6712,1
284815,201553,784363,4.4721,9.5911,5
285282,194296,201893,46.6821,5.1515,1
285630,200108,202136,78.9747,11.3309,4
285777,202249,639020,39.0327,4.148,1
285961,202378,777934,22.1033,12.0204,2
286047,201911,202438,5.5877,7.7632,1
286688,202907,641329,30.9282,5.0124,1
286730,202932,639127,33.5352,4.5,1
286835,200518,203007,16.9345,4.3203,1
286836,203007,786407,11.1952,4.899,1
287127,203209,257100,9.9499,16.0446,3
287150,203224,656367,184.5052,5.715,1
287978,203820,788164,6.3683,4.6708,1
288586,204251,207254,42.6263,6.0822,5
288630,204281,788266,29.3655,15.6173,5
288947,85620,204501,262.2543,5.1636,1
288948,204501,712077,58.0316,5.4929,1
289237,204707,788798,8.4984,5.6795,1
289308,204758,212954,85.0673,11.0613,1
290361,205525,642920,72.2326,9.4244,4
290846,205872,223122,71.0563,10.2586,1
291248,206168,377604,16.5379,17.5545,6
291644,206438,208248,23.7908,4.2976,1
291650,206442,207318,6.2004,11.979,5
291652,206444,790075,12.161,11.2193,5
291653,206444,790274,38.9986,11.9314,5
291801,206543,638196,74.0855,7.0674,4
291802,206543,207621,19.8494,6.0346,4
292562,207089,207501,14.4914,11.3524,4
292781,207254,719349,506.0099,7.1133,5
292873,207318,208880,21.5948,12.1226,5
292972,207393,212536,67.3573,6.5332,1
293126,207501,212876,72.7324,11.0227,4
293297,207621,208454,184.5779,7.5091,4
293938,208056,210824,20.5081,7.4491,2
294144,208204,210980,257.2275,7.7848,4
294203,208248,652283,18.2635,4.9338,1
294263,208289,214286,32.0247,7.7782,3
294506,208454,648676,29.023,9.7358,4
294912,208735,789545,12.9486,4.7361,1
295078,208848,649619,8.0,5.3852,4
295123,208880,792281,13.4247,12.8352,5
295219,208289,208949,37.1263,9.1184,3
295450,209102,209421,8.8318,14.654,5
295479,209121,796411,20.7364,3.7913,3
295820,209376,790274,45.1349,13.5,5
295884,209421,792340,3.8586,14.8802,5
295973,202438,209482,37.1274,7.1231,1
296037,209527,794810,14.6401,7.8827,5
296078,209562,214451,29.9796,19.1747,17
296254,209692,794810,11.4537,8.4619,5
296300,209725,210317,6.8475,13.0765,5
297051,209376,210248,19.8511,14.7136,5
297136,210317,210875,32.3763,12.1789,5
297240,210388,652037,11.4728,4.89,1
297241,210389,651903,9.0554,2.5322,1
297242,210389,211560,8.124,1.8251,1
297858,210824,217265,130.4036,7.129,2
297929,210875,210970,18.4331,12.3498,5
298017,210938,792281,36.0447,13.5447,5
298018,210938,794132,6.1283,14.0328,5
298061,210970,794248,14.8661,13.1708,5
298073,210980,651825,27.0103,6.2037,4
298440,211233,797165,27.9165,5.9313,5
298468,211256,659203,33.0606,5.0368,1
298644,211378,649277,50.6721,6.6707,1
298705,211420,794132,11.4988,14.6088,5
298706,211420,213716,28.9943,14.5562,5
298853,211517,252354,15.7878,9.744,1
299945,210248,212287,26.8618,15.7913,5
299947,212287,212288,8.2529,16.651,5
299975,211233,212310,51.4296,7.4479,5
299976,212310,213964,32.2783,8.3079,5
300184,212450,788164,44.5346,4.2816,1
300222,212476,808964,287.8453,6.2838,1
300264,209692,212506,31.6178,6.5539,5
300268,212509,212627,7.874,13.0151,5
300314,212536,671259,116.4231,6.2281,1
300395,212593,215886,45.3933,8.247,5
300396,212593,797301,25.1263,8.8023,5
300400,212596,797301,16.7,8.9399,5
300424,211560,212613,37.9737,1.4142,1
300456,212627,796350,13.9284,12.067,5
300851,212907,223939,34.6157,17.1889,17
300920,212954,793358,82.0203,7.8881,1
301186,213155,652081,38.4838,6.1127,26
301188,213155,661150,17.8326,5.6109,26
302131,213716,213840,13.6748,14.9803,5
302155,212288,213856,14.0673,17.2334,5
302610,214163,654853,31.1368,4.9495,1
302611,214163,659029,25.7099,4.0811,1
302691,213840,214216,33.4033,16.3887,5
302692,214216,214354,8.7178,16.4204,5
302783,214286,796411,37.1383,8.571,3
302826,214319,649619,61.5224,4.8139,4
302828,214319,215020,6.7823,4.3574,4
302875,214354,215679,47.8075,15.8114,5
303001,212907,214451,31.9527,20.6434,17
303025,212876,214470,20.6398,11.0227,4
303825,215020,670732,77.4234,5.9103,4
303890,215072,215433,16.5345,19.4493,5
304405,215433,798585,20.6855,18.0092,5
304730,215679,215810,12.1564,15.4224,5
304899,215800,335784,130.4663,12.2664,8
304913,215810,216823,19.163,14.0167,5
305255,216043,767852,36.2108,18.4119,3
305307,216076,800259,9.8432,22.3785,5
305709,216356,654853,57.0044,5.2779,1
305728,216366,669086,29.0431,6.7404,1
306359,216823,223745,93.4505,10.0707,5
306549,216965,802282,22.6323,9.6452,5
306550,215886,216965,32.18,8.105,5
306913,217206,659203,52.8709,4.8139,1
307004,217265,218606,23.6408,7.5374,2
307274,217453,671504,44.1026,9.8464,4
308461,218308,219980,19.4212,5.2607,1
308901,218606,221481,34.6041,8.1203,2
309077,214296,218723,74.6147,4.7541,1
309078,218723,808051,38.7599,3.9324,1
309104,218742,391516,93.5551,16.9704,10
309253,218855,670433,33.3667,4.4068,1
309423,218967,663190,24.1926,5.8941,1
309469,219005,254439,64.0885,33.3479,5
309470,219005,220386,4.2426,35.8384,5
309475,219009,671608,86.2532,4.9936,1
309505,219036,220675,19.3391,4.899,26
310152,219489,228599,131.9924,6.7787,6
310476,219721,384102,17.6078,16.8561,6
310610,219814,802395,20.3142,15.0961,5
310682,218967,219862,39.5727,5.8941,1
310842,219980,809424,48.4441,4.4068,1
310946,220064,666755,28.0891,3.285,1
311133,217837,220203,22.0454,8.1643,1
311240,220274,650274,46.8743,24.7482,2
311241,220274,673758,40.0058,29.4873,2
311352,220358,800831,106.4738,10.5695,5
311353,220358,222645,44.5097,14.4598,5
311398,220386,258827,33.7079,36.282,5
312927,221481,221675,16.2224,7.4011,2
313036,221563,223322,33.0303,7.8719,1
313205,221675,805876,14.1951,7.1383,2
313359,221781,667184,51.264,3.8643,1
314088,222312,235959,133.3742,16.3085,5
314089,219814,222312,27.3679,14.4262,5
314841,222855,669086,50.1448,6.7016,1
314879,222880,801324,40.7022,7.1062,1
315274,223160,678610,38.9915,6.2696,4
315897,223596,805876,82.764,7.5794,2
315899,223596,225618,93.498,8.0282,2
316022,223686,224068,6.3421,17.9721,3
316101,223745,811383,17.0945,6.3093,5
316173,221781,223795,30.4795,4.4954,1
316363,223939,226628,12.2342,8.1782,17
316850,224285,258912,15.8605,19.86,3
317130,223322,224485,16.7631,6.9937,1
317131,223795,224485,9.0,5.3852,1
317244,224565,237886,117.8898,5.0043,26
317425,222855,224695,67.4759,5.4376,1
317829,216356,224964,75.5116,6.7654,1
318763,225618,226949,12.7236,8.3657,2
319962,226454,817872,64.6065,13.5013,5
319963,226454,809720,24.5967,13.6079,5
320085,226539,811050,5.831,7.9681,1
320242,212450,226653,79.5075,3.5348,1
320660,226949,227685,28.1997,8.3959,2
320680,226962,237511,88.3558,7.4532,1
320966,227173,683147,31.4445,8.1231,1
321086,203600,227266,39.3319,4.4665,1
321087,227266,241247,14.7309,5.0378,1
321682,227685,813024,15.6098,8.0903,2
322429,222880,228186,37.7079,9.1924,1
323003,228599,229346,36.1109,7.1056,6
323425,202378,228896,59.716,11.9993,2
323525,182043,228963,237.7121,9.4845,9
323526,228963,395464,137.5439,13.0483,9
324100,229346,691066,13.1909,6.1056,6
326075,230746,231064,7.3485,3.6736,1
326519,231064,234695,58.6174,4.3523,1
327897,232048,232384,78.543,4.8452,6
328381,232384,696877,49.7214,4.4068,6
328645,232571,233283,48.6313,7.0312,1
329196,232960,699971,24.9043,4.9936,4
329217,232974,238590,48.6613,10.9118,3
329289,233024,696877,3.1447,4.1231,6
329649,233283,237690,70.9718,7.415,1
329921,233473,259341,13.1529,4.2426,1
329922,233473,260139,11.8743,7.4364,1
330265,233718,819113,3.6827,12.9606,17
330437,224964,233838,91.7932,7.8421,1
330438,233838,236175,27.6043,7.5794,1
331618,234695,242436,70.9507,4.0495,1
332658,235449,701228,25.7553,4.241,1
333633,236175,735650,110.2769,7.7973,1
334030,233718,236448,22.3745,11.5509,17
335431,237463,246266,88.703,5.5148,1
335455,237478,242379,25.9529,5.7016,1
335613,2319,237600,20.267,15.5819,17
335742,237689,400063,91.9638,16.3752,6
335743,237689,384102,16.1658,16.0139,6
335744,237690,238230,10.3441,7.5498,1
336503,238230,238940,6.7082,7.68,7
337357,238838,239868,21.0502,6.2264,1
337484,238940,245487,69.4766,7.1838,7
337776,235449,239150,34.3802,5.0517,1
337778,239150,239646,7.874,5.0517,1
338761,238590,239843,4.6428,8.4228,3
338762,239843,240205,4.5826,7.9702,3
339203,240161,717215,5.6273,5.8407,4
339607,239646,240433,7.0,3.7606,1
339609,240433,718194,8.34,4.2737,1
340797,241247,270917,74.7172,4.5634,1
341554,241803,720240,4.8249,4.872,1
341555,241803,723028,24.7723,4.0503,1
342376,228186,242379,176.838,9.2969,1
342449,242436,727912,31.0447,4.5822,1
342576,242520,727599,49.6711,8.3037,5
343271,243024,252105,108.4476,7.0674,5
345082,44944,244319,27.9444,4.7541,1
345083,244319,246885,16.8984,3.9324,1
345863,81389,244885,38.7284,5.0414,3
346063,245020,727477,6.1644,8.0282,1
346201,245125,706886,68.7677,5.958,1
346202,245125,250952,53.5257,5.0196,1
346722,245487,735317,58.6307,7.432,7
347906,246317,729971,12.2429,8.779,5
348157,246484,247231,19.3391,3.0616,1
348381,246648,731323,46.1158,4.5826,1
348474,246714,733556,39.6844,3.217,1
348475,246714,731109,34.301,3.3839,1
348722,238838,246885,91.8513,5.2249,1
349219,247231,731096,4.714,2.5,1
349249,85321,247254,10.2256,5.9569,3
349250,102539,247254,6.1695,4.9155,3
349340,51784,247317,46.6893,7.9121,1
349341,247317,249413,37.0075,6.9646,1
350848,149616,248355,32.5478,25.3572,5
350849,248355,252221,37.3195,26.2045,5
352349,205872,249413,210.1603,9.8689,1
352371,249428,738677,34.0881,4.6904,1
352459,105872,249499,14.7422,17.5336,17
352460,135496,249499,7.3485,17.4913,17
352779,249728,732705,14.4106,3.6056,1
352780,249428,249728,3.4641,4.148,1
353327,250115,252129,9.1224,26.4902,1
353727,102539,250404,34.9937,5.9051,3
354530,250952,744111,33.0255,5.9986,1
354554,53142,250972,40.679,13.2181,1
354673,251061,749001,55.9404,8.2453,1
354779,245020,251144,160.4338,6.7774,1
356165,252105,268903,120.852,7.8793,5
356428,154956,252290,32.1685,21.5503,5
356509,252354,356592,18.3727,8.3263,1
356957,38345,252679,123.1571,5.3406,1
357333,252938,784999,157.4004,8.0137,7
357499,253058,713167,138.9412,5.7878,30
357500,253058,254208,9.1104,6.1558,30
357725,253212,254375,38.4993,23.3325,17
358998,254101,254738,29.9666,4.3028,1
359052,254140,292311,60.9125,12.2201,1
359112,250009,254178,57.6194,3.1463,1
359113,254178,744101,11.7898,3.3904,1
359152,254208,267817,94.1701,6.4419,30
359164,254101,254218,21.8632,4.7913,1
359387,254375,265151,40.9731,14.4428,17
359890,254738,750350,74.3841,3.8643,1
360428,252760,255097,25.7186,6.9034,1
360429,223122,255097,56.9932,7.1133,1
361370,255765,255766,20.3316,7.0229,3
361371,202106,255765,8.0208,4.3523,3
361373,255766,256367,22.2669,11.3846,3
361427,255805,742857,22.6471,7.9282,5
362054,252679,256229,123.7858,12.4574,1
362258,203209,256367,37.3502,14.0542,3
362282,252290,256383,23.0115,21.0814,5
362283,256383,257965,11.1878,21.8659,5
362638,256640,750454,29.524,9.6424,5
363220,257055,746924,47.648,6.6623,1
363286,224285,257100,19.6977,17.0147,3
364127,257688,774775,87.496,9.0777,1
364532,257965,268632,87.0508,23.5685,5
365861,258912,268491,62.7719,12.2247,3
366285,258827,259208,23.5337,35.0748,5
366286,259208,259353,6.364,31.8166,5
366463,259341,323996,51.614,8.5439,1
366538,256229,259402,26.1992,19.3639,6
366539,259402,291500,20.9603,20.7596,6
366699,149947,259529,187.139,6.8912,1
367568,260139,264529,12.0876,11.3773,1
369604,261589,269776,111.984,15.8892,5
369773,256640,261714,53.9351,8.4345,5
369774,261714,760831,7.2111,7.8367,5
372076,263330,788734,79.6158,7.4833,1
372333,259353,263507,25.318,31.9041,5
372334,263507,264833,27.8448,33.8484,5
373143,264092,265404,7.8102,5.1515,1
373787,264529,267933,36.6565,14.2016,1
373908,264615,762850,14.9406,9.8995,1
374693,265151,331299,38.943,10.4252,17
375040,265404,774230,45.5119,6.8206,1
375066,265423,781165,89.4383,11.7348,1
377450,267136,338672,20.3224,21.1549,6
378457,267817,776165,99.0252,6.03,30
378623,267933,334021,14.4703,19.2187,3
378624,267933,269054,24.7415,18.5678,2
379396,268491,334021,67.1456,12.304,3
379600,268632,275742,54.8093,16.0171,5
379959,268891,272797,41.3521,7.6155,1
379984,268903,385752,51.5772,8.8703,5
380201,269054,269672,4.4845,20.3657,2
380344,259529,269158,6.4031,7.7426,1
380934,269573,274598,47.1063,9.6162,10
381162,269727,362282,12.2338,21.9925,6
381228,269776,279648,52.0715,14.1154,11
381346,269855,270819,9.4104,17.2675,1
382812,270899,331208,26.8542,15.8107,1
382813,270899,381209,21.0796,9.2016,1
382839,270917,277023,59.9852,5.2249,1
383035,269672,271057,22.4577,19.0615,2
383256,271207,382814,121.9117,5.1926,10
383257,271207,276762,35.7941,4.7541,10
383858,271643,347973,51.5396,13.9306,1
383859,271643,272491,19.9137,7.9299,1
383968,269855,271721,33.4483,21.0116,1
384397,272012,375592,5.5353,7.0707,1
384701,272217,277019,116.3651,16.4072,1
384702,272108,272217,84.7789,13.9949,1
385542,272797,804153,53.1591,8.9396,1
385726,272927,389454,6.0514,3.5495,1
387092,273880,365368,86.4527,7.8776,1
387106,273889,814271,130.1341,5.863,1
387821,274403,413629,37.7315,8.1649,1
387866,273889,274438,4.6904,3.3461,1
387985,274527,408193,9.9499,4.1583,1
388258,274727,395464,5.2118,17.7661,9
388498,273880,274902,41.0658,8.1771,1
389709,275742,450824,29.1357,14.2156,5
389888,275869,807701,30.9713,10.3377,7
390057,271515,275985,63.663,18.3995,6
390059,275985,277737,25.9097,15.7284,6
390297,276146,431365,9.7297,7.874,7
390298,276146,429899,20.3142,10.4562,7
390406,276219,431374,4.6303,25.8358,1
390772,276219,276478,28.0483,21.3527,1
391543,277019,434422,7.9303,20.7106,1
392398,277637,429899,19.2435,18.1489,7
392399,277637,277965,4.0595,22.4695,8
392535,277737,490900,60.2412,11.1335,6
392881,277965,456253,11.6476,23.1178,8
393039,278082,783017,115.5061,8.659,1
393590,278472,278582,17.0261,11.0214,1
393749,278583,508785,74.8101,15.4189,1
393751,278582,278583,12.8712,10.2468,1
394195,25160,278890,44.3872,4.899,1
395065,279494,484545,79.6953,5.6569,1
395277,279648,480805,18.0185,8.4328,11
396349,280399,774775,97.3613,9.5342,1
396350,278082,280399,67.7791,8.1453,1
396419,277023,280452,37.4744,5.9522,1
396421,280452,632405,225.4208,5.5561,1
396557,274727,280553,14.1145,17.3276,9
397163,280998,810347,26.4953,7.3143,30
397428,281187,281188,5.8689,18.4647,9
397429,280553,281188,8.4722,16.6221,9
397562,280756,281276,36.3074,20.371,8
397563,281276,289382,55.2287,23.0617,8
397989,281572,484865,16.9629,30.3293,5
399718,282791,284619,15.8535,7.482,2
400647,47639,283424,50.3477,8.3773,30
401013,283673,285573,65.2934,9.8365,5
401014,283673,287452,28.6705,7.1734,5
401902,182557,284286,108.9082,7.1665,1
401903,284286,293541,92.8493,9.1891,1
402242,284512,290233,58.4627,13.39,5
402390,284619,516693,28.6007,8.7745,2
402870,284938,287452,28.9059,9.3261,1
403243,285198,319564,25.7682,7.1038,1
403347,285268,530907,244.239,9.3261,1
403762,285573,520455,13.2539,13.9104,2
403763,284792,285574,10.3172,8.8805,2
403764,285574,517910,4.899,4.8599,2
403983,274598,285722,46.5212,9.8464,10
404108,285808,286663,24.9564,17.3436,1
404374,285995,288466,57.4708,13.1058,1
404375,285995,286663,4.1366,15.8215,1
404562,286129,291923,83.6301,6.3546,1
404766,286277,286278,6.2926,14.1492,7
404767,286277,515332,12.7622,15.5472,7
405133,286534,421912,208.4882,7.6112,1
405359,286703,395896,19.7146,16.4283,10
405681,41338,286929,10.084,8.9907,1
406198,287300,287938,8.3066,15.4584,1
406392,287452,289561,18.7646,8.6313,4
406897,287820,616786,230.288,8.3647,1
407062,177913,287938,40.9919,15.3926,1
407135,102149,287990,57.7177,6.5557,5
407180,129651,288018,26.3947,9.7133,30
407637,288329,553203,21.3698,8.7979,8
407873,288495,525495,20.6774,9.674,1
408165,288691,288695,48.8774,13.9043,1
408639,288329,289016,8.8694,8.4853,8
408744,289085,536934,69.5573,15.8421,1
409004,215800,289266,66.863,12.5415,8
409428,289587,499423,110.4244,8.6406,1
409429,285268,289587,76.7898,9.9239,1
409774,100968,289815,39.2895,4.9286,1
410343,289085,290215,11.2398,17.8924,1
410345,290216,554413,12.8323,9.7946,2
410367,290233,297997,47.6221,12.2064,5
411164,290791,293032,72.633,18.0999,1
411165,290791,550312,11.3822,15.3828,1
411260,290852,297453,123.8951,8.8305,30
411265,290855,560926,65.2722,21.736,1
411266,290855,611273,37.141,22.049,1
411770,291203,550478,4.3205,17.7989,8
412174,267136,291500,19.9583,20.2473,6
412700,291854,292205,10.2419,8.9109,2
412738,291879,398064,22.5019,23.5145,73
412739,291879,295646,23.8164,22.6069,73
412802,291923,296184,56.6569,9.562,1
413083,292126,293033,31.583,21.2948,1
413086,291203,292129,4.8189,17.6682,8
413190,292205,573062,18.6726,9.2466,2
413318,292306,559474,7.8951,17.4609,1
413319,292306,561842,6.7082,17.8186,1
413325,292311,298645,14.3411,11.7632,1
413353,289561,292329,43.5495,11.5585,4
413996,292803,563219,4.8189,19.746,1
413997,292803,292804,14.522,19.1191,1
413999,292804,292805,20.0499,19.6651,1
414318,292805,293033,17.339,21.5405,1
414447,281187,293126,69.6028,18.521,9
414722,292329,293323,17.9224,16.8461,4
414724,293323,293587,9.1087,19.6302,1
414725,293323,574178,16.556,15.3404,3
415108,293587,572038,35.1858,13.0125,1
415823,294090,806414,10.007,5.1029,1
415824,4903,294090,29.4562,3.1796,1
415900,294142,573062,9.25,9.7846,2
416866,294856,294977,4.8103,25.6089,8
417021,294966,295055,7.5203,3.9858,1
417036,294977,295612,6.7515,27.2054,8
417129,295055,572038,6.4464,6.2787,1
417402,228896,295250,33.3617,8.6297,2
417917,295597,575450,16.4114,10.0519,3
417918,295597,296625,7.1414,8.5311,3
417937,295612,608634,24.59,27.8336,8
417989,295646,401367,7.6085,21.4654,73
418416,295946,543822,111.022,7.0,5
418744,296184,300439,51.3517,11.3137,1
419379,296625,298104,40.6872,8.1056,3
419532,296736,605795,16.7239,12.961,1
419533,296736,560576,40.3508,11.7377,1
420315,297289,298931,24.7417,6.8804,2
420534,297453,314648,220.6944,7.5415,30
421295,297997,636778,31.4983,20.6458,4
421296,297997,297998,11.2424,16.4896,1
421456,298104,298324,22.7266,7.7287,3
421626,298224,676804,26.9637,15.3603,8
422230,298645,369131,91.122,13.0222,1
422385,264833,298753,48.0717,30.7029,5
422623,298931,633418,35.7636,8.4124,2
423159,299316,677200,98.1541,15.1215,1
424085,299966,630547,32.9061,19.568,1
424775,300439,437915,11.0604,11.0652,1
425279,300789,608634,10.1242,25.9964,8
426196,261589,301446,33.1863,12.4057,5
426197,301446,319707,58.1378,18.3242,5
426619,301739,404176,6.0828,15.2224,10
427175,302137,621665,95.7949,13.6133,1
427176,302137,470405,69.735,13.2428,1
427468,302339,505578,30.2262,15.4052,1
427720,302512,387277,51.5258,9.142,2
429030,303439,646155,25.2323,8.938,5
429173,303553,631722,14.4568,17.1829,2
429416,303728,473266,85.3481,5.6993,1
429567,303553,303827,6.65,18.1867,2
430299,298753,304362,23.1517,30.9265,5
431164,304961,311907,42.3661,15.8802,10
434724,307439,313103,31.6421,18.8359,73
434987,304362,307616,29.7993,29.7077,5
435884,308249,616710,14.9295,17.6344,1
436791,308903,518676,26.8432,11.5273,8
436792,308903,684609,20.0938,10.6892,8
437112,309139,312260,36.1939,6.0173,5
437426,295250,309358,28.2312,6.2281,2
438209,309917,406363,10.4881,20.8624,1
441094,301739,311907,20.1384,16.3887,10
441597,312260,728032,20.0918,5.6967,5
442799,313103,318568,30.576,18.3442,73
442845,313139,353711,204.6151,6.8416,1
444120,209,314034,38.3797,13.1634,1
444474,3328,314274,52.3344,9.5866,1
444665,309358,314413,6.0,6.7371,2
444755,314472,405751,62.7127,12.6708,43
444756,314472,408329,32.8312,9.2016,33
444947,314613,403948,39.1706,19.0212,9
445559,1120,315039,46.9446,14.5165,1
448108,8864,316775,47.9884,12.6501,8
448109,316775,684609,42.3858,10.9299,8
448700,314648,317180,23.7065,12.2699,30
448701,317180,322165,29.1548,14.0102,30
448958,313139,317357,42.0,7.6174,1
450698,318568,407853,22.8035,19.222,73
451229,303827,318947,7.0,17.0007,2
452328,307616,319707,8.6023,24.4231,5
452837,320053,403705,32.4568,20.6608,4
453225,320321,323658,87.4185,6.2838,5
454537,320321,321224,11.1803,6.3988,5
455007,321571,329912,10.3994,12.3996,1
456510,23983,322610,39.4968,11.1323,8
457994,51505,323658,83.1946,6.7371,5
458078,323715,325323,46.2097,6.0092,1
458499,319564,323996,4.6904,11.9453,1
458768,322165,324199,17.0,11.8294,30
458769,70714,324199,86.9725,12.2879,30
459178,324495,324858,54.7043,5.521,1
459679,14661,324858,9.3927,7.1296,1
460288,319384,325279,113.7058,12.8319,1
460289,31164,325279,34.7611,13.7261,1
460352,15610,325323,26.6375,4.6926,1
461254,29182,325971,17.792,11.0216,8
461255,23983,325971,3.6056,11.1323,8
461410,326080,340171,111.5975,11.175,1
461411,3328,326080,56.8145,9.2509,1
462032,326499,337606,86.9106,6.3541,1
463348,58683,327426,92.7451,12.5488,1
463362,317357,327436,128.6701,8.9159,1
463831,14576,327764,80.8015,5.1515,1
464951,20810,328540,204.0504,11.2616,1
465573,328984,330697,22.1585,14.6782,1
466128,326499,329394,31.4166,6.5557,1
466340,21361,329541,71.1916,4.2816,1
466531,39165,329678,11.1455,15.0013,10
467430,330305,336541,87.4128,12.0728,8
471573,333248,347947,149.2548,15.7469,1
471574,47920,333248,16.1314,16.5855,1
473527,334649,438642,4.3653,9.8742,1
474336,19803,335204,146.731,10.1522,1
474555,331208,335367,36.6197,13.4849,1
475822,336267,338766,33.2415,7.2327,10
476072,336441,338284,29.95,6.117,5
476102,336457,341397,122.5543,11.3739,10
476224,89754,336541,74.6702,12.3643,8
476750,335204,336896,19.3362,9.1229,1
476751,336896,342122,71.1817,9.7309,1
476857,78817,336965,48.3908,16.1536,10
477747,26151,337606,82.5934,6.3541,1
478638,20896,338211,7.7244,3.9241,1
478740,314413,338279,148.1384,5.7511,2
478741,15353,338279,3.448,5.2421,2
479298,269727,338672,7.6158,22.5927,6
479434,78791,338766,34.8613,7.3098,10
479609,338900,348870,105.385,8.1181,5
480855,336441,339753,56.4092,5.4155,5
480856,339753,350069,78.1153,5.0,5
481454,340171,343851,29.4279,12.3739,1
481599,21690,340276,32.1861,5.7913,1
483165,341397,405600,117.8346,14.4071,10
483610,340276,341716,19.0248,3.7913,1
483611,25254,341716,37.6947,3.3028,1
484185,342122,343602,16.8044,8.9159,1
484557,342383,353170,115.6028,16.4721,1
484652,24420,342464,17.298,4.2976,1
485808,327436,343239,235.4167,8.0355,1
485920,25155,343320,19.2693,5.979,1
486317,343602,347332,33.9444,8.1401,1
486685,151644,343851,77.3854,13.2782,1
487776,342464,344605,56.6559,5.1083,1
488115,26543,344837,32.2783,5.7007,1
488930,345413,345414,17.0261,21.221,73
489877,27495,346072,33.5692,3.5937,1
491655,26678,347332,17.7169,7.1401,1
492241,347750,367846,155.4799,14.1593,30
492242,70714,347750,70.5305,13.5178,30
492562,331299,347973,16.0312,16.3458,17
492563,269776,347973,33.3342,19.2933,16
493773,27499,348865,24.7184,7.9978,1
493780,348870,349818,10.3923,6.7371,5
493819,348900,415150,23.4141,7.4011,1
494874,139200,349674,96.5965,9.507,5
494875,107647,349674,4.761,7.9367,5
495083,349818,349819,2.0,6.4031,5
495085,125353,349819,21.0317,6.8071,5
495362,31239,350011,55.9345,8.6492,1
495445,350069,358406,100.2946,5.5414,5
496187,100443,350574,44.3759,14.6669,10
496638,350574,350900,6.0,15.9682,10
498116,105516,351908,26.4113,5.1029,10
498117,138352,351908,21.7077,4.511,10
499015,29732,352566,18.0555,7.1742,1
499478,29034,352890,58.4266,7.8827,1
499595,352967,353650,23.6854,12.5147,1
499596,352967,353170,5.9161,15.1376,1
499623,352984,355292,3.1623,2.2361,1
500247,353437,378599,237.1856,12.7008,5
500308,350900,353480,26.8887,16.1861,10
500546,353650,355134,107.9305,11.9084,1
500636,293541,353711,57.3236,8.1122,1
501264,25089,354145,118.1435,8.1478,1
501265,354145,370944,132.0002,10.0288,1
501858,136266,354556,28.015,29.4882,1
502599,345413,355062,27.7629,20.7161,73
502600,355062,415331,28.2469,18.4435,73
502702,355134,358270,57.0438,14.2782,1
502814,355218,360146,52.5833,8.3927,5
502815,139200,355218,12.5521,10.4017,5
502907,4903,355292,22.3159,2.2361,1
503539,28827,355749,54.9758,12.2872,12
503818,355936,645592,28.1069,8.2785,11
504255,29138,356226,50.8298,7.0711,1
504256,33143,356226,46.1916,6.8896,1
504434,336457,356355,233.1113,10.5415,10
504667,356518,434190,8.9007,24.0815,1
504994,353480,356758,29.2233,16.0924,10
504995,356758,356955,3.0,16.4677,10
505064,32709,356814,22.6139,10.7469,26
505260,31684,356945,18.1537,9.7721,1
505399,35312,357045,88.82,9.7088,26
505516,356814,357131,59.3631,9.501,26
505517,63255,357131,726.0661,9.0424,26
505623,34984,357202,64.2564,6.6878,1
505624,38786,357202,78.1359,6.2981,1
505666,34661,357228,36.2016,22.4708,1
506149,357575,360010,79.9642,4.6708,1
507161,354556,358277,62.9047,26.6521,9
507357,153712,358406,49.682,6.783,5
507715,358654,366725,110.752,7.2592,5
507859,358277,358751,11.3578,24.6034,9
508700,359342,364542,43.0465,18.7482,6
508802,359412,415550,9.9944,12.2059,10
508816,32190,359425,29.4449,3.9142,1
508817,35645,359425,25.5473,2.639,1
509130,358011,359656,16.9581,12.6225,1
509273,359755,359929,17.8045,20.3428,12
509364,33143,359819,20.0832,7.2592,1
509526,359930,361551,14.1699,12.1093,13
509832,160634,360146,47.7317,7.1581,5
510239,34460,360449,3.7859,19.3778,12
510554,360663,370627,286.7416,11.3605,1
511273,150714,361168,52.159,19.9143,9
511745,359656,361488,16.5865,11.4184,1
511837,361551,368108,47.7831,11.4425,13
512061,361717,362654,7.9303,21.1525,12
512458,356897,361996,7.1181,21.5171,6
512860,271515,362282,8.6987,20.2194,6
513383,34797,362654,19.6808,21.5534,12
513734,37636,362897,29.8049,21.5397,1
514336,363338,363897,9.5044,20.3338,11
515093,36039,363897,5.2599,20.6341,11
515653,360663,364289,72.9673,3.7913,1
515689,35170,364318,77.7667,7.2663,1
516008,177300,364542,15.2534,18.1157,6
516262,356955,364731,77.4145,16.2768,10
516263,189574,364731,37.2424,17.6236,10
517062,363338,365292,23.497,19.3284,11
517211,364289,365408,55.001,3.5616,1
518044,44349,366008,11.3431,16.8648,1
518203,359412,366123,43.6323,13.1465,10
518864,365292,366585,19.5533,18.9813,11
518865,366585,366587,3.35,20.3285,11
519056,184146,366725,15.2753,7.6178,5
519873,364079,367300,89.8554,7.5074,5
520691,367879,380005,66.0454,11.3889,1
521024,39239,368108,5.2599,11.7473,13
522485,369131,378949,29.0402,16.4095,10
522557,182056,369180,15.5849,8.6988,9
524649,40653,370627,9.4207,17.4657,2
525077,41395,370929,68.1131,4.458,1
525254,218742,371047,86.725,18.5181,10
525255,189574,371047,10.4563,19.9239,10
525471,57950,371195,444.475,6.3541,1
526094,361996,371641,17.1172,21.8808,6
526189,40371,371711,39.2202,9.5647,25
526190,40312,371712,14.5488,9.6667,25
526776,42017,372121,58.0747,7.8885,3
527206,371712,372424,21.8123,9.434,25
528076,373024,417825,23.1349,15.5297,10
528077,373024,383164,60.1156,14.3571,10
528082,369131,373027,29.8736,17.1723,9
528083,373027,426276,102.9806,13.9218,9
529205,370929,373821,36.0817,5.1375,1
529890,214871,374314,75.1731,16.977,5
530756,373495,374942,11.8322,24.5523,11
531044,41143,375143,53.2005,12.0824,25
531265,375056,375291,5.6862,2.2882,3
531717,274527,375592,44.1324,5.229,1
531916,370818,375739,38.833,5.5317,10
532798,376370,392958,176.1581,13.3489,1
533225,374942,376670,18.1261,23.8156,11
534335,375739,377484,14.3527,4.5274,10
534336,377484,382814,39.8623,4.7361,10
534456,375143,377573,37.741,15.5661,25
534492,219721,377604,27.0914,17.2174,6
535307,378204,378640,21.8225,14.766,25
535509,271057,378342,18.2587,20.8395,2
535510,378342,381190,4.899,21.7279,2
535599,378401,382853,54.0134,8.8967,3
535875,214871,378599,15.0,18.8546,5
535930,377573,378640,11.3535,16.0746,25
536351,378949,421327,46.9929,13.2411,10
536612,378204,379131,12.7802,13.8562,25
536715,376670,379202,20.3005,24.4629,11
537020,45229,379409,12.1381,12.9154,25
537410,379409,379673,10.1708,13.2769,25
538655,380005,380570,5.0,13.1463,1
538656,380570,386147,29.4788,13.8711,1
538758,380643,695148,36.4722,13.3736,2
538891,380730,385995,42.0276,24.2919,5
538897,379202,380734,19.2376,23.9886,11
539541,381190,449334,54.7723,15.7352,2
539568,272012,381209,16.6024,6.7016,1
539668,272927,381277,29.0555,6.3852,1
539670,270819,381277,15.6844,12.0934,1
540385,31750,381780,427.5343,7.1947,1
540389,46524,381782,34.8999,5.0,1
540878,49648,382117,43.2152,5.6926,1
540949,375291,382170,100.6432,5.1167,3
540950,382170,384097,19.532,6.7371,3
541191,382344,482034,79.3275,26.7205,1
541196,382344,698318,40.7538,22.0344,10
541596,367846,382622,124.3141,13.8123,30
541733,46499,382717,45.2204,5.2639,1
541918,49159,382853,34.3883,8.5408,3
542363,383164,421327,9.9163,10.5259,10
542372,382622,383171,7.874,13.3976,30
542930,382180,383551,11.4734,15.1086,13
542931,383551,387402,36.4623,13.737,13
543719,384097,384962,7.624,6.03,3
544129,380730,384412,26.9477,26.1147,3
545056,385085,422557,6.0331,11.8026,1
545589,380734,385453,44.1824,22.349,11
545990,385752,646155,206.2353,8.7901,5
546338,49597,385995,9.6339,21.9862,5
546575,254140,386147,22.7962,12.7896,1
546647,384755,386199,60.0532,6.6707,1
546728,48803,386251,6.2093,14.1242,1
547031,384412,386478,30.2912,18.5933,3
547361,49138,386713,84.1004,4.6111,1
547362,51386,386713,24.8451,4.6708,1
547971,385085,387159,14.2409,9.033,1
548137,387277,421910,29.5799,7.77,2
548191,386478,387320,22.3358,9.1125,3
548317,387402,388890,16.2884,13.2233,13
549897,388536,388991,5.4467,23.268,5
550127,388704,395590,23.2886,16.6104,1
550389,50836,388890,5.4829,14.334,13
550553,50108,388991,15.8535,22.849,11
550554,388991,391824,59.4857,22.8836,6
550561,384755,388996,51.7016,5.1194,1
550566,381782,389000,108.0869,4.2321,1
550732,389110,393941,90.1486,6.4803,1
550833,48858,389178,34.938,13.2454,25
551232,272491,389454,18.2665,5.6317,1
551271,389475,394845,38.7752,17.7402,1
552678,53896,390465,57.0258,19.9874,13
555820,392612,445916,34.3589,26.814,1
556315,53083,392958,14.8959,6.458,1
556802,269573,393277,10.5672,10.032,10
557331,271721,393635,25.7124,20.3138,1
557332,273640,393635,3.266,20.1693,1
557743,55765,393941,58.5226,6.6437,1
557924,394082,405959,12.47,9.1368,1
558395,388996,394418,44.4797,4.7182,1
558812,394709,394845,26.1908,9.7204,1
558816,276762,394710,81.1542,5.2631,10
558818,393277,394710,17.4929,7.9185,10
559862,395449,400296,39.9264,46.6608,2
560072,395449,395590,45.2626,25.0881,1
560493,391516,395896,43.6005,16.5615,10
560678,55906,396020,14.1853,18.527,12
560945,396210,402711,41.9272,5.2421,1
561179,50441,396381,104.2913,8.665,1
561290,396460,403200,114.8085,11.4184,10
561360,392612,396508,28.3543,17.7548,1
561457,61540,396552,74.3192,21.6046,1
561480,63869,396552,74.4296,15.9749,1
561835,396788,398864,25.8903,7.772,2
561904,396381,396838,4.9554,7.7934,1
561905,61948,396838,103.9129,8.1844,1
562012,396917,397643,90.0801,27.7794,1
562016,396917,399874,80.574,47.0265,2
562306,394418,397013,28.26,5.4155,1
562783,55899,397336,6.1283,22.284,2
563051,53042,397523,51.9797,4.872,1
563208,53394,397643,122.45,6.8852,1
563553,396460,397903,66.1362,11.4184,10
563554,285722,397903,3.2998,10.8603,10
563783,383171,398064,111.3283,18.6117,30
563784,398064,398065,16.5529,21.0772,43
564128,397336,398320,98.4536,18.6429,2
564929,55511,398864,31.1644,6.5,2
564987,397523,398903,19.0933,4.8139,1
564988,60774,398903,44.8962,3.9241,1
565446,399209,402473,5.4467,14.3693,2
565494,397013,399239,68.6486,3.9142,1
565853,396788,399498,64.0943,6.5081,2
565972,357976,399579,168.8679,8.938,33
566396,399874,400186,10.1851,49.4617,2
566813,59089,400175,19.6723,16.5373,12
566830,400186,400296,4.5607,50.177,2
566972,391824,400287,139.1814,26.4192,6
567000,400287,428024,133.3591,21.5979,4
567806,398065,400852,62.1208,15.4173,43
568236,58246,401155,7.7268,17.0085,1
568534,401367,403188,26.4197,21.4881,73
568820,59197,401570,7.188,19.1538,2
568922,293126,401639,19.5078,17.6913,9
569543,400063,402106,16.2481,17.6777,6
569544,402106,406595,23.7065,19.6805,6
569586,400852,402134,24.2899,11.6563,43
570109,399498,402510,33.8378,5.1515,1
570399,402711,404043,13.8163,6.1567,1
570682,273640,402917,14.2712,19.377,1
570683,402917,421701,19.9499,16.8794,1
570942,59319,403106,13.6198,17.5277,4
570944,59677,403106,5.7009,19.7749,4
570986,401155,403136,38.1509,10.7937,1
571061,307439,403188,20.0139,21.1612,73
571077,314472,403200,95.843,11.315,10
571216,355936,403303,33.6931,9.2546,11
571217,403303,702730,13.6748,8.2671,11
571407,401639,403442,32.5269,17.4496,9
571627,402758,403603,187.4336,24.3153,4
571847,70225,403603,86.2415,15.1458,1
571850,403603,421908,54.752,25.5086,1
571935,403603,437001,144.5504,20.3026,8
572079,403705,757204,67.2582,18.6547,4
572081,403707,405019,21.8655,20.8364,2
572433,403442,403948,10.198,17.5347,9
572456,396508,403962,19.3913,7.8012,1
572457,403962,419109,13.4866,8.3477,1
572475,396917,403977,77.4973,35.2977,4
572579,404043,414418,90.9389,6.9996,1
572760,286703,404176,42.5598,15.73,10
572885,404262,404626,46.929,4.2737,1
573360,403136,404616,9.9437,2.5616,1
573375,62736,404626,33.7589,5.6926,1
573511,402134,404730,39.9249,11.4522,43
573725,309917,404893,6.2716,19.2781,1
573890,62316,405019,30.3209,19.6898,2
574731,304961,405600,18.3485,14.8987,10
574905,404893,405721,7.4833,21.9685,1
574906,405721,408743,19.105,20.7777,1
574947,405751,406142,112.0223,12.6708,43
574999,71734,405792,7.1414,10.8327,1
575216,405959,419109,18.0015,9.3477,1
575482,62056,406138,11.4891,5.8941,2
575483,406138,409319,60.0083,6.4031,2
575488,404730,406142,23.0217,12.0208,43
575805,406363,407179,9.1652,20.4939,1
575816,404262,406373,19.5988,3.3839,1
575817,63392,406373,24.0069,3.5348,1
576138,406600,698082,38.6221,11.8759,3
576939,321571,407179,5.7166,17.2487,1
577067,398320,407273,200.478,15.7477,2
577085,66306,407283,38.9657,8.8993,1
577908,407853,409245,21.4709,19.4646,73
578090,399239,407977,91.1906,4.3723,1
578412,274403,408193,11.7898,4.5616,1
578615,408337,431857,57.434,5.2421,33
578792,61948,408466,38.8973,7.3852,1
578800,408473,413164,61.5631,5.3779,1
578943,408574,414791,119.6848,7.7016,1
579008,394082,408621,27.2438,11.1176,1
579011,408621,427650,8.6512,13.4628,1
580063,409363,411623,57.8793,22.7472,1
580154,409408,617174,29.6311,6.0467,1
580155,304707,409408,43.7988,5.2421,1
581612,74379,410431,141.2409,6.5557,1
582827,63255,411281,31.3475,9.5866,26
583133,408743,411494,29.9833,11.948,1
583134,411494,413185,32.3883,7.1386,1
583144,345414,411500,29.8831,21.6516,73
583145,409245,411501,26.4764,20.6125,73
583146,411500,411501,4.2426,21.9476,73
583305,407283,411623,30.5045,18.8993,1
583647,64269,411868,10.2144,15.0635,1
583648,411868,413267,11.3333,18.2007,1
583669,62961,411882,34.2199,4.4126,1
583737,357151,411933,42.3228,7.1947,33
583738,357976,411933,37.2429,8.1417,33
584464,411882,412453,9.4163,4.7913,1
585334,61342,413054,59.2732,11.9276,1
585547,348900,413185,12.2837,7.874,1
585572,413202,414253,118.1176,12.3956,1
585668,66203,413267,16.5227,14.6479,1
585976,413488,414832,6.998,12.2471,1
586176,413629,428520,21.6102,12.6225,1
587071,414253,414528,40.8255,11.9314,1
587302,66156,414418,24.9666,6.085,1
587418,406595,414495,64.1015,20.4002,6
587419,356897,414495,6.5064,20.7287,6
587461,414528,414798,24.1534,13.0,2
587858,68431,414791,21.4295,8.0,1
587868,414798,417271,109.5775,12.0902,2
587916,403603,414832,124.535,20.8102,1
588354,387159,415150,65.5872,6.8182,1
588614,415331,419758,105.3281,18.3802,73
588799,108936,415455,43.3051,16.0468,2
588943,356355,415550,48.9955,12.083,10
589920,408329,416236,49.2849,5.7996,33
589921,416236,422829,43.2666,5.7604,33
590962,314613,416979,189.9149,18.4978,9
591208,417143,417734,74.7566,11.8775,2
591209,67783,417143,14.6477,10.3295,2
591398,67783,417271,4.0689,10.3071,2
591486,417329,421135,24.6261,7.3406,1
591558,417379,436497,15.1551,15.5623,2
591559,417379,698082,7.8746,15.2212,3
591655,366123,417443,10.6562,13.0029,10
592185,417443,417825,22.0227,13.1095,10
592531,418071,427540,14.8212,18.079,9
592532,418071,426293,8.226,17.4045,9
595197,419987,421494,34.1337,6.7564,2
595468,72407,420180,122.6499,5.5317,2
595469,69900,420180,14.5488,5.2035,2
596477,416979,420888,67.2533,16.0988,9
596827,75204,421135,56.2731,7.7457,1
597085,421332,424549,36.8971,10.8234,11
597318,72409,421494,58.3581,6.6878,2
597594,66725,421674,79.3347,9.5954,2
597595,71832,421674,21.0238,14.244,2
597630,405569,421701,30.1496,8.3102,1
597899,70701,421900,9.8203,4.4126,1
597916,72800,421908,17.5165,20.3628,1
597919,421910,707259,34.3329,8.4779,2
597921,417379,421912,34.6796,11.9993,1
598815,422557,428459,58.2752,12.8505,1
598825,419758,422564,42.638,19.6469,73
599203,408337,422829,28.8964,5.8549,33
599424,422988,433445,82.2224,8.9679,1
601076,409363,424078,63.3894,21.0833,1
601077,424078,425035,7.4351,19.217,1
601731,424549,425598,18.5772,9.4219,11
602294,72407,424963,25.3158,6.5115,2
602404,73508,425035,8.0176,18.9855,1
602874,72210,425363,14.5029,5.3723,1
602875,73317,425363,3.6056,5.4218,1
603203,425598,427097,14.3023,8.7441,11
603351,276478,425699,23.1733,16.4438,1
603846,426057,426276,45.7785,9.2447,9
604173,420888,426293,105.7213,16.3207,9
605328,73822,427097,11.4552,7.4736,11
605845,427461,428367,149.5507,26.6886,1
606117,426453,427650,6.9442,14.0708,1
607245,86042,428367,73.2541,21.8537,11
607284,428367,457648,143.47,22.0378,1
607352,427540,428411,36.7741,19.1704,9
607420,426453,428459,11.7851,13.8155,1
607452,428467,676804,42.8447,15.0433,8
607453,428467,702699,30.4778,17.7165,9
607458,428467,633026,29.4423,18.6887,1
607509,428504,445367,37.3363,5.6825,7
607531,425699,428520,5.3852,14.5815,1
607548,426057,428532,4.761,9.0182,9
607549,428532,434500,101.789,9.8913,9
607615,427455,428579,49.3447,7.7016,1
607616,428579,430301,14.2792,8.126,1
607658,76256,428607,20.0915,11.0873,11
608032,357151,428890,86.9342,5.6993,33
608734,428411,429410,82.4473,18.9095,9
608939,74298,429548,22.2935,6.5288,1
609040,423097,429621,48.0486,4.5247,1
609041,429621,433610,34.3495,4.8947,1
609231,429771,433468,6.1373,20.5249,9
610320,430525,441760,9.1287,16.2053,73
610321,430526,431715,11.8181,18.9316,73
610322,430525,430526,14.5602,17.2498,73
610373,430566,440839,6.2628,11.7879,9
610421,430601,481559,16.68,11.5849,1
610851,428024,430912,32.8874,9.5415,4
610990,431012,440839,27.158,9.819,9
610991,431012,431889,96.7729,7.9681,9
610992,431013,440845,9.1773,16.2634,9
611383,431290,446972,7.2495,28.3894,9
611492,431365,434256,21.9317,6.8093,7
611502,431374,435754,3.6056,25.5632,1
611613,431456,441760,28.954,16.2053,73
611725,431013,431525,25.5734,16.34,9
611999,422564,431715,94.4757,19.1247,73
612222,431857,487032,50.2295,5.3779,33
612264,431889,432490,18.8414,7.6787,9
612269,431892,432257,18.7083,26.4731,9
612361,1259,431962,13.5508,10.5313,1
612768,432257,470301,136.5064,22.4516,9
613008,432360,433158,16.8317,12.3882,11
613195,432489,434500,46.9148,9.7133,9
613196,432489,432490,5.831,7.8648,9
613204,431525,432493,10.7238,16.0268,9
613205,432494,457334,52.8257,16.4252,9
613206,432494,452223,4.43,22.4252,9
613330,432583,435969,18.602,13.0436,4
614111,80378,433123,26.198,6.4803,1
614250,80494,433158,38.2012,10.8467,11
614457,433309,460728,8.0208,13.1148,9
614650,81516,433445,34.6946,6.9432,1
614686,429410,433468,26.9856,19.8924,9
614895,79242,433610,12.1518,4.8408,1
614946,433652,454340,13.7726,13.617,2
615728,434200,435360,9.4281,20.035,4
615799,428504,434256,5.7446,5.1636,7
616038,278472,434422,38.5746,16.3618,1
616207,430912,434544,24.3196,8.0552,4
616209,434544,434606,4.7124,9.9636,4
616572,87393,434812,122.2361,4.6213,1
617358,79616,435360,13.536,18.8081,4
617462,79839,435433,21.9747,20.1838,4
617678,435582,435997,5.4967,5.9036,1
617748,434606,435633,9.3926,12.6884,4
617750,435633,436741,5.6162,16.1823,4
617804,371641,435676,137.5476,22.3831,6
617922,277637,435754,5.9424,24.3282,1
618218,435969,436900,8.1989,16.0663,4
618253,81392,435997,18.1075,5.6454,1
618868,82385,436440,18.9561,8.1072,1
618949,436497,696642,59.8275,13.6033,2
618956,432583,436503,31.8247,15.3894,4
619384,76283,436792,58.0192,5.3723,1
619534,81101,436900,10.419,16.3898,4
619566,279494,436921,102.9077,5.6569,1
619567,436921,564458,97.5756,5.715,1
619665,436741,436986,9.0585,16.0786,4
619716,82058,437001,11.7992,10.4003,8
620986,81093,437881,19.1283,7.4051,1
620987,82690,437881,16.5496,6.7774,1
621025,302339,437915,8.4656,12.3726,1
621254,81099,438070,10.247,22.1814,4
621993,82693,438569,7.0356,21.5746,4
622219,438713,446322,52.9272,9.5538,1
622537,80617,438933,23.2809,5.6541,3
622727,439060,484434,8.0623,19.6445,6
623243,439428,442517,48.8571,8.8994,1
623309,428367,439469,63.8421,21.0428,9
623712,68563,439747,325.4844,6.7045,26
623848,438569,439839,29.425,20.2265,4
624224,83982,440096,46.3249,7.6742,1
624416,440114,550661,165.1944,34.2854,1
625397,82384,440765,22.2442,6.1336,1
625398,85385,440765,109.0113,8.4853,1
625515,430566,440845,106.3417,14.1241,9
625719,98278,440986,169.7072,6.6707,1
625902,441115,441625,32.9556,7.4051,1
626115,83476,441258,7.5056,6.2838,1
626393,441451,448362,141.908,5.1636,1
626632,409800,441618,10.7732,9.525,1
626633,356592,441618,6.8069,8.1072,1
626640,87874,441625,71.2872,6.8206,1
627318,442103,472634,56.1397,9.319,33
627907,442517,442519,7.375,9.9611,1
627910,84654,442519,15.7692,8.5692,1
628061,85148,442633,20.5643,9.0221,1
628556,442978,482034,4.899,22.7454,1
628557,356518,442978,21.6487,22.4548,1
628617,443027,443196,16.9509,7.6155,3
628618,87631,443027,38.8244,6.4675,3
628853,83708,443196,79.9451,7.5148,3
629159,443418,443419,9.0319,27.5135,9
629161,443419,448336,27.5112,28.2223,9
629184,443434,446569,35.3726,4.6312,1
629223,443459,445012,205.2584,7.5225,1
629224,443459,451552,139.4382,10.0234,1
629347,443550,449625,75.9985,6.5027,1
629976,83482,443980,43.4268,17.0433,4
630552,84293,444386,26.8204,3.9241,1
631117,443980,444792,22.1635,18.4765,4
631423,86496,445012,65.9874,5.5981,1
631777,86694,445253,14.7045,21.7584,3
632073,445460,446966,18.6488,27.6273,9
632254,90032,445600,63.554,17.5228,4
632709,445916,454537,7.1846,26.6833,1
633645,446569,450334,38.5126,5.3028,1
633941,444792,446768,27.9722,20.3026,4
634216,431290,446966,12.0646,27.6628,9
634225,431892,446972,15.4668,28.4954,9
636161,445460,448336,20.4179,27.8102,9
636196,88393,448362,24.6441,5.1636,1
637537,449295,451590,63.0031,9.5847,1
637595,449334,451985,3.0,11.3129,2
638003,449625,451096,12.4989,7.4159,1
638257,97677,449796,25.0865,6.1742,2
638418,449912,543822,220.0237,7.5311,5
638419,309139,449912,71.2814,7.3098,5
638473,449955,526737,42.9328,14.6732,73
639021,89980,450334,8.2462,6.7016,1
639085,449955,450382,201.1119,11.7432,73
639718,450824,463588,19.6469,22.4013,5
639983,450382,451008,7.0711,10.738,73
640103,451096,455434,53.6418,6.6571,1
640150,451008,451125,7.6811,11.3129,73
640294,451232,453094,37.2832,4.6751,1
640295,451232,455962,51.1571,6.9954,1
640780,451552,467334,202.9291,10.343,1
640833,451590,455878,48.8507,6.8458,1
641390,451985,456211,10.4881,9.7735,2
641731,443418,452223,48.2115,25.0688,9
642301,452620,452959,8.0623,11.0408,73
642524,452620,452775,38.4838,13.8766,73
642770,451125,452959,121.396,11.4017,73
642964,92752,453094,31.6263,3.6736,1
644212,429771,453972,38.108,19.6296,9
644366,439747,454086,227.749,7.2715,26
644721,454340,726065,21.5896,13.747,2
644989,440114,454537,170.7442,30.4182,1
645264,454730,459427,36.8103,5.1421,3
645944,455215,457247,18.6756,4.1068,1
646232,455434,470126,185.6454,5.9977,1
646718,455781,550659,13.9306,35.2881,1
646719,455781,550661,4.9329,35.0857,1
646977,455980,524918,98.7128,19.2097,6
646978,455980,549237,4.397,17.3398,6
647146,136729,456101,43.0155,5.7748,2
647306,282791,456211,26.6521,6.9219,2
647363,280756,456253,13.5031,22.8255,8
647691,456484,553378,11.8031,25.4544,6
647697,456486,552078,4.8189,47.3937,7
648399,335784,456990,40.0625,13.0073,8
648874,433309,457334,3.6818,12.5592,9
649333,457648,460476,44.0974,10.0504,1
649431,92079,457723,40.8969,4.4068,1
649611,452775,457845,91.1811,27.2364,73
650860,274902,458714,66.7108,9.0041,1
651266,458984,459450,126.9398,30.5738,1
651300,105005,458984,132.3628,31.3573,2
651469,459090,465349,67.2524,10.9977,2
651935,459418,560543,7.6419,15.655,1
651936,459418,554598,14.9922,16.0687,1
651946,95684,459427,6.5997,6.3326,3
653015,460181,461456,143.2224,6.2741,1
653170,460287,574763,105.7303,28.3265,6
653458,460476,461396,23.6375,7.7681,1
653766,281572,460698,18.3723,27.5631,5
653767,460698,463588,6.1644,24.9187,5
653805,432493,460728,24.3447,14.4027,9
654803,461456,464574,90.4243,6.3787,1
654810,459450,461462,22.7024,21.9119,1
655230,460181,461747,58.2806,6.0355,1
655231,100697,461747,281.0509,5.8541,1
655240,461396,461753,5.4365,7.2715,1
655242,461753,462910,10.387,9.9683,1
656508,462660,554598,23.6079,11.8241,1
656860,462910,463182,7.865,13.0435,1
657257,97696,463182,9.9658,13.4506,1
657259,98544,463183,23.2355,16.1018,1
659042,98278,464429,56.2317,6.0092,3
659044,464430,578593,2.7689,10.197,6
659254,98314,464574,3.448,6.6401,1
660348,465349,475728,99.9161,12.259,2
660623,464430,465538,35.2278,10.3635,6
661645,97925,466237,50.4975,9.5826,26
661920,180514,466434,3.7712,5.1926,1
663204,100398,467334,13.4536,9.8538,1
663478,467533,475770,76.6094,11.3137,33
663652,445367,467658,20.9045,8.9813,7
663653,467658,477545,60.5392,9.2302,7
664273,119687,468098,28.3882,16.9855,1
664348,468155,594983,20.6473,19.5831,20
665005,101807,468619,17.9907,16.4886,1
665724,469105,707259,22.7864,8.779,2
665726,469105,720982,6.675,9.6414,2
666167,467533,469416,82.9096,12.194,33
666168,469416,588802,21.3672,8.1908,33
666445,469629,582334,80.2205,12.3837,6
666446,469629,601254,38.1887,7.5261,6
667150,470126,476903,93.1683,7.2355,1
667421,453972,470301,42.8195,20.1985,9
667572,470405,757204,23.8371,15.5657,1
668139,470778,619017,172.5898,22.5247,20
669795,399579,471945,88.6172,8.1723,33
669797,471945,472633,4.1231,7.6888,33
670121,472187,617164,56.5145,12.4774,1
670740,472633,472634,5.4263,9.8322,33
672628,104733,473981,20.5832,23.0527,2
672960,103562,474199,31.5278,9.911,26
673060,103649,474277,10.8883,25.9286,2
674034,474977,477394,16.8528,7.1756,4
674300,107125,475163,38.5011,7.7449,1
674598,103938,475368,32.402,27.5452,2
674899,475576,498278,11.5578,20.4573,2
675138,475728,476057,6.9042,13.6006,2
675211,475770,633581,107.9745,8.2525,33
675563,476018,476136,10.072,20.8199,2
675621,109569,476057,78.1992,12.3836,2
675727,107188,476136,36.4005,18.5964,2
676088,474199,476396,47.8528,11.2651,26
676089,108005,476396,44.0946,10.1141,26
676796,476903,485575,96.7293,8.0584,1
677510,477394,497234,184.1877,5.715,4
677566,477429,478861,22.5167,8.217,2
677567,477429,477529,13.3083,7.5311,2
681168,254849,479952,110.3595,6.8023,1
681177,479959,481226,18.412,14.5766,2
682261,108005,480707,29.0995,8.1723,26
682403,480805,537170,54.2402,9.1103,11
682621,480956,481025,28.349,5.3218,1
682725,481025,491310,98.1869,5.9137,1
683016,481226,481464,12.1681,13.0935,2
683364,110081,481464,32.0469,11.0594,2
683488,481559,491746,22.4153,10.9099,1
683575,481618,624152,4.9554,13.9839,1
683720,481722,484872,34.7131,23.1928,20
684165,108799,482029,12.1335,6.5355,26
685329,38728,482857,22.6936,15.4438,3
685330,482857,757204,88.1986,15.6058,3
687100,482029,484106,85.2382,6.0355,26
687101,110851,484106,19.5533,6.2417,26
687572,435676,484434,28.1306,20.8723,6
687723,431456,484542,102.104,16.7014,73
687724,484542,485541,10.8883,16.7178,73
687728,484545,521816,153.9156,6.6978,1
688202,484872,635688,19.6554,24.697,20
689180,112378,485575,35.6043,7.1838,1
690432,481465,486464,64.3031,6.7293,2
691233,428890,487032,55.4557,5.1736,33
692329,112376,487821,8.5049,7.2024,26
692330,112648,487821,62.8702,7.8301,26
693359,488557,489094,3.0,20.1328,1
694112,489094,492114,21.2132,21.6949,1
696081,109569,490475,124.3767,10.3738,2
696082,490475,490640,8.8242,10.1253,3
696314,490640,491048,35.2082,11.4499,3
696677,490900,499423,10.3923,7.6468,6
696892,491048,501182,99.4328,11.8078,3
697018,114446,491141,14.1608,6.3668,26
697265,491310,497228,61.8277,6.9465,1
697879,491746,595048,12.5786,10.0917,1
698077,491898,646825,8.4656,20.9484,2
698397,492114,494209,11.1803,23.9636,1
698591,492241,734490,54.9242,8.0902,1
699992,493209,633639,25.9161,10.4224,2
700363,493463,503901,162.3145,26.0905,20
700648,493677,646824,15.3298,11.5055,2
701393,494209,501305,42.2729,26.7702,1
701687,494422,495922,5.1962,13.0585,7
701989,484865,494626,10.0995,26.8786,5
701990,284512,494626,8.8129,21.8403,5
703278,495573,497367,26.4197,6.2404,32
703449,495679,652260,18.3576,13.4391,2
704642,485541,496518,37.4759,15.0816,73
705190,136729,496894,24.8126,5.3852,2
705854,497367,498394,11.7473,4.6583,32
707343,498394,663597,56.7561,3.7199,32
707353,497228,498400,121.3029,7.9363,1
707805,477513,498715,18.0555,5.651,1
707806,284938,498715,19.7321,7.4744,1
707840,286278,498737,38.6738,14.7815,7
707841,495922,498737,19.1311,14.3069,7
707860,477545,498750,43.5201,8.2498,7
707861,494422,498750,7.6158,10.7944,7
707906,497234,498781,21.1719,5.5335,4
707908,119174,498781,10.1612,5.9036,4
708164,122916,498953,120.9215,7.6155,1
708307,499053,658790,5.0,11.0954,1
708462,119174,499156,103.8059,5.7899,4
708463,119172,499156,7.461,7.9574,4
708532,495573,499206,32.9393,7.1774,32
708533,499206,663388,41.3239,7.2911,32
708838,284983,499423,18.3121,7.2772,5
710204,119456,500368,33.2951,6.5927,26
710205,122049,500368,79.7563,6.8553,26
710853,158656,500833,34.9824,7.139,3
711337,501182,514162,119.1092,10.4833,3
711515,501305,663438,9.9443,28.0596,1
712257,501850,504612,27.6908,8.2144,26
714396,503364,506233,17.1464,29.3661,1
714999,118876,503786,104.5241,7.3434,2
715166,503901,503902,5.0,26.7764,20
715167,503902,666575,12.161,26.6063,20
715559,458714,504178,90.824,8.3777,1
716194,504612,536690,389.3124,7.6018,26
716358,504725,528080,22.6274,7.9565,1
717568,308249,505578,54.74,17.1731,1
718488,506233,671542,17.8185,28.5755,1
718495,506239,574933,14.0712,5.9853,1
718635,506336,545038,4.9226,2.7687,1
718638,506336,587866,22.6787,6.805,1
719790,122821,507170,17.9444,10.315,2
720840,507905,671304,4.0277,20.0556,2
721355,508258,508486,14.3527,3.8643,32
721383,500255,508275,96.1775,10.8012,4
721385,508275,513061,39.0683,12.8352,4
721696,508486,511828,56.4712,4.3523,32
722063,508743,508984,2.2361,24.4025,1
722128,285808,508785,20.1694,19.5395,1
722390,74861,508973,60.7856,5.5414,2
722409,508984,511746,27.8209,23.315,1
724397,510386,675595,6.1373,5.7748,1
724888,124083,510723,62.8667,5.9977,1
724889,510723,514175,104.0118,6.7223,1
725081,510866,676431,48.4013,5.1926,32
725829,123612,511398,27.8189,5.7661,1
726327,511746,677593,10.0333,22.5602,1
726444,511828,675507,23.4781,4.8408,32
726719,512029,676216,6.4722,4.6289,1
730325,514638,682717,42.785,11.9787,20
730327,514638,514639,9.8489,12.4371,20
731338,285573,515332,4.5461,15.7106,7
733076,514175,516562,28.8174,6.5981,1
733083,286534,516565,4.397,6.9909,1
733253,284792,516693,14.1303,9.71,2
733497,513061,516856,49.5278,13.0935,4
733714,517005,517070,14.0633,8.8401,1
733772,513630,517045,27.3861,20.9487,1
733774,517045,689070,31.001,20.4373,1
733812,128070,517070,11.9443,7.7973,1
733816,517005,517073,12.2066,8.217,1
734276,517400,675869,38.2187,8.8737,32
734277,517400,538674,119.0168,8.0884,32
735008,290632,517910,42.8641,4.5306,2
735116,439060,517984,68.3268,23.0421,6
735824,518478,533509,167.9911,8.7847,1
736100,456990,518676,22.4623,12.7195,8
736198,517073,518743,62.5504,7.0707,1
736579,517984,519011,5.9067,26.0479,6
736656,496518,519057,143.4197,16.5023,73
737574,519011,519704,6.675,25.8357,6
737750,519834,682717,46.1435,10.0726,20
738026,408378,520029,43.1161,8.3958,1
738168,133532,520123,58.1245,11.654,3
738642,520455,524784,12.0416,15.8062,1
739198,520842,696772,96.9811,25.127,2
739253,129337,520885,29.4147,7.9169,1
740552,516565,521816,40.2119,6.4789,1
743662,131260,523992,25.186,5.9402,1
744604,523992,524654,29.9096,7.7016,1
744605,134991,524654,46.0202,8.437,1
744778,524784,529059,58.2151,17.3894,1
744954,519704,524918,34.176,23.6832,6
745046,524977,550659,46.6743,32.6323,6
745053,456484,524977,35.2491,27.8295,6
745309,146669,525149,6.5064,21.519,1
745779,287820,525495,20.0305,8.6309,1
747355,519834,526610,104.9619,7.6367,20
747542,519057,526737,69.8323,17.147,73
749503,442103,528146,54.0466,9.428,33
749504,528146,586189,193.0595,8.8293,33
749732,528305,528909,10.6301,25.3367,2
750012,528495,541632,17.9444,2.639,1
750593,528909,700030,13.2035,24.7281,2
750626,138513,528933,70.7332,14.8817,4
750819,529059,533001,35.5106,16.545,1
751333,492241,529418,6.3004,11.3129,1
751788,526610,529745,37.9078,8.1332,20
752740,136642,530409,96.7982,9.1488,1
753448,518478,530907,94.8578,8.2382,1
754151,531429,533596,17.7482,24.8954,2
754152,531429,531430,7.0711,28.1683,2
754513,138388,531683,42.6888,8.3031,2
754555,531712,542443,13.4164,8.7176,2
754556,290632,531712,21.6025,7.2598,2
754713,531820,532891,73.9332,9.2466,2
755863,531683,532652,66.6967,7.9681,2
756210,532891,537902,134.3974,8.1453,2
756342,135365,532974,68.6319,7.3761,1
756378,290215,533001,31.4219,16.6614,1
756634,132883,533178,123.0226,7.1585,2
757084,288495,533509,16.7498,10.1627,1
757176,284983,533572,99.2505,7.0355,5
757177,296872,533572,104.5062,8.7202,5
757208,533596,704433,10.5548,19.2185,2
757468,533791,705338,28.8386,14.6586,2
757571,533863,538033,4.3589,19.685,1
757870,534086,702215,15.8623,11.6206,20
757871,534086,536578,16.4012,9.8995,20
759011,534890,709733,20.8646,21.4814,1
759820,136493,535458,75.151,6.5123,1
759821,535458,536567,6.5744,6.2264,1
760373,535839,747130,11.8415,7.4051,2
761419,536578,549016,95.0684,7.9078,20
761593,146594,536690,165.3471,7.6938,26
761776,533178,536814,99.4675,6.3284,2
761944,288695,536934,39.0584,13.3408,1
762300,294984,537170,54.0062,8.9985,11
763330,139845,537902,51.1924,8.3574,2
763501,157153,538033,14.7422,20.4554,1
763690,139819,538157,15.0333,8.8549,1
764434,528495,538675,16.5529,2.9954,1
765034,539104,551413,105.5025,6.7016,1
765226,539249,539889,28.6918,9.5083,2
765270,536567,539276,31.6789,5.9036,1
765271,141638,539276,8.6795,4.4203,1
765796,140698,539631,18.9737,5.7865,1
765797,142019,539631,30.5396,6.03,1
765828,539654,555715,22.5964,25.7698,6
765959,290216,539743,24.8126,9.1572,2
765960,539743,542443,7.3485,8.7176,2
766163,143585,539889,35.5246,8.4532,2
767776,288691,541002,40.0028,15.5404,1
768660,150205,541632,25.9294,2.3428,1
768770,147127,541711,64.6864,5.5317,3
769207,542024,545124,16.6433,16.4164,2
769552,542269,551573,87.1735,10.4976,3
770325,538674,542803,34.0588,7.8421,32
772064,148309,544002,54.7296,5.6317,1
772953,544631,547121,13.6015,8.6978,1
773439,544984,545350,12.1381,4.0495,1
773639,545124,712947,43.5397,17.9602,2
775191,145353,546235,7.2495,19.2574,4
775417,546380,547504,37.8139,18.6869,4
775645,546546,548711,16.8984,6.3224,2
776977,547504,551608,55.2175,19.4919,4
777229,544002,547685,44.6843,5.7899,1
777230,547685,553911,70.1087,5.6899,1
778152,548340,548490,7.1414,19.1983,1
778683,548711,555439,88.0013,6.3533,2
778851,150466,548827,101.7562,5.651,1
779110,549016,720372,43.5813,6.1203,20
781162,289382,550478,11.8534,21.9129,8
781272,550552,566347,40.9145,6.0738,1
781273,164769,550552,10.8167,5.1636,1
781432,456486,550659,21.924,40.5118,7
782199,548827,551206,36.6576,6.0738,1
782499,551206,551413,134.5383,6.0738,1
782721,551573,554288,30.6974,10.6977,3
782979,150126,551768,50.7346,6.2283,3
782980,551314,551769,19.6908,7.0711,3
782981,551769,553910,67.8651,5.6569,3
783182,551925,552588,10.247,14.7736,4
783393,552078,557171,25.6528,46.6016,93
783486,552132,724086,10.6719,17.3017,4
783487,552132,552299,6.7823,16.9237,4
783722,552297,553604,11.5758,16.4438,4
784119,552588,553604,7.0711,16.0137,4
784261,144961,552681,144.2429,6.1926,2
784262,155326,552681,81.9003,6.5332,2
785019,294856,553203,33.589,17.1449,8
785274,457581,553378,7.0223,24.9993,6
785565,553602,723541,68.4435,19.7645,4
785609,552852,553634,110.1782,7.1062,1
785992,150126,553910,20.5805,4.4126,3
785993,149953,553911,3.7859,5.2779,1
786593,460287,554343,167.6945,28.5431,6
786594,554343,561197,40.952,27.5622,6
786690,291854,554413,18.8033,9.3261,2
788137,151156,555439,33.2666,7.1442,3
788138,555439,558126,16.8984,7.2636,1
788217,555493,728724,4.6786,6.1644,20
788455,555661,561617,79.63,7.0094,26
788529,457581,555715,8.0623,24.1658,6
788727,555842,727171,24.3721,11.7331,1
788728,555842,729650,38.6095,17.4436,1
788730,555844,557136,9.1226,6.2696,1
789237,556208,730849,18.6011,18.6882,1
789251,556216,558486,17.4356,27.0843,1
790022,556767,557900,45.9033,7.8384,1
790471,554288,557105,19.7231,11.5537,3
790516,557136,557524,10.0333,7.2911,1
790565,457845,557171,6.866,41.0487,73
790566,557171,574767,31.0798,37.1932,20
790853,555661,557366,104.5838,8.109,26
790854,154989,557366,83.0134,7.5027,26
791070,153128,557524,82.76,6.8093,1
791073,152980,557526,86.1233,6.8365,1
791577,155644,557897,107.1334,6.5123,1
791580,557526,557900,39.3475,7.7991,1
791873,557105,558106,7.9232,10.9787,3
791899,155644,558126,73.2568,6.0738,1
791901,558127,558429,11.9907,6.6623,1
792344,152896,558429,43.1496,6.2445,1
792422,558486,731049,9.2916,26.8937,1
792949,558864,572034,125.9524,14.7089,1
792989,117964,558895,8.9256,23.3827,1
792990,558895,655739,13.0767,22.8342,1
794081,289016,559663,29.2005,9.2676,8
794083,559663,565867,7.3485,11.3692,8
794500,559965,736865,52.747,8.9983,1
794620,559180,560059,8.8318,15.1395,32
795172,154242,560452,11.5998,20.5125,4
795308,560543,563274,15.0118,10.884,1
795355,504178,560576,71.7217,8.5938,1
795484,541002,560671,153.8928,21.2462,1
795485,292126,560671,20.9921,23.4241,1
795750,560856,562651,15.0,29.9811,1
795834,288466,560926,36.4951,14.4361,1
796215,539654,561197,27.1518,26.7578,6
796840,561617,573900,163.4387,6.2838,26
797169,561842,566994,19.6469,19.4044,1
797698,560999,562206,45.7165,6.0738,5
798336,562651,738134,4.8305,28.7893,1
799145,559474,563219,18.6815,18.0455,1
799285,563314,571422,83.4759,9.2001,1
800699,563870,564333,6.884,5.2676,26
800700,564333,565320,10.5418,3.8534,26
800890,564458,625702,72.0417,4.241,1
800947,155279,564500,94.4205,8.6409,1
801189,563751,564662,13.9284,7.4721,1
801190,564662,741634,15.6045,8.8596,1
801653,564998,740040,46.9988,15.1587,32
801699,562206,565026,40.1345,6.2264,5
801700,156314,565026,15.3695,6.0467,3
802876,292129,565867,14.0791,14.8883,8
803038,565975,742447,14.5945,4.3028,20
803559,160000,566347,59.9722,5.3229,1
804468,293032,566994,34.1207,20.3115,1
805307,567583,567934,3.6056,15.9169,32
805802,567934,740572,85.5447,14.8508,32
805837,157409,567960,11.5801,6.9432,1
805995,564029,568074,38.3793,6.5557,1
806117,568154,572486,54.5145,20.9335,4
806178,568197,748115,34.4964,21.31,1
806561,568462,578386,70.0206,4.9839,26
807812,568074,569324,17.3997,7.1067,1
808093,569516,569519,64.6375,8.6099,1
808097,569519,571708,44.9333,10.1518,1
808751,570004,746247,4.9329,16.5831,32
810305,165216,571109,148.6345,5.5616,1
810482,570004,571246,18.5742,16.8648,32
810497,571257,746292,8.756,16.3623,28
810522,571273,574004,18.9091,4.7863,1
810805,571478,571903,39.4462,4.6111,20
811129,571708,572148,19.5192,8.2434,1
811401,571903,572252,20.3224,4.511,20
811769,572148,583144,159.0031,9.8639,1
811813,160526,572182,50.04,7.3079,2
811913,572252,749013,74.6868,5.9495,20
811992,571273,572303,16.6176,3.9324,1
812258,572486,573906,22.4901,21.7197,4
812434,158041,572619,59.6154,7.4407,1
812691,572796,574185,18.918,5.521,3
813099,160840,573089,6.1555,4.7431,1
813333,571422,573264,22.8059,9.0182,1
813339,571246,573268,21.4709,16.2053,32
813823,573609,748906,6.442,18.0017,32
814234,573900,576728,33.7627,5.9106,26
814241,573906,575388,29.968,21.4338,4
814373,160624,574004,56.0169,5.1515,1
814505,574099,575976,13.6382,10.3457,28
814614,574178,575450,2.4495,11.7435,3
814625,159588,574185,80.5854,6.8904,3
815250,573609,574641,8.3666,13.5687,32
815429,463501,574763,11.6428,28.9723,6
815436,574767,584595,25.7531,25.2704,20
815501,408378,574812,28.3461,7.6811,1
815502,58582,574812,31.6465,7.4806,1
815669,574933,623005,9.3512,9.341,1
815850,569509,575066,188.6517,7.1665,1
816320,166413,575388,75.4343,20.4121,4
816323,572182,575390,30.4193,8.744,2
816353,575410,588842,24.0416,7.9582,2
816354,294142,575410,8.6927,9.5353,2
817122,573268,575967,21.5407,15.1488,32
817135,575976,746480,64.2484,16.0279,28
817295,463501,576088,9.8939,29.4866,6
817296,465546,576088,113.4264,28.6339,6
817594,159556,576289,43.3,8.8853,1
818199,167258,576728,103.4621,6.364,26
818250,576764,751381,18.5346,10.9016,32
818251,576764,753620,3.9158,8.654,32
818262,576772,577594,7.0711,17.6634,1
819382,577594,754668,16.1596,18.023,1
820019,576763,578046,20.4695,8.1796,32
820020,578046,578489,10.4403,10.3048,32
820210,563274,578184,16.161,5.4064,1
820345,571478,578277,46.1844,5.5495,20
820511,578386,580533,86.8536,5.6825,26
820644,578489,751081,82.1542,18.5322,32
820783,549237,578593,158.286,14.1303,6
821026,578770,579175,32.2645,10.6961,2
821438,579073,580839,11.6428,3.4758,1
821478,162168,579102,41.9603,5.8807,5
821577,579175,756879,14.5645,10.875,2
821582,579179,755942,11.2793,10.3648,2
821602,579192,756360,29.0172,8.0826,2
821691,579262,753418,14.7065,18.2598,1
821858,579382,756587,8.8752,13.5417,3
821862,579385,756878,9.8939,11.8257,3
821866,579389,756593,4.9554,10.5074,2
822096,579389,579552,24.4336,10.0452,2
822123,579192,579571,19.9499,9.326,2
822128,579571,579574,25.0799,9.1309,2
822130,579574,579575,4.2426,8.5408,2
822201,579626,753418,10.5798,18.7543,1
822202,579626,757618,3.7859,14.4365,1
822583,579552,579890,11.5758,8.2769,2
822772,572619,580030,194.3161,8.1723,1
822813,580067,756362,9.434,13.1093,2
823077,580254,583788,30.4822,7.3247,1
823085,580263,756879,13.7456,13.4891,1
823475,580533,581210,63.7382,5.262,26
823609,576289,580629,65.2409,7.6088,1
823610,580629,582425,21.3985,6.2368,1
824091,580974,760600,24.5386,22.2053,2
824286,581111,760978,45.829,18.9195,2
824425,581219,760924,24.0693,12.0227,3
824789,462660,581478,25.9018,7.4161,1
824791,581478,594274,20.3373,8.7625,1
824817,170839,581502,70.7594,5.3284,1
825063,581676,582334,7.4917,17.4868,6
825065,465546,581678,309.4344,23.6166,6
825066,581676,581678,11.1337,18.9886,6
825387,581901,758335,17.0404,12.3736,1
825419,581926,760964,17.4499,19.2354,28
825433,581934,759217,5.2493,12.4288,2
825618,580263,582061,12.5698,13.3555,1
825619,582061,761060,7.874,10.1821,1
825677,581934,582108,7.3485,11.1674,2
825711,581210,582134,26.6166,4.7431,26
825712,167258,582134,3.6968,6.4078,26
825810,582207,582208,2.8284,17.9222,1
825812,582208,759882,7.0321,16.8209,2
825813,582208,582209,11.0454,13.2665,1
825814,582209,765161,47.3778,13.6063,1
826012,575967,582354,49.5278,16.2057,32
826013,582354,584725,14.9666,19.1532,32
826393,582632,761152,8.9069,11.3788,2
826910,582986,759860,5.2281,14.0775,4
826961,583024,583229,3.7417,14.3873,1
827013,583062,761844,11.225,29.0598,2
827124,583144,772629,103.2793,14.8493,1
827243,583229,756187,60.5144,16.8979,1
827245,583024,583230,7.874,14.3003,1
827476,582511,583384,9.1652,12.2881,4
827503,583401,760718,19.655,21.124,2
827546,580839,583440,60.2225,5.7016,1
827547,166521,583440,36.0382,5.7016,1
827647,578277,583512,92.6607,6.2016,20
828020,583788,588937,61.9825,6.6726,1
828083,583512,583831,38.3406,6.7723,20
828385,584044,589431,52.1842,7.129,26
829166,468155,584595,24.7229,20.1639,20
829314,584700,585074,8.7178,16.9053,2
829344,584725,765809,75.8569,27.115,32
829583,584902,756203,62.0151,20.8166,28
829815,585074,764674,15.7127,17.4254,2
830285,167633,585415,29.0689,4.729,5
830648,585415,585675,7.3041,3.6795,5
830896,585846,586234,21.1371,6.7016,26
830948,585885,763030,23.2809,7.6533,1
830949,585885,587138,10.0499,10.5759,1
830967,578184,585896,13.4205,4.8708,1
831112,583831,585995,52.259,6.6529,20
831314,571500,586141,89.4087,6.0992,1
831381,586189,588802,19.9053,6.8163,33
831459,586251,702730,50.9192,11.6182,11
831460,586251,626277,14.6758,16.2835,11
831825,586496,587663,19.1511,5.985,1
831883,579073,586536,100.169,5.4453,1
831884,169905,586536,21.5163,7.3098,1
831914,586558,763985,5.3918,18.5826,1
832745,587138,765425,4.2426,14.9226,1
833282,580030,587524,100.9922,5.6368,1
833376,334649,587590,27.0298,9.0118,1
833377,409800,587590,15.9881,8.562,1
833475,179488,587663,132.4741,6.6921,1
833764,14929,587866,20.5508,14.4645,1
833826,297998,587910,21.7792,8.8654,1
834078,175968,588095,77.8389,19.3753,4
834238,588213,765906,11.8884,24.1453,10
834305,588260,765972,6.3246,7.898,1
834483,588396,762168,27.5318,7.0622,1
834826,588637,590690,18.3848,2.5616,1
834978,588735,590567,14.1774,6.4386,2
835126,297289,588842,15.438,7.2108,2
835161,171072,588866,9.0588,7.4411,1
835264,173502,588937,36.2261,5.6317,1
835468,589084,765517,64.7995,22.0893,10
835710,589258,763093,72.6032,17.3239,1
835943,585846,589431,31.5862,6.5557,26
836318,588213,589702,51.4101,25.0608,10
836628,171618,589925,6.7741,8.5987,1
837319,166845,590413,59.4475,6.2149,4
837530,590567,592527,12.0416,10.2045,2
837691,590690,766846,23.3167,4.511,1
837699,590696,599668,30.6757,5.3033,10
837703,590696,590699,8.775,5.4075,10
838182,589702,591023,11.225,24.8109,10
838217,591048,594738,31.3776,6.8525,1
838311,591119,592322,23.8537,6.6028,1
838463,171236,591231,30.9659,7.4096,26
838464,172656,591231,38.694,8.9596,26
838762,591450,769057,12.8722,21.3304,10
839178,591738,768307,11.4988,13.5403,1
839179,591738,594947,29.1376,11.3137,1
839183,591741,768432,4.6435,16.7587,1
839184,591741,598958,48.8365,10.2589,1
839412,591902,597363,55.9553,11.7643,1
840006,592322,595266,27.5318,6.3546,1
840198,592455,775559,69.9476,13.6141,2
840243,592489,592661,9.9499,33.3671,32
840452,592661,768898,22.2036,32.5857,32
840517,592324,592710,108.7587,6.9765,1
841002,593053,594942,10.8628,5.0043,2
841117,171060,593143,62.2807,7.4275,1
841118,593143,607160,108.4054,8.4922,1
841591,593469,769371,7.0,34.3564,32
841768,498278,593586,28.212,17.2648,2
842161,593870,770420,9.4637,34.1232,32
842710,472187,594274,14.4106,12.0979,1
843126,590413,594566,34.7851,7.0688,4
843127,594566,605151,83.5858,5.365,4
843638,594942,771531,4.7424,3.0275,2
843800,595048,618812,22.4677,13.1498,1
844108,595266,775822,35.57,9.4051,1
844547,594983,595582,9.0481,20.5123,20
844548,470778,595582,13.8644,20.525,20
844980,585896,595875,27.6606,4.5811,1
845462,596235,771732,29.7327,17.8807,10
845463,596235,773365,8.9256,18.0821,10
845943,585531,596569,80.3368,7.0,1
846302,596812,600769,32.4037,33.6227,28
846316,596821,597714,5.099,23.5358,2
847098,597363,775822,28.2115,11.2227,1
847565,597714,773739,3.6954,23.4091,2
848252,598205,607104,73.1369,5.9522,1
848474,175604,598369,31.791,8.264,1
848475,598369,606028,66.9079,8.4051,1
848675,595875,598515,5.2599,3.9263,1
848907,178273,598684,6.8799,8.4853,1
849293,598958,768433,74.0692,10.6456,1
849338,598994,756824,9.3005,7.5927,2
849916,465538,599398,89.3047,9.5219,6
849917,599398,601254,67.9709,7.6474,6
850308,599668,680878,23.8654,12.0535,10
850678,575390,599928,256.4454,8.5607,2
850680,599928,603877,39.8623,6.5182,2
850866,600067,780034,108.2497,8.3127,20
851639,600633,601137,6.549,6.7428,5
851822,600769,603035,21.4009,32.0534,28
852182,179030,601034,16.4418,8.0584,1
852199,601044,775365,12.53,18.0192,10
852200,601044,777003,9.6954,17.5921,10
852332,182809,601137,39.4081,6.9188,5
852343,598185,601144,151.2248,9.1077,1
853181,601729,778419,13.9603,15.0866,2
853451,585995,601917,202.1435,7.719,20
853788,602144,777909,10.7986,17.6741,10
854741,185529,602829,80.0916,17.1065,4
855020,603035,778300,4.9329,30.4875,28
856195,185245,603877,53.7742,7.5027,2
856529,604113,646442,41.254,12.0764,2
856900,604374,605701,10.4403,10.9078,2
857998,188582,605151,55.0023,5.4909,4
858395,605438,606014,37.2578,4.0941,1
858755,605701,780093,13.1956,14.8192,2
858881,605795,610822,7.2801,14.0716,1
859200,605858,606014,17.7303,4.6365,1
859522,172699,606248,117.983,7.6178,1
859523,184157,606248,7.2572,8.6886,1
859943,606539,606733,31.1288,11.6593,20
860210,606733,607806,11.9164,11.0814,20
860749,607104,676495,222.7285,6.373,1
860818,184484,607159,12.5186,6.9989,1
861693,607806,786647,99.3886,11.2663,20
862057,593586,608089,8.8665,14.0534,2
862059,608089,759539,74.3899,15.9379,2
862540,608427,781952,4.4969,28.4687,28
862691,601917,608536,94.8999,9.3272,20
862701,608543,777909,40.1324,19.3574,10
862788,174255,608604,240.8184,9.651,1
862789,185385,608604,6.0415,9.7095,1
863001,594738,608750,140.2145,5.7878,1
863288,601034,608942,82.4203,8.5149,1
864084,608750,609545,9.1104,5.4218,1
864344,609727,781430,7.7183,25.2728,2
864345,609727,783102,10.9325,23.1859,2
864718,609985,781952,7.5425,26.1108,28
864767,165059,610021,310.5938,7.1947,4
864768,181010,610021,84.3534,6.9228,4
864891,610105,782425,5.7155,18.7248,10
864894,610107,782934,4.714,9.7947,19
864895,610107,615875,30.0333,10.4769,1
865120,610267,778306,55.6566,15.6235,20
865227,609024,610349,8.7178,7.8367,20
865228,610349,627161,188.5683,12.1434,20
865678,189460,610662,63.9427,5.8537,2
865757,610714,616715,46.9148,14.8642,1
865789,192277,610738,54.0744,5.0822,1
865891,609582,610822,3.0,14.9663,1
866535,611273,630547,130.2229,19.2781,1
867321,184895,611842,48.7921,4.0306,1
867721,612124,783102,9.8413,21.233,18
869495,608536,613395,32.6956,9.9345,20
869608,613475,613641,8.1467,7.2636,4
869609,188582,613475,36.9362,6.2429,4
869859,613641,616615,17.561,6.9343,4
870500,612124,614103,10.7703,19.8503,18
871376,610105,614730,33.6155,18.6996,10
871743,606028,614991,86.7596,9.4497,1
871745,191063,614991,49.7248,7.7782,1
872443,303439,615499,47.8992,10.1961,5
872444,296872,615499,51.1881,11.1151,5
872448,615501,786291,30.3132,10.0789,20
872449,615501,787311,4.761,10.3959,20
873281,190787,616077,25.1241,7.3478,2
873304,616095,787147,3.559,20.0992,18
873305,616095,617978,12.4097,18.1555,18
873838,616482,787232,15.9025,4.8408,1
873913,616536,786294,28.8469,10.901,1
874022,197786,616615,69.6064,6.0738,4
874024,607160,616617,70.1629,8.4091,1
874132,616710,651105,21.2158,18.2028,1
874138,616715,620180,22.7596,15.1162,1
874234,616777,621812,48.5386,10.4155,4
874249,616786,640290,53.6843,7.255,1
874792,481618,617164,90.3506,11.725,1
874804,608942,617173,100.2863,8.9109,1
874806,617173,622770,58.3845,7.6923,1
875150,614730,617422,22.5167,21.8934,10
877054,618812,664847,14.3402,18.0175,1
877291,617422,618971,14.4568,21.8682,10
877353,481722,619017,33.4348,23.6544,20
877421,616536,619070,36.4829,4.6536,1
877551,194963,619161,60.1526,9.1098,26
877700,619268,789833,9.9443,6.8166,1
878404,192783,619772,11.9164,5.381,1
878980,620180,622990,32.45,15.2637,1
879470,189402,620527,37.1618,6.3326,1
879471,620527,627819,83.2835,8.5898,1
879647,619268,620651,33.7787,7.2536,1
880712,621426,623384,12.5654,3.5616,1
880960,621615,627502,152.3319,8.9441,21
881027,299966,621665,43.781,16.2261,1
881204,621787,622490,4.1231,3.0,1
881218,621799,629405,49.7393,13.3917,18
881236,621812,797874,54.6961,8.3006,4
882806,622927,791751,13.2413,19.438,10
882807,622927,624032,9.2736,19.9028,10
882894,622990,797718,58.9293,16.1384,1
882920,250972,623005,30.7142,12.5747,1
883565,623467,792912,2.7689,6.0552,1
883568,623468,624711,14.8511,6.0837,1
884068,623845,627822,31.0134,2.6583,1
884331,624032,793887,9.0623,20.06,10
884396,624075,792759,17.4611,4.5708,1
884499,624152,630602,23.3643,14.109,1
884601,624227,625470,8.0139,3.5616,1
885272,624711,652750,210.8433,6.2196,1
886310,197647,625470,23.3357,3.9324,1
886466,624075,625588,39.6232,4.4126,1
886629,466434,625702,163.5784,4.7541,1
886631,199265,625703,74.7895,9.2195,4
886632,195432,625705,6.1373,9.2447,4
886633,196726,625705,69.8164,8.0711,4
887445,626277,680878,14.5144,18.3106,11
887464,616617,626291,139.1648,8.6254,1
887704,194815,626468,29.8747,7.4725,4
888599,196219,627105,3.2998,6.0828,1
888678,627161,795922,147.1364,14.5876,20
888810,605795,627249,28.3019,14.0384,2
888811,627249,631722,4.6904,15.3422,2
888863,627288,793939,42.6927,6.8525,28
888949,627343,627515,8.3066,5.8723,2
889167,627502,795107,13.2246,7.9366,21
889187,627515,629363,26.1746,7.3012,2
889456,627710,629401,19.2094,20.0377,28
889592,627819,640752,99.0027,8.8549,1
889597,624227,627822,27.9165,2.5,1
890420,197112,628401,7.1647,9.449,1
890555,194954,628505,50.2441,6.5557,1
891083,196726,628884,21.4476,7.3852,4
891084,197197,628884,6.3509,8.5863,4
891181,628951,633141,20.4179,4.7541,1
891268,202907,629011,60.1711,5.4157,1
891733,629363,637220,86.8018,8.0761,4
891788,629401,629402,5.3852,19.222,28
891790,629402,796595,29.0132,21.5733,28
891795,629405,797764,8.4582,20.4751,18
891796,629406,798129,9.7591,30.7595,18
892675,197197,630031,20.4015,9.3249,4
893007,630267,797585,13.5241,26.1296,28
893008,630267,800089,35.3977,27.8823,28
893186,630396,631827,34.8855,4.0503,1
893458,630602,633137,20.8282,13.7596,1
895206,631827,796539,44.5346,4.6795,1
895233,622490,631842,59.3951,3.1583,1
895235,202463,631842,40.3237,2.6583,1
895404,199886,631953,12.083,12.4696,4
896029,303728,632405,86.7525,5.3033,1
896888,633026,778877,6.2716,15.898,1
897058,488557,633137,18.147,17.5589,1
897064,199888,633141,5.6273,5.2907,1
897217,633250,799681,46.194,27.1283,4
897452,302512,633418,20.7393,10.9599,2
897556,629363,633482,100.9433,8.8837,6
897698,633581,670983,194.4475,11.159,33
898384,628505,634077,110.6207,6.5182,1
898385,198794,634077,40.6407,6.5182,1
898514,634172,801005,4.714,32.6724,18
898658,630396,634277,67.6609,3.9324,1
898751,634349,803711,88.9432,28.3597,4
899264,634729,652260,55.1443,9.6327,1
899430,634847,645692,52.6308,10.778,21
899503,200866,634897,5.6792,6.0738,1
900606,493463,635688,125.044,25.2469,20
901015,635974,641815,56.0496,10.8856,4
902002,300789,636680,21.1305,21.9928,8
902003,298224,636680,24.3713,20.4487,8
902136,320053,636778,21.5767,22.8685,4
902760,637220,654324,213.49,9.2749,4
902879,622770,637312,219.296,7.1661,1
902881,203224,637312,33.2064,7.3104,1
903774,637939,639862,14.4568,17.0007,1
903909,634897,638033,50.8412,5.8941,1
903911,206438,638033,46.1898,4.9286,1
904128,202136,638196,23.7627,9.4051,4
904777,201069,638648,45.6427,7.6344,1
904778,638648,640103,18.4815,9.4219,1
905297,639020,640561,11.5902,4.7608,1
905449,639127,649506,54.3367,6.5,1
905833,639395,802755,15.1057,27.44,28
906230,633639,639679,26.3223,14.1817,2
906465,639840,802544,18.473,20.2677,10
906493,639862,805263,8.5375,17.72,1
906830,628401,640103,187.9415,10.0975,1
907104,640290,663174,21.6333,6.4026,1
907476,640551,802681,53.0974,4.0811,1
907492,640561,641329,103.0572,4.6163,1
907734,639840,640733,7.8102,19.452,10
907765,640752,652418,95.0312,8.1478,1
908324,641157,801005,41.7359,30.4394,18
908325,641157,806075,7.157,29.9673,18
908492,639679,641273,21.484,15.5541,2
908535,206561,641298,20.6398,4.8783,1
908814,641493,642920,67.2855,7.7787,4
908815,208204,641493,74.8176,8.0221,4
909151,640733,641733,7.0711,18.4688,10
909273,641815,646441,36.5544,11.9772,4
909655,641273,642081,19.9565,17.3879,2
909775,633482,642174,43.1612,9.0547,6
909776,642174,654149,184.7996,8.9721,6
910356,642586,807896,16.278,9.2302,28
910520,642081,642701,20.2677,18.6538,2
910680,642834,805901,12.8841,14.4611,4
911439,643331,666885,364.9878,6.2386,4
911975,216037,643715,115.4713,9.4163,4
912021,637711,643745,86.8875,6.6368,1
912022,642286,643745,14.2906,8.8794,1
912278,642701,643920,10.247,18.4068,2
912279,491898,643920,8.0346,19.2574,2
913204,640551,644585,22.6936,5.0495,1
913477,641733,644774,18.7083,17.3573,10
913694,644932,646140,7.1414,29.3494,18
914606,294984,645592,98.7168,7.77,11
914735,645692,813323,43.4537,11.7463,7
915796,207089,646441,12.083,12.3524,4
915798,646442,661527,6.7495,15.6727,2
916260,645692,646767,8.6023,16.0451,28
916261,646767,810318,2.8674,15.9816,28
916351,495679,646824,16.5908,9.1671,2
916354,646825,647807,19.1084,20.2426,2
916617,647009,811071,10.7548,28.2482,4
916678,207393,647048,7.3485,7.4806,1
917344,647524,650665,66.5808,15.8381,1
917735,493677,647807,20.1989,16.8285,2
918103,643631,648077,35.242,14.6008,1
918250,648195,649130,4.5826,9.8669,28
918907,205525,648676,45.1147,10.0234,4
919445,493209,649049,26.1831,6.8023,2
919562,649130,655732,32.6956,15.136,28
920618,649049,649863,12.4298,5.7604,2
920910,649506,650068,5.4524,7.3079,1
921754,650665,815343,45.1885,14.8824,1
922391,311354,651105,16.0624,17.6222,1
923391,208848,651825,109.3445,5.8549,4
923443,648077,651859,27.1662,14.3833,1
923499,210388,651903,9.4163,3.4758,1
923682,202463,652037,86.6754,3.8284,1
923760,649863,652091,11.1437,3.7161,2
923862,651438,652164,5.3852,29.9136,2
923984,652260,654863,18.6055,18.1194,1
924019,652283,657892,34.0212,5.7007,1
924204,217837,652418,66.6275,9.0903,1
924669,211256,652750,9.551,5.7439,1
925832,653574,813211,19.1746,18.8009,10
926559,654090,657944,76.0132,18.9818,1
926567,654090,677776,64.211,17.5521,1
926656,219489,654149,126.4885,7.7787,6
926894,216037,654324,133.8992,8.8541,4
927384,653574,654685,11.1803,19.466,10
927385,654685,655875,6.5574,18.7083,10
927936,206561,655083,47.311,5.9694,1
927938,655083,659029,47.0189,6.1364,1
928663,655569,659492,6.4118,9.6618,1
928664,314274,655569,30.2692,9.2736,1
928887,655737,655739,2.2361,23.4186,1
929190,654863,655955,8.7273,18.1633,1
929191,655955,657030,5.1747,16.0919,1
929510,361,656189,57.4214,23.6959,1
929511,656189,692143,28.1069,24.6887,1
929559,655732,656223,3.0,19.8867,28
929680,529418,656311,27.8613,11.5964,1
929764,650068,656367,165.4357,5.9873,1
929996,655875,656529,4.3589,18.4509,10
930168,656223,656653,2.8284,19.3873,28
930223,656689,658225,72.0882,6.8804,1
930224,656689,656690,3.7712,7.1756,1
930345,656529,656775,5.1962,18.5439,10
930698,657029,657695,10.8301,19.6286,1
930700,500310,657029,17.0477,14.3133,1
930701,657030,658283,6.9362,13.9364,1
931201,656690,657392,25.7644,7.0355,1
931202,216260,657392,98.3222,5.8452,1
931636,652091,657713,52.1287,11.6655,2
931638,657713,672141,31.1066,20.8674,2
931835,657849,816315,13.0815,5.0,1
931894,216366,657892,23.0483,6.0688,1
931973,499053,657944,4.25,8.2749,1
931981,657949,658217,9.2736,5.4754,28
932009,657971,658790,7.1414,15.2412,1
932010,657695,657971,4.4969,19.2051,1
932204,658112,815548,24.5153,11.5999,1
932206,658112,669249,73.8241,10.29,1
932359,656653,658217,44.8442,12.8672,28
932446,500310,658283,4.761,11.6471,1
933037,658705,818970,11.0659,10.1125,1
934118,299192,659492,111.8163,10.7038,1
935006,660108,818967,65.5323,24.4052,18
935589,179535,660529,76.0417,7.0256,1
935866,216260,660739,11.0604,5.2175,1
936446,219036,661150,63.4429,5.1881,26
936972,661527,666210,6.7082,15.5645,2
938483,662613,662615,5.2281,7.2098,10
938487,662615,785425,9.0738,7.5667,10
939227,214470,663135,103.9583,11.1789,4
939228,217453,663135,22.6495,11.2241,4
939302,660739,663190,43.9824,6.0738,1
939542,660529,663361,22.8254,8.4545,1
939581,663388,668030,32.1999,9.3541,32
939650,503364,663438,5.0553,27.9802,1
939880,508258,663597,35.7852,4.1231,32
941324,664627,820197,15.0739,26.1831,2
941628,664847,690040,15.987,20.2361,1
942565,298324,665507,132.142,6.8617,3
942567,665507,690863,67.9191,7.429,3
943573,666210,673269,5.3541,16.9053,2
944089,666575,675372,95.4201,25.6534,20
944355,666755,666843,5.1962,3.8708,1
944476,218855,666843,7.0396,4.0616,1
944982,219009,667184,27.9225,4.1829,1
947536,668978,675534,33.6601,2.7321,1
949033,670030,819046,84.6664,13.8557,1
949034,670030,679866,54.5252,17.4829,1
949598,220203,670433,84.8882,5.6618,1
949783,216106,670554,39.6905,6.0981,1
949784,221563,670554,9.6609,7.0707,1
950033,670732,675433,61.704,6.5027,4
950406,670983,677556,30.1588,11.5655,33
950764,219862,671259,133.5041,6.7371,1
950835,671304,673827,24.0416,16.0004,2
950940,658225,671378,60.5608,5.5856,1
950941,671378,679687,91.9142,5.0378,1
951173,508743,671542,5.244,25.6283,1
951267,220064,671608,102.5515,4.2865,1
952023,507905,672141,6.9442,21.1018,2
953613,673269,787022,25.1529,17.7482,2
954006,58601,673559,19.4394,9.9636,1
954301,673758,679629,13.4907,30.5095,2
954321,510386,673774,3.2787,4.8139,1
954401,673827,675239,13.5236,14.3097,2
954534,673911,778877,11.4455,14.8563,1
955413,674535,821405,72.0694,16.2873,10
955750,220675,674777,48.6278,5.1881,26
955751,224565,674777,28.6007,4.5414,26
956027,666885,674964,113.3441,7.7426,4
956028,223160,674964,7.157,7.5967,4
956416,675239,679530,22.6089,16.0387,2
956627,514274,675372,104.8231,18.9326,20
956712,675433,675769,28.4937,6.3284,4
956817,510866,675507,17.6981,4.7913,32
956935,512029,675595,9.434,5.5317,1
957181,671504,675769,59.1702,7.8012,4
957332,668030,675869,77.3682,10.6904,32
958123,676431,678904,180.4934,6.3326,32
958211,479952,676495,84.9699,7.415,1
958397,676614,818694,41.5312,28.8158,1
958399,676614,677437,8.775,24.8496,1
958675,676216,676799,23.7502,3.9115,1
959227,314034,677200,34.5527,15.4215,1
959539,677437,677850,3.0,25.0095,1
959745,513630,677593,8.124,22.3911,1
959997,676799,677776,5.696,4.0773,1
960098,42481,677850,79.3241,18.0897,1
961001,224695,678517,4.7258,4.7856,1
961130,232960,678610,90.2423,5.0368,4
961530,677556,678904,16.6166,8.7636,32
961913,19566,679168,52.8111,15.8614,1
962229,514639,679395,15.8447,13.6763,20
962230,514274,679395,3.6132,13.599,20
962571,250115,679629,38.1357,28.3753,2
962914,63575,679866,70.9056,19.4971,1
964317,678517,680876,25.0998,5.9407,1
964318,680876,683147,44.7578,7.5143,1
964321,680878,803695,9.4868,18.54,1
964593,681058,688026,30.0826,12.32,2
964595,518513,681058,18.2028,11.8474,2
965119,681432,683432,72.4647,6.3093,1
965125,681432,681435,46.65,5.6109,1
965297,679687,681561,8.6923,4.1926,1
965298,681561,684775,25.4056,3.7361,1
966369,679530,682330,26.4624,11.3712,2
966370,682330,683742,10.2589,6.7561,2
966391,682345,682729,11.5758,10.9865,18
966934,682729,683316,9.0,8.8944,18
967189,682345,682904,7.0,11.4452,18
967765,683316,683671,5.4772,7.1742,18
967935,227173,683432,21.0535,7.5707,1
968287,56243,683671,11.3358,7.4051,18
968398,518513,683742,21.6307,7.0421,2
968748,52186,683992,7.4981,6.2838,1
969052,684211,685841,16.321,5.2249,1
969412,140381,684456,305.606,10.2648,1
969453,684211,684488,49.3973,5.4157,1
969841,684488,684775,18.2513,4.2976,1
969905,684824,686085,24.454,23.1301,4
969964,684865,687369,20.8087,23.2593,1
970732,685412,687785,22.8473,13.2773,1
971331,685841,694103,50.394,4.7431,1
971536,318947,685980,38.7255,17.5887,2
971537,685980,702431,20.2731,18.7211,2
971623,399209,686046,56.1041,14.8128,2
971624,380643,686046,13.0213,13.4235,2
971678,686085,697290,70.8378,20.2538,1
971679,59635,686087,62.8543,14.8534,1
971943,686270,689069,29.5353,13.0936,2
972979,62719,686996,16.3605,11.6935,1
973189,687158,687486,7.0396,21.6898,2
973476,62575,687369,4.9554,23.8484,1
973656,520842,687486,8.3865,23.9999,2
974072,686087,687785,25.3772,12.0593,1
974433,688026,689327,14.1559,7.7363,2
975893,687158,689069,35.2609,17.6426,2
975895,689070,694399,33.7459,20.5125,1
975934,230746,689097,19.3391,2.7369,1
976051,681435,689181,54.3906,6.0346,1
976052,689181,690295,5.0881,6.2445,1
976157,62575,689255,8.1989,25.5269,1
976270,686270,689327,23.5254,9.2341,2
976770,689097,689670,7.2265,2.366,1
977278,85238,690040,25.9487,17.9024,1
977649,233973,690295,37.1259,4.885,1
978472,406600,690863,32.6956,9.4074,3
978701,70467,691041,26.9691,18.8107,18
978735,232048,691066,16.5831,5.0,6
979308,66940,691482,4.8088,25.6694,1
980251,692143,698025,3.7712,26.1959,1
982501,68904,693691,9.3452,23.1327,10
982756,693882,700265,55.0364,15.5784,1
983046,694103,696393,25.3443,5.9545,1
983481,694399,700242,29.4581,21.4252,1
984474,72820,695108,4.5461,5.9407,1
984527,433652,695148,64.0495,14.1708,2
985646,695922,696508,21.3073,10.4783,1
986325,232571,696393,64.323,6.4734,1
986499,74047,696508,3.5434,9.7154,1
986687,402473,696642,19.6893,13.2096,2
986868,528305,696772,26.8452,26.1342,2
987613,697290,703583,43.0232,24.0125,1
988377,70475,697840,86.714,18.8589,1
988632,698025,710134,17.2838,26.7302,1
988647,74049,698037,12.8668,16.1814,1
989040,698318,750640,117.2391,9.1583,10
990075,695108,699050,49.97,5.099,1
990410,80929,699275,45.8376,16.5213,1
990411,698037,699275,9.2195,16.2565,1
990945,70467,699642,49.6622,17.3216,18
990946,699642,701168,14.3527,16.7774,18
991010,693691,699683,39.0256,24.5813,10
991434,699971,709121,78.8346,5.4218,4
991517,700030,701885,11.3431,23.7876,2
991815,534890,700242,44.2681,22.8691,1
991847,700265,701764,11.5758,10.9939,1
991977,686996,700356,9.0848,12.288,1
992426,217206,700673,227.9777,6.2281,1
992427,700673,706886,49.2481,6.5355,1
993141,85621,701168,26.4701,17.428,18
993226,233973,701228,9.6609,3.8643,1
993799,531430,701630,12.5698,24.6321,2
993982,85734,701764,48.2664,14.2313,1
994149,701630,701885,9.9219,22.7046,2
994615,529745,702215,41.6046,11.1985,20
994840,233024,702366,29.2897,3.5616,6
994841,238230,702366,64.1786,5.2749,6
994938,475576,702431,24.3516,19.4974,2
995338,702699,712938,13.4164,19.5977,9
995429,699685,702762,17.5214,14.8619,1
995430,702762,706506,27.3861,13.2,1
996124,80929,703231,20.2104,13.7449,1
996601,703583,704503,13.0384,27.502,1
997811,533791,704433,22.5256,17.3454,2
997921,704503,709155,40.1373,26.3606,1
998983,85727,705242,47.0126,21.7047,18
999106,705338,705867,4.0,11.8811,2
999844,705867,707348,17.3237,9.834,2
1000683,84811,706460,12.1518,12.3309,1
1000756,706506,712193,30.8221,11.1893,1
1001834,80434,707245,109.4029,6.7028,1
1001975,707348,710510,21.4674,7.3444,2
1002155,382344,707472,50.2444,27.1638,9
1002941,706460,708041,22.6716,13.1797,1
1004455,240161,709121,22.2261,4.999,4
1004498,94321,709155,7.8918,26.3606,1
1005201,584588,709644,184.8642,14.9041,2
1005309,709733,711878,23.9668,19.2581,1
1005908,710134,739235,28.288,25.9196,1
1006447,542024,710510,17.7346,11.0881,2
1007619,711324,714481,35.462,8.6281,1
1007911,690273,711515,401.5308,12.3974,1
1008418,711324,711878,14.7181,16.9952,1
1008711,148913,712077,72.496,5.0043,1
1008863,712193,716931,25.2587,11.6958,1
1008980,712281,717335,27.9464,11.5824,18
1009594,712685,721588,61.6262,22.3852,2
1009596,549690,712685,37.223,15.7678,1
1009873,237886,712870,35.6558,5.4929,26
1009978,707472,712938,9.0,24.9987,9
1009993,712947,721200,42.7855,14.1755,2
1010300,713167,717215,89.7441,6.2634,30
1012186,714481,715625,11.1455,3.4155,1
1012538,115329,714728,15.1511,24.9352,18
1012539,714728,715166,15.7797,25.0137,18
1013150,119741,715166,31.5187,25.085,18
1013795,544631,715625,15.6738,4.6708,1
1014102,715840,729983,12.5654,9.6919,1
1014780,716325,728935,117.4947,16.6794,1
1015198,57332,716629,40.9675,4.7947,1
1015323,118509,716715,32.1403,10.7362,18
1016028,717215,717773,7.2495,6.7823,26
1016202,130333,717335,35.7025,9.7978,18
1016603,125019,717602,16.7531,13.9334,18
1016868,712870,717773,42.595,5.6825,26
1017009,715723,717867,23.0868,8.5957,1
1017010,717867,720800,27.2764,12.2013,1
1017493,547121,718209,29.9961,15.8904,1
1017494,556216,718209,53.9825,22.5238,1
1017816,141220,718441,87.2251,4.3574,1
1018341,107517,718802,29.4366,11.0319,1
1018342,718802,724729,29.0172,12.3071,1
1018674,103486,719028,65.7614,25.2411,1
1019119,242520,719349,14.4568,7.3098,5
1020372,716931,720234,20.2485,12.1936,1
1020373,720234,726162,34.322,10.8613,1
1020382,718194,720240,17.8092,5.3852,1
1020817,128205,720557,13.3749,4.9122,1
1021061,720131,720730,58.0861,14.1589,1
1021432,535839,720982,36.4448,8.8296,2
1021749,721200,734853,99.0554,19.631,2
1021761,720730,721207,11.1803,14.1231,1
1022314,721588,722045,17.6377,11.8733,3
1022315,548340,721588,7.486,17.1158,1
1022416,720326,721659,24.8998,18.7426,18
1022417,128825,721659,17.9304,12.0959,18
1022591,548490,721784,13.7356,19.0076,1
1022758,719028,721894,22.561,22.4475,1
1022762,721897,723624,10.0,10.8773,1
1022763,720214,721897,11.0454,8.1072,1
1022963,722045,723004,44.2971,20.7045,3
1024041,720557,722793,80.6846,3.285,1
1024352,723004,728264,27.1313,31.9131,3
1024392,246484,723028,39.6569,3.9324,1
1024649,128825,723199,18.8812,7.2592,18
1024661,128200,723206,10.247,17.9541,1
1025035,723460,724265,13.0,19.8481,1
1025162,723541,740333,54.0568,21.8651,4
1025436,723733,724092,9.3423,16.3963,1
1025915,551925,724086,18.5622,15.5972,4
1026167,134925,724265,24.1776,22.5891,1
1026234,723733,724309,10.7238,14.8663,1
1026572,105418,724547,75.1598,18.3533,10
1026824,723999,724726,4.3589,18.2989,18
1026831,127367,724735,35.3223,13.7203,1
1027605,725308,725309,26.6271,10.256,1
1027801,542803,725454,68.813,8.6804,32
1027802,559180,725454,43.3654,12.0407,32
1028109,130842,725678,30.1787,23.8852,18
1028389,723206,725881,37.4566,18.4535,1
1028390,725881,726491,19.3391,20.8753,1
1028553,552297,725985,6.6944,16.217,4
1028554,553602,725985,5.2087,14.9001,4
1028672,726065,786985,55.8032,16.1949,2
1028746,726113,727870,60.9918,14.7252,1
1028748,725309,726113,16.1555,12.0066,1
1028816,153622,726162,114.2891,10.7005,1
1029294,724726,726488,97.9081,19.452,18
1029295,136792,726488,25.5212,21.7105,18
1029606,136792,726724,7.2111,22.5465,18
1030083,727069,727070,11.1831,21.1719,3
1030084,727069,728263,10.0281,25.8545,3
1030085,552299,727070,11.6476,17.6955,4
1030242,724309,727171,21.145,10.8773,1
1030676,246648,727477,53.5195,6.4144,1
1030823,137279,727574,32.5576,15.096,1
1030860,246317,727599,6.4464,9.087,5
1031497,33189,728032,151.8368,5.6506,5
1031619,311354,728122,26.386,15.9374,1
1031620,315039,728122,37.7168,15.3132,1
1031823,728263,728264,4.7199,29.5401,3
1032295,720372,728603,103.5085,5.8549,20
1032296,555493,728603,44.5346,5.7748,20
1032477,728724,731099,41.9881,5.5317,20
1032581,724092,728809,52.4505,10.121,1
1032582,558864,728809,58.8671,8.147,1
1032631,112078,728844,40.1026,13.7203,3
1032771,142646,728935,19.9833,15.3967,1
1033028,135780,729120,16.8589,11.2757,18
1033413,712685,729397,64.6302,27.053,1
1033424,729403,730021,11.0372,19.5104,1
1033425,729403,729404,20.7866,22.2355,1
1033428,559965,729404,17.7947,17.4161,1
1033789,729397,729650,74.5673,23.2454,1
1033895,141277,729716,38.4475,15.6141,1
1034245,729971,730844,5.831,9.434,5
1034266,729983,731682,5.831,9.6117,1
1035479,730844,734288,37.0021,8.6221,5
1035481,730845,731331,24.0947,13.577,1
1035482,556208,730845,9.6782,19.0335,1
1035487,730849,731036,6.2716,19.2501,1
1035570,724729,730906,39.064,13.7476,1
1035571,165839,730906,161.0983,13.1445,1
1035751,730021,731036,13.9403,19.5104,1
1035767,560856,731049,32.5064,28.1932,1
1035846,731099,736006,40.3554,4.9495,20
1035863,731096,731109,16.4553,3.0811,1
1036173,731323,732705,6.4031,4.0941,1
1036187,731331,732533,8.0627,6.5878,1
1036689,731682,733745,7.587,10.227,1
1037020,731932,732977,72.7942,8.8314,1
1039272,733538,738794,8.6687,12.9014,1
1039563,733538,733745,7.3058,11.5273,1
1040320,734288,738011,17.4096,7.8102,5
1040624,431962,734490,38.7508,7.2434,1
1041099,727912,734836,27.9783,5.3735,1
1041100,734836,744237,70.7817,4.1621,1
1041119,148018,734851,26.125,5.1421,1
1041127,734853,746931,45.6014,31.5092,2
1041598,732977,735190,20.8087,6.3121,1
1041620,735206,735578,9.6437,8.321,1
1041772,252938,735317,26.9052,7.895,7
1042076,250009,735533,15.7233,2.4142,1
1042077,733556,735533,7.2058,2.4142,1
1042144,724735,735578,286.0804,9.8633,1
1042251,257688,735650,56.5626,8.2764,1
1042750,565975,736006,59.1918,4.3028,20
1042798,729120,736034,54.5344,14.3929,18
1043405,734851,736474,217.2694,6.5726,1
1043406,736474,745887,146.4036,7.4397,1
1043468,145797,736519,18.2026,16.6835,10
1043973,563751,736865,34.5579,6.0822,1
1044247,737054,739978,78.5939,11.282,1
1044248,735206,737054,14.1774,9.8242,1
1045630,253413,738011,17.8979,8.2063,5
1045711,560059,738073,112.6183,15.4908,32
1045790,568197,738134,47.585,23.6517,1
1046560,738677,742069,111.5238,7.0622,1
1047337,739235,791303,82.3387,23.5157,1
1047656,739467,741731,15.2971,20.5647,10
1047657,736519,739467,18.4932,20.9339,10
1047798,728844,739569,17.8139,12.5536,3
1047979,738073,739699,33.1478,14.6841,32
1048382,152260,739974,14.2244,12.6292,18
1048383,157054,739974,30.9408,15.4637,18
1048464,739699,740037,70.3649,14.1243,32
1048467,740037,740039,21.4735,15.4852,32
1048469,740039,740040,47.1192,16.2067,32
1048472,564998,740043,36.5954,14.5248,32
1048913,740333,748906,125.1646,18.9578,4
1049260,740043,740572,10.2956,14.2651,32
1049390,251144,740669,128.2056,4.8723,1
1051403,251061,742069,48.9036,8.779,1
1051924,742447,749013,48.5107,6.0,20
1052514,253413,742857,28.8483,8.0761,5
1053019,572023,743216,17.2897,13.6015,28
1053021,743216,743217,26.2384,13.6015,28
1053022,743217,746292,15.9001,14.1492,28
1053551,158474,743594,5.2599,18.9732,18
1053552,159870,743594,5.1208,19.6767,18
1053662,255064,743674,15.5956,2.618,1
1053944,743867,808025,11.1626,18.8689,1
1054145,188429,744005,48.3886,11.9171,1
1054286,743674,744101,12.2656,3.1583,1
1054301,263330,744111,88.5904,7.6787,1
1054502,254218,744237,6.1283,4.1621,1
1056728,159870,745772,18.5891,19.6374,18
1056729,745772,750019,45.9674,18.6919,17
1056867,745887,759088,156.173,8.0336,1
1057192,741634,746126,27.2631,10.4497,1
1057195,576772,746126,38.5069,14.9222,1
1057362,567583,746247,44.5683,16.4463,32
1057699,573287,746480,50.0308,23.8981,28
1057895,709644,746601,150.7436,11.0902,2
1057896,171203,746601,37.7801,11.3736,2
1058320,740669,746924,56.6755,5.1623,1
1058330,746931,753200,60.6814,26.6623,2
1058612,598994,747127,19.1442,7.7669,2
1058616,747127,747130,5.831,7.1742,2
1059924,572023,748060,4.7258,12.6531,28
1059925,574099,748060,18.43,11.8105,28
1060006,748115,749461,12.2661,23.9185,1
1060937,573287,748770,8.6994,25.543,28
1061117,161167,748893,77.0625,12.7702,1
1061133,748770,748906,18.5756,23.3972,28
1061148,572034,748920,22.2835,16.6829,1
1061265,265423,749001,94.2214,8.9003,1
1061911,749461,750945,11.5018,24.937,1
1062173,571257,749640,30.6227,19.5377,28
1062175,749640,754064,37.0819,20.0763,28
1063194,750350,754342,19.6808,3.9324,1
1063340,255805,750454,69.7113,8.8967,5
1063617,662613,750640,33.8805,5.3325,10
1063626,590699,750649,31.273,4.511,10
1064225,751081,759500,89.867,20.8515,32
1064652,574641,751381,9.0571,11.8636,32
1065131,751714,753078,108.485,9.7404,1
1066680,748920,752806,47.2652,10.6611,1
1067053,753078,770837,157.829,11.8385,1
1067227,753200,755810,17.8359,22.295,2
1067826,576763,753620,3.559,7.874,32
1068070,179180,753784,18.338,5.5902,3
1068458,581926,754064,77.2775,19.1572,28
1068842,264092,754342,43.2499,4.1069,1
1068880,167594,754367,59.782,9.036,1
1068992,754451,757961,63.5458,23.9303,2
1069127,750966,754542,32.3883,4.2426,1
1069297,579262,754668,21.8144,15.796,1
1069610,750019,754884,40.025,19.1788,17
1069611,170732,754884,11.3431,19.9121,17
1070148,171116,755275,14.9443,10.3071,1
1070158,754542,755282,140.4884,4.6708,1
1070483,752806,755525,90.4266,4.1447,1
1070520,750945,755552,30.9857,23.2891,1
1070521,755552,758456,14.4875,21.0824,1
1070737,580067,755721,32.5804,18.4501,2
1070874,755810,756968,7.8568,25.8821,2
1071085,578770,755942,2.7487,10.815,2
1071350,754367,756134,23.8328,7.7916,1
1071422,580843,756187,54.5673,18.3586,1
1071486,756203,771131,74.6262,29.1923,28
1071704,579575,756362,10.872,10.5173,2
1072025,756587,757051,12.8487,12.1181,3
1072036,579179,756593,6.65,10.1487,2
1072129,172075,756658,6.0828,14.5209,4
1072361,604113,756824,3.2146,7.437,2
1072567,592455,756873,322.4774,22.2272,2
1072748,756873,769744,204.3638,23.5982,10
1072973,610107,756873,353.0576,20.7113,18
1073017,579382,756878,5.5578,13.747,3
1073018,579385,756879,25.1149,10.7038,3
1073151,756968,757623,4.0955,28.4898,2
1073261,757051,757370,10.8401,11.2454,3
1073303,173290,757077,10.7806,6.6742,1
1073305,756134,757077,8.6603,5.6926,1
1073730,757370,757944,10.8633,12.067,3
1073737,756360,757376,10.116,7.0707,2
1073738,579890,757376,6.5744,7.2108,2
1074088,581111,757618,10.4243,13.2178,2
1074097,757623,758632,7.8671,28.7559,2
1074559,581219,757944,31.4651,11.867,3
1074579,580974,757961,5.1332,19.6703,2
1074584,757964,759881,29.7861,18.1859,1
1074888,758166,759362,18.5742,5.3284,1
1075000,758239,763810,83.4745,5.6317,1
1075001,755282,758239,100.2946,5.099,1
1075142,757964,758335,23.6906,15.3317,1
1075272,758426,764921,252.0992,9.7409,1
1075307,758447,767090,140.7578,16.3584,32
1075320,758456,759018,5.9126,22.1676,1
1075572,758632,759756,8.232,28.5829,2
1076139,759018,761403,16.8337,22.2747,1
1076343,759161,761807,36.9983,20.8013,2
1076345,580843,759163,55.7023,13.8369,1
1076346,581901,759163,10.8051,11.0214,1
1076396,759199,760151,21.6795,10.0927,4
1076417,582632,759217,9.6724,12.3428,2
1076612,176817,759362,15.7903,4.5616,1
1076705,197994,759425,130.798,8.4776,1
1076818,758447,759500,124.1758,17.7757,32
1077186,583062,759756,5.4886,28.8096,2
1077338,582986,759859,5.9442,14.5646,4
1077339,756873,759859,293.9176,24.6399,4
1077340,759860,760701,9.434,14.4589,4
1077367,582207,759881,8.8561,18.9849,1
1077369,759161,759882,14.555,21.0693,2
1077738,175347,760151,3.6912,12.3639,4
1077759,760167,761430,11.5758,25.27,17
1077761,759970,760167,2.4495,24.0346,17
1077948,760287,760701,5.7812,14.4265,4
1077952,760287,760290,23.7978,15.0296,4
1077953,582511,760290,3.2998,13.5129,4
1078372,760575,761125,380.635,8.2525,1
1078374,760575,761460,23.1733,9.6919,1
1078410,584700,760600,11.9641,21.3841,2
1078585,754451,760718,60.9106,25.4226,2
1078746,760831,770848,63.7504,6.3627,5
1078786,759199,760860,18.0555,8.5927,4
1078875,583384,760924,4.761,12.6237,3
1078937,584902,760964,51.9567,17.4569,28
1078958,593053,760978,36.4908,16.2687,2
1078963,582108,760981,15.2753,14.1043,2
1079080,761060,762168,7.2495,9.3538,1
1079091,755721,761069,30.7179,28.235,2
1079170,761125,767311,35.9722,8.7076,9
1079209,588735,761152,43.1818,8.2106,2
1079459,761069,761325,10.1727,32.9391,2
1079572,761403,764028,22.9269,20.7328,1
1079588,175178,761416,18.7691,10.2227,1
1079606,761430,771296,67.6314,23.1227,17
1079643,758426,761460,23.7908,10.6538,1
1080131,583401,761807,29.7403,17.9179,2
1080190,761844,762559,6.4031,27.5538,2
1081204,761325,762515,91.0685,30.047,2
1081220,583230,762526,20.8096,15.1727,1
1081275,762559,763087,6.0872,24.2227,2
1081409,762515,762643,37.1017,26.4737,2
1081705,257055,762850,71.5744,8.4497,1
1081959,763030,763031,7.8018,9.2009,1
1081961,763031,764121,5.0035,11.2009,1
1082039,760981,763087,16.5416,20.0697,2
1082046,591119,763090,63.6229,11.7362,1
1082047,763090,763093,8.2015,15.4728,1
1082920,763708,766857,40.1893,13.9868,1
1083303,763985,764313,13.3819,16.3169,1
1083369,764028,767358,19.6274,18.9769,1
1083746,753784,764307,67.6244,4.9286,3
1083754,763708,764313,7.5903,13.1703,1
1083983,762526,764460,14.0357,13.2033,1
1084294,762643,764674,20.9145,22.2296,2
1084342,764702,767090,252.545,27.0204,32
1084384,593870,764702,216.1417,36.9529,32
1084593,586558,764823,8.165,19.0542,1
1085081,765161,766610,24.9469,19.0477,1
1085276,179409,765313,25.6799,14.6263,1
1085439,764460,765425,25.4985,13.672,1
1085568,591450,765517,33.0687,22.7275,10
1085733,589258,765628,35.0761,19.0387,1
1085734,765628,768432,21.546,18.7971,1
1085972,585531,765796,114.4751,9.525,1
1085973,588260,765796,10.7961,8.7999,1
1086149,765906,766558,8.7242,21.0737,10
1086236,764823,765972,50.6546,14.4309,1
1086854,179409,766349,61.9369,10.8898,1
1086855,766349,766647,3.7417,10.7137,1
1086918,759539,766394,4.5826,17.057,2
1087152,589084,766558,8.4984,19.7319,10
1087236,766610,766613,12.9158,19.1913,1
1087287,766647,766907,5.9161,11.2691,1
1087554,588396,766846,12.7017,4.7947,1
1087568,766613,766857,8.957,16.0722,1
1087635,759088,766907,79.4292,10.3959,1
1088286,767311,771684,22.2935,10.1218,2
1088351,767358,768033,5.3301,16.6456,1
1088612,767538,770982,26.4197,14.7478,3
1089327,768033,768433,4.8166,15.7952,1
1089624,591023,768239,5.416,26.5589,10
1089722,591902,768307,28.7383,13.2179,1
1089819,768239,768374,27.8667,25.5912,10
1090368,765809,768783,96.343,33.3017,32
1090369,768783,768897,4.0927,32.6898,32
1090544,768897,768898,26.405,32.1247,32
1091255,592489,769371,4.7258,34.6857,32
1091801,768374,769744,14.3933,19.0753,10
1092452,769057,770196,17.9141,20.96,10
1092453,770196,771732,17.7609,19.1433,10
1092777,593469,770419,7.705,33.1059,32
1092779,770419,770420,6.4477,33.7945,32
1092918,188346,770510,8.0346,6.7723,1
1093203,592527,770708,32.6556,17.9936,2
1093207,770708,774469,69.9657,25.7453,2
1093397,196266,770837,65.2968,11.3801,1
1093414,770848,773888,24.2876,4.1829,5
1093596,187406,770982,11.0889,16.107,3
1093777,750649,771115,17.72,4.7541,10
1093804,596812,771131,12.9486,33.0764,28
1093988,771262,772346,8.4918,16.8941,2
1094029,771296,772516,9.3808,19.8952,17
1094376,771262,771531,26.1169,8.7247,2
1094576,771684,781748,113.3358,9.6402,2
1095540,596821,772346,9.0,21.2895,2
1095789,191408,772516,12.8279,19.0211,17
1095941,772629,774631,65.0355,13.8004,20
1096984,773365,775365,17.8045,18.6945,10
1097503,773739,774167,8.7108,23.1484,2
1097713,773888,787906,58.3952,6.0264,5
1098112,774167,774591,10.2429,22.7045,2
1098203,268891,774230,8.3865,7.68,1
1098539,774469,786294,75.0736,21.481,2
1098718,774591,774978,21.12,20.5172,2
1098788,600067,774631,19.0962,9.7872,20
1099269,774978,775599,7.9837,20.0667,2
1100110,601729,775559,11.5902,15.8418,2
1100681,775957,776070,10.7334,15.5397,2
1100682,604374,775957,16.1053,12.1181,2
1100838,775599,776070,11.9964,19.8186,2
1100979,776165,785280,34.9776,6.1071,30
1101516,194151,776541,6.0736,15.7477,17
1101767,776707,780976,51.4198,8.4186,5
1102177,602144,777003,3.559,17.301,10
1103500,198853,777934,7.6739,11.4582,2
1103999,608427,778300,54.4488,29.5088,28
1104007,778306,780935,62.3068,10.9114,20
1104166,610714,778419,41.0433,14.3854,2
1104705,778795,788317,121.8442,4.8599,1
1106445,609024,780034,54.9121,7.3761,20
1106533,780093,781430,16.9837,22.3375,2
1107369,199159,780662,20.3306,7.8102,5
1107370,780662,780976,5.7446,7.9363,5
1107388,780679,782835,15.1327,4.4246,3
1107749,606539,780935,62.9356,12.1322,20
1108077,781165,803384,59.0461,13.0178,1
1108944,208056,781748,111.7106,8.3646,2
1109329,198960,782013,4.8333,7.3805,1
1109540,782155,782638,14.4568,7.6712,5
1109541,199158,782155,5.6273,7.2801,5
1109921,608543,782425,7.3485,20.0741,10
1110510,782835,785152,16.8819,7.4096,3
1110644,772629,782934,150.0672,14.008,19
1110774,264615,783017,86.1046,10.0732,1
1110840,193787,783057,39.5095,4.6751,1
1110895,609985,783096,15.4272,24.1855,28
1110896,618630,783096,41.3884,24.9545,28
1110905,610267,783102,14.6654,21.3166,20
1112035,618630,783913,68.2407,23.4732,28
1112036,783913,784411,142.3639,25.1663,28
1112162,201553,783995,11.299,10.2661,5
1112682,201037,784363,43.5305,9.3754,5
1112759,784411,794270,79.5398,26.4308,28
1112926,610714,784519,10.4669,12.2641,1
1113628,275869,784999,41.5719,8.9088,7
1113840,785152,785851,17.3781,14.6291,3
1114019,785280,803247,47.6883,7.1838,30
1114239,771115,785425,10.6771,6.7237,10
1114264,200649,785446,9.3927,21.9658,17
1114265,209562,785446,37.1872,21.4545,17
1115494,616777,786294,35.1686,14.8654,4
1115602,786369,789501,34.3657,9.0041,5
1115603,786369,788277,37.3497,8.8801,5
1115646,786407,788317,112.8982,4.5708,1
1115995,786291,786647,68.3561,10.8619,20
1116478,146427,786985,37.6431,17.1884,2
1116524,787022,800722,8.544,17.3888,2
1116713,614103,787147,7.6158,19.4089,18
1116849,784519,787232,39.2372,7.4993,1
1116930,787285,792791,51.1077,21.5518,3
1116931,785851,787285,12.1244,20.1834,3
1116967,594947,787311,250.1619,10.6286,1
1116968,621615,787311,28.4488,9.2844,21
1117142,204281,787424,10.6927,14.9149,5
1117143,787424,788540,16.0624,13.4654,5
1117762,787868,788269,33.0757,10.3977,5
1117763,787868,789501,18.0555,10.8869,5
1117817,287990,787906,220.7714,7.1067,5
1118330,209102,788266,36.9624,14.7196,5
1118332,788267,788540,4.3589,12.7842,5
1118333,788267,788269,20.0998,10.8748,5
1119111,201893,788798,114.3061,4.4155,1
1120115,613395,789486,44.0833,12.2619,20
1120196,194296,789545,54.2648,5.4155,1
1120617,616482,789833,42.6797,5.7913,1
1120952,206442,790070,10.2956,12.3453,5
1120959,790070,790075,26.4764,12.1124,5
1122678,791303,805520,50.2991,17.6927,1
1123311,618971,791751,22.942,19.0783,10
1124162,200368,792335,87.6274,5.0861,1
1124168,209725,792340,32.438,13.8737,5
1124198,624183,792367,31.3363,19.4258,28
1124199,792367,799678,54.2887,30.6127,28
1124202,792369,793939,16.0174,11.5199,28
1124432,792526,793219,25.3574,6.7082,5
1124433,209527,792526,10.4722,7.5967,5
1124557,623467,792618,25.4951,6.2741,1
1124598,792369,792654,13.8724,12.9215,28
1124599,624183,792654,22.891,8.8741,28
1124600,617978,792655,24.8535,14.3755,18
1124601,621799,792655,8.8898,11.0613,18
1124748,792618,792759,12.2746,5.985,1
1124781,208949,792791,10.4403,19.6918,3
1124951,620651,792912,53.5101,7.2536,1
1125397,793219,793736,8.0623,7.5074,5
1125596,212476,793358,19.6356,5.7511,1
1126139,793736,794525,29.8831,8.246,5
1126337,627604,793887,18.5236,19.6495,10
1126779,788734,794201,12.492,8.1291,1
1126781,794201,802835,59.3314,8.3245,1
1126845,212509,794248,29.7489,13.1708,5
1126885,627710,794270,20.8407,22.3682,28
1127270,212596,794525,35.4479,8.7024,5
1128120,634847,795107,57.4389,5.4704,21
1128766,274438,795534,22.9831,4.2247,1
1129328,789486,795922,77.7329,13.7632,20
1129941,213964,796350,14.3062,10.2227,5
1130245,625588,796539,55.0454,4.7913,1
1130321,796595,798126,8.5177,23.874,28
1130836,70519,796949,88.9044,19.7263,2
1131154,212506,797165,9.7639,4.0233,5
1131635,627604,797479,18.8331,20.0266,10
1131785,797585,799344,11.8365,23.5048,28
1131788,629406,797588,7.4312,29.4425,18
1131982,797718,799641,14.7385,17.4549,1
1132052,797588,797764,27.3748,26.7084,18
1132218,797874,798416,3.8297,10.3349,4
1132591,798126,799344,13.2469,22.542,28
1132596,798129,799350,9.8723,32.9208,18
1132857,627288,798302,39.9291,8.8104,28
1132858,798302,798658,34.2047,14.0649,28
1132981,215072,798387,29.5719,19.6111,5
1133029,798416,801008,44.4011,15.7548,4
1133164,208735,798513,26.7706,4.2361,1
1133268,798585,799970,41.4488,18.4511,5
1133376,798658,799560,14.8008,18.17,28
1133489,798725,805780,127.9275,5.9569,1
1133490,798725,802706,52.3426,5.2068,1
1133709,798387,798882,4.6904,19.7679,5
1133710,798882,802395,42.4853,18.3758,5
1134395,634172,799350,15.6702,32.9823,18
1134520,797479,799439,21.0728,20.9547,10
1134691,799560,800092,41.2699,18.0622,28
1134810,799641,800629,18.2635,16.5802,1
1134861,799678,800089,11.4455,29.2912,28
1134865,799681,799683,16.1245,26.4444,4
1134868,634349,799683,62.2513,25.8355,4
1135165,209121,799883,53.301,11.5244,3
1135166,223686,799883,37.7403,18.72,3
1135293,216076,799970,4.8189,21.3702,5
1135718,213856,800259,20.3388,20.0729,5
1135935,800092,800413,9.551,18.7627,28
1135936,634577,800413,6.8232,21.1048,28
1135962,633250,800429,32.6905,25.6108,4
1135963,800429,801008,30.963,22.7319,4
1136243,800629,801296,25.7617,15.4085,1
1136379,800722,811653,9.8995,16.8963,2
1136535,800831,802282,14.0712,9.3462,5
1136603,634277,800877,4.1899,4.3528,1
1137003,800877,801156,14.9015,4.5274,1
1137219,637939,801296,20.9444,15.997,1
1137257,801324,811050,360.6078,7.5077,1
1137954,801156,801816,19.929,4.4721,1
1138170,209482,801960,53.895,7.272,1
1138171,801960,811367,82.8613,7.8075,1
1138368,801816,802111,69.2058,4.3574,1
1139013,799439,802544,37.2072,20.5294,10
1139215,802111,802681,10.116,3.7025,1
1139253,278890,802706,41.3159,4.7408,1
1139324,634577,802755,28.6522,24.4933,28
1139431,286129,802835,340.8441,6.3865,1
1140009,280998,803247,67.1234,7.5452,30
1140201,803384,815055,38.612,11.8949,1
1140454,803562,811210,21.6513,14.449,1
1140646,744005,803695,9.9781,17.2133,1
1140819,65597,803818,88.2081,10.3263,3
1140827,216043,803825,54.4327,15.8096,3
1142014,639395,804642,6.2716,28.2758,28
1142015,639947,804642,6.5574,30.2382,28
1142439,214296,804940,56.548,5.1926,1
1142440,223558,804940,16.6032,4.9495,1
1142917,805263,807155,22.005,17.6491,1
1143294,803562,805520,14.9963,13.3976,1
1143510,639947,805670,32.107,32.1137,28
1143514,805670,817987,80.0936,18.3814,28
1143532,803711,805681,76.4654,24.5519,4
1143534,642834,805681,24.3782,15.2124,4
1143676,795534,805780,30.0093,6.0414,1
1143860,805901,806497,9.3571,16.8933,4
1144109,806075,808019,19.5965,29.8063,18
1144599,716629,806414,86.2224,5.4909,1
1144717,806497,808401,19.9123,19.4451,4
1145647,807155,808173,12.3153,17.1116,1
1146354,642586,807656,68.6032,13.4508,28
1146356,807656,812415,41.4678,13.5524,28
1146428,41338,807701,51.5743,11.0861,7
1146887,644932,808019,9.8082,28.401,18
1146897,673911,808025,22.1133,16.1031,1
1146932,218308,808051,55.3564,4.7863,1
1147051,222645,808142,5.4975,15.6189,5
1147052,808142,809720,22.1133,14.7861,5
1147094,647524,808173,17.7733,16.7924,1
1147422,647009,808401,15.1162,24.585,4
1148238,226962,808964,26.3692,6.4734,1
1148256,644774,808976,7.461,16.8967,10
1148606,807896,809221,9.1598,11.6317,28
1148608,648195,809221,8.3292,10.7849,28
1148890,226653,809424,11.7284,3.8643,1
1149529,646140,809876,8.3066,29.8492,18
1149530,809876,811798,18.1246,26.6488,18
1150195,283424,810347,95.3328,7.5794,30
1151073,756873,810954,504.1731,30.4838,2
1151074,651438,810954,18.2392,29.2103,2
1151238,811071,819281,122.0246,26.0348,4
1151432,811210,816220,23.3809,14.0432,1
1151639,237478,811367,115.9856,5.5971,1
1151664,811383,819623,114.2891,4.8002,5
1152040,766394,811653,6.2716,16.5363,2
1152270,811798,812982,9.975,21.8874,18
1152273,810318,811802,34.2961,8.9602,28
1152645,223558,812072,30.293,4.7408,1
1152700,644585,812111,29.8086,5.7899,1
1152835,812205,814314,68.2155,19.6054,7
1153139,811802,812415,20.3672,4.8597,28
1153554,812721,812983,17.2755,6.7514,7
1153555,812721,812984,7.4833,8.246,7
1153921,812982,813461,53.5942,23.1601,18
1153922,812983,813324,13.1445,4.4009,7
1153923,812205,812984,14.4442,9.3367,7
1153975,813024,814238,87.8066,7.1774,2
1154262,808976,813211,38.0248,17.1448,10
1154415,813323,813324,45.3542,5.6433,7
1154612,660108,813461,42.3556,23.6253,18
1154748,812111,813565,9.8995,6.4419,1
1154749,813565,816315,55.8775,5.7016,1
1155731,226539,814238,56.0327,7.2715,1
1155782,286929,814271,60.5218,7.3472,1
1155862,814314,819763,61.3016,28.5123,7
1156913,15940,815055,50.514,13.1233,1
1157334,815343,815548,13.4205,13.7849,1
1157777,254849,815642,179.7489,6.0346,2
1157779,449796,815642,73.2985,5.3723,2
1158620,795,816220,52.1891,12.8415,1
1159585,224068,816873,43.7112,14.609,3
1159587,232974,816873,8.8045,12.9428,3
1160281,656775,817345,7.3485,17.6478,10
1160288,657849,817353,3.0822,4.8452,1
1160527,652164,817525,37.2231,30.0857,2
1161035,235959,817872,71.4446,15.2283,5
1161203,657949,817987,7.0159,3.7025,28
1161500,817525,818174,13.2539,31.4235,2
1161501,818174,819578,15.7533,30.6974,2
1162680,818970,819437,5.7743,9.6436,1
1162895,226628,819113,55.4707,9.5155,17
1163140,819280,819281,8.0416,24.2418,4
1163355,819046,819437,21.8979,10.4537,1
1163831,818694,819763,51.6398,30.5369,7
1163979,819280,819865,29.6816,24.7296,4
1164455,819578,820197,5.1045,28.0373,2
1164774,243024,820396,191.8121,6.5977,5
1164775,819623,820396,14.3527,4.7541,5
1165295,370805,820774,73.0973,12.4074,3
1165296,803825,820774,74.6387,12.4074,3
1166099,817353,821305,45.9281,4.6365,1
1166100,666606,821305,47.433,2.9984,1
1166239,817345,821405,46.3777,18.2629,10
1166403,219850,821521,143.101,13.5192,1
1166745,819865,821776,35.498,22.7666,4
1166746,821776,822386,9.1226,21.7468,4
1167638,30116,822386,57.2606,23.5613,4
1167705,651859,822430,106.9169,19.1658,1
1167706,664627,822430,16.69,24.5577,2
1167707,674536,822430,47.052,23.1692,1
1167795,40944,822487,68.8867,17.9285,6
1167797,37035,822487,73.0786,16.6276,1
1167806,686085,822487,63.874,21.2321,5
