edge_id,src,dst,length_um,radius_um,usage
383,257,324176,79.9868,4.0388,1
384,257,319185,31.2232,3.3028,1
668,442,788358,39.2457,5.8407,34
2605,1764,27189,68.9356,5.5649,1
2693,1836,2052,131.0458,3.3904,1
2991,2052,303999,14.7083,2.9568,1
3104,1836,2146,67.0746,3.7199,1
3557,2488,2585,159.5776,5.1627,1
3558,2488,304152,66.9154,3.9241,1
3675,2585,305560,224.9553,4.6997,1
4797,3433,766475,196.7088,4.6904,1
8643,4029,6288,110.6165,5.5,7
8644,6288,18296,20.4641,4.6213,7
8663,6303,6955,56.3649,3.6213,1
9398,6303,6836,70.4911,2.8284,1
9546,6955,312708,13.9553,3.5616,1
10541,7671,243314,46.3849,6.7986,1
10619,7728,236214,6.2093,3.8028,1
13035,9474,315070,48.0625,3.1583,1
15298,11104,318956,38.9915,3.217,1
16523,3433,11995,69.2219,4.9433,1
16524,11995,720951,68.9936,4.9433,1
17429,12632,15311,155.0645,6.3042,1
18186,11876,13176,28.8097,3.2394,1
18187,13176,324852,23.1948,3.7025,1
18933,13718,13773,17.1172,5.3218,1
19009,13773,326450,33.4847,5.4218,1
20155,14596,676330,56.8448,4.9839,4
20556,14877,265434,619.2129,5.5649,1
21182,15311,15542,13.3041,5.0196,1
21500,15524,40920,64.3345,18.2257,2
21523,15542,329521,63.2456,8.7459,1
22058,15922,663293,47.3616,3.2394,1
22060,15922,65432,103.845,4.2426,1
22345,16115,676368,47.3591,3.0495,1
22994,16591,751043,116.4689,5.1515,1
24561,17700,330680,10.8934,5.3852,1
25120,18086,339385,62.9682,8.5149,1
25780,18551,329199,222.2022,9.0,1
26144,17700,18803,24.8395,4.1926,1
26145,18803,343768,228.9896,3.3708,1
27847,19998,38785,37.0037,5.5414,2
30998,22263,67049,169.2733,10.0607,1
31000,22263,324754,49.9333,9.8654,1
31155,22368,333788,84.8508,5.2913,1
31235,22422,329521,201.5829,9.142,1
31300,22463,663705,42.681,3.9324,1
31492,18086,22600,166.5923,8.8524,1
32630,23421,25810,71.5961,4.1078,1
32796,23532,26646,54.827,4.511,1
33273,23869,152050,119.3352,3.8643,1
33422,23964,30070,4.4064,3.9324,1
34177,23532,24485,32.4037,3.7936,1
34916,25010,676975,37.2514,7.806,4
35033,22600,25089,64.0391,8.4853,1
35710,25564,26015,101.5972,6.3121,1
35718,23421,25569,64.195,5.1421,1
35719,25569,348846,39.2839,5.3852,1
36174,25908,341463,74.1005,3.8643,1
36325,26015,26157,3.0,6.8896,1
36517,26157,27892,171.2484,6.4078,1
36520,25564,26159,41.7852,6.4221,1
36744,26317,283240,100.0433,5.0196,7
36745,26317,94545,44.243,3.4758,7
36891,26159,26424,5.6569,6.3796,1
36892,26424,30031,60.3738,5.7439,1
37207,26646,32156,112.0045,4.4495,1
37237,26664,783037,91.1723,4.0941,1
37766,27036,339329,122.7747,8.6023,1
38996,27892,32015,119.8582,6.0738,1
39473,28228,349962,49.1121,5.6081,1
40254,24485,28783,146.8673,3.6029,1
41659,29781,30550,85.5745,5.2035,1
41874,29920,151758,83.9614,5.9545,3
42102,23869,30070,24.0849,3.6736,1
42182,30124,34198,74.1755,5.6803,1
42783,30534,696576,231.2336,3.0956,1
42785,30534,30535,3.7712,4.1069,1
42786,30535,38785,51.3646,5.2774,1
42805,30550,30963,25.0998,6.2838,1
42955,30657,354610,58.6032,5.8407,1
43266,30878,674281,15.4272,5.1636,1
43267,30878,64370,79.376,4.7431,1
43398,30963,348659,71.6798,5.7996,1
43538,30031,31057,33.1964,5.3779,1
44758,31931,359822,48.7534,4.5616,1
44875,32015,33940,39.4715,5.7016,1
45087,32156,32391,48.8569,3.5,1
45243,27036,32272,108.3836,6.7759,1
45244,32272,34535,60.9672,5.1938,1
45253,32277,285858,34.288,5.8962,1
45422,32391,34198,97.5961,4.5822,1
45576,32302,32497,16.1555,11.025,1
45577,32497,363724,284.6237,8.6305,1
45681,32571,287795,27.6265,9.4199,3
45718,32593,675283,178.4831,5.4929,4
45719,32593,676330,5.4671,4.5826,4
45930,32740,235477,59.075,3.8637,2
46566,33212,359966,23.0266,5.7016,1
47325,33752,689180,64.3169,4.0306,3
47326,33752,672836,84.1408,3.6427,3
47353,33770,358555,7.4536,5.2035,1
47354,33770,40024,105.6504,4.2426,1
47591,33940,37026,86.908,5.4155,1
48436,34535,35259,37.5899,3.4611,1
49158,28228,35052,106.2215,5.1926,1
49450,35259,364086,25.0444,3.3028,1
49496,35293,365042,30.5287,3.3839,1
49574,35346,820916,71.9915,3.9241,2
49696,35438,359819,41.1623,7.6468,1
50062,35683,50823,86.3366,4.6708,1
50080,35696,39696,53.3198,10.3917,1
50199,35780,359899,53.4252,7.458,1
50272,35826,807518,133.8357,4.511,1
50743,36157,36622,13.8924,6.7371,1
51139,35293,36429,49.5883,3.0811,1
51440,36622,354610,172.0339,6.9267,1
51443,7728,36623,60.7783,3.6056,1
51444,36623,75647,88.3289,3.0275,1
51518,36679,77480,116.9087,5.5649,4
51829,36894,360642,51.316,4.0616,1
51830,36894,37191,16.1245,4.0,1
51924,36960,367721,71.4555,4.4954,1
52015,37026,41189,92.4932,6.117,1
52301,37068,37240,3.4641,5.3852,1
52718,37533,247520,44.1626,3.8106,1
53273,37920,362748,71.147,7.2016,1
54022,36157,38449,82.1949,5.8941,1
54763,38983,670605,90.0753,7.1067,2
54874,35438,39060,99.4535,7.2058,1
54875,39060,371195,167.5938,6.4641,1
55460,39486,367014,23.7253,5.9036,1
55750,39486,39684,15.843,4.6111,1
56230,40024,41751,87.47,4.5708,1
56394,40132,43500,106.3861,8.0632,1
56820,39696,40422,17.5499,13.5211,1
56821,40132,40422,16.5227,10.2066,1
57425,40832,433602,41.8277,23.4207,1
57541,40920,342137,141.2657,13.943,2
57787,41085,244034,17.243,2.2247,1
58192,41375,365602,125.618,5.0378,1
58193,41375,375496,60.0,4.7541,1
58928,41906,61480,318.3284,4.9936,1
59364,42223,43947,40.3733,3.0,1
60201,42817,810526,391.6667,4.899,7
60202,42817,70636,31.209,4.1078,7
60327,42908,335243,113.0953,5.5971,34
60329,42908,319588,142.3244,4.977,34
61143,43500,416874,437.9468,8.7076,1
62124,44178,49129,261.2949,7.1067,1
63314,44606,45007,63.6082,4.3528,1
63315,45007,390618,200.8133,4.4068,1
63706,45282,369158,72.1126,2.2071,1
63708,45282,380760,8.124,2.5779,1
64002,45492,47661,27.074,2.5322,1
64060,45533,293304,58.0582,5.099,1
64061,45533,102083,61.9379,3.9637,1
64826,32624,46086,204.4969,10.7913,1
64827,46086,48080,29.7489,19.0,1
66794,47491,370944,91.7505,12.8691,1
66833,47522,387120,86.6673,3.3839,1
66834,47522,387386,25.2587,3.9822,1
67034,47661,50165,49.6991,3.4758,1
67640,48080,385457,12.2296,20.9284,1
68690,47491,48803,16.5227,13.7632,1
68858,48914,385950,138.736,2.8831,1
69093,43947,49091,34.9571,2.5811,1
69145,49129,384577,19.6554,7.8102,1
69513,48914,49389,32.3419,1.9318,1
69580,49437,383459,65.9638,3.0725,1
69582,49437,52730,40.3609,3.9637,1
70647,50165,387757,5.9067,4.2976,1
70978,50402,389691,35.5106,2.7321,1
71003,48006,50419,134.4214,6.3988,3
71004,50419,689356,279.819,6.8239,3
72250,36960,51302,187.2031,3.6056,1
72695,51633,393085,43.7978,4.885,1
73373,52098,391602,57.6597,22.4571,1
74099,52617,390618,21.8937,3.9263,1
74100,52617,61775,211.1327,5.0811,1
74255,52730,393581,16.5372,6.1896,1
75079,53311,403289,97.8127,5.0517,1
75510,53631,74104,379.6248,6.3284,1
75633,53717,390080,52.1344,3.3708,1
75634,53717,390321,51.504,3.5616,1
75645,53725,392919,75.0777,5.5125,1
76193,54122,247858,26.1725,1.618,1
77984,55384,232469,72.7831,3.7796,1
77985,55384,155244,125.2438,4.4126,1
78272,55590,249010,125.9934,4.1231,1
78893,56037,682781,186.9402,3.9495,1
79394,56372,696787,96.9266,8.5822,3
79958,56774,57424,58.3267,5.6109,1
79959,56774,413736,134.3437,5.7446,1
80065,56847,404812,55.6415,6.1567,1
80871,57424,98508,891.6087,5.4312,1
81606,57950,406633,236.3317,6.2264,1
82129,58308,62158,48.6724,5.1421,1
83768,55338,59435,156.0545,5.6109,1
83769,59435,402302,5.1208,5.2386,1
83993,59594,63662,41.2392,4.9286,3
83996,59596,62521,22.9123,5.2238,1
85027,60325,66510,74.108,2.7247,1
85903,60934,84789,358.0738,8.5166,2
85904,60934,684614,20.9258,8.1435,2
86487,61342,386251,164.9128,12.8291,1
86690,61480,413896,104.1563,6.965,1
87035,57950,61722,43.0116,7.1947,2
87036,61722,414244,71.4656,7.3761,3
87037,61722,69900,81.4002,5.9619,1
87102,61775,406695,4.9329,6.3284,1
87647,62158,64812,28.6182,4.7947,1
87746,62226,339755,54.513,3.1213,1
88105,62471,703603,145.0322,6.3668,1
89776,63662,672836,103.8912,4.2976,3
91416,64812,410589,52.7689,4.8452,1
91532,64898,68811,67.9412,4.1231,1
92587,65638,73974,96.3964,4.9338,4
92713,65737,408891,38.2056,5.5971,1
92714,65737,69440,40.2368,4.511,1
92820,65805,69897,198.6681,5.2175,1
93447,66259,280411,129.3209,6.0552,2
93448,66259,292005,69.3221,6.3988,1
93800,66510,423294,100.5131,3.8228,1
93911,66585,696475,94.9976,7.1411,1
93913,66585,697458,79.8244,5.4764,1
94192,61903,66788,62.2736,3.452,1
94193,66788,70204,88.5325,3.3839,1
94226,66809,418646,128.0606,6.8556,1
94590,67049,345134,71.4368,8.3245,1
94882,67252,350074,126.1045,3.3461,1
94883,62226,67252,30.0167,3.3461,1
95503,55338,67696,250.8087,6.5465,1
95504,67696,422296,44.2455,7.7973,1
95528,67714,417729,167.9315,5.7899,1
95529,67714,418978,25.1639,5.3617,1
95617,67779,70658,94.0106,7.4806,3
96254,68237,692967,107.0374,4.4495,1
96450,68370,71824,5.4263,1.0,1
96860,68654,418978,75.037,4.8139,1
96910,34186,68687,69.7559,7.0711,7
96965,68726,413054,34.4719,11.6821,1
96966,68726,70095,48.9183,8.9772,1
96976,68733,814159,175.7555,3.6736,1
96977,68733,252085,131.3024,2.9208,1
97098,68811,78119,133.2666,3.7936,1
97736,69259,412591,55.3263,4.7361,1
97737,69259,425724,102.2187,4.6213,1
98019,69440,87801,219.529,4.1815,1
98046,69460,712187,108.3169,5.3166,2
98047,56034,69460,87.9482,4.0616,2
98182,69550,377799,742.3397,8.6487,1
98678,69897,422703,138.7852,5.6993,1
98872,70034,72176,83.857,4.899,1
99102,70204,425834,59.9083,4.4954,1
99115,70211,427080,89.9444,8.9161,1
99669,70601,418424,108.959,3.7743,1
99670,70075,70601,47.7703,2.7247,1
99719,70636,176945,240.9523,3.7199,7
99747,70658,73568,77.2399,9.1556,3
99816,70713,71606,18.8414,2.7247,1
100827,71404,689180,58.532,5.2779,3
101134,71606,72228,37.9868,2.4495,1
101616,71939,686071,186.9929,5.2907,1
101786,72054,697458,91.5745,3.3708,1
101821,38983,72080,101.8136,7.5107,2
101963,72176,437653,256.2045,5.7661,1
102156,70095,72320,41.4126,6.6623,1
102181,72335,72404,16.4317,4.9651,1
102274,72404,413736,68.4998,6.0346,1
103409,73187,695535,79.217,3.8643,1
103410,73187,81966,273.4358,4.6312,1
103446,73209,425912,4.0689,4.2523,1
103913,72320,73548,41.9166,8.112,1
103937,73567,451414,300.0539,4.7913,1
103939,73568,78849,91.3729,8.8858,3
104410,73548,73898,9.9499,10.5622,1
104526,73974,697288,14.3372,5.1438,4
104704,74104,438444,133.0376,6.1825,1
104851,73898,74217,11.4891,10.3295,1
104927,74277,510077,57.8849,5.2779,1
105045,72395,74366,159.4679,4.4068,1
105046,74366,433905,90.8271,4.4068,1
105367,74581,113852,114.1855,6.0467,1
105368,74581,699640,58.4523,6.2264,1
105910,65432,74949,59.2321,4.3574,1
105911,74949,77228,14.8174,4.9286,1
106835,75588,80648,88.1986,3.8534,1
106924,75647,78336,45.8912,2.8059,1
107385,74217,75968,30.0167,9.7419,1
108173,76522,119714,50.7245,3.7361,1
108174,76522,79770,7.46,4.1069,1
108277,76599,710525,124.6056,7.2327,3
108278,76599,696787,23.5773,7.1133,3
109203,77228,111223,88.9413,4.6926,1
110163,77910,436980,99.5188,5.8941,1
110245,77971,424963,64.4998,6.2981,1
110389,78075,78375,60.208,2.9954,1
110450,72335,78119,70.4557,3.5348,1
110816,78375,434215,58.66,2.8059,1
111458,78825,422296,173.1319,6.9954,1
111499,78849,433013,11.5998,7.5077,1
112232,71824,79374,13.1403,1.618,1
112233,79374,344516,34.4561,2.9208,1
113449,75968,80227,153.1045,7.9404,1
113450,80227,91396,227.1453,4.5738,1
114573,81012,435215,10.6562,3.285,1
114742,81130,436938,9.9499,3.3708,1
114743,81130,439623,31.496,3.9921,1
114938,81276,83561,76.9632,5.4379,1
115932,81966,709983,50.4535,5.567,1
116052,81012,82050,14.7309,3.9142,1
116054,82050,84354,26.1725,4.3708,1
116065,82058,439469,14.8549,9.2711,2
116133,78825,82107,73.1642,7.2598,1
116338,82264,252580,90.8515,6.8206,1
116765,82582,437722,24.2693,8.4851,1
116865,82655,438444,7.1414,6.0467,1
116866,82655,445288,107.9352,4.7541,1
116885,78849,82670,71.9444,7.1062,4
116886,82670,88655,124.8599,7.9514,4
117171,82871,438148,91.6436,6.085,1
117172,82871,88578,88.227,8.7317,1
117205,82900,443515,31.2783,6.8596,1
117949,83437,439623,70.529,3.9241,1
118067,74132,83523,87.5246,3.5616,1
118068,83523,705870,13.2497,4.7541,1
118127,83561,706335,26.3059,6.2746,1
118438,83781,445838,43.273,3.9495,1
118513,83829,707580,41.9669,3.452,1
118813,84005,729110,155.261,20.7248,2
119216,83781,84272,23.8956,4.0306,1
119730,84632,677438,146.3021,6.9228,4
119731,84632,710403,116.6461,7.7457,4
119881,84739,443454,9.1652,8.357,1
120044,84739,84852,12.083,7.7327,1
120045,84852,93225,182.4884,6.965,1
120471,82900,85156,231.9073,5.8339,1
120472,84272,85156,53.8331,3.3839,1
120814,85382,144712,186.8227,15.1449,2
120815,85382,342137,9.5598,15.6791,2
120924,85465,442659,9.6264,3.5616,1
121516,85877,86178,51.3517,6.5977,1
121517,85877,90907,116.383,8.8296,1
121933,86178,443545,61.403,6.2633,1
122484,86570,98586,260.4016,5.6317,1
123673,87431,439751,66.0454,6.4806,1
123674,87431,451614,188.4217,5.3218,1
123882,87572,339755,64.9513,3.0616,1
123964,87623,445288,95.6086,4.977,1
123965,87623,90647,110.973,4.7182,1
124217,87801,449501,91.0714,4.2321,1
124250,87823,96035,58.022,2.3428,1
125275,88558,449149,19.046,4.4495,1
125300,88578,90081,416.0553,9.612,1
125396,88558,88646,82.3043,3.8028,1
125409,88655,89774,16.4924,9.3403,4
125931,89037,89482,4.3589,7.4461,1
126020,89101,473561,282.6977,6.5557,1
126603,85465,89510,88.82,4.1926,1
126968,89774,455189,69.7878,9.4244,4
127392,90081,94400,300.6426,8.0559,1
127814,88646,90362,37.6962,4.0941,1
128224,90647,96199,234.5847,4.8028,1
128797,90907,91044,3.1623,9.0475,1
128937,91143,470316,222.6694,5.6899,2
129169,91320,453659,15.7233,3.6736,1
129269,91396,93012,25.632,3.0725,1
129710,91712,93238,56.2939,3.3839,1
129764,91747,91821,27.6043,4.1621,1
129799,77971,91769,166.9072,4.4155,1
129861,89510,91821,36.6879,4.5634,1
130267,92095,714555,45.4569,5.5317,1
130504,92265,137291,118.8634,5.3218,2
130505,84789,92265,32.2949,5.651,2
131562,93012,467234,143.3453,4.7683,1
131857,93225,106204,288.3956,6.7774,1
132692,93821,457422,96.1232,4.6856,1
133579,93821,94457,35.171,5.1515,1
133911,94457,94701,6.7823,4.7182,1
134185,94905,428367,115.7129,18.9646,3
134186,94905,95321,32.5883,5.8407,3
134776,95321,97553,48.6415,4.5092,3
135129,94400,95580,42.5441,6.4685,1
135130,95580,97102,79.4796,6.3284,1
135248,95657,462289,40.0656,4.511,1
135451,91769,95798,70.2424,4.0503,1
135783,96035,707583,8.9567,2.4495,1
135857,95004,96093,14.7986,6.9432,1
136011,96199,98357,65.0692,5.1213,1
136108,96274,462289,152.785,4.4068,1
137325,97102,97310,48.1975,7.9159,1
137453,84429,97197,361.9848,8.6345,1
137614,97310,464857,39.6611,8.3529,1
137957,97553,477043,124.0585,3.2975,3
138045,97625,715178,63.1919,4.8341,2
138135,96093,97689,30.1496,6.03,1
138136,97689,142919,769.0748,7.4652,1
138262,96274,97780,30.0333,4.9433,1
138263,97780,464302,8.2462,5.6395,1
139075,98357,474788,188.3674,4.9936,1
139275,98497,179239,184.6983,7.1661,7
139284,98508,492628,341.7847,5.5649,1
139699,98809,460332,131.5637,6.2696,1
139701,98811,475734,256.2262,4.2976,1
140786,94701,99555,94.8262,4.885,1
141076,99766,100154,15.0,6.2264,1
141077,99766,101098,52.7067,6.4363,1
141178,99843,99914,40.2741,3.7055,1
141179,99843,474298,139.6484,5.3735,1
141454,100042,142653,66.524,4.4665,1
141494,100070,473772,60.1378,3.0956,1
142349,99555,100673,33.8378,5.2617,1
142351,100673,100674,45.607,3.9822,1
142689,98809,100921,47.7493,6.8525,1
142713,100937,484561,167.5967,6.5557,4
142941,101098,484613,198.5535,5.5822,1
143060,100921,101174,12.8841,8.4922,1
143061,101174,479577,111.3209,7.8339,1
144124,101912,349732,49.8865,3.1463,1
144920,102478,117732,21.8378,4.4689,1
145337,102791,468203,48.5375,4.5634,1
145815,103149,108208,89.3719,5.2907,1
146579,103678,108542,87.2812,4.1829,1
146758,103817,474229,54.7408,5.6317,1
147286,104178,128848,65.4603,9.7968,2
147724,104506,105730,34.7994,5.7016,1
147917,98811,104644,280.6795,3.3541,1
147919,104506,104644,5.7446,3.1796,1
148692,105197,477982,54.8533,2.8501,1
148979,103901,105395,25.807,3.4641,1
149047,67253,105443,124.911,5.2016,1
149366,105655,476774,28.6977,4.7541,1
149372,105658,480108,85.5641,5.9545,1
149373,105658,483709,89.5092,5.5317,1
149475,105730,109942,155.9038,6.0895,1
149894,35826,106040,87.5157,4.1231,1
149895,106040,185266,166.979,3.0616,1
149950,106081,108972,57.3934,6.7371,1
150126,106204,495538,217.1835,6.5977,1
150394,97197,106385,248.8554,10.414,1
150601,102872,106538,124.4387,5.1438,1
151659,107283,247722,23.1157,1.5,1
151985,107520,735055,138.808,4.1068,2
151986,77480,107520,222.2684,5.3852,4
151987,87422,107520,64.3705,4.5634,2
153438,108542,111541,144.6409,4.4126,1
153538,108614,110427,67.082,6.7659,4
154054,108972,111134,83.666,5.715,1
154069,108982,113960,11.6428,4.6795,1
154108,106385,109012,62.2977,9.4984,1
154371,109196,717086,27.6285,11.7546,2
154784,109473,131821,94.5098,3.7606,1
155074,109675,475591,78.8881,5.0299,1
155456,109942,117878,183.5974,5.8407,1
155714,110119,112751,116.254,5.4265,4
155715,110119,110427,19.7231,5.5561,4
156212,109012,110466,27.0185,9.3311,1
156465,110655,117810,174.2355,4.1583,1
156562,110655,110727,56.4712,4.5616,1
156758,106081,110861,105.7733,5.381,1
156759,110861,113504,54.6535,5.381,1
157132,110255,111119,29.8161,14.6716,1
157159,111134,112165,110.5124,4.241,1
157292,108982,111223,18.8237,4.1795,1
157456,109675,111333,59.0678,4.3969,1
157458,111333,112838,27.3861,2.8831,1
157670,106538,111486,70.1498,5.2035,1
157671,111486,491416,58.9293,5.4754,1
158172,111119,111841,15.2643,14.402,1
158477,112061,488320,74.3203,4.9749,1
158627,112165,118899,171.0351,4.511,1
158694,111841,112210,105.3803,9.2686,1
159209,112583,486865,20.3286,6.4078,1
159210,112583,117244,86.18,5.7878,1
159454,112751,113713,35.1568,5.4265,4
159583,112838,114405,50.7839,3.7247,1
160028,113144,569143,103.1458,3.4758,1
160527,113504,120777,144.3226,5.8941,1
160836,113713,484613,114.9456,5.0981,1
160837,113713,147222,613.1868,4.6596,5
161043,113852,717597,316.1591,4.7541,1
161199,113960,135521,80.3589,4.0811,1
161217,113972,477529,428.5184,8.0932,3
161616,114246,117043,64.0859,7.8012,1
161834,114405,500110,84.7096,7.1368,1
162572,114934,493330,36.0093,5.5468,1
162819,114318,115110,38.8072,3.0275,1
162889,115110,115164,54.9272,2.8831,1
162890,115164,115165,12.083,3.8944,1
162907,114607,115174,26.096,2.3028,1
162915,115182,115515,73.0342,4.1583,1
162916,115182,501871,88.427,4.5616,1
163370,115515,115803,461.3133,4.3509,1
163428,115559,708663,49.1087,3.2394,1
163586,108208,115670,30.3077,4.7541,1
163587,115670,354662,42.3661,4.3528,1
163760,114934,115803,71.4843,5.8941,1
163830,115850,117632,41.509,6.1202,2
164249,115165,116153,28.4429,3.6503,1
164450,113972,116296,86.2322,7.2636,3
164456,116302,116363,38.6523,4.097,1
164555,112061,116363,124.936,2.8831,1
165059,114607,116710,127.7576,5.0043,1
165060,116710,492628,30.0458,6.0738,1
165523,117021,504462,222.387,6.8239,1
165524,117021,496784,4.761,6.5463,1
165558,117043,153597,167.663,6.8992,1
165829,117244,501706,54.1541,5.7878,1
166260,116302,117544,17.2337,5.9545,1
166362,117618,117859,17.2627,3.217,1
166384,117632,490052,116.0656,5.465,1
166385,117632,517073,243.437,6.0495,3
166525,117732,357561,34.2231,2.3708,1
166637,117810,500557,31.526,4.1583,1
166730,111541,117874,130.7287,4.7913,1
166732,117874,120697,63.5138,5.7016,1
166738,117878,501850,77.9637,7.5745,1
168142,116296,118876,84.6759,6.7371,3
168143,118876,124485,120.5404,7.1756,1
168995,119479,501458,24.9132,5.6317,1
169156,26664,119592,53.9104,3.3839,1
169327,119714,483186,15.3948,2.618,1
169541,119863,498233,76.4875,4.1829,1
169542,119863,502760,32.2025,5.7358,1
169781,119479,120038,141.1418,4.885,1
170475,120517,490070,122.6236,4.2426,1
170476,120517,519604,139.5349,4.7194,1
170750,120697,527953,306.319,6.4031,1
170872,120777,146089,445.8049,5.1926,1
170886,120785,122542,73.4507,4.9338,1
171240,121035,499964,243.0971,8.4545,1
171523,121235,498573,133.5764,5.099,1
171524,121235,132373,250.1719,7.0495,1
173485,122601,123202,150.9338,8.7528,1
173777,122821,503786,74.6661,8.8079,4
173906,117544,122907,107.9722,6.0402,1
173907,122907,124575,37.9605,5.458,1
174100,121035,123047,78.1089,9.123,1
174101,123047,131430,216.9332,8.7269,1
174273,122298,123172,27.5136,3.4758,1
174314,123202,509553,19.1746,6.9873,1
174531,123346,500110,55.9995,10.022,1
174532,123346,123807,128.5535,9.5685,1
175174,123807,128763,124.2618,8.0239,1
175330,123172,123913,36.2491,2.8284,1
175523,124051,723536,37.2122,6.0355,1
176118,124485,509615,81.7782,5.7614,1
176251,124575,512467,31.4907,5.3284,1
176538,124786,538482,310.3894,5.734,1
177674,111660,125593,34.6351,6.6315,1
177776,125668,128202,100.6701,3.7247,2
177777,97625,125668,184.7837,3.4608,2
179146,126600,507170,124.7437,10.6301,4
179478,122601,126831,105.1237,8.0492,1
179479,126831,131942,101.2126,5.7016,1
179877,123913,127111,42.9535,3.285,1
179903,127130,128805,36.4005,4.6365,1
180673,127669,130123,75.5381,6.6177,1
180674,127669,134296,125.1639,6.364,1
181283,128126,734357,84.8064,3.118,1
181284,123656,128126,107.3559,2.618,1
182179,128763,131619,61.4248,6.02,1
182242,128805,138499,155.1709,5.5468,1
182305,128848,134822,21.6307,8.9751,2
182635,124051,129064,73.0774,6.4078,1
183015,129337,518743,25.8263,7.8134,3
183224,129492,516421,43.2005,5.6795,1
183858,129921,522729,26.7348,6.9146,1
183955,127111,129986,72.8423,4.5634,1
184155,130123,518219,56.3856,5.8208,1
184612,130452,483186,51.7097,3.2394,1
184613,130452,137043,11.0101,3.9921,1
184696,126600,130511,89.5433,9.3462,4
184936,114246,130681,60.2149,7.1742,1
185757,131260,520885,24.2258,6.4128,3
185992,131430,131762,9.4868,5.7079,1
186468,131762,525214,27.7549,3.4611,1
186492,131780,144581,107.3985,4.4707,1
186716,131942,133944,29.2746,5.5822,1
187344,132373,524654,4.7526,9.0,1
187819,130511,132713,103.899,8.1238,4
188041,132713,132883,3.4641,8.4228,4
188052,132892,134231,29.5466,4.5306,1
188371,133112,525202,22.4425,5.1941,1
189370,133840,519297,68.23,6.6115,1
189525,133944,140922,123.0975,5.9106,1
189813,129986,134144,93.3488,4.872,1
189814,134144,528524,29.6226,6.3328,1
190086,131619,134334,45.7493,5.0079,1
190728,117044,134794,49.8598,6.9596,2
190729,134794,723464,181.3312,7.6553,2
190777,134822,144894,167.249,6.3894,1
190778,134822,744275,138.5472,7.5445,1
191011,134991,135365,9.6437,7.4725,4
191621,135446,258826,84.2252,3.8106,1
191678,135492,728296,17.1464,4.0616,1
191716,135521,152105,59.3193,4.0811,1
191781,135562,157126,182.4619,4.3028,1
191782,135562,726215,57.3377,4.0811,1
192220,111836,135858,150.9801,3.9173,3
192834,136272,145302,31.0877,4.7581,1
193215,136521,136674,16.1864,4.872,1
193216,136521,547874,109.6505,4.241,1
193451,134334,136674,42.1189,5.521,1
193672,136828,158286,175.7353,8.0623,2
193673,135390,136828,24.8596,6.4806,2
193956,137043,144788,21.1739,4.3203,1
194026,133112,137090,46.0,4.5392,1
194027,137090,544002,88.6604,4.1307,1
194109,132892,137149,118.558,7.1734,1
194110,137149,137771,12.5698,8.3938,1
194307,137291,729883,13.9821,6.2264,2
194553,137467,726215,21.3698,3.1623,1
194985,137771,532974,4.7258,7.9332,1
195125,137874,532425,8.226,3.3028,1
195295,133840,137986,58.8643,9.6745,1
195662,138256,152947,16.5529,3.217,1
196009,138499,560420,261.3873,4.6158,1
196415,137467,138797,92.9528,3.5811,1
196416,138797,139804,45.1307,4.2361,1
196603,138934,142815,77.2852,4.6213,1
196760,139054,535805,64.5988,3.4611,1
197133,139318,139532,3.0,6.7082,1
197239,139389,144310,21.7051,3.7025,1
197240,139389,152354,50.8527,4.4126,1
197439,139532,143549,51.0196,4.4721,1
198462,140239,150825,50.7773,6.7016,1
199196,140780,153338,210.4709,6.0822,1
199288,140842,536814,37.7757,8.5497,4
199332,140874,537920,83.1725,3.8452,1
199333,140874,539713,10.4403,2.618,1
199395,140922,540845,89.4781,6.364,1
199665,141113,738264,88.3987,5.3723,1
199988,39156,141342,120.8387,4.4689,1
201788,142608,540462,83.7808,5.3019,1
201789,142608,145924,50.4083,6.2818,1
202088,142815,561987,210.74,4.8139,1
203116,143575,195639,303.1395,14.4078,1
203117,143575,155309,14.4568,18.1659,1
203532,140842,143881,66.7008,8.5853,4
204139,144310,356989,32.8735,3.452,1
204179,143881,144339,61.79,6.8143,4
204662,144664,249403,68.5533,5.734,1
204730,144712,150210,49.4717,12.8803,2
204827,144788,554583,33.2566,3.5675,1
204973,144894,746204,101.262,4.9286,1
205066,144339,144961,16.4317,6.7787,4
205543,145302,154855,51.2835,2.5322,1
206017,145639,733785,4.7258,5.1636,1
206018,145639,147935,47.8772,4.3528,1
206088,145692,146837,18.5472,5.4157,1
206287,145829,535752,131.1996,5.8303,1
206288,145829,560251,168.8635,5.8303,1
206555,146009,160524,156.6014,9.3628,2
206559,146011,549899,65.5439,3.9495,1
206664,146089,147221,19.6469,4.5616,1
207114,146406,148827,23.6008,2.3428,1
207652,146011,146780,74.5788,4.1926,1
207653,146780,149462,35.0571,5.3852,1
207738,146837,554419,47.8806,6.5945,1
207802,146881,147935,4.1231,3.8643,1
207850,146918,763714,158.6642,4.0941,2
207851,146918,723708,168.0863,4.9839,2
208278,147221,165303,355.8722,5.4157,1
208280,147222,147912,10.4881,4.1231,5
209000,49091,147723,82.8613,3.3132,1
209261,147912,556100,193.537,4.1829,5
209586,148148,735377,11.299,4.7016,2
210497,148804,164284,87.4986,3.3461,1
210498,148805,551245,10.6145,5.2421,1
210499,148805,150146,13.6748,4.1068,1
210525,142653,148827,20.854,3.2394,1
210590,148869,545025,46.2097,4.4126,1
211013,148148,149160,76.0278,3.7361,1
211171,149284,151136,138.2498,4.1213,1
211432,149462,153986,66.0151,5.0378,1
211483,149493,551455,51.6075,5.4863,1
211544,149534,556767,111.8109,8.5166,1
211899,149534,149774,470.133,11.1674,1
212140,149953,559658,63.9401,5.7439,1
212318,149493,150086,91.3783,3.8724,1
212319,150086,559295,42.3161,5.1636,1
212612,150297,150755,26.692,7.6675,1
213253,150755,736876,68.4325,8.8801,1
213650,151035,165873,99.2332,4.7408,1
213705,151072,569509,84.0754,3.9495,1
213801,145924,151136,63.0555,5.1627,1
214098,151348,547874,67.4776,4.1231,1
214099,151348,554430,77.5468,4.7541,1
214129,151369,552879,38.9102,3.3028,1
214207,151422,561622,67.0149,4.5,1
214366,151529,170728,196.9351,5.7878,1
214502,151369,151629,8.8318,3.3028,1
214611,146009,151710,265.7386,7.4806,2
214612,151710,554792,82.5712,8.8655,2
214675,111836,151758,97.5215,5.5649,3
215181,152105,742998,37.7742,4.0811,1
215264,149774,152163,171.2717,12.2163,1
215265,151072,152163,27.5136,7.8639,1
216371,152947,170509,112.0089,4.0388,1
216936,153338,564756,49.2508,5.0616,1
217293,148148,153597,39.6106,4.0981,1
217425,153692,734630,57.3198,5.1881,1
217611,152980,153814,82.8372,7.0283,1
217612,153814,564500,93.5961,7.9639,1
217708,153887,162909,128.1054,6.0402,1
219102,154855,355691,82.4331,2.5322,1
219248,154961,559295,38.5766,4.9936,1
219481,155127,155564,10.7238,2.6992,1
219641,155244,254128,33.5742,5.4929,1
219695,155279,559658,26.8514,6.9466,1
219742,155309,256229,41.9026,17.7135,1
219769,155326,155714,9.8995,7.4806,4
220305,155714,156312,54.9727,5.0543,4
220317,155725,157787,39.1663,8.9091,1
220732,156013,165619,31.3422,4.1231,1
220858,156106,561622,66.6408,3.7247,1
221158,156312,161482,95.0526,3.5937,4
221259,154961,156388,20.5426,3.6213,1
222321,157144,164222,200.6639,7.1411,1
222888,135858,157554,64.8879,2.7247,3
223159,157142,157743,8.0623,3.5616,1
223160,157743,567984,3.4641,4.3528,1
223211,157778,162924,111.9911,4.7856,1
223225,157787,174404,214.2429,3.0275,1
223370,157888,358224,57.5073,12.2671,2
223988,158350,160496,44.0908,5.8661,1
224007,158363,573265,93.6518,6.0092,6
224009,158364,577386,69.7177,7.4725,1
224519,158721,166125,83.0903,5.1881,1
224520,158721,581544,112.1285,5.365,1
224983,159066,570871,9.3452,5.2175,1
225264,151629,159265,107.912,3.3028,1
225266,159265,572327,26.0704,3.3839,1
225334,159316,159918,9.8489,6.2838,1
225512,159446,561758,70.6692,12.8042,1
225736,159446,159601,10.0995,10.6493,1
226179,159918,572303,14.8261,5.2631,1
226215,153692,159945,33.2415,4.0306,1
226216,159945,171974,76.5017,4.0306,1
226747,159601,160329,47.2652,6.9772,1
226748,160329,575131,23.7171,3.6795,1
226779,160350,568777,46.9397,4.7194,1
226780,160350,579240,88.4084,6.8407,1
226984,160496,167715,92.0543,4.8408,1
226996,160506,571797,5.6789,8.9119,1
227028,160524,160526,78.8162,9.5306,2
227470,160834,560999,95.0099,6.3638,1
227471,160834,164542,113.7849,5.7118,4
227472,160834,162077,68.8549,6.1203,5
228003,158286,161212,18.5831,8.0623,2
228579,161604,741900,27.9205,9.4198,1
228728,161703,167864,127.8029,4.9286,1
228859,161795,756307,78.0,4.4689,1
228907,161833,342330,165.6432,6.2838,34
228908,161833,370102,82.4864,5.0043,34
229161,162020,576204,28.1306,3.7199,1
229201,162053,583830,93.4248,2.7247,1
229233,162077,162168,69.0724,5.3033,5
229406,162190,162332,68.8477,8.8034,1
229596,162332,574892,5.5453,8.5408,1
229993,162623,360958,8.228,1.2071,1
230417,162924,572811,81.6639,4.1069,1
230547,155564,163024,101.612,3.8106,1
230548,163024,168036,103.6243,4.4954,1
230679,163123,559908,29.2005,3.2863,1
230969,163340,356601,39.1024,3.9324,1
230971,163340,368739,47.4236,3.2863,1
231371,163623,166125,67.8307,5.2881,1
231547,163755,360892,39.4152,4.6111,1
231659,163842,595344,180.3706,4.8599,1
231756,160901,163905,60.0333,3.7199,1
231757,163905,193656,126.4358,3.3166,1
232132,164155,166269,109.476,5.4,1
232133,164155,585297,264.8312,4.3574,1
232315,164284,169615,19.6927,4.5708,1
232675,161482,164542,51.7204,4.729,4
232707,164565,754898,62.4473,4.6312,1
232902,164709,167791,79.104,4.1829,1
233081,164834,576441,75.4932,2.7071,1
233130,164863,165060,25.1396,6.5616,1
233131,164863,164864,5.6569,9.4497,1
233274,164961,167234,41.4126,3.6736,1
233398,165060,579240,48.3409,6.3042,1
233736,165303,589705,125.2537,5.9522,1
233745,161795,165310,36.8872,3.9921,1
233882,165404,576234,24.8462,4.0676,1
234532,165873,166260,4.7493,4.9839,1
234952,156013,166159,31.8782,3.5616,1
235098,166260,755680,43.1779,3.6926,1
235869,166821,168502,20.7123,6.3723,5
236929,163123,167575,26.9031,3.4608,1
236930,165619,167575,40.1954,4.2976,1
237006,167633,579102,75.6461,6.085,5
237007,167633,582466,22.0,5.465,5
237230,165310,167791,69.8196,4.1829,1
237578,168036,584689,27.7709,3.3028,1
238227,168502,174957,83.8928,6.458,5
238587,156106,168755,140.922,4.7603,1
238602,165404,168768,36.4005,2.9873,1
238603,168768,584087,42.6536,5.0368,1
238935,169026,754779,47.7999,3.5811,1
238937,169026,172377,22.751,4.0616,1
239506,167864,169427,37.5366,4.6856,1
239507,169427,187921,104.1415,4.5708,1
239769,169615,374889,127.8565,4.5708,1
239826,169659,364042,4.8189,3.6583,1
240387,168755,170053,14.8997,6.7759,1
240834,170375,595337,99.925,5.6436,1
240870,170400,746204,102.1013,5.8941,1
240871,170400,185186,93.9092,6.03,1
240977,170471,171974,14.2171,3.4495,1
241027,170509,253798,27.7549,4.3574,1
241339,170728,210779,362.5864,5.7446,1
242282,171402,182582,277.4185,5.692,1
242283,171402,171923,15.6844,6.0202,1
242458,171517,586144,53.0252,5.7007,1
242703,171676,172854,56.0892,3.9115,1
243042,171920,620760,366.7801,4.7947,1
243043,171920,175027,114.464,5.1881,1
243047,171923,174318,96.2601,4.1078,1
243436,172205,589010,60.4446,4.1623,1
243476,172233,584972,77.3147,2.9142,1
243477,172233,173341,39.8246,3.4758,1
243679,172377,177517,61.7346,4.241,1
243825,172488,751303,54.5985,3.8724,1
243829,172488,172492,61.6784,4.0941,1
243895,172538,582671,66.8423,5.1881,1
243897,172538,175542,49.9099,5.9009,1
244213,172748,593291,55.269,6.1056,1
244214,172748,181700,163.7254,7.3805,1
244234,172205,172763,74.1687,2.4142,1
244355,172854,591129,30.8162,5.0861,1
244449,172922,600633,101.3427,6.3364,1
244466,172937,599501,188.614,5.2421,1
244604,173036,587524,218.5986,5.1833,2
244605,173036,181103,176.6437,6.6328,1
244832,173199,175121,17.6257,10.082,1
245040,173341,595621,101.5119,4.7541,1
245416,170375,173614,59.975,6.7428,1
245417,173614,600633,100.6164,6.7428,1
245467,173655,758624,54.4763,3.7321,1
245729,172763,173842,71.8958,2.9954,1
246226,174198,592117,16.4992,3.0811,1
246227,174198,596492,38.9041,3.6795,1
246307,173036,174255,431.0151,8.4259,1
246510,174404,175864,18.0,3.4042,1
246583,174462,597470,123.7026,4.2426,1
246782,157888,174592,48.5476,11.6363,2
246848,174638,594379,31.5683,4.5738,1
247299,172922,174957,322.8994,5.8303,1
247300,174957,177216,33.6155,5.7865,6
247525,175121,751714,207.6166,8.5789,1
247545,175135,564736,32.8988,4.1594,1
247546,175135,582563,3.7859,5.78,1
248031,174638,175481,14.0,3.8378,1
248417,175769,193418,19.1311,4.0616,1
248557,175864,177073,60.9672,4.4155,1
249125,176247,594239,21.7077,3.3028,1
249766,176688,596950,30.4576,10.8361,1
249767,176688,598458,24.6082,14.1072,1
249769,176690,596950,13.3666,10.6217,1
249909,172492,176794,65.7157,5.1939,1
249910,176794,177978,26.6937,4.6159,1
250131,94545,176945,151.6872,3.4758,7
250317,177073,596947,30.1478,3.6503,1
250446,177170,608413,183.9761,5.2881,1
250527,177216,607663,69.2613,7.3006,6
250885,177458,595621,20.2237,5.1421,1
250886,177458,602425,44.6841,4.0306,1
250924,177487,600939,98.8905,6.3406,1
251049,177572,599750,64.9102,3.3708,7
251627,177788,177978,144.9138,2.7247,1
251659,177997,192959,80.7878,2.4142,1
251765,173199,178076,58.2771,9.0446,1
251766,178076,773835,88.6999,8.0428,1
252447,178577,615326,149.228,5.4274,7
252508,178615,588267,161.6478,4.8408,1
253124,177281,179043,182.4747,2.5,1
253125,179043,367530,22.1259,3.5616,1
253152,179065,181700,75.213,6.6472,1
253153,179065,609750,130.289,4.8723,1
253334,173842,179186,64.4748,3.6427,1
253335,179186,183567,58.1722,3.1796,1
253408,179239,262702,160.2547,7.129,7
253596,179365,510077,106.1084,4.2523,1
253597,179365,577161,52.0609,3.9241,1
253868,176980,179539,53.647,3.6427,1
254076,179678,204260,310.8022,4.1231,6
254243,179793,182248,127.9066,7.5144,1
254244,179793,763569,5.4772,9.377,1
254505,179981,182861,141.1205,5.4909,1
254506,179981,608200,56.0987,3.9495,1
254554,180013,603331,92.293,5.381,1
255051,180369,609962,361.1125,4.4689,1
255582,180764,773650,113.1582,5.5125,1
255583,180764,760929,30.9844,4.5092,1
256032,181079,787471,108.3585,9.8328,1
256485,181415,597976,43.652,9.7546,1
256848,181655,185780,45.021,4.1069,1
256927,181708,187946,152.3483,4.7361,1
257251,181932,592630,56.0298,4.6901,1
257331,181985,608227,53.0377,4.3203,3
257483,182093,649691,373.951,6.3364,1
257571,182149,605456,31.1056,3.5348,1
257612,182182,182722,17.3526,1.8251,1
257697,182248,200745,122.0624,5.6081,1
258005,182465,595870,117.5089,4.9839,1
258007,182465,614901,143.5775,5.0299,1
258149,182564,182861,143.0664,5.734,1
258150,182564,609700,91.6624,5.6506,1
258173,182582,183165,10.8167,4.1829,1
258365,182710,259106,88.1173,2.3428,1
258384,177517,182722,93.5949,3.2975,1
258515,182813,612608,141.9143,5.9137,1
258516,182813,187457,120.0208,6.2264,1
259008,183165,186894,43.9318,4.1231,1
259215,183313,607663,181.9729,7.5543,6
259216,183313,609447,60.4483,5.5822,1
260248,184038,186728,91.766,4.6111,1
260249,184038,609962,40.9295,5.1476,1
260816,181415,184446,28.2312,9.5879,1
260885,184496,193656,68.0368,3.5291,1
261012,181103,184591,76.5833,5.1421,1
261040,184614,241191,121.6662,4.4665,1
261791,185186,192758,32.9907,4.6993,1
261897,185266,213238,73.2871,2.118,1
262012,69853,185346,209.2463,3.0275,1
262606,185780,191485,28.9904,3.3708,1
263976,186724,187457,21.6795,7.2592,1
264027,186758,611910,5.8214,4.7541,3
264065,185346,186785,51.049,5.4428,1
264218,186894,613305,19.5363,5.9667,1
264562,187131,189615,47.392,4.1829,1
265094,187518,601135,73.1095,4.8452,1
265096,187518,188108,26.1916,4.6365,1
265378,187726,613586,12.8019,5.6109,1
265502,185385,187818,41.5331,8.2382,1
265640,187921,788789,83.9815,4.3574,1
265673,187946,191152,57.0263,6.1056,1
265731,185709,187982,10.8012,3.9241,1
266220,187553,188335,16.2481,4.6856,2
266221,188335,618003,68.8549,4.9495,2
267104,186243,188975,96.6448,6.8596,1
267641,186785,189388,3.0,7.2108,1
267662,187818,189402,17.4642,6.6296,1
267745,189458,631183,186.5422,8.437,3
267962,189615,191862,47.55,4.1231,1
268027,189664,365864,30.5832,5.0645,1
268028,189664,374018,39.3785,4.2976,1
268302,189860,190710,14.8661,2.8028,1
269097,190427,192154,18.8414,3.217,1
269931,191025,194320,9.9331,2.7763,1
271076,191862,630706,95.1147,4.5616,1
272094,192574,224769,101.4867,6.5465,1
272095,192574,370446,3.3665,6.6742,1
272342,191152,192740,43.1161,8.0777,1
272348,189921,192745,24.779,5.7007,1
272349,192745,782679,33.5857,5.7007,1
272366,192758,785462,49.3254,4.8289,1
272410,192795,763714,74.2586,5.6433,2
272628,192959,798646,254.4609,2.6583,1
272731,193027,619716,96.1763,5.4312,1
273285,193418,202301,36.8103,3.118,1
273297,193428,612902,80.5392,4.5708,1
273677,193695,618003,72.904,5.1926,2
273678,193695,205659,181.3202,4.9286,2
273965,193895,292495,2.708,11.1803,1
274557,194320,203327,28.028,3.2394,1
275480,121079,194956,106.1084,2.8284,1
275481,194956,216666,40.3113,3.0725,1
276419,195538,391852,177.0127,3.3723,2
276420,136272,195538,185.1899,4.1401,1
276421,195538,370875,68.7266,3.1926,1
276575,195639,767311,64.2811,10.5106,1
277060,184446,196000,191.1675,7.2882,1
277061,196000,196788,13.9284,5.1636,1
277121,196044,209911,54.1664,3.3541,1
277122,196044,242482,100.9841,1.8251,1
277324,196192,626859,44.4297,2.6992,1
277644,196427,374402,32.1527,4.9495,1
277727,191485,196481,31.6245,3.5616,1
278554,197064,630008,81.291,4.2078,1
278555,197064,202383,81.2034,3.8944,1
279736,197921,645758,136.0772,8.5419,3
279737,197921,197922,7.0,9.6368,3
279738,197922,631183,8.0208,9.5,3
279945,198072,615477,11.3969,3.5291,1
280471,196192,198448,34.641,2.9208,1
280472,198448,634785,40.0749,3.8643,1
280967,198813,629169,45.6715,4.3509,6
281624,199265,643331,176.6481,6.4128,1
281955,199507,201157,39.5713,3.217,1
282179,199659,373368,14.8174,3.0811,1
282625,199968,640073,41.0352,3.6427,1
282671,198813,200003,11.7473,3.7199,6
283229,200405,202909,37.8931,4.7683,1
283474,200584,819651,218.5399,5.985,2
283693,200753,781716,30.1275,3.8723,1
284243,201157,381182,47.1511,2.5322,1
285799,197981,202263,50.1697,4.0388,1
285800,202263,204241,40.9145,3.8643,1
285851,202301,261596,59.1016,2.9208,1
285965,202382,634785,42.4068,3.5616,1
285967,202383,204004,81.6946,4.1069,1
286391,187982,202703,164.5144,4.3008,1
286392,202703,371916,13.9881,2.8866,1
286509,199968,202782,53.7401,3.1623,1
286797,193895,202979,28.1366,9.9776,1
286818,202979,202993,17.3829,7.3875,1
287846,203720,250334,67.6042,5.4155,1
288247,204004,206011,36.565,3.3708,1
288441,202909,204141,73.0061,5.4754,1
288443,204141,795604,110.8718,5.4379,1
288593,202382,204256,87.7382,3.3028,1
288594,204256,652337,74.2264,4.4009,1
288599,204260,646994,43.7493,5.5971,6
288943,204496,213238,20.9045,2.2361,1
289381,204810,640222,128.938,5.0079,1
289382,204810,653638,150.2605,4.4867,1
289486,204896,233381,195.3618,3.5,1
289487,173926,204896,224.4051,4.8284,1
289508,204914,209015,56.4712,4.6993,1
289509,204241,204914,96.3639,3.9324,1
290089,205328,207085,86.3539,4.0773,1
290162,205379,634695,62.2058,6.4155,1
290416,205574,209703,44.4185,3.6213,1
290533,205659,647922,27.9743,5.5527,2
290581,188160,205692,75.0363,4.2523,1
290743,205800,206007,50.8429,6.2429,2
290974,205379,205972,9.0,5.7439,1
291030,206011,649932,118.6433,4.2386,1
291281,203950,206191,37.9078,6.6802,2
291282,206191,207910,23.6008,4.9936,2
291438,206295,222198,216.661,7.6327,1
291620,206420,786615,19.2787,4.8139,1
291621,206420,800438,75.6373,3.9241,1
292558,207085,215204,167.3171,5.8552,1
293323,207640,788769,10.562,6.5557,1
293324,207640,796918,28.7789,5.1569,1
293719,207910,647922,18.7233,5.4379,2
295236,208963,209265,7.0,9.0471,3
295318,209015,652428,33.4946,4.89,1
295678,209265,214573,94.7259,8.689,3
297206,210365,210779,3.4641,4.7431,1
298088,210992,796678,27.117,2.9142,1
298278,211127,789056,67.3718,3.7417,1
298279,211127,218568,36.7652,5.1112,1
299160,211742,374838,141.8097,5.1736,2
299161,211742,253516,72.9756,4.8452,2
299382,211882,298475,107.3696,4.6997,1
299430,205800,211919,82.0,5.2631,2
299431,211919,666006,90.712,4.89,2
301760,213562,642396,84.9647,3.9324,1
301761,213562,216781,28.178,4.3708,1
302002,213740,797138,6.377,3.5291,1
302680,214207,216056,15.6098,3.9921,1
303177,214573,677062,162.0802,9.6974,3
303272,214632,653190,41.5731,4.1231,1
303273,214632,673508,78.1601,5.4157,1
303362,214697,217447,13.9463,6.8012,1
303363,214697,227025,65.9347,9.5452,1
304081,215204,217876,93.5788,7.5143,1
304744,215690,797706,25.2697,2.9954,1
305278,216056,815503,120.1984,3.9241,1
305502,203327,216210,32.0938,2.9954,1
305503,210662,216210,59.7792,3.217,1
306301,216781,223217,186.6173,5.8166,1
306341,216810,662903,19.9388,3.0275,1
306810,217136,794092,45.2401,4.6043,1
307265,217445,217446,6.8394,8.775,1
307267,202993,217447,27.8478,5.5,1
307874,217876,221725,80.455,6.0837,1
308025,217980,662818,69.3938,1.5731,1
308351,32740,218230,156.3202,3.9142,2
308844,12275,218568,86.01,5.3019,1
309253,218855,670433,33.3667,4.4068,1
309257,218857,375147,47.2548,5.4704,1
309260,218857,244982,58.1009,4.0981,1
309425,218969,383360,56.6176,7.5927,1
309475,219009,671608,86.2532,4.9936,1
309492,219026,223074,40.1373,5.2631,1
309694,219174,667735,3.6056,7.3786,7
309695,219174,224212,83.5344,5.4662,7
309995,219389,387654,60.3091,4.0233,1
309996,219389,225739,10.6807,2.7913,1
310041,217586,219416,64.0703,5.2386,1
310042,219416,220841,55.3534,4.8002,1
310753,219915,676445,173.6184,5.7361,1
311133,217837,220203,22.0454,8.1643,1
311499,220459,229493,115.9224,6.6328,2
311653,220566,221163,33.6601,6.1237,1
311654,220566,681673,82.8687,4.511,1
311788,220661,669426,19.7709,3.5355,1
312030,220841,674922,53.5029,4.9338,1
312472,221163,673803,23.5443,6.953,1
313277,221725,224655,62.7455,5.3852,1
313784,222096,222609,42.2374,1.8251,1
313926,222198,230623,127.8828,7.1414,1
313941,222207,231374,234.6593,6.4221,7
313968,222228,814159,106.9481,4.6993,1
314208,222394,256800,69.9436,10.0902,1
314209,222394,380944,60.792,8.0,1
314507,222609,667184,101.9788,2.7687,1
314662,222728,232065,82.0467,4.7182,1
315141,223069,224076,11.3578,6.2696,1
315147,223074,229493,128.2537,6.5557,1
315274,223160,678610,38.9915,6.2696,1
315352,223217,229207,62.562,4.8978,1
316125,223762,257728,54.7814,4.7913,1
316373,223946,227380,100.1748,4.3574,1
316557,224076,233677,189.8973,7.3852,1
316747,224212,227480,69.5701,3.7199,7
317368,224655,683664,54.751,5.4312,1
317440,224706,228901,75.9868,4.5247,1
317533,224769,396260,104.6486,4.9936,1
317587,224805,677809,11.8603,5.1375,1
317605,221617,224815,5.7073,5.7996,1
318503,225436,642545,59.5259,3.3028,1
319191,220855,225911,207.1545,5.8208,7
319192,225911,712132,153.843,7.719,7
319551,226164,681673,53.0681,4.1829,1
320334,226724,679381,83.5264,5.8309,1
320335,226724,228394,17.9165,4.4966,1
320647,226940,676650,245.4775,3.6427,1
320765,227025,280531,176.1984,6.244,1
321244,227380,231244,158.6695,4.1069,1
321388,227480,228931,30.8869,4.1231,7
322173,228006,228075,20.5183,4.4126,1
322320,228105,670107,243.9977,5.4495,2
322322,228105,232270,102.4988,5.1421,2
322826,226442,228473,26.8701,3.9324,1
322827,228473,699131,71.7799,4.7541,1
322955,228558,710993,153.213,7.9363,1
323435,228901,686608,105.1734,4.241,2
323436,228901,231131,42.9069,5.0079,1
323451,228913,232789,44.7772,4.5274,1
323480,228931,715859,212.3362,4.1829,7
323500,228945,697821,50.7839,4.1829,1
323501,225436,228945,16.9444,3.9241,1
324310,229493,742908,266.4268,6.4363,3
324413,229567,232270,199.6347,4.1926,2
324936,229956,238565,203.4552,5.8208,2
325702,230481,232305,25.04,3.8452,1
325903,230623,232148,22.6936,6.8111,1
326325,66259,230920,175.6091,6.1889,3
326326,230920,297603,313.9112,6.3723,3
326446,228394,231014,36.0,2.9954,1
326610,231130,231131,15.2643,5.0079,1
326679,231184,700807,81.1542,7.6787,3
326765,231244,232538,16.7332,5.3708,1
327081,231482,232925,197.3423,3.3028,2
327164,231537,231931,33.1964,5.3852,1
327733,231931,691654,43.7099,5.5649,1
327952,232083,285706,98.9192,3.3708,1
327953,224815,232083,9.8858,4.7016,1
328048,232148,238074,93.8403,6.1558,1
328254,232305,233706,60.6163,3.3708,1
328327,232352,369761,159.6757,4.9338,1
328328,232352,382770,61.3487,3.4758,1
328459,232442,719020,310.1836,4.8408,1
328602,232538,233999,25.0998,5.3708,1
328948,231768,232790,17.7482,4.8002,1
328949,232790,233118,17.3781,4.1528,1
329145,232925,232926,14.4222,4.7016,2
329146,232926,713382,155.1043,6.0738,2
329265,231537,233005,19.0263,5.2421,1
329266,233005,702098,20.8646,4.8408,1
329388,46094,233094,103.066,4.3008,1
329576,232789,233236,112.7918,3.8944,1
329577,233236,703826,49.2037,5.0124,1
329722,233338,233677,44.0341,6.6292,1
329785,233381,240458,69.771,4.458,1
330099,233598,822111,28.7185,5.3284,1
330247,39156,233706,28.8078,4.4689,1
330359,233338,233785,77.7689,4.7775,1
330650,233999,235327,71.6938,4.4203,1
331635,234708,702098,50.774,4.7913,1
332510,235352,708917,45.3382,5.0,6
332693,235477,822241,54.2942,5.651,2
332724,231374,235501,83.7257,4.3723,7
332725,235501,718235,61.0956,3.8637,7
333177,235838,241532,81.2773,7.2243,1
333346,42223,235956,61.9839,3.5811,1
333675,121079,236207,121.7621,2.9954,1
333686,232065,236214,18.6041,3.8028,1
334810,237012,240875,42.0714,4.1926,6
336288,238074,246137,107.0374,5.1515,1
336874,238502,239778,44.1311,3.8708,1
336964,238566,725850,327.1254,7.3024,2
336965,238565,238566,45.8803,5.4312,2
337459,238920,243800,72.6774,4.8341,6
337460,238920,240875,108.2451,4.0981,6
338027,239328,242788,230.9004,3.3028,1
338028,41085,239328,14.6515,3.0275,1
338673,228075,239778,54.6199,3.9921,1
338761,238590,239843,4.6428,8.4228,1
338762,239843,240205,4.5826,7.9702,1
338955,239985,294256,24.6959,4.7947,1
338956,239985,285841,32.5457,4.216,1
339011,238271,240025,43.8406,4.1829,1
339012,240025,244365,66.4605,4.8002,1
339264,14877,240205,9.3452,6.5123,1
339416,240303,262644,52.9203,3.1796,1
339649,135446,240458,97.7884,4.0761,1
340045,240728,712132,41.6733,7.5523,7
340415,240976,241339,39.8748,3.7743,1
340718,233598,241191,40.8422,4.9497,1
340785,241237,706873,37.4596,5.5649,2
340943,241362,243800,163.649,4.7856,1
341173,240976,241529,16.9706,2.4495,1
341177,241532,254806,214.1845,5.7118,1
342519,242482,256961,30.3833,1.7071,1
342931,238590,242788,26.7727,5.5927,1
343672,55590,243314,15.1511,5.9021,1
344039,243578,243587,10.0,7.1455,1
344052,243587,247155,14.5029,7.0153,1
344169,243674,729596,38.1954,4.872,7
344356,243800,257787,316.4064,4.3574,7
344560,82264,243951,26.064,8.8296,1
344680,244033,247722,37.305,2.4142,1
344681,244033,244034,6.4505,2.4142,1
345115,244339,731240,62.5768,2.8284,1
345315,12275,244487,24.0116,5.4157,1
345316,244487,249222,191.4129,5.4157,1
346005,244982,391002,19.6016,3.5616,1
346029,245000,383360,122.606,8.3938,1
346030,245000,388358,16.3061,7.8012,1
346570,245375,254499,226.9119,6.4051,2
347093,241529,245752,54.9636,4.097,1
347643,246137,734289,52.7707,5.5902,1
348056,241237,246416,316.2942,4.1068,2
348057,246416,729279,24.4813,3.9142,2
348510,244365,246737,60.0417,5.4312,1
348511,246737,758798,169.516,4.8139,1
348901,247012,248597,49.9099,5.1636,1
349108,243244,247150,71.7565,6.0738,7
349109,247150,742908,84.7008,6.2838,3
349110,247150,254046,53.3948,4.6158,10
349115,247155,379997,56.1001,5.4332,1
349214,243880,247229,33.6489,6.3609,2
349215,73361,247229,16.9304,6.1942,2
349258,247259,780411,290.9221,5.3779,7
349346,247320,817121,88.1646,5.3403,1
350125,138256,247858,37.9429,2.5322,1
350129,247862,387654,5.3437,3.5348,1
350270,160901,247955,92.1285,3.8643,1
350271,247955,249010,52.4997,3.8643,1
350814,248331,252642,83.2166,5.3852,1
351110,248541,737941,51.7397,3.9921,1
351181,248597,253792,169.7204,5.3723,1
351960,78336,249153,138.7936,3.1623,1
351961,147723,249153,17.2723,3.3132,1
352340,249222,249403,123.5053,5.1029,1
353454,236075,250212,120.5446,4.1069,1
353629,247320,250334,46.5069,4.5616,1
354668,251058,391575,224.6076,5.2249,1
354794,251156,251580,103.0049,3.6503,1
355410,251580,253595,22.4499,3.4758,1
355818,251867,254046,84.3445,4.1068,1
356138,252085,253130,35.8391,2.9889,1
356820,189388,252580,113.4299,6.4862,1
356910,251867,252642,97.1648,5.3852,1
357609,233606,253130,75.7408,3.6029,1
358170,253516,272378,43.2281,4.7913,2
358284,253595,257698,38.6523,3.9324,1
358555,253792,751984,33.7984,5.8541,1
358560,253798,256350,43.0103,3.7796,1
358928,254046,756858,69.7711,3.285,11
359561,254499,753059,88.2893,6.562,2
359989,254806,255512,9.8995,5.6317,3
360226,254972,261001,52.1249,4.1231,1
360535,255172,259155,154.4992,3.9324,1
360536,207869,255172,16.5126,4.1621,1
360734,255314,382770,57.2965,4.2865,1
360792,247862,255351,12.9529,3.3028,1
360793,255351,298629,74.9911,4.4155,1
361009,255512,272463,188.5153,6.3988,3
361649,255956,257294,16.5547,7.0311,1
362237,223762,256350,44.1726,4.1583,1
362915,256828,257513,3.8297,1.9142,1
363095,256961,391078,16.536,2.0,1
363157,257007,265003,93.1987,4.7541,7
363499,257252,374889,92.5113,4.6213,1
363559,144664,257294,93.3536,6.7237,1
363570,256828,257300,27.1743,2.4142,1
363571,257300,257774,15.0407,2.7321,1
363831,254972,257483,73.0685,4.6111,1
364180,207869,257728,6.8799,4.5826,1
364248,175769,257774,51.517,3.7936,1
364269,257787,726627,333.2882,4.9936,7
364569,257992,258050,15.6205,4.0616,1
364652,184614,258050,40.9376,4.4068,1
364778,258138,269638,56.4712,3.2247,1
365132,258389,294102,152.7034,11.4452,1
365732,258826,267734,87.1563,5.5649,1
366135,204496,259106,41.7572,2.2361,1
366209,259155,300780,64.8708,4.511,1
366538,256229,259402,26.1992,19.3639,1
366539,259402,291500,20.9603,20.7596,1
367531,260110,758798,47.6865,4.5708,1
367532,260110,261904,23.0434,4.6289,1
368135,260541,754137,66.9129,5.0724,1
368434,260745,756003,41.8688,4.1231,10
368435,260745,265215,87.9545,4.241,10
368492,260784,763733,35.3486,9.5301,4
368773,261001,768017,62.9674,3.8643,1
369385,261432,765142,67.4603,4.1621,1
369386,261432,266706,45.6508,3.285,1
369613,182710,261596,52.9937,3.0275,1
369972,261862,725836,113.0526,6.0346,1
369973,261862,768777,37.7271,4.6751,1
370488,262214,263422,40.6202,4.3523,2
370489,262214,782736,123.13,3.4611,1
370676,255314,262349,16.8424,4.9936,1
371091,262644,263691,127.7048,4.7581,1
371177,262702,405099,90.1184,7.3852,7
371739,263094,758198,109.311,3.8643,1
372205,263422,764864,51.1816,4.3523,2
372463,263608,272463,310.9051,5.7661,3
372464,263608,787656,151.1243,6.1237,3
372476,263617,265368,17.1172,6.6139,1
372567,263691,265197,22.592,9.2302,1
373010,264001,780411,132.5431,4.7856,7
373011,264001,770527,41.7126,6.5372,7
373190,264122,268023,53.8774,8.6624,1
373191,264122,265465,75.0415,7.0013,1
374236,233606,264834,57.6744,3.5348,1
374462,265003,767560,49.3919,4.2976,7
374763,265197,267454,95.0433,9.1257,1
374779,265207,753059,129.9308,6.2415,2
374780,265207,268808,108.6508,4.6795,1
374781,265207,772787,18.8591,5.0079,3
374791,265215,775007,51.0283,4.1795,10
374877,265274,272833,74.5855,3.0956,1
374989,265368,788307,146.9565,7.7728,1
375080,141342,265434,170.8684,4.5634,1
375121,255956,265465,116.319,5.1795,1
375353,184496,265632,137.97,4.3708,1
375355,265632,266598,21.0198,5.1926,1
375772,261904,265912,51.9808,4.7775,1
375773,265912,273156,74.9466,6.373,2
375913,266012,741257,84.3939,3.5675,1
376003,266075,770347,29.7352,5.4536,7
376702,254128,266582,115.6646,6.7371,1
376703,266582,327321,36.8103,7.4407,1
376722,266598,344336,148.7134,4.5634,1
377337,267052,280859,154.8612,6.1127,1
377907,256800,267442,23.4897,8.7917,1
377908,267442,294102,33.8546,8.9679,1
377925,258389,267454,23.3952,9.2144,1
378104,216666,267572,137.03,3.1583,1
378105,267572,269683,42.7563,4.1926,1
378338,267734,275343,72.4722,6.2634,1
379045,263094,268219,124.6475,3.4758,1
379046,268219,268480,24.9399,3.7055,1
379380,268480,271152,78.3709,4.5826,1
379523,268580,801670,101.7495,4.9495,3
379684,268696,431023,88.5827,3.2394,2
379685,268696,339242,88.3698,4.5708,2
379844,266706,268808,18.412,3.9142,1
381028,269636,274412,163.724,6.9654,1
381029,268023,269636,55.843,8.2565,1
381034,269638,735385,44.5384,3.0275,1
381052,269653,781593,37.4833,4.2865,1
381053,269653,806424,87.1487,4.1068,1
381095,269683,270081,35.6787,5.8941,1
381397,269891,276589,182.6937,5.2238,7
381659,270081,277035,68.3473,5.4376,1
383175,271152,271295,52.7826,4.7913,1
383275,271220,272480,34.0294,5.5311,1
383554,271422,272629,48.3632,4.1231,2
383971,264834,271722,73.3585,4.6312,1
383972,271722,382627,8.2907,5.9106,1
383997,271740,490867,220.9098,7.0348,1
383998,267136,271740,76.0578,13.6989,1
384455,272056,399330,40.7922,3.5616,1
384497,272084,405738,109.9121,5.365,2
384498,272084,399850,230.079,5.9977,2
384961,272378,396443,46.1652,4.2913,2
385276,272601,786847,78.8818,4.7408,7
385540,272796,395453,11.275,3.452,1
385597,272833,783037,75.6303,4.1621,1
385761,265274,272953,69.7854,3.7247,1
386050,273156,274333,21.6795,6.9765,2
387235,273979,274333,6.1644,6.7371,2
387236,273979,808151,68.1608,6.2281,2
387832,274412,275288,63.8871,5.5076,1
387904,274466,798276,60.038,2.7763,1
388692,275037,820792,122.9046,4.8139,3
388903,275192,437246,78.0271,2.6213,1
388905,275192,275741,12.05,5.3617,1
388908,275195,276932,63.1216,4.6926,1
389139,275343,281780,49.8052,5.9407,1
389312,266075,275464,61.327,5.2068,7
389313,275464,276589,25.6905,4.977,7
389782,275797,302679,299.7032,5.9402,1
389783,275797,787652,21.1503,5.2631,1
390175,276062,777676,70.8616,5.3327,1
390176,276062,290388,117.8601,3.7055,1
390264,268700,276126,48.2804,5.1881,20
390265,26219,276126,112.7638,4.8002,20
390267,276127,756858,171.4964,3.9921,11
390268,276127,783712,47.2186,4.3574,11
390429,275288,276235,42.7122,5.5561,1
390430,276235,440228,70.0397,6.4386,1
390601,276351,280788,102.864,4.4203,2
392091,272161,277418,58.7963,4.0941,1
392640,277803,535336,92.8056,6.451,1
392767,6672,277887,115.5422,5.3852,7
393226,278216,280957,70.5549,4.1621,1
393704,272629,278553,161.3567,4.1829,2
394618,279186,320620,618.5095,13.5968,1
394620,279186,788307,64.3679,8.853,1
396212,279798,280301,21.7715,4.5708,2
396213,280301,812375,73.0061,4.6213,2
396362,276351,280411,52.9245,5.2881,2
396525,271220,280531,100.1748,5.0311,1
396881,280788,812375,45.77,4.3708,2
396979,280859,282902,33.0757,5.5317,1
397114,277418,280957,41.8808,3.6736,1
397349,281132,281699,5.3852,1.618,1
397863,43352,281486,66.188,5.9329,3
398278,281780,282795,34.7755,4.3523,1
399207,282419,282902,30.6757,4.4126,1
399677,15654,282760,93.8794,4.7361,7
399678,6672,282760,27.6345,5.1926,7
399725,282795,496042,25.2124,3.6056,1
400371,283240,420566,162.3563,7.0811,7
400618,283406,534992,129.9205,6.8525,1
400619,277035,283406,86.7192,5.1515,1
401147,283755,405750,77.2197,5.3218,2
401149,283755,395871,19.0058,6.3546,2
401281,29920,283851,35.7362,5.3183,3
401814,284227,289095,152.0197,3.9324,3
402168,4029,284465,154.5833,5.5495,7
402169,284465,822530,21.6766,4.8408,7
403271,285216,286282,88.7356,4.4954,7
403272,15654,285216,24.7117,4.9286,7
403321,285248,490856,36.5969,6.5288,1
403330,285254,289419,152.7514,6.2723,3
403331,285254,285506,3.6056,7.5148,3
403333,285256,521088,188.5683,5.1476,1
403668,43352,285506,161.2713,7.0809,3
404157,285841,296802,86.7903,5.0724,1
404184,285858,820494,166.5443,7.6155,1
404568,286134,329601,149.3516,4.999,33
404569,286134,286673,18.4662,5.1881,20
404773,18296,286282,55.2107,3.9241,7
405019,285256,286451,59.8155,4.4009,1
405109,286517,287100,12.6886,6.6623,20
405256,281132,286629,38.9487,1.9841,1
405257,286629,287224,18.6815,2.2802,1
405314,286517,286673,87.6242,5.9009,20
405604,286872,296742,96.2756,3.7199,1
405915,26219,287100,68.3569,5.5616,20
406094,46094,287224,37.5518,3.5937,1
406247,243578,287340,104.6762,7.4407,1
406850,287795,289419,146.2088,8.7014,3
408759,157554,289095,94.1099,3.5616,3
408934,185569,289217,95.1893,5.0368,1
410592,290388,293167,74.5386,2.9954,1
411338,290904,393475,46.1327,4.7541,1
412076,289217,291422,127.5539,4.4126,1
412077,291422,390871,97.485,5.6454,1
412174,267136,291500,19.9583,20.2473,1
412220,282419,291536,65.1997,5.3229,1
412222,185569,291536,34.093,6.117,1
413591,292494,292495,7.8102,10.738,1
413911,119592,292736,26.2043,3.8724,1
413912,292736,294256,14.5945,4.7408,1
414107,32571,292886,133.2387,7.7888,3
414223,292494,292968,32.0156,8.6478,1
414224,217446,292968,27.4934,7.8875,1
414504,233094,293167,28.9838,3.7025,1
414699,211882,293304,6.9442,4.2078,1
415694,293995,396260,64.768,4.7194,1
416641,217445,294689,95.1134,7.9582,1
416642,254311,294689,9.0123,7.6327,1
418101,295733,399054,50.1716,3.217,1
418788,254311,296216,57.3779,8.3632,1
418789,296216,296555,22.561,9.4002,1
419530,296555,296735,18.412,10.4841,1
419531,296735,335720,28.3431,10.6292,1
419540,296742,298249,16.7631,3.9496,1
419603,292886,296782,119.9792,7.6737,3
419637,292005,296802,51.1273,6.2838,1
421104,297858,584897,33.074,4.89,1
421404,298071,582340,73.3348,7.5148,1
421405,298071,637499,41.9444,7.6112,1
421665,298249,466620,47.7459,4.5826,1
421986,298475,495977,53.7742,4.1594,1
424060,299948,805668,161.8971,3.8378,2
425268,257992,300780,88.2301,4.4495,1
426472,301637,324754,480.2437,6.2417,1
426473,32277,301637,429.1193,4.6213,1
427965,302679,320187,139.3736,5.6967,1
428602,303141,390871,49.8899,6.8541,1
429951,2146,304097,21.5639,4.2976,1
430022,304097,304152,5.5176,4.0388,1
436552,308731,308954,16.4823,3.9241,1
436870,307494,308954,30.9049,4.4954,1
437098,309130,752546,8.8066,7.7054,1
438146,304077,309871,216.0694,4.4203,7
438148,309871,654017,19.2094,5.6125,7
439122,310556,405553,107.7504,4.885,2
439601,308731,310883,69.491,4.2426,1
439873,310883,311074,66.3777,5.0368,1
440433,311101,311466,18.6815,4.2976,7
441925,303141,312489,75.5248,7.4051,34
443177,312708,313380,43.9049,4.3528,1
443179,9474,313380,103.6801,3.9496,1
443571,313661,708744,10.9036,3.1796,7
443572,313661,318275,33.2866,3.618,7
445602,11104,315070,78.4644,3.3028,1
445879,311074,315258,122.2429,6.117,1
449033,317412,485263,197.5196,4.3574,1
449035,317412,353695,42.7785,3.9241,1
450655,11876,318537,93.0242,4.5306,1
451067,34186,318838,137.0568,5.715,7
451068,318275,318838,12.6886,4.6795,7
451239,318537,318956,20.9324,4.2865,1
452134,315258,319572,47.592,5.9402,1
452135,12632,319572,25.4951,6.9813,1
452158,442,319588,26.1831,5.365,34
452819,203720,320041,67.0373,5.465,1
453029,319185,320187,77.6015,4.458,1
453083,320223,676584,179.6914,15.439,1
453085,320223,320620,12.2474,16.6806,1
453668,15524,320620,79.1822,19.8768,2
454971,321547,413969,116.1857,3.6945,1
454972,321547,404544,24.2822,4.0532,1
458609,324081,370451,49.8721,9.4198,1
458742,324176,332967,86.4002,4.9286,1
459445,324697,391002,86.9483,5.3019,1
459446,324081,324697,130.8209,7.5124,1
459670,324852,326650,27.1477,3.5355,1
462251,326650,328710,55.4306,3.8637,1
465186,328710,330680,35.16,5.1421,1
465731,326450,329095,29.4651,7.0216,1
465732,329095,333788,88.0482,7.4721,1
465868,305560,329199,632.3319,6.1583,1
466429,303141,329601,251.0894,6.0495,33
467705,330498,391476,70.2927,5.5495,2
472788,332967,334113,12.6886,4.8139,1
472789,67253,334113,38.3565,4.1213,1
473995,18551,334968,27.6867,7.5822,1
474391,335243,342330,55.4707,6.6177,34
475057,335720,673338,271.4285,13.3372,1
478199,23964,337928,7.3485,3.0616,1
479108,338542,352090,33.6006,12.3153,1
480241,334968,339329,186.172,8.4441,1
480322,339385,350025,102.1023,8.2926,1
481050,98497,339889,59.7876,6.5927,7
481051,68687,339889,4.8648,6.7371,7
481329,25810,340083,72.1807,4.3969,1
481405,340132,354409,64.4714,4.6708,2
483263,22368,341463,36.5772,4.3528,1
483520,22422,341659,59.5567,8.4531,1
486177,101912,343498,122.5806,3.5355,1
486179,343498,344093,5.831,3.9921,1
486222,343529,425879,82.6095,7.1647,7
486568,25518,343768,30.5105,4.1069,1
487018,100042,344093,34.3026,4.216,1
489109,273609,345535,62.8517,5.3218,1
489110,320041,345535,24.7588,5.4218,1
490087,341659,346217,115.6801,9.7088,1
490295,345134,346366,56.6745,7.589,1
491262,87572,347052,50.1032,4.1829,1
491263,102478,347052,6.1644,4.7194,1
491491,346366,347217,53.2447,5.2631,1
491904,346217,347505,35.9073,7.4382,1
492437,347892,403806,117.9798,3.2863,1
493495,348659,352125,79.8951,5.9147,1
493596,25518,348734,29.7468,4.7361,1
493598,348734,357144,79.9619,6.2749,1
493747,348846,357019,105.5167,5.9329,1
493759,348854,418565,32.5998,4.1926,1
495301,349962,356883,67.6757,4.7863,1
495380,29781,350025,29.1833,6.5088,1
495454,103149,350074,61.8591,4.7194,1
496576,185709,350859,106.9127,3.3839,1
496577,105443,350859,14.6164,4.7827,1
496983,351146,351451,66.7882,4.7863,1
496984,351146,358555,139.6599,4.953,1
496995,29138,351157,118.0184,5.8807,1
497186,351157,351293,64.4084,4.8452,1
497187,31931,351293,107.7667,4.5616,1
497219,25908,351316,38.2695,3.4611,1
497221,32624,351316,160.7873,3.9496,1
497425,351451,355799,85.0738,5.1515,1
498157,351939,408303,52.3413,5.4376,34
498158,351939,423036,43.042,4.0388,34
498371,40832,352090,9.1954,23.6602,1
498419,352125,352759,31.1502,4.8166,1
498752,344516,352367,66.5883,3.217,1
499167,30657,352677,27.1662,5.5317,1
499285,348576,352759,68.4438,3.3028,1
499396,352833,363744,36.0648,2.8284,1
499589,298629,352962,86.406,5.9977,1
501264,25089,354145,118.1435,8.1478,1
501265,354145,370944,132.0002,10.0288,1
501650,354409,420665,166.2775,5.7614,2
502007,354662,359343,32.3883,4.0233,1
502707,355136,395336,66.4471,4.148,1
503461,349732,355691,48.4768,2.8501,1
503608,28783,355799,132.481,4.1069,1
503617,355804,357870,44.0025,12.2686,1
503618,32302,355804,13.0128,12.4808,1
504225,347505,356201,160.6549,5.2779,1
504255,29138,356226,50.8298,7.0711,1
504256,33143,356226,46.1916,6.8896,1
504771,352367,356601,41.8927,3.285,1
505170,356883,363724,85.3808,5.4764,1
505322,148804,356989,54.3906,3.0956,1
505363,357019,361188,48.5936,6.2404,1
505533,37068,357144,60.9998,6.4675,1
506587,33212,357870,75.491,8.2879,1
507080,150210,358224,62.0985,12.6577,2
507660,347217,358614,132.2233,3.4758,1
508582,359258,361454,5.099,4.3528,2
509364,33143,359819,20.0832,7.2592,1
509480,356201,359899,117.9615,6.9495,1
509579,35696,359966,31.8939,5.7511,1
510526,359822,360642,14.5335,4.5616,1
510619,152354,360707,18.2757,2.9984,1
510620,360707,360958,4.6904,1.2071,1
510876,358614,360892,18.8149,3.9637,1
511303,41602,361188,147.2839,8.3385,1
511694,361454,595361,257.5422,5.2631,2
513522,35780,362748,2.6874,6.1596,1
513551,297858,362769,68.2284,5.2631,1
514894,363744,421630,140.8778,3.4758,1
515302,163755,364042,70.5329,3.7199,1
516410,364841,368739,93.984,4.0532,1
516411,177314,364841,56.3765,4.89,1
516936,35052,365203,26.2097,5.5414,1
516938,365203,368012,19.5257,5.3866,1
517503,37191,365602,9.4985,4.3452,1
517855,365864,372031,65.2457,5.7865,1
518138,359343,366078,113.2872,3.3904,1
518139,188975,366078,264.7685,5.6894,1
518152,177314,366086,4.3946,4.5616,1
518705,36429,366479,30.5396,3.1583,1
518762,364086,366515,61.141,2.7247,1
518763,366515,372142,69.7973,2.0908,1
518879,366597,415303,19.0496,3.285,1
518880,366597,398727,33.5469,4.4203,1
518992,177281,366679,29.831,2.8028,1
518993,366679,368541,51.3128,3.6056,1
519467,37920,367014,4.714,7.3541,1
519906,174592,367321,59.0866,9.7326,2
520191,367530,379713,89.6828,3.8643,1
520604,367822,370446,68.3374,5.2361,1
520848,169659,367991,54.463,2.5,1
520850,209911,367991,42.1387,2.7361,1
520880,41189,368012,80.9588,5.5468,1
521637,210662,368541,41.656,3.6056,1
521717,221617,368599,70.0547,4.2564,1
521718,366086,368599,16.7929,4.1583,1
522526,37240,369158,136.4755,4.1926,1
523295,366479,369696,35.171,3.6583,1
523296,45492,369696,140.3337,3.118,1
523391,186243,369761,32.0035,5.7007,1
523882,370102,397715,227.9364,3.9822,34
524374,355136,370434,81.7544,4.5813,1
524375,370434,370996,15.1181,4.2976,1
525010,220450,370875,85.1835,6.6926,1
525177,370996,408601,87.1582,3.2863,1
525245,38449,371040,40.7881,5.1926,1
525471,57950,371195,444.475,6.3541,1
526360,345400,371834,111.5922,4.2523,1
526362,371834,395142,32.2645,3.6056,1
526484,367822,371916,161.7498,2.9432,1
526650,199659,372031,70.9311,4.5392,1
526808,44606,372142,95.9108,3.1573,1
527432,371040,372574,37.5019,6.6231,1
527433,41906,372574,155.0566,6.2444,1
528302,373174,373313,39.6358,2.3428,1
528356,373209,377413,121.4843,5.6081,1
528357,41751,373209,55.7076,5.365,1
528501,225739,373313,87.9331,1.7247,1
528580,373368,374014,29.2746,3.0811,1
529475,196427,374014,57.2413,4.0306,1
529484,199507,374018,37.8506,3.8643,1
530073,39684,374452,75.591,3.8643,1
530613,367321,374838,255.8398,7.1296,2
531052,374402,375147,20.2485,5.3723,1
531572,367721,375496,57.8485,4.7541,1
532692,374452,376299,16.3775,5.1569,1
532693,51633,376299,114.9241,5.1569,1
534234,44178,377413,7.8031,5.8941,1
534761,41602,377799,101.1842,10.7469,1
537461,379713,385721,105.3376,4.0941,1
537853,205692,379997,46.9965,4.1078,1
539198,218969,380944,7.157,7.0,1
541604,382627,411110,61.9274,5.9106,1
542792,380760,383459,38.6451,3.5291,1
545595,385457,390209,46.8825,20.724,1
545950,240303,385721,9.2014,4.3528,1
546278,50331,385950,50.7773,4.1078,1
546728,48803,386251,6.2093,14.1242,1
547818,348854,387050,67.5827,4.7541,1
547909,387120,387752,25.8414,3.3132,1
548293,50331,387386,10.6145,4.6289,1
548385,220450,387444,50.0022,6.0616,1
548832,50402,387752,49.7583,2.7321,1
548839,53725,387757,69.9158,4.3574,1
549655,251058,388358,17.9227,6.8541,1
550881,256448,389210,8.5375,4.6043,1
551567,389691,390321,50.5206,3.7936,1
552133,51302,390080,71.4959,3.6736,1
552314,52098,390209,15.4599,21.1123,1
553298,54926,390891,45.05,11.7777,1
553564,389210,391078,35.9166,2.7321,1
554114,391476,413409,26.0725,3.9637,2
554302,390891,391602,54.1561,13.4432,1
554694,370451,391852,256.5987,8.0201,2
556255,53311,392919,7.2572,5.5706,1
556511,60325,393085,92.0883,4.5822,1
557099,272056,393475,34.8999,4.1231,1
557246,54804,393581,13.3746,6.9567,1
557962,394114,404775,72.3855,6.443,2
558072,384577,394189,103.8102,7.9671,1
558073,53631,394189,4.3461,7.562,1
558492,394481,395336,92.2159,3.6056,1
558919,391575,394776,65.8027,4.1069,1
559185,394970,398386,59.8498,3.9681,1
559187,394776,394970,37.229,4.4721,1
559868,344336,395453,70.0357,3.7417,1
560057,262349,395580,27.0103,3.9921,1
560457,395871,396293,3.7417,7.68,2
561051,396293,399850,78.4219,6.8571,2
561429,54926,396552,48.4654,19.9499,1
561481,396552,410651,77.4219,14.0061,1
564718,397484,398727,51.5257,3.6675,1
564993,283648,398907,29.7097,4.1621,1
564994,398386,398907,65.284,4.0233,1
565208,399054,400160,18.3848,3.4758,1
565621,387050,399330,110.8257,3.5616,1
565733,387444,399407,92.0706,4.1829,1
565734,317280,399407,55.7857,4.1829,1
566792,257252,400160,44.8628,4.5616,1
567648,287340,400740,29.3655,7.7782,1
567942,400945,479185,60.4116,5.0838,1
567943,362769,400945,41.1468,5.5468,1
569821,54804,402302,70.5494,5.8166,1
570060,283648,402474,76.6442,3.285,1
570061,402474,404795,23.0434,2.8284,1
570543,58308,402812,27.8209,4.4954,1
571202,403289,403934,5.1962,4.9338,1
571757,66809,403603,145.2498,19.7693,1
571935,403603,437001,144.5504,20.3026,2
572229,395580,403806,56.0892,3.9324,1
572257,396443,403826,47.4342,3.5,2
572258,310556,403826,41.8426,3.3028,2
572410,61903,403934,65.4514,3.9324,1
572445,403953,427268,18.6518,6.5897,2
573266,404544,410208,61.6847,3.2863,1
573601,404795,404962,103.5905,3.5355,1
573620,64898,404812,47.4388,4.7541,1
574008,343529,405099,50.7477,8.5033,7
574655,405553,416737,158.0063,5.2035,2
574932,405738,411145,75.6968,4.6289,2
574945,405750,406857,21.4009,4.3723,2
575125,290904,405891,71.1563,5.6081,1
575126,381915,405891,74.8369,5.9569,1
576190,406633,408891,54.8797,6.4078,1
576282,63334,406695,31.0161,4.0532,1
576492,330498,406857,103.2657,4.5,2
578568,397715,408303,92.0054,5.381,34
578981,295733,408601,71.4296,3.0275,1
579633,404962,409053,68.4251,3.5355,1
579634,409053,409737,58.7707,3.4758,1
580621,317280,409737,31.0458,4.1231,1
581298,345400,410208,43.328,4.511,1
581844,56847,410589,75.1901,5.9641,1
581938,410651,414832,24.6312,10.1955,1
582598,411110,416349,10.8167,6.6363,1
582642,340132,411145,41.1245,4.729,2
584644,63334,412591,17.6635,3.4608,1
585334,61342,413054,59.2732,11.9276,1
585868,413409,430173,95.8436,3.0725,2
586568,413896,415620,71.2203,5.9635,1
586658,285706,413969,164.4486,2.7369,1
587057,67779,414244,42.4068,7.1756,3
587575,414604,431023,38.0657,2.9889,2
587916,403603,414832,124.535,20.8102,1
588576,347892,415303,39.2626,2.639,1
589016,272796,415602,108.5202,4.0811,1
589017,415602,447366,47.2123,4.3028,1
589045,70034,415620,68.6893,4.3203,1
590078,275741,416349,8.3312,7.0483,1
590158,275195,416407,3.3166,5.2421,1
590610,416737,417123,122.1638,5.692,2
590802,68654,416874,52.2292,7.8646,1
591179,403953,417123,56.7617,7.2449,2
591972,417672,428728,13.4536,3.6503,1
592877,352833,418330,21.095,7.9907,1
592878,418330,419545,9.3808,12.189,1
592931,418364,422923,34.9444,4.3198,1
593012,418424,420395,45.1671,3.9637,1
593322,418646,419087,65.5092,2.7321,1
593868,419022,436793,65.7647,4.5306,1
593964,70713,419087,36.3822,2.5,1
594096,65805,419181,67.1589,5.9545,1
594098,73567,419181,47.8729,5.5822,1
594246,394481,419280,58.4893,3.217,1
594606,419545,478020,220.6057,8.3051,1
595349,420093,422190,111.1938,6.8632,1
595468,72407,420180,122.6499,5.5317,1
595469,69900,420180,14.5488,5.2035,1
596023,304077,420566,17.9784,6.6726,7
596164,394114,420665,36.1017,7.2108,2
597385,70211,421546,59.2134,10.0392,1
597529,421630,429287,16.5529,4.7541,1
598207,397484,422111,30.7842,3.618,1
598208,420093,422111,48.3552,5.458,1
598320,422190,426069,142.756,5.4051,1
598429,422270,432196,148.2768,3.7055,6
598430,422270,449712,218.9444,3.4758,5
598896,422614,453902,81.3101,2.7763,1
598897,419280,422614,42.3438,3.0725,1
599022,417729,422703,136.5707,5.9036,1
599333,73430,422923,27.9583,4.5414,1
599489,423036,443131,58.9887,5.3383,34
599515,423056,423390,22.891,3.0956,6
599516,423056,432196,122.3969,3.516,6
599779,69550,423236,37.6209,7.1455,1
599780,423236,427905,80.4833,6.5977,1
599952,72395,423294,29.6461,4.9433,1
600091,423390,437642,160.9099,3.6029,6
600862,418565,423935,30.1496,3.7361,1
601638,424474,431223,139.4453,6.2838,2
602294,72407,424963,25.3158,6.5115,1
602393,72228,425029,77.0476,2.7247,1
602394,73209,425029,69.2508,3.9495,1
602715,400740,425248,260.701,8.5728,1
602972,73430,425429,71.7449,4.2523,1
603389,425724,429628,34.0816,4.6708,1
603535,75588,425834,49.1799,4.8139,1
603595,425879,436049,57.7668,6.0467,7
603639,425912,426400,75.7753,3.5348,1
603861,419022,426069,54.7936,4.3723,1
604321,420395,426400,95.9693,3.1463,1
604353,426420,428031,58.1292,3.2394,1
604354,422270,426420,7.8951,2.9954,1
605309,77910,427080,54.317,5.6926,1
605580,427268,440394,64.6065,6.2696,2
606128,427658,435215,180.438,4.3708,1
606356,427819,449504,101.4391,4.511,1
606476,421546,427905,454.1949,6.8157,1
606656,428031,519160,187.087,3.1583,1
607251,428367,443515,80.4354,19.3436,1
607814,416407,428728,26.1916,4.7856,1
608242,404775,429045,42.595,6.0738,2
608243,429045,455859,43.1239,5.2631,2
608262,427819,429059,27.5862,3.4758,1
608478,427658,429217,27.4975,5.3723,1
608574,429287,444672,203.8161,4.1068,1
609050,429628,436445,80.215,5.2421,1
609522,429217,429964,11.1853,5.2175,1
609821,424474,430173,117.8898,4.8599,2
610902,425429,430953,41.7013,5.651,1
611293,431223,436417,103.0776,7.1133,2
611844,293995,431608,218.002,5.4704,1
611845,430935,431608,50.892,5.7878,1
612385,430935,431976,15.5885,5.365,1
613944,82582,433013,117.2656,7.6787,1
614394,429059,433265,27.074,2.9954,1
614881,433602,529446,82.3286,22.2086,1
614906,433622,437653,52.9725,5.4961,1
615250,299948,433864,256.8294,4.5247,2
615251,339242,433864,117.4521,4.7947,2
615310,433622,433905,11.4407,4.5247,1
615584,78075,434097,56.8886,3.7055,1
615586,434097,436526,12.4332,3.7913,1
615744,429964,434215,74.9385,3.57,1
616593,434828,455859,15.4272,4.511,2
616594,434828,437084,44.1135,3.8637,2
617474,431976,435444,44.0454,4.2523,1
617521,435475,478020,49.3243,5.734,1
618235,435986,438974,34.2547,3.8643,1
618876,436445,439625,117.249,6.2281,1
619593,430953,436938,59.7123,4.7016,1
619716,82058,437001,11.7992,10.4003,2
619843,437084,437627,52.2398,4.3723,2
620385,437469,437627,23.0434,8.057,2
620399,437481,475950,11.7615,3.6736,1
620400,437481,485744,25.2389,3.285,1
620654,437642,441740,89.2805,3.2321,6
620668,85197,437653,53.2424,8.1643,2
620669,437654,454572,248.4952,6.562,2
620670,436417,437654,34.7275,8.0932,2
620761,86570,437722,130.7899,7.8256,1
621375,438148,447035,134.0837,6.7921,1
621589,80648,438295,20.2731,3.7936,1
621590,438295,441161,24.7072,4.1231,1
622801,439112,447396,109.2795,2.9954,1
622802,439112,440256,73.171,3.7055,1
622844,79770,439144,19.929,3.285,1
622845,113144,439144,32.0431,3.4758,1
623232,439422,443131,75.8112,5.4064,34
623309,428367,439469,63.8421,21.0428,2
623532,439625,443545,45.2647,7.1062,1
623631,395142,439693,111.466,3.3028,1
623632,439693,440114,115.8587,18.5953,1
623719,82107,439751,30.3315,8.4186,1
624317,440114,527428,88.9096,21.1264,7
624390,440114,451124,125.814,23.0953,28
624600,435936,440228,26.7955,7.1947,1
624613,276932,440238,108.3954,4.1213,1
624614,435936,440238,35.1283,5.4754,1
624642,440256,444725,27.8209,4.4707,1
624844,439422,440394,22.0,5.2249,34
625148,440596,482711,47.0803,2.9208,1
625149,440596,500661,23.6784,2.618,1
626796,441740,516479,74.7507,3.8452,6
626823,441759,468564,84.4609,4.6623,1
626863,441161,441786,9.5568,4.4068,1
626864,89306,441786,110.0454,4.216,1
626869,441790,442376,103.7336,5.1083,1
627127,441759,441975,62.0161,3.6213,1
627701,436980,442376,66.4036,6.0738,1
628098,438974,442659,31.8521,3.8643,1
628414,442879,452287,92.2822,4.1829,1
628573,441790,442993,88.6291,4.2976,1
628905,436793,443238,69.7209,3.7796,1
628907,443238,511102,55.3915,3.6213,1
629046,84354,443336,13.5483,5.5451,1
629047,443336,443512,3.1623,8.0617,1
629080,443359,529263,50.4436,3.2863,1
629218,89101,443454,66.7807,8.0711,1
629299,443512,443851,4.6442,9.7726,1
629784,84429,443851,84.6952,8.9207,1
630231,444163,444373,40.8289,3.7936,1
630337,85197,444235,151.2338,7.72,2
630338,91143,444235,101.155,5.3218,2
630533,435444,444373,109.0963,3.8643,1
630950,444672,456279,137.3499,3.285,7
631026,444725,457138,115.2128,3.7606,1
632266,442993,445607,93.5741,3.2863,1
632305,83437,445641,36.8133,5.4083,1
632486,445766,532246,78.177,5.1926,22
632487,445766,563462,83.8014,4.9495,22
632593,445607,445838,68.3569,2.7247,1
634322,89037,447035,128.7051,7.8482,1
634575,447228,447915,152.6783,9.9483,1
634576,447228,519056,19.0671,9.1923,1
634761,447366,584897,192.9482,4.6312,1
634803,447396,452287,58.0086,3.6427,1
635077,447584,454066,96.8194,2.7247,7
635078,447584,452007,59.3127,3.7361,7
635104,441975,447604,121.4619,4.1213,1
635105,447604,451145,153.4927,3.8708,1
635549,381915,447915,73.0099,8.3799,1
635712,89306,448023,173.859,8.3708,1
635716,95004,448023,64.245,10.2417,1
637259,436049,449099,94.5992,10.5305,7
637833,435475,449504,44.8541,5.4909,1
638129,449703,516479,29.0861,3.2112,6
638141,449712,577759,178.1494,3.1796,5
638473,449955,526737,42.9328,14.6732,8
639084,437469,450382,110.4446,10.2468,2
639085,449955,450382,201.1119,11.7432,8
639982,440394,451007,75.7232,7.4772,36
639983,450382,451008,7.0711,10.738,10
639985,451009,540368,134.771,6.172,1
640094,451087,544068,45.0407,3.7796,1
640144,451122,454271,53.1601,7.5074,1
640147,451124,524977,33.9687,21.2398,28
640150,451008,451125,7.6811,11.3129,10
640217,451173,533664,83.4306,4.885,1
640424,451315,539241,21.1739,4.8284,5
640572,451414,457224,84.6312,4.4126,1
640872,91320,451614,42.4588,4.6751,1
641419,452007,456004,75.6108,3.6503,7
642300,451007,452620,20.3224,9.485,36
642301,452620,452959,8.0623,11.0408,11
642330,452640,537712,17.5468,6.9034,1
642524,452620,452775,38.4838,13.8766,47
642525,452775,456269,84.9176,10.636,2
642770,451125,452959,121.396,11.4017,10
643245,89482,453285,65.2227,5.5726,1
643246,91712,453285,10.4563,3.3132,1
643539,453491,501430,94.8015,3.4758,1
643710,453625,537712,96.6465,5.3723,1
643711,453625,554480,161.1435,3.618,1
643733,453491,453640,55.2268,3.217,1
643734,453640,550731,15.3695,3.4611,1
643761,95657,453659,60.7691,4.3203,1
643835,91044,453713,15.5528,7.4772,1
643983,453814,543714,14.1185,6.2281,5
643984,453814,562030,79.0225,6.6177,5
644112,453902,482711,41.1461,2.9208,1
644617,454271,455279,138.351,7.2592,1
645034,352962,454572,119.6295,5.5822,1
645035,454572,502466,62.6711,8.9031,1
645491,454882,455554,54.1572,2.7247,2
645907,100937,455189,151.4199,7.7016,4
646028,455279,534847,63.9105,8.2063,1
646387,455554,456269,9.1104,3.6213,2
647006,456000,457274,29.0517,3.7913,1
647697,456486,552078,4.8189,47.3937,28
647793,456553,510224,96.4071,3.1796,5
647794,456553,463313,52.7067,4.1231,5
647838,91747,456582,113.7398,4.5826,1
647839,94934,456582,85.5614,3.4093,1
647926,456645,464357,100.1349,6.9873,1
648200,456846,529263,32.5252,2.4495,1
648297,456913,554480,26.6187,2.5322,1
648371,445641,456972,111.4139,6.434,1
648374,95410,456972,29.8431,5.4265,1
648419,456645,457003,6.1644,5.9545,1
648615,457138,533664,76.7876,4.6633,1
648722,457224,457494,7.3711,4.6708,1
648792,457274,461103,60.9754,2.618,1
648880,449501,457339,74.2668,4.0,1
649001,90362,457422,55.0454,4.7408,1
649098,457494,462147,91.2774,4.6111,1
649611,452775,457845,91.1811,27.2364,49
649758,457339,457953,9.7285,4.7787,1
651948,457953,459429,138.6355,6.8843,1
652674,95410,459942,87.7145,4.9433,1
652675,99914,459942,88.1533,3.7594,1
653243,453713,460332,112.8273,6.7082,1
653414,459429,460447,29.7397,9.2844,1
653480,457920,460490,28.178,2.4142,1
653519,460519,568320,40.5367,3.4142,1
653520,460519,466998,65.7647,2.9142,1
654308,461096,565272,65.4896,3.6503,7
654309,461096,601277,105.9885,3.285,7
654596,461297,462595,31.0644,4.3528,5
655157,94934,461696,59.0339,2.9889,1
655415,461696,461876,20.3361,3.6736,1
655794,462147,467326,150.3027,4.9338,1
656426,462595,462786,145.9966,4.241,5
656674,462786,587572,165.7082,4.4707,5
656892,462935,469147,69.0941,4.5765,1
657006,461876,463012,32.3093,3.6056,1
658701,464193,598935,64.1318,5.6081,1
658782,95798,464244,62.5726,4.5634,1
658783,464244,465469,12.6886,4.872,1
658850,464292,471580,58.4209,3.6795,1
658864,102593,464302,118.3117,5.1029,1
658942,464357,626695,131.8847,6.8206,1
659658,460447,464857,241.2664,9.6159,1
660068,465139,584289,64.4386,4.4707,9
660069,465139,603268,118.1948,4.3528,9
660266,465290,578771,17.8232,3.9142,5
660444,465416,596980,49.163,2.5322,1
660486,98586,465446,26.3507,6.6115,1
660522,102872,465469,96.7592,4.241,1
660720,465290,465604,11.8743,2.5322,5
661060,465839,587970,61.3451,4.7913,5
661061,465839,587564,27.2626,3.7913,5
661291,465991,573963,32.7821,2.4142,1
661292,465991,584068,14.9443,3.0616,1
661841,466386,587121,46.1591,2.9954,13
661857,466396,584289,3.9158,4.241,9
661858,466396,589109,22.9903,4.6596,9
662177,466619,466620,27.9543,3.7055,1
662583,465416,466908,40.7676,4.0761,1
662584,466908,471555,47.0425,5.5076,1
662711,466998,469606,20.8327,3.3708,1
662830,463012,467077,73.2765,4.3523,1
662831,467077,473201,57.3924,5.2421,1
663049,467234,470436,57.8753,5.8036,1
663192,100154,467326,60.4621,5.7446,1
663477,467533,504294,333.6937,12.2782,1
664417,100070,468203,33.2599,3.9173,1
664890,465604,468537,86.0465,3.3541,5
664924,468564,472626,55.9826,4.9651,1
665410,468897,469147,4.2426,6.1623,1
665411,468897,597650,35.0714,4.118,1
665891,469216,599003,104.7903,2.9208,13
665892,469216,622382,145.5526,4.0761,13
666167,467533,469416,82.9096,12.194,1
666168,469416,588802,21.3672,8.1908,1
666418,469606,594342,4.9554,3.0956,1
666463,469644,476010,146.1677,3.9115,9
666697,469813,595581,31.6696,3.3708,9
667045,470048,474298,120.6469,6.8571,1
667046,470048,484247,177.0518,6.3244,1
667438,115850,470316,302.8129,6.8111,2
667534,470375,478539,519.8952,8.7085,3
667614,470436,473794,87.1863,5.0476,1
667767,465446,470530,71.3507,5.4762,1
667768,103901,470530,33.4465,2.2802,1
667813,470560,608129,99.368,4.0616,13
667814,470560,646931,263.2078,4.511,13
668755,468537,471216,62.2736,4.2361,5
668992,471391,471604,5.1854,3.5811,1
669228,471555,483810,81.1542,6.6115,1
669301,471604,760621,17.1043,2.5811,1
669425,102593,471690,41.7532,4.3528,1
669426,103678,471690,13.1022,4.3528,1
669572,309130,471784,39.4152,7.6712,1
669750,471917,479310,100.9455,5.6533,1
669989,472092,472959,110.3359,3.1796,1
670245,472273,602797,35.7243,3.5291,1
670246,472273,472565,11.5758,4.5306,1
670517,472470,478443,102.0049,2.9208,1
671193,472959,483540,97.6012,3.5616,1
671527,473201,476437,28.7471,5.6926,1
672037,473561,483717,117.9628,6.4803,1
672141,100674,473635,187.7327,4.7608,1
672361,473794,480108,73.9226,5.4704,1
672862,474133,631346,95.7199,6.0748,1
672998,473635,474229,6.1644,5.5076,1
673773,474788,475734,33.0641,4.9338,1
674172,471216,475068,145.7704,3.2247,5
674284,475151,625857,63.7547,1.8251,1
674513,475310,479420,55.9375,4.4707,13
674712,475439,617206,21.5561,2.2882,1
675378,472092,475891,32.1559,2.5322,1
675460,439092,475950,56.3353,3.3839,1
675553,476010,478972,26.9258,5.1375,9
675774,476165,602773,18.5802,4.3196,1
675775,476165,484821,139.6603,2.2361,1
675969,475068,476307,155.1966,4.7603,5
675970,476307,476309,73.437,9.2801,5
676053,476369,477375,46.2817,2.8708,1
676151,110255,476437,100.5786,10.0887,1
676368,475439,476586,10.7238,1.4142,1
676610,102791,476774,117.5651,3.9324,1
677486,476586,477375,16.9706,1.7071,1
677569,477430,481992,49.3356,6.2417,1
677695,477043,477529,17.8466,6.2106,3
678154,103817,477839,57.4659,6.2838,1
678362,475591,477982,42.3228,4.0233,1
678916,478382,479528,9.9499,5.0811,1
679076,478495,609419,55.8331,5.2676,1
679077,478495,628155,55.2955,7.3434,1
679133,478539,612314,76.5434,8.6172,3
679277,477839,478641,7.0632,5.8941,1
679771,478972,487014,120.756,5.6506,9
680092,478443,479199,34.1321,2.2361,1
680093,479199,630977,144.7008,2.9208,1
680419,479420,622382,65.9411,5.1375,13
680575,479528,480912,134.2274,5.6213,1
680637,110727,479577,92.8852,5.3403,1
680647,478641,479584,15.3514,5.2421,1
680648,479584,485686,45.4435,5.4218,1
680824,479708,507847,64.1829,2.118,1
680973,479811,616816,50.7346,1.618,1
680974,479811,631898,47.9471,2.5616,1
681196,479975,649382,150.2065,3.2394,2
682552,475891,480912,127.1967,3.5355,1
682921,481161,482216,40.6694,3.4611,4
682922,481161,493462,113.3975,3.6056,4
683444,108614,481524,12.06,7.7449,4
683445,481524,488443,95.649,6.6296,4
683625,481655,627013,64.7394,2.5322,1
684113,481992,656868,101.7071,8.2969,1
684131,482003,619020,52.294,3.4093,9
684166,105655,482030,83.9854,6.0467,1
684167,482030,484538,21.0431,6.9248,1
684448,482216,483424,68.2715,3.3904,4
686265,483486,612813,57.0643,4.5826,1
686338,483540,627013,65.2778,2.9142,1
686380,483569,490763,56.356,4.977,1
686570,483709,490050,83.0385,4.899,1
686817,483895,632557,60.5475,4.1231,1
686825,472565,483902,62.2495,3.9903,1
687302,484247,486865,39.2248,6.085,1
687485,484373,675650,185.0604,2.2361,9
687720,484538,490046,59.9053,7.8719,1
687755,484561,490504,92.6961,6.7082,4
687892,481990,484660,18.412,3.118,5
687893,484660,653732,219.3528,2.2361,5
688141,481655,484821,29.6816,2.2361,1
688271,484923,641787,47.8121,3.217,1
688429,485045,493225,92.747,5.2386,4
688617,476309,485171,130.0346,10.435,5
688618,485171,488504,49.4773,8.8437,5
688738,485263,515935,30.4302,4.7361,1
689413,433265,485744,40.784,2.9954,1
690022,486174,631112,70.8567,4.2737,4
690023,486174,637698,53.5807,3.1623,4
690042,486188,618940,65.1306,4.4707,1
690043,483902,486188,96.1249,3.4093,1
691208,487014,490945,89.95,5.4312,9
691676,481828,487346,43.1856,4.9286,3
691677,487346,656496,86.2198,5.4312,3
691902,487505,638181,41.8117,2.7247,1
692166,487699,495818,221.1674,8.6492,1
692604,487505,488017,63.1348,2.3428,1
693027,112210,488320,52.8725,5.7661,1
693121,110466,488390,45.6575,9.8648,1
693284,488504,640537,32.5077,10.1741,5
693411,488596,612533,174.0479,5.9329,1
693553,488700,489485,19.2873,4.9497,13
693554,488700,488971,12.0416,3.5355,13
693947,488971,660425,176.9093,2.5322,13
694580,489429,514968,285.7919,7.892,5
694642,489474,644552,153.3786,6.3668,1
694658,489485,646931,66.6408,5.2779,13
694722,489532,649271,111.7149,5.8284,5
694788,489583,640377,64.0384,6.9495,4
694798,488596,489591,70.8872,8.3715,1
694799,489591,641290,14.5564,10.1789,1
695113,489813,492304,83.3307,4.0941,4
695114,489813,496026,54.8999,4.5274,4
695160,483717,489848,141.5643,6.151,1
695161,115174,489848,87.0153,3.3723,1
695451,490050,498573,109.7882,4.999,1
695454,485686,490052,121.7694,5.7878,1
695481,105395,490070,143.8178,4.7194,1
695920,490371,508424,191.9479,5.8032,1
696120,490504,495360,68.9534,6.5945,4
696288,490621,631080,52.2626,4.4954,1
696289,490621,644236,7.7028,3.217,1
696476,490763,654925,42.45,3.8643,1
696607,490856,490867,162.0494,7.1414,1
696743,490945,494699,100.3095,5.6967,9
696909,490046,491060,87.7028,6.4806,1
696910,114318,491060,8.124,3.9822,1
698493,488443,492179,131.2062,5.6506,4
698494,492179,495360,52.6435,6.1984,4
699461,492849,497019,45.1664,3.6736,1
700015,493225,649984,11.2645,6.1056,4
700168,491416,493330,74.1148,5.6993,1
700362,493462,494536,9.6437,4.2523,4
701538,494311,661344,64.3834,5.2421,1
701760,492304,494472,18.4932,5.1939,4
701761,494472,649984,3.448,6.9967,4
701775,494481,498200,57.4282,3.4611,1
701853,494536,660613,58.7055,4.899,4
703226,124786,495538,188.8147,5.3852,1
703647,495818,648874,62.6995,8.8704,1
703878,495977,630469,49.0363,2.9889,1
703908,488390,495998,109.1429,7.9957,1
703951,496026,637698,54.0668,3.8172,4
703970,297992,496042,114.5629,4.0388,1
704274,496258,552971,277.3698,8.2281,1
704304,496279,650736,25.5908,7.162,1
704305,496279,656868,21.3434,8.3631,1
704346,116153,496306,136.6967,4.6158,1
704347,496306,502024,65.725,6.117,1
704743,496589,648874,74.1365,9.2273,1
704744,496589,653572,116.3529,7.6018,1
704773,444672,496607,55.2922,3.4758,6
705035,129921,496784,452.6846,6.7045,1
705351,497019,502346,25.1794,4.3028,1
707058,117859,498200,28.2174,3.4611,1
707114,118741,498233,29.1147,2.8284,1
707186,495998,498284,26.9588,6.1071,1
707974,483895,498825,250.3997,3.4758,1
708336,498825,499074,13.0384,3.285,1
708505,494481,499189,68.4,4.148,1
708506,120591,499189,83.672,3.4632,1
709626,120038,499961,36.9033,5.5444,1
709633,499961,499964,163.3751,7.895,1
709999,425248,500216,262.3884,8.1707,1
710000,500216,528146,131.8602,9.6285,1
710470,500557,509977,136.1653,5.0981,1
710611,500661,530789,95.5807,2.618,1
711087,487699,501007,148.8187,9.4749,1
711088,501007,673488,185.2176,7.8541,1
711655,499631,501408,57.8273,3.2394,1
711687,442879,501430,4.3589,4.1829,1
711722,120785,501458,120.247,5.4218,1
712019,501681,502229,43.1161,3.0275,1
712056,127130,501706,231.5822,5.1636,1
712220,501823,505076,28.8617,2.9142,1
712257,501850,504612,27.6908,8.2144,1
712490,125708,502024,125.7617,7.2166,1
712627,501871,502125,44.436,3.4758,1
712628,122542,502125,81.291,3.4758,1
712776,502229,510099,129.9577,3.0275,1
712943,502346,667145,18.6011,4.5616,1
713530,118899,502760,34.1565,6.1237,1
714999,118876,503786,104.5241,7.3434,4
715720,502466,504294,10.1187,10.9031,1
715872,297603,504391,205.5943,7.2417,3
715980,504462,509553,164.1002,6.8239,1
716194,504612,536690,389.3124,7.6018,1
716673,120591,504947,40.1165,2.9208,1
716866,505076,672286,93.9143,3.7594,1
717449,505492,660611,94.2514,7.0654,1
718455,506209,670865,75.7474,2.9889,1
719293,506819,511231,43.359,2.4472,13
719527,504947,506991,47.1923,3.9241,1
719790,122821,507170,17.9444,10.315,4
719984,507303,668611,63.2113,3.4093,1
720549,507689,669214,756.0116,8.4503,3
720761,443359,507847,55.6227,3.1796,1
721096,508081,508903,33.0454,2.618,1
721502,506991,508360,16.8028,3.7025,1
721601,508424,670951,43.7493,5.4157,1
722293,508903,661467,82.4823,3.5616,1
722296,508906,668321,24.7431,3.0,3
723301,508360,509615,33.9051,3.7025,1
723802,134231,509977,182.6204,4.2564,1
724158,510224,520775,61.0592,3.8106,5
725008,510813,673488,88.5375,5.8541,1
725418,444163,511102,112.8962,3.2321,1
725595,511231,513960,40.5709,4.2737,13
725710,508081,511315,55.5158,2.2361,1
725964,511490,513220,34.4384,2.8028,1
726110,511605,675480,49.3361,6.8541,3
727170,512354,518210,124.29,7.8229,6
727232,512398,673003,62.295,2.7247,1
727329,512467,513776,17.2337,6.3284,1
727448,512354,512556,35.3977,8.0826,3
727974,512936,677512,4.7258,4.6213,2
727975,512936,516904,68.7605,4.2426,2
728387,512398,513220,18.4662,3.0275,1
728575,512626,513352,8.124,3.2394,3
728775,496607,513507,75.2396,3.8643,6
728776,449703,513507,43.8862,2.6688,6
729156,153887,513776,491.3987,6.5822,1
729408,513960,525583,174.1867,4.8139,13
729414,498284,513964,187.2117,6.8904,1
729415,513964,519297,40.9715,6.6115,1
730000,514384,680811,42.7746,2.1213,1
730808,514968,521205,112.5966,7.0421,5
731341,505492,515337,116.0215,5.6272,1
731711,510099,515603,40.9145,3.2863,1
731722,508906,515611,43.3705,3.3708,3
731723,515611,688353,58.565,4.5634,3
732177,286451,515935,52.9843,4.3028,1
732461,516135,682102,13.9603,9.717,5
732868,125708,516421,137.8654,7.8012,1
733489,516851,689606,54.6535,7.1838,5
733563,516901,682718,9.1773,5.6967,1
733565,516904,682029,100.6341,4.8139,2
735125,517990,680065,103.7885,11.2613,4
735445,518210,537569,448.3514,6.1984,1
735446,518210,533921,178.4152,5.0431,5
735456,129492,518219,55.3474,4.9181,1
736198,517073,518743,62.5504,7.0707,3
736657,451009,519057,123.3775,10.94,1
736797,456913,519160,126.3443,2.9142,1
737439,519604,525202,97.7724,4.8341,1
737527,519672,523187,54.827,1.9142,1
738541,520381,686690,15.1217,7.2456,5
739111,520775,530759,22.9129,4.8139,5
739253,129337,520885,29.4147,7.9169,3
739531,285248,521088,21.0238,5.5076,1
739695,520381,521205,83.9583,7.4806,5
741860,522729,535752,136.8482,6.5465,1
742891,523461,677512,72.7393,3.9142,7
742892,523461,706253,224.8933,3.4758,7
742897,523464,685548,45.5887,3.5348,5
743336,523766,687046,111.1935,2.1213,1
743662,131260,523992,25.186,5.9402,3
744269,524408,529508,69.8212,5.3735,5
744274,524412,524413,4.2426,6.5701,5
744275,524408,524413,119.4738,5.1197,5
744604,523992,524654,29.9096,7.7016,3
744605,134991,524654,46.0202,8.437,4
744696,524722,692259,19.5761,5.0794,1
744819,523766,524814,14.3527,2.4142,1
745007,523464,524957,79.7371,3.9115,5
745008,524957,695806,10.1796,5.1375,5
745046,524977,550659,46.6743,32.6323,28
745402,525214,525928,7.4981,3.4611,1
746398,525928,526257,8.5765,4.4009,1
746860,526257,529056,65.3333,4.8894,1
747542,519057,526737,69.8323,17.147,1
747543,449099,526737,15.5849,15.2541,7
748507,527426,572989,102.2736,4.2865,22
748530,527443,697125,21.8098,2.618,2
749250,138934,527953,82.0427,5.7016,1
749504,528146,586189,193.0595,8.8293,1
750055,139318,528524,69.3433,7.5074,1
750099,134296,528553,31.5278,4.5605,1
750100,528553,539083,125.974,4.6475,1
751375,529446,595361,51.5849,14.0413,2
751376,529446,643702,159.3393,19.1764,1
752141,529993,713755,85.3776,2.8831,1
752522,530250,706381,48.1271,3.9921,1
752946,530549,695806,30.3912,4.0761,5
752999,527426,530584,61.9399,3.217,22
753243,451315,530759,32.9798,4.1213,5
753286,451173,530789,58.3181,2.9208,1
754142,524412,531424,54.2771,6.2417,5
754558,531713,704980,71.9977,4.2016,1
755036,532060,680811,202.5183,2.2882,1
755037,532060,697125,24.0624,3.0811,1
755166,532151,545424,110.4943,9.2202,3
755167,532151,558959,201.7028,8.1435,1
755259,511102,532224,116.3911,2.2071,2
755290,530584,532246,9.4986,4.4954,22
755541,529056,532425,28.0179,4.0941,1
756342,135365,532974,68.6319,7.3761,4
756343,532974,551497,162.4422,7.5822,5
756581,533137,537136,151.7578,3.7913,1
756634,132883,533178,123.0226,7.1585,4
757029,533466,533787,36.1801,4.0035,1
757462,533787,710878,62.5087,3.3166,1
757645,533921,537135,23.4307,4.8028,5
758487,139054,534518,48.3448,2.3028,1
758953,534847,541048,24.2831,9.0446,1
759325,137874,535109,26.5733,2.2071,1
759326,535109,535805,14.7761,2.3654,1
759346,531713,535123,33.1059,5.4376,1
759347,535123,711622,38.5443,4.7361,1
759357,535130,708589,50.1254,1.618,1
759453,530549,535198,62.498,3.2394,5
759643,16591,535336,4.8959,6.451,1
760501,137986,535937,28.0119,9.9137,1
760863,536190,541426,74.686,4.0388,7
761497,536627,693515,173.5206,4.7608,13
761498,536627,554091,289.3683,4.2523,1
761499,536627,541945,53.5257,3.8643,12
761593,146594,536690,165.3471,7.6938,1
761627,536715,544302,106.7427,3.1583,1
761776,533178,536814,99.4675,6.3284,4
762031,536995,706381,13.78,3.6736,1
762249,537135,554101,235.508,4.8708,5
762749,529508,537494,120.2747,4.8143,5
762846,537569,544541,112.7874,4.3723,1
763259,296782,537853,124.4307,7.892,3
763260,504391,537853,72.3525,8.4321,3
763350,533137,537920,51.614,3.8452,1
763429,535937,537978,61.5666,8.3012,1
763600,536026,538095,78.1473,2.618,1
763601,538095,717755,42.7668,3.1583,1
764155,140780,538482,5.9907,6.1236,1
764491,538719,540718,59.2199,3.3708,1
764623,538806,540154,72.9589,4.8002,5
765086,451145,539143,42.5859,5.1112,1
765087,452640,539143,14.7158,7.2715,1
765216,539241,553573,33.698,5.521,5
765447,539397,714779,35.6371,5.2836,1
766469,539713,540105,9.0123,2.3428,1
766470,540105,548594,76.9147,2.2247,1
766545,535198,540154,80.6288,4.8599,5
766843,451122,540368,17.5468,8.4545,1
766966,539083,540462,27.3537,4.977,1
767346,540718,709488,109.0948,5.8012,1
767530,540845,558401,147.2221,7.6888,1
767565,540867,541973,76.3937,3.3028,12
767566,540867,715980,29.6816,3.6056,12
767850,519056,541048,159.4787,9.326,1
768045,541181,709367,110.7865,4.9352,1
768046,541181,716036,271.7879,4.7827,1
768379,541426,715471,34.7067,5.3183,7
769096,541945,721966,54.867,5.4527,12
769270,542066,714779,10.4563,5.1623,1
769356,542131,710115,31.3475,8.2353,3
771008,543281,545294,72.4086,2.5322,12
771942,543920,713117,69.2475,3.5,1
772163,454814,544068,113.6163,2.5243,1
772491,544302,548928,46.1411,5.0495,1
772797,544517,572392,234.4973,3.9921,3
772833,544541,546169,25.1595,3.217,1
773193,544804,549110,67.8307,3.5348,12
773204,544815,716301,83.8193,4.1926,12
773874,545294,546197,6.1644,2.2802,12
774045,545424,551337,65.9924,9.4051,2
774204,537978,545537,104.8353,6.8723,1
774669,545861,711318,106.5781,2.2071,5
774670,545861,547110,41.6173,2.8866,5
774994,545025,546095,19.1427,3.9241,1
774995,545537,546095,23.6596,4.6751,1
775107,546169,546170,10.0,3.6736,1
775108,546170,546642,3.0,3.285,1
775133,546192,551636,125.004,4.1068,12
775138,546192,546197,86.3713,2.2802,12
775493,370451,546436,287.8134,9.7576,3
775494,470375,546436,372.5936,8.7631,3
775533,142919,546470,37.1573,9.3272,1
775609,546519,709299,157.8976,3.285,1
775610,546519,715340,24.479,3.6736,1
776440,547110,566229,102.2008,3.4042,5
776671,547274,549164,91.657,3.9173,1
776672,547274,548928,43.6921,6.0837,1
776801,547367,722759,14.3023,3.8172,1
777229,544002,547685,44.6843,5.7899,1
777230,547685,553911,70.1087,5.6899,1
777287,547722,727458,54.8999,2.639,1
777854,452959,548118,12.9486,9.7409,1
777856,548118,563367,42.5232,5.062,1
778126,548322,722170,17.4165,3.3166,12
778298,454814,548442,27.2487,3.5586,1
778299,548442,573963,39.934,4.1068,1
778857,546642,548832,159.6841,3.9142,1
779245,549110,722170,29.2689,3.4611,12
779457,454066,549250,8.775,3.0956,7
779458,456279,549250,3.1623,3.7417,7
780353,549899,573352,134.138,7.1399,1
780472,549988,724864,26.2869,4.0233,12
780723,550170,716640,86.1936,3.1463,12
780724,550170,729358,42.1149,3.2321,12
781432,456486,550659,21.924,40.5118,28
781450,550674,555077,31.3209,2.9954,4
781533,550731,588875,82.2158,3.0725,1
782000,551067,728445,105.3588,4.4495,1
782263,548594,551245,19.4038,3.5495,1
782393,551337,563950,155.7626,7.3028,2
782551,551455,554010,128.5362,7.68,1
782614,149284,551497,54.829,5.7417,1
782615,158363,551497,150.3821,7.0583,6
782616,146594,551498,64.2875,8.1542,1
782617,158364,551498,179.5677,7.9681,1
782728,551579,556881,6.0,3.0956,1
783393,552078,557171,25.6528,46.6016,72
783513,147910,552150,22.7572,5.7748,5
783514,552150,560251,71.7364,5.9545,5
784126,551067,552594,20.7123,3.6583,1
784127,552594,727458,65.5413,2.8831,1
784261,144961,552681,144.2429,6.1926,4
784262,155326,552681,81.9003,6.5332,4
784560,143549,552879,67.1491,2.618,1
784623,552926,727550,32.3058,4.1231,1
784659,552953,559139,32.4962,10.0225,5
784688,464193,552971,136.7016,6.5332,1
784728,527428,553001,38.1457,6.5311,7
784729,456004,553001,42.0595,3.9142,7
785564,553601,725739,11.868,7.5,1
785993,149953,553911,3.7859,5.2779,1
786129,546470,554010,142.7581,8.4653,1
786258,554091,726405,31.884,4.3203,1
786270,554101,557503,123.5071,3.3708,5
786661,549988,554395,76.1249,4.0233,12
786662,554395,557166,32.6956,3.5348,12
786697,554419,557918,38.8072,5.7404,1
786708,145692,554430,109.3275,4.7541,1
786879,150146,554545,172.4577,2.9142,1
787242,554792,557895,30.0259,8.2653,2
787535,555014,726483,19.3964,2.6992,1
787629,555077,557083,19.105,3.3839,4
788991,544804,556029,175.12,4.2321,12
789095,147910,556100,338.3256,4.8139,5
790022,556767,557900,45.9033,7.8384,1
790162,457920,556870,74.8636,3.6503,1
790163,457003,556870,67.9624,5.1083,1
790182,556881,559908,48.4149,3.9324,1
790441,557083,738207,48.6438,3.8028,4
790559,557166,740780,110.3827,4.6312,12
790565,457845,557171,6.866,41.0487,49
790566,557171,574767,31.0798,37.1932,23
790569,478684,557173,125.6512,4.241,9
790570,557173,572989,86.0284,4.9338,9
791043,557503,570476,113.1503,3.6795,5
791073,152980,557526,86.1233,6.8365,1
791403,557771,738868,44.6094,3.9115,1
791574,557895,593243,373.5366,7.2715,2
791580,557526,557900,39.3475,7.7991,1
791607,557918,558310,29.6067,5.6623,1
792158,157144,558310,90.7304,6.6978,1
792303,163623,558401,142.0254,6.7028,1
792349,456846,558433,12.2474,2.639,1
792350,460490,558433,33.121,2.4142,1
793082,558959,744580,58.9821,5.2779,1
793350,559139,737414,39.8065,10.5779,4
793912,559546,735718,124.7152,3.6427,1
794665,560088,560420,85.1809,3.9637,1
794776,560174,752576,100.4988,2.2802,2
794801,532224,560192,72.2811,3.0523,2
794802,454882,560192,51.5256,3.57,2
794886,200003,560251,691.6537,4.9338,6
795329,560558,563633,29.8998,2.5322,1
795410,160506,560613,133.7258,15.4033,1
795941,560088,560999,9.1287,5.7511,1
796025,561059,561496,73.0616,6.0,1
796193,559139,561183,18.1384,9.5358,1
796656,561496,725581,181.1988,6.4155,1
796718,561534,562380,7.9512,2.618,1
796954,561692,564083,35.1426,3.2863,1
796955,561692,738786,16.2275,3.1796,1
797031,158350,561747,58.9774,7.6755,1
797051,560613,561758,17.2007,18.0605,1
797376,166269,561987,174.8476,5.9713,1
797445,461297,562030,141.8516,5.3735,5
797683,148869,562194,68.9436,5.7913,1
797684,561747,562194,49.5356,7.8589,1
797950,155127,562380,75.0844,3.0811,1
798450,562732,567392,105.3043,3.6056,1
798451,562732,563514,5.7446,3.4611,1
798962,543714,563086,54.8077,4.9286,5
798963,463313,563086,123.7695,4.2976,5
799356,563367,580053,57.0429,2.5,1
799473,151422,563454,54.8179,9.9687,1
799474,155725,563454,10.7548,15.0751,1
799487,456000,563462,29.2176,4.7408,1
800162,563950,741250,43.9318,4.7182,2
800300,554545,564050,78.7214,3.0811,1
800301,157142,564050,17.6958,3.0811,1
800419,563633,564133,43.2782,2.9142,1
800947,155279,564500,94.4205,8.6409,1
801028,553573,564557,216.5202,5.1926,5
801030,564557,578771,49.7036,5.0,5
801290,166159,564736,35.4197,2.618,1
801320,564756,572139,61.0551,5.0196,1
802022,440114,565272,190.1191,19.3314,11
802023,565272,616481,179.4414,3.7361,4
802339,565481,741443,8.4656,4.0941,1
802340,565481,742650,213.6048,4.3528,1
803398,566229,743694,21.6564,2.7247,5
804650,567117,728445,87.1075,4.7408,1
805032,567392,567876,14.2127,3.3028,1
805407,567659,742696,25.4385,4.2386,1
805712,567876,741947,17.7639,4.0981,1
805872,159316,567984,41.1461,5.3735,1
806242,567659,568241,15.5885,5.2881,1
806760,568586,743951,38.8358,5.5076,1
807032,153986,568777,151.7827,4.4665,1
807321,156388,568987,56.8683,3.0,1
808097,569519,571708,44.9333,10.1518,4
808986,570168,766459,125.4547,3.0725,1
808987,570168,575198,59.6909,2.5322,1
809433,570476,745495,39.2669,3.9822,5
809956,568586,570850,25.1595,5.9036,1
810842,571505,747818,6.3592,1.9841,1
811129,571708,572148,19.5192,8.2434,4
811254,157778,571797,39.016,6.4865,1
811743,572130,749515,20.3797,4.1402,1
811757,163847,572139,41.9603,5.5076,1
811769,572148,583144,159.0031,9.8639,4
811813,160526,572182,50.04,7.3079,2
811926,572261,748188,82.2773,5.465,1
811993,162053,572303,25.8421,3.2863,1
812023,572327,572906,47.1911,3.5811,1
812118,572392,573815,13.0384,4.1829,3
812559,166821,572706,71.1196,5.7878,5
812601,572732,758451,127.8211,10.7923,1
812602,572732,752497,63.7539,8.3973,1
812714,162020,572811,98.37,3.5291,1
812838,159066,572906,80.5481,4.8723,1
812950,572989,578631,13.5728,5.3218,13
813208,573164,754518,44.5954,4.1068,1
813336,179678,573265,275.0503,4.7541,6
813447,573352,574255,26.5793,9.4074,1
813735,573549,580946,42.9418,3.5811,2
813771,573575,748632,14.1421,3.4042,3
813772,573575,760584,73.8053,2.7247,3
813823,573609,748906,6.442,18.0017,1
814673,572261,574224,85.8429,7.3314,1
814715,162190,574255,12.8501,9.1329,1
814873,574367,738207,72.8392,4.2361,2
814874,574367,751729,29.1757,4.3574,2
815250,573609,574641,8.3666,13.5687,1
815435,563462,574767,113.2872,17.3155,23
815611,574892,575390,11.0793,9.3974,1
815850,569509,575066,188.6517,7.1665,1
815852,575066,583830,51.6918,6.217,1
816045,575198,576360,16.3401,2.3428,1
816323,572182,575390,30.4193,8.744,2
816837,575758,754939,27.9861,4.5708,2
817469,576204,586585,119.344,5.9667,1
817509,576234,576634,6.7495,6.03,1
817686,576360,737721,81.8879,4.0532,1
817805,575131,576441,11.3603,4.1795,1
818250,576764,751381,18.5346,10.9016,1
818251,576764,753620,3.9158,8.654,1
818773,577161,592630,89.9833,5.0794,1
819095,163842,577386,3.448,6.7371,1
819493,162909,577675,100.2449,6.2747,1
819494,164961,577675,21.7265,5.1875,1
819616,475051,577759,223.7176,2.2361,5
819704,570871,577821,46.2961,4.8452,1
819705,164930,577821,6.2716,5.7016,1
820019,576763,578046,20.4695,8.1796,1
820020,578046,578489,10.4403,10.3048,1
820644,578489,751081,82.1542,18.5322,1
820834,466386,578631,71.4773,4.0306,13
821478,162168,579102,41.9603,5.8807,5
821869,579391,589947,68.1616,5.1636,1
822799,580053,588712,47.6422,2.7247,1
823070,580249,586017,41.9285,4.6708,2
823539,580583,581544,94.1773,6.4862,1
824050,580946,596006,106.1838,4.0616,2
824340,568987,581156,75.2957,5.0,1
824877,576634,581550,67.6773,5.9907,1
825076,581683,601277,121.1991,3.0956,2
825077,479975,581683,139.9893,3.3461,2
825137,581721,763051,113.1386,10.0277,12
825138,581721,763056,113.399,8.6204,12
825163,569143,581740,17.3781,3.9142,1
825708,582131,593814,187.5592,4.4068,7
825993,534992,582340,171.0146,7.7776,1
826162,582466,584802,15.0672,4.7182,5
826293,181932,582563,21.2211,4.4707,1
826461,581156,582671,25.7962,5.9495,1
827088,583118,597615,92.3526,5.0495,1
827124,583144,772629,103.2793,14.8493,4
827606,583480,765647,31.8224,2.639,1
828118,164930,583852,30.4686,6.0738,1
828119,583852,588781,57.0195,3.9903,1
828423,568320,584068,30.3407,4.0616,1
828448,164864,584086,93.2291,7.1292,1
828450,584087,592242,69.0036,6.5897,1
828451,584088,772092,127.6688,4.6904,1
828452,584088,771939,297.2416,4.5247,2
828507,582828,584126,31.209,7.8369,12
828508,584126,764704,193.4681,8.779,12
829449,572706,584802,227.0158,4.7182,5
829687,584689,584972,10.2089,3.0,1
830112,182093,585297,155.033,5.7002,1
830282,167715,585413,18.7439,4.7408,1
830283,585413,597470,126.1617,4.5708,1
830552,440114,585612,165.4102,17.9613,9
830553,585612,587519,22.2061,1.5731,9
831143,586017,588383,19.6469,4.1829,2
831153,474133,586026,69.0193,2.8028,1
831319,581550,586144,93.7052,5.9907,1
831381,586189,588802,19.9053,6.8163,1
831654,163847,586379,63.4849,5.465,1
831656,586379,593291,68.6642,5.4155,1
831957,177487,586585,126.7986,6.4051,1
832723,587121,599003,47.1825,3.217,13
832908,587251,589705,163.3172,6.0622,1
832909,176690,587251,90.9524,9.1868,1
833275,469813,587519,19.6893,2.5779,9
833283,587524,595570,440.6604,5.3301,2
833348,587564,587572,44.4575,3.7913,5
833686,587254,587813,333.3002,3.9495,1
833687,587813,770663,40.4391,3.7361,1
833689,573815,587816,106.5692,3.9324,3
833690,587816,609019,272.0165,3.9921,3
833827,461103,587911,54.1387,2.9208,1
833829,472470,587911,46.2709,3.6056,1
833906,475051,587970,91.0415,3.618,5
833966,172937,588015,81.5959,5.099,1
833997,588035,756873,253.9529,17.1464,3
834216,588193,779004,129.6324,4.3203,1
834313,588015,588267,146.7958,4.8408,1
834721,170053,588562,33.8165,4.3584,1
834943,588712,606135,63.7617,2.9568,1
835044,588781,590464,19.2177,4.7923,1
835172,588875,616817,91.7373,3.217,1
835367,171517,589010,8.34,6.0346,1
835501,469644,589109,37.5751,4.3301,9
836174,536995,589597,521.2734,3.9822,1
836338,171676,589715,3.7859,4.9181,1
837272,588562,590382,31.7735,2.6992,1
837273,590382,593228,33.5137,3.6427,1
837395,590464,591557,37.7382,5.2554,1
838253,591077,766459,22.8741,2.8831,1
838326,591129,598348,69.008,4.0612,1
838906,177170,591557,96.6517,4.3198,1
838926,591571,592717,14.6742,3.8028,1
838927,176980,591571,48.3667,3.8643,1
839141,186728,591711,286.7978,4.8002,1
839142,174318,591711,73.8986,4.3969,1
839720,174462,592117,46.9988,3.7025,1
839888,584086,592242,102.1282,5.8537,1
840393,592610,768373,22.2461,2.618,1
840530,592717,593228,14.6458,4.0616,1
840727,175027,592852,150.4306,5.1881,1
840728,175481,592852,33.6656,4.6289,1
840744,592864,763056,138.6915,10.3176,11
841263,593243,611144,159.0087,6.5311,2
841715,593548,596492,47.9088,4.4155,1
841716,593548,595337,215.6924,4.4155,1
842016,593771,764266,70.5195,3.4611,1
842071,177572,593814,74.0788,3.9324,7
842663,594239,596557,18.6964,4.458,1
842672,594247,596140,14.7648,2.9142,1
842735,594291,604997,51.1957,3.3028,2
842864,594379,595905,43.1303,5.6541,1
843256,594659,769349,32.596,3.7025,3
843757,582131,595020,127.4559,3.4632,7
843759,178577,595020,34.5591,3.4632,7
844257,595386,596723,26.3001,6.0495,1
844436,167234,595510,105.0397,3.5348,1
844529,595570,597025,232.9769,8.5134,2
844546,595581,606137,45.5396,3.0811,9
844865,593771,595796,11.7047,3.5291,1
844974,595870,595975,74.5423,4.4954,1
845021,595344,595905,28.9002,4.3969,1
845121,175542,595975,71.1571,4.9651,1
845328,596140,765647,78.3305,2.9142,1
845924,596557,597939,49.2037,4.8289,1
846502,596947,598711,64.0382,3.9142,1
846548,476295,596980,152.9248,3.217,1
846611,597025,615490,293.7189,9.031,2
846905,597226,771721,41.5772,3.8643,2
847469,462935,597649,47.5558,2.4142,1
847470,597649,602797,26.1385,2.8708,1
847471,594342,597650,136.2428,2.3428,1
847880,178615,597939,105.0444,4.4203,1
847933,164222,597976,142.3886,8.1881,1
847939,597226,597981,6.9282,3.8643,2
848441,598345,598458,17.7828,15.3464,1
848442,598345,600806,63.5444,12.2998,1
848446,598348,598660,28.3941,1.8251,1
848871,176247,598660,36.1939,2.9208,1
848951,181708,598711,88.0795,4.7361,1
849180,598875,773560,11.0454,2.4472,1
849196,594659,598887,35.3695,3.1623,3
849258,475151,598935,173.0719,3.6226,1
849787,471917,599308,4.6971,7.2355,1
849840,581740,599344,42.3556,5.4155,1
849841,599344,657235,77.1686,5.2068,1
850064,599501,616235,120.0705,5.2421,1
850425,599750,600781,33.2699,3.5616,7
850678,575390,599928,256.4454,8.5607,3
850679,181985,599928,47.7703,5.1875,3
851299,180013,600399,9.206,8.5166,1
851300,600399,600806,26.9088,10.4385,1
851347,597981,600430,19.0263,3.8643,2
851349,600430,781252,37.833,4.0616,2
851411,182149,600468,31.8678,3.3132,1
851737,600705,777918,21.3146,4.4009,1
851842,600781,602387,64.5375,5.6323,7
852060,600939,604005,28.9482,8.5576,1
852329,595510,601135,49.8799,4.2321,1
852526,481990,601277,104.9121,3.8708,5
853045,601633,778704,38.1153,2.5811,1
853416,179539,601893,17.2916,3.2394,1
854063,598885,602347,38.8458,5.4157,1
854065,183567,602347,74.7172,4.4721,1
854124,183313,602387,151.8331,6.6529,7
854181,602425,603022,19.5192,2.9954,1
854603,598875,602731,44.5197,2.0908,1
854660,595386,602773,144.1932,5.7511,1
854688,596723,602791,25.7191,5.3708,1
854689,476369,602791,158.8028,3.7417,1
855002,184444,603022,91.6436,2.9142,1
855137,602118,603125,32.4037,4.8408,1
855344,482003,603268,152.5243,3.1796,9
855433,180369,603331,169.9559,4.0503,1
855523,588383,603397,95.5301,4.511,2
856121,603822,775737,89.7657,2.2882,1
856220,600468,603894,102.0811,4.5392,1
856378,604005,636961,337.8437,9.217,1
856402,603822,604022,16.3095,1.2071,1
856445,603397,604051,43.2897,4.4495,2
856710,604234,616859,120.5404,4.2737,2
856850,481828,604333,53.3635,6.0766,3
857884,605075,774657,201.668,4.2865,1
858337,605393,783079,32.3293,2.3428,1
858418,598885,605456,51.4371,3.8643,1
859067,603894,605918,19.9812,5.0196,1
859371,477430,606135,67.1607,4.2321,1
859374,484373,606137,154.5937,2.6992,9
860031,606600,606791,114.0219,3.5616,1
860032,606600,624017,119.2099,4.977,1
860305,606791,781367,39.9249,3.3708,1
860628,607020,610480,45.618,3.6056,1
861746,603125,607848,77.4338,4.4707,1
861747,607848,608033,76.974,3.5937,1
861987,608033,787952,53.8259,2.5322,1
862110,475310,608129,54.9181,4.2913,13
862205,608200,609884,123.9019,4.458,1
862235,186758,608227,26.2488,4.511,3
862393,608330,778931,25.7811,3.9324,1
862394,608330,608565,3.0,3.285,1
862518,608413,619716,201.7551,5.2421,1
862739,608565,781905,10.2098,3.5937,1
862788,174255,608604,240.8184,9.651,1
862789,185385,608604,6.0415,9.7095,1
863452,609077,782560,135.9338,3.5,1
863953,187726,609447,77.3886,5.2386,1
864303,609700,610573,10.1249,6.1596,1
864341,609725,803309,131.8054,6.0467,5
864379,186724,609750,16.8984,5.9051,1
864894,610107,782934,4.714,9.7947,4
865421,610480,784703,38.7886,3.9241,1
865550,610573,614901,167.2613,5.9402,1
865983,604333,610877,105.6409,7.5148,3
866348,187553,611144,26.5895,4.7361,2
866440,610877,611208,6.7495,8.0617,3
867422,611910,614334,51.697,5.6506,3
867988,611208,612314,17.3365,8.4495,3
868293,599308,612533,118.5892,6.3226,1
868397,612608,620760,181.3395,5.3866,1
868699,471580,612813,63.1137,3.7913,1
868807,612902,615198,70.443,4.2523,1
869368,613305,625514,104.5679,7.4051,1
869746,189860,613561,77.6404,4.0941,1
869748,613561,620165,39.2941,3.7913,1
869778,613586,614010,32.4041,5.1636,1
869938,609419,613698,78.3638,2.8501,1
869939,484923,613698,72.7347,2.9208,1
870302,613960,615490,43.383,10.2791,2
870303,613960,620105,67.6123,10.0682,2
870375,614010,617216,18.6309,6.0662,1
870545,614133,783936,25.4078,3.618,1
870821,189458,614334,24.0214,6.895,3
871313,184444,614681,58.9369,3.3708,1
871314,614681,618886,41.365,5.0724,1
871549,605075,614846,189.0952,3.5355,1
871778,615014,616674,12.7279,7.2166,1
872034,188108,615198,95.3135,4.0941,1
872214,615326,649388,280.4538,6.0402,7
872413,152050,615477,88.2301,3.9324,1
873504,190427,616235,6.733,4.3523,1
873837,483424,616481,39.5839,3.2321,4
874287,616816,616817,22.3614,2.9208,1
874344,616859,621919,27.4408,5.521,2
874347,596006,616862,113.0177,4.1231,2
874348,616862,630811,99.1464,4.3528,2
874869,193428,617216,71.3746,5.8962,1
875405,617603,626452,78.3964,3.3461,1
875854,617925,786078,41.0,3.3166,1
875969,614133,618011,23.5372,2.618,1
875970,618011,791609,28.6182,2.618,1
876279,618241,784703,70.1086,4.3008,1
876280,618241,626023,161.1893,3.9115,1
877161,618886,626798,110.9089,5.381,1
877245,479310,618940,24.3379,3.6795,1
877358,478684,619020,4.2817,4.4707,9
878014,619491,620671,11.1803,4.9723,1
878158,619600,787952,61.991,2.9889,1
878159,617603,619600,17.4929,3.9921,1
878870,203950,620105,146.8173,8.4447,2
879016,489030,620204,73.2137,2.4142,1
879470,189402,620527,37.1618,6.3326,1
879471,620527,627819,83.2835,8.5898,1
879703,609884,620695,73.5298,4.5392,1
879704,620695,628834,90.6729,4.1792,1
879799,620760,645342,223.763,4.8947,2
880568,620165,621320,18.9883,2.5,1
880569,194689,621320,21.7077,2.4142,1
881093,476295,621718,47.0886,2.9208,1
881384,621919,802217,66.4003,6.0688,2
881784,622199,631323,59.4138,5.5649,3
882628,193027,622806,59.3813,6.1298,1
882630,622806,632289,101.3567,6.5927,1
883739,604997,623598,149.8599,4.2523,2
883819,619491,623655,42.3438,5.1939,1
883820,623655,809596,172.6477,4.5414,1
883839,623669,783463,89.4614,2.6992,1
883868,480879,623693,63.2824,2.5099,1
884307,624017,629622,41.1218,5.2607,1
884323,192154,624027,44.3659,3.4758,1
884324,205328,624027,160.2893,4.4068,1
884990,624501,786884,56.0535,4.9181,1
884991,624501,797469,54.3865,2.8866,1
885339,624755,638663,146.3178,4.4954,1
885681,625012,626859,53.9671,4.2737,1
885684,625016,632673,74.8732,3.0811,1
886372,625514,646994,214.4994,7.0355,1
886630,192740,625703,104.8645,10.0174,1
886631,199265,625703,74.7895,9.2195,1
886835,483569,625857,26.3692,4.0335,1
887683,624294,626452,56.8595,3.0275,1
888012,489429,626695,39.0072,7.6059,1
888159,197981,626798,91.6382,4.4155,1
888291,626888,799391,69.0161,4.3528,1
888554,627075,639167,121.3046,5.1421,1
888555,197998,627075,49.0448,4.4954,1
888648,627139,797198,64.1128,3.9903,1
888649,627139,796507,15.9896,3.2394,1
889304,194689,627602,27.3435,2.9142,1
889305,627602,629386,36.3023,3.6795,1
889592,627819,640752,99.0027,8.8549,1
889712,627897,628151,3.7417,4.3574,1
890076,628151,800628,50.8686,4.4155,1
890081,621718,628155,17.9011,4.9259,1
891013,628834,633214,76.6065,4.8341,1
891781,479185,629396,51.8652,5.0838,1
892101,629622,642970,56.7539,3.7594,1
892639,625012,630008,36.7136,5.2421,1
892663,630022,788841,527.2458,5.4536,1
892664,630022,643335,223.808,5.6454,1
893573,184591,630685,139.8841,5.3852,1
893574,630685,638663,39.2683,4.4954,1
893605,197998,630706,59.6516,4.3028,1
893759,630811,638741,203.9436,3.7055,1
893760,630811,799725,9.8939,4.6365,1
893993,488017,630971,71.1337,2.9889,1
894000,630971,630977,9.8036,3.6736,1
894087,629811,631040,73.9256,4.4009,1
894088,631040,796046,86.0039,5.3367,1
894111,631054,638742,150.7415,4.5274,1
894112,631054,663293,263.0228,3.4093,1
894155,479053,631080,68.7159,4.7541,1
894203,489583,631112,79.2927,5.1421,4
894265,628796,631155,27.8209,3.3132,1
894893,483486,631607,13.1867,4.4126,1
895200,631823,632673,19.5192,2.6992,1
895324,620204,631898,53.8439,3.4758,1
895565,629479,632063,27.5318,3.9903,3
895797,632235,634938,42.2019,5.6899,1
895868,632289,640222,251.7541,5.381,1
896147,198072,632504,19.405,3.7796,1
896218,478382,632557,111.2849,3.6427,1
897168,633214,636954,57.2835,4.2976,1
897396,633378,800369,76.7804,2.639,1
897593,633509,799391,9.1591,3.8643,1
897878,626888,633717,43.4281,3.7055,1
897879,633717,801066,28.4687,4.6158,1
899216,196788,634695,35.9707,5.7913,1
899560,634938,808512,151.5113,5.7899,1
900357,635504,798639,15.0499,2.5981,1
900594,631346,635680,16.2506,7.5507,1
901103,623693,636034,55.9023,4.9651,1
901105,636034,650272,37.1522,4.7434,1
901503,624755,636321,55.3012,4.7541,1
901504,636321,642396,57.6137,4.1231,1
902398,636954,647665,84.1515,4.3528,1
902409,206295,636961,66.1253,8.562,1
903144,637499,656293,18.8149,5.7398,1
903752,631820,637924,31.9061,9.6478,3
904110,638181,639566,84.509,3.3708,1
904910,638741,807132,47.578,3.217,1
904911,638742,643410,124.4307,3.8172,1
905508,639167,646109,67.648,4.511,1
906080,489474,639566,113.9966,4.5634,1
906784,629386,640073,53.3947,4.241,1
907239,489429,640377,290.5498,9.1904,4
907336,483810,640452,51.8941,8.8054,1
907337,640452,658745,57.6281,7.9057,1
907456,489532,640537,94.2271,8.8492,5
907554,635504,640609,42.5558,3.1021,1
907765,640752,652418,95.0312,8.1478,1
908520,485045,641290,192.1012,7.2386,4
908521,641290,661304,63.8366,7.5822,3
909230,501681,641787,116.4918,2.639,1
910136,205574,642428,25.8242,3.9241,1
910137,205972,642428,28.7846,4.6312,1
910304,632504,642545,28.6705,3.6213,1
910622,642787,644886,99.8098,7.7889,1
911263,643220,798834,83.908,6.5465,2
911439,643331,666885,364.9878,6.2386,1
911445,640609,643335,98.6205,5.5902,1
911552,632063,643410,52.8583,4.4534,1
912724,644236,657918,63.0529,2.9142,1
913157,490371,644552,18.5293,7.4159,1
913630,644886,811212,41.4447,5.5975,1
914263,645342,647711,19.9958,6.0495,2
914531,645539,801689,63.2901,3.9142,1
914824,208963,645758,50.2494,8.6221,3
915312,646109,653190,50.8001,4.1231,1
915735,643220,646400,45.793,6.2264,2
916598,220855,646994,243.9932,6.2741,7
917542,647665,671142,416.2937,5.2068,1
917608,206007,647711,59.072,6.5414,2
919212,648879,653732,93.2702,3.2975,5
919213,648879,668005,90.3771,5.4198,5
919399,489030,649018,101.5639,2.4142,1
919400,649018,664402,50.2796,3.5355,1
919759,631607,649271,105.5651,5.1213,1
919760,649271,655407,31.9392,6.937,4
919935,649382,670953,109.689,2.5322,2
919942,247259,649388,625.9618,5.7865,7
920368,649691,655010,53.2812,5.1083,1
920722,219026,649932,129.9047,4.8002,1
920959,629169,650104,142.8892,5.8549,6
920960,650104,664535,171.2461,5.7604,6
921204,650272,651938,4.0139,2.8059,1
921855,650736,653016,98.6971,7.3852,1
922567,651229,651382,15.1841,3.57,1
922568,651008,651229,9.9951,1.7247,1
922798,651382,662255,161.8747,4.9433,1
923424,651844,654483,20.9762,3.217,1
923550,651938,657225,16.4012,2.4495,1
923610,651984,653222,84.9941,3.1583,1
923710,202782,652057,98.2847,3.6427,1
923711,652057,658480,77.6674,4.3528,1
924067,228558,652320,367.7245,6.7774,1
924068,214088,652320,99.1026,5.9545,1
924204,217837,652418,66.6275,9.0903,1
924218,652428,657334,145.5232,4.6111,1
924786,652829,657641,84.0595,3.2394,1
925042,653010,815569,10.7275,6.5465,1
925049,635680,653016,64.0217,7.3098,1
925320,653222,656637,106.7099,3.4611,1
925925,653638,665164,99.9244,4.3509,1
926453,654017,744204,35.3491,6.1911,7
927122,652829,654483,114.5688,3.3839,1
927720,492849,654925,75.4034,3.6736,1
927741,494311,654943,22.291,5.5495,1
927807,651984,654990,48.6724,3.3028,1
927835,655010,677809,155.7252,4.4155,1
928435,655407,661871,76.5151,7.437,1
929653,277803,656293,192.4076,4.7182,1
929954,656496,668321,112.9015,4.2386,3
930147,18177,656637,216.8832,3.9241,1
930934,501823,657204,66.8847,2.9142,1
930935,657204,668611,40.51,3.7055,1
930961,657225,661467,15.5599,3.2863,1
930978,258138,657235,236.6458,4.2913,1
931323,652825,657485,46.5618,4.1231,1
931324,657485,819079,25.0671,4.6596,1
931540,657641,814674,51.758,3.5291,1
931932,657918,667837,34.5812,3.7361,1
932720,217586,658480,26.3544,4.7913,1
933091,507689,658745,44.5084,7.7721,1
934642,499631,659862,79.351,4.1583,1
934643,659862,661133,12.2428,4.3028,1
934840,19998,659999,233.4888,4.7913,2
935445,506819,660425,86.94,1.9841,13
935700,654943,660611,23.8956,6.6742,1
935704,660613,680065,80.3724,9.3233,4
935811,479053,660690,323.6716,4.9338,1
936408,496258,661119,87.8692,7.5498,1
936409,653572,661119,91.4658,6.733,1
936423,661133,670953,121.4775,3.217,1
936664,499074,661304,75.4034,4.953,1
936720,501408,661344,49.5737,4.2737,1
937468,660690,661871,18.5353,6.3723,1
937549,661931,810620,102.0668,5.2016,5
937977,657334,662240,55.723,6.0495,1
937978,219915,662240,162.7652,7.0,1
938003,216810,662255,90.6195,3.8228,1
938560,645539,662670,121.0331,4.3723,1
938561,662670,666528,24.1868,4.7608,1
938902,214088,662903,50.7663,4.885,1
938904,662904,677610,212.9572,3.6795,1
938905,662904,692658,250.791,5.8195,1
939811,663550,681634,147.6008,7.1863,1
940019,654990,663705,58.0603,3.6736,1
940996,514384,664402,66.131,3.5355,1
941051,56372,664439,121.1419,10.0826,3
941052,637924,664439,144.1249,9.0826,3
941198,664535,676911,97.4663,5.2907,6
941959,665090,807988,938.2848,7.713,3
942069,665164,666853,54.9019,5.1926,1
942963,665783,686266,164.0091,5.3852,1
942964,665783,670294,215.5481,5.1421,1
943281,220459,666006,27.3922,6.1071,2
944012,41540,666528,90.4317,4.3028,1
944028,661304,666539,17.4005,5.6317,2
944475,662818,666843,29.0354,2.866,1
944476,218855,666843,7.0396,4.0616,1
944494,224706,666853,114.6691,4.8452,1
944919,523187,667145,117.4024,3.4758,1
944982,219009,667184,27.9225,4.1829,1
945253,507303,667367,39.3192,3.1796,1
945254,512978,667367,78.7761,3.4758,1
945272,655407,667379,101.7016,6.2283,3
945273,512626,667379,158.182,4.4126,3
945486,209703,667530,75.3636,2.9142,1
945774,667735,671671,244.569,6.1202,7
945932,511490,667837,119.6825,3.2361,1
946724,36679,668404,152.2778,5.1083,4
946726,668404,674946,53.591,6.011,4
946967,494699,668579,132.0778,6.5288,9
946968,512354,668579,74.7566,8.1533,9
947084,16115,668665,17.0163,4.3523,1
947878,669214,670827,86.8159,7.9939,3
948168,667530,669426,30.4302,3.5355,1
948600,220661,669739,218.5368,3.6503,1
948766,669851,687828,99.7603,5.651,1
949146,670107,670557,18.0247,6.0,2
949411,14560,670294,57.8091,5.7282,1
949598,220203,670433,84.8882,5.6618,1
949788,219915,670557,104.3355,6.5,2
949855,670605,806284,257.6112,6.0738,2
950180,511605,670827,217.5942,7.6533,3
950239,511315,670865,80.7585,2.9889,1
950367,670951,675143,79.0387,5.8541,1
950609,231130,671142,291.639,5.0949,1
950814,671290,674281,20.8327,4.8408,1
950815,671290,821402,47.3867,4.999,1
951266,217980,671608,66.2364,3.5794,1
951363,222207,671671,51.517,6.0136,7
951434,665090,671721,153.0,8.4447,3
951435,671721,674884,142.8881,7.9155,3
951745,671947,676993,30.6757,4.8002,1
951902,669739,672053,45.1479,4.4721,1
952217,672286,678921,40.8616,3.0523,1
952331,670953,672377,7.1259,2.8284,1
952332,672377,699817,179.0785,2.8284,1
953237,506209,673003,77.2248,2.618,1
953707,673338,676584,6.6332,15.6264,1
953940,223069,673508,7.4833,6.2696,1
954361,223946,673803,25.9872,5.4,1
955260,59596,674430,95.4807,3.4758,1
955904,34977,674884,61.5982,6.953,3
955961,674922,679381,20.347,5.7878,1
955999,22482,674946,46.2781,6.9765,4
956027,666885,674964,113.3441,7.7426,1
956028,223160,674964,7.157,7.5967,1
956279,510813,675143,5.4671,5.0,1
956290,359258,675151,191.4739,4.1621,2
956385,224805,675217,129.3833,5.3033,1
956386,228913,675217,86.5941,4.6365,1
956476,18177,675269,22.7889,3.6213,1
956477,35683,675269,60.255,3.6213,1
956499,25010,675283,101.3361,6.9765,4
956783,512556,675480,153.0633,6.8541,3
957080,507689,675693,90.6201,9.9248,2
958141,226940,676445,211.3307,4.2976,1
958440,222096,676645,109.8327,2.9889,1
958441,226442,676645,45.1614,3.7417,1
958448,672053,676650,42.4081,3.8172,1
958828,676911,693343,135.38,5.6081,6
958918,661931,676975,174.8085,6.0311,5
958940,676993,686342,70.3562,3.4758,1
959039,231184,677062,193.0924,9.0802,3
959503,22463,677412,35.2089,3.7936,1
959504,72054,677412,194.5736,3.2321,1
959540,22482,677438,50.1465,6.2838,4
959637,675650,677512,11.4164,3.618,9
959766,226164,677610,90.8754,3.6213,1
961128,678609,685811,119.3105,6.7404,1
961129,678609,678610,51.1273,6.1558,1
961556,515603,678921,67.2954,2.7687,1
962488,34977,679576,39.2003,6.7564,3
962890,679852,682706,21.6333,7.5249,2
965069,56034,681392,79.9062,4.1829,2
965070,35346,681392,32.9343,4.2426,2
965281,668005,681552,64.846,5.3617,5
965282,681552,685548,19.9639,3.9241,5
965947,524954,682029,137.8066,5.1421,2
966055,516851,682102,14.8623,8.6221,5
966905,682706,683978,165.4751,7.8972,2
966919,515337,682718,19.8802,4.9747,1
967485,74132,683114,119.9681,3.0,1
967750,48006,683303,33.36,6.8522,2
967860,666539,683386,65.8998,5.8661,2
968054,683303,683510,30.282,7.8075,2
968277,683664,685700,28.2056,6.2386,1
968728,683978,692480,76.4722,9.7461,2
968956,684142,686608,35.8758,7.493,2
968957,684142,684150,5.6984,10.3811,2
968967,231482,684150,111.1597,6.7525,2
969195,229567,684311,125.414,4.1926,2
969196,229956,684311,29.7433,5.7748,2
969338,59594,684407,51.2582,6.1926,3
969339,679576,684407,120.0208,6.5822,3
969621,683510,684614,89.2244,7.1004,2
970237,513352,685063,26.5059,3.1796,3
970526,681634,685274,37.0675,5.7511,1
970527,62471,685274,22.3756,5.8941,1
970722,14596,685407,109.0825,5.0378,4
970724,65638,685407,56.872,5.2175,4
971131,685700,692444,52.3779,6.5,1
971284,685811,688722,67.6196,6.1926,1
971630,232442,686049,51.2922,5.3779,1
971657,48006,686067,53.7701,6.5182,1
971658,686067,690099,50.05,6.7723,1
971663,686071,687098,70.4699,6.2381,1
971937,674430,686266,119.9208,4.1068,1
972041,683114,686342,38.5876,2.9142,1
972525,516135,686690,109.11,8.6056,5
973048,529993,687046,121.7443,1.9318,1
973122,50823,687098,103.56,6.1896,1
974133,234708,687828,165.2369,4.9495,1
974898,685063,688353,113.497,4.7541,3
975369,38785,688688,66.9094,4.8442,1
975371,68237,688688,33.4664,4.2523,1
975415,686049,688722,91.0698,5.521,1
975681,679852,688929,79.4796,6.8012,2
975683,75011,688929,48.6176,8.2063,2
976315,71404,689356,61.6171,6.5701,3
976678,689606,704148,178.8935,6.5953,5
976941,231014,689799,74.7395,3.7055,1
976942,689799,697235,31.4643,3.7055,1
977369,690099,696214,123.061,6.7723,1
977693,231768,690322,88.1117,5.4157,1
977694,690322,711028,138.4782,6.8896,1
979301,676975,691477,154.7159,6.0927,1
979302,691477,694177,34.1467,5.9986,1
979545,691654,700807,242.9394,6.8093,1
980423,516901,692259,107.7229,5.9161,1
980677,692444,696126,81.585,5.2913,1
980729,109196,692480,124.5338,12.464,2
980768,52029,692506,91.172,5.3735,1
980769,92095,692506,139.9226,6.1644,1
980917,683386,692605,56.9396,7.1572,2
981003,692658,696505,15.9652,5.4428,1
981456,56037,692967,111.85,4.4495,1
981997,693343,701386,48.6056,5.6081,6
982239,525583,693515,167.8366,5.0794,13
983156,694177,699640,39.7995,6.8093,1
983218,236075,694221,58.0594,5.3183,1
983251,694240,705593,125.226,5.9402,7
983252,243674,694240,163.9095,5.8941,7
983553,233785,694455,68.5971,5.1375,1
983554,235327,694455,57.4214,5.5076,1
984863,695376,695556,5.5377,4.4155,1
985087,41540,695535,143.393,4.5616,1
985116,695556,696471,13.3207,3.4042,1
985121,524954,695559,69.455,5.1881,2
985122,695559,724826,225.1486,4.9747,2
985655,695929,742605,486.5933,4.8002,2
985657,74132,695929,45.9239,3.5616,2
985769,696006,696505,86.6987,4.2523,1
985770,238271,696006,83.3507,4.5708,1
985928,696126,715870,257.5664,5.1636,1
986063,696214,696475,7.6811,6.7371,1
986452,524722,696471,24.4385,3.3461,1
986596,111660,696576,98.8293,4.4651,1
987263,695376,697052,22.3756,3.8944,1
987373,524814,697125,36.6333,2.5,1
987610,697288,710402,66.4756,6.9873,4
988355,254510,697821,35.7678,3.7199,1
989182,698424,703973,53.4228,6.4078,2
989183,75011,698424,4.5826,7.4407,2
989229,64370,698461,63.9974,4.3708,1
989517,71939,698650,98.0612,4.7541,1
989976,698979,702686,54.9075,4.6213,1
989990,698990,700072,19.5192,3.4611,1
989991,83829,698990,97.274,3.3839,1
990066,517990,699042,144.6859,9.7025,4
990067,532151,699042,19.485,10.6301,4
990193,694221,699131,109.2784,5.7748,1
990651,692605,699441,46.5349,9.2489,2
990652,699441,709488,51.4919,9.7095,2
991004,72080,699679,38.313,7.5426,2
991197,699817,702570,23.8374,2.9142,1
991575,62521,700072,186.0558,4.8206,1
992624,700807,725086,197.3915,6.8093,4
992746,700890,738881,240.5847,4.899,2
992747,80899,700890,19.0351,4.1078,2
992866,699679,700968,9.3808,7.7776,2
992867,104178,700968,61.5977,8.8155,2
993441,235352,701386,12.3423,5.1926,6
994722,80899,702280,6.5064,3.2394,2
995017,135492,702480,158.6085,3.6427,1
995018,87823,702480,73.7601,2.6992,1
995148,702570,709986,35.294,3.0,1
995318,530250,702686,21.2289,4.6213,1
996630,81276,703603,8.8066,6.9909,1
996905,229207,703791,60.1969,3.2394,1
996906,235431,703791,32.3831,3.1583,1
996954,109473,703824,67.1143,3.6795,1
996955,682781,703824,183.7172,3.0,1
996957,235838,703826,11.9024,7.4161,1
997163,702280,703973,16.2481,4.4534,2
997412,531424,704148,123.1323,5.8166,5
998608,535126,704980,28.9137,2.0,1
999446,697235,705571,73.2947,3.9142,1
999447,241339,705571,58.1741,5.0495,1
999475,240728,705593,161.4555,5.6541,7
999682,235431,705748,16.9476,3.0,1
999851,705870,708663,70.6965,4.8139,1
1000405,536190,706253,13.6137,3.8643,7
1000824,675693,706546,532.9883,9.3771,2
1000825,527443,706546,95.9126,5.1801,2
1001110,536715,706747,17.2719,3.9495,1
1001302,706873,713382,82.8566,5.7446,2
1001632,533466,707106,38.3101,3.7594,1
1001633,706747,707106,101.232,3.8637,1
1002304,707580,707583,14.3178,3.0956,1
1003135,708191,721966,264.4782,7.0312,12
1003136,551636,708191,152.7107,6.3326,12
1003697,535126,708589,51.5062,2.118,1
1003919,311101,708744,66.685,4.1231,7
1004162,237012,708917,47.9884,5.1926,6
1004385,709075,710819,22.445,2.118,1
1004704,709299,710878,14.8287,3.0725,1
1004806,709367,714751,26.8196,5.2249,1
1004989,709488,716036,64.2858,7.5027,1
1005683,709983,741900,277.359,7.0106,1
1005689,547367,709986,55.6796,3.0811,1
1005878,544517,710115,99.6126,6.201,3
1005967,537494,710174,6.2093,3.3904,5
1006295,710402,710403,3.6056,7.8102,4
1006471,710525,723708,231.6916,5.8941,3
1006919,535130,710819,71.0813,1.5,1
1007156,247012,710993,87.8989,6.3224,1
1007204,711028,737298,152.7442,5.985,1
1007609,710174,711318,64.1058,3.1583,5
1007985,706335,711565,26.3059,5.8116,1
1007987,113917,711565,24.2464,3.7199,1
1008065,711622,712027,26.2361,5.5,1
1008634,538719,712027,35.2026,4.8708,1
1008856,135390,712187,220.2506,5.7661,2
1009352,536026,712527,25.1109,2.2361,1
1009353,712527,714751,76.4927,2.9889,1
1009437,123656,712585,42.1149,3.5616,1
1009438,712585,716763,39.8623,3.7199,1
1010820,539397,713534,21.769,3.7025,1
1010821,713117,713534,8.2597,3.0811,1
1011135,713755,735849,109.6844,4.1078,1
1012229,241362,714506,24.8663,5.5076,1
1012444,543281,714660,104.9153,2.6992,12
1013095,715128,715980,77.9957,3.8643,12
1013096,715128,716301,47.364,4.7541,12
1013166,87422,715177,90.4839,4.3708,2
1013167,128202,715177,75.8626,5.0,2
1013169,117044,715178,4.9329,6.2036,2
1013393,698979,715340,70.4324,3.9241,1
1013577,542131,715471,121.9954,6.9873,3
1013578,550674,715471,71.5185,4.4964,4
1014131,715859,726627,82.862,4.9936,7
1014145,714506,715870,62.8959,5.8303,1
1014264,698461,715947,106.3297,4.3708,1
1014265,140239,715947,72.2196,5.3708,1
1014751,548322,716297,104.2992,3.4611,12
1014752,541973,716297,31.9687,3.3028,12
1015157,538806,716601,139.5011,6.4774,5
1015158,552953,716601,153.5422,9.5394,5
1015213,714660,716640,121.6539,2.9954,12
1015390,125593,716763,36.1391,5.0495,1
1015549,709075,716876,113.7785,2.2361,1
1015849,717086,729110,77.1103,10.8814,2
1016054,555014,717232,102.6639,2.2361,1
1016484,542066,717533,92.088,4.3452,1
1016486,717533,728697,75.6408,4.6365,1
1016594,717597,717996,5.7446,3.8643,1
1016837,543920,717755,33.1612,3.6583,1
1017183,717996,729896,56.3028,3.4611,1
1017347,544815,718111,5.6862,2.9142,12
1017348,718111,724864,73.6267,3.1463,12
1018665,248331,719020,107.1785,4.9839,1
1020502,115559,720333,46.9681,2.618,1
1020503,131780,720333,17.6257,3.6795,1
1021390,629396,720951,52.3843,4.6904,1
1023993,559546,722759,89.093,4.2976,1
1024321,714555,722986,55.4977,4.7408,1
1024322,722986,733614,76.6812,5.1636,1
1024745,548832,723260,41.5612,4.7361,1
1024746,723260,731488,112.1611,3.8944,1
1024823,716876,723315,45.1823,2.9208,1
1024825,564083,723315,97.339,3.0275,1
1025041,723464,735057,80.7217,8.2063,2
1025142,136614,723536,30.6757,5.2386,1
1025162,723541,740333,54.0568,21.8651,1
1025401,129064,723708,41.0799,5.5649,1
1026948,560174,724826,76.943,3.6503,2
1027303,260784,725086,194.4704,7.4275,4
1027977,552926,725581,15.0555,4.977,1
1028194,723541,725739,53.8365,20.0192,1
1028241,549164,725770,60.0389,2.8831,1
1028328,705748,725836,148.0443,4.6623,1
1028352,245375,725850,3.559,8.5149,2
1029166,557771,726405,36.6453,3.6029,1
1029290,725770,726483,5.6862,3.2394,1
1030788,560558,727550,38.6566,3.1796,1
1030813,545424,727567,98.4581,8.5149,1
1031875,728296,743253,81.2773,3.5,1
1031980,150295,728380,67.0796,8.2525,1
1031981,130681,728380,29.7069,8.3912,1
1032436,728697,729051,5.4467,4.3528,1
1032934,729051,736892,92.1291,3.8643,1
1033256,254806,729279,215.8757,5.0495,2
1033370,556029,729358,6.5574,4.0,12
1033711,257007,729596,113.169,4.872,7
1034117,84005,729883,48.8131,19.3619,2
1034136,729896,742590,81.0617,3.9496,1
1035849,727567,731101,42.0661,7.692,1
1035850,731101,736001,149.6269,5.8208,1
1036051,245752,731240,19.7449,4.2865,1
1036228,731359,735055,76.6942,4.4142,2
1037126,547722,732007,64.9153,2.9954,1
1037282,139804,732120,36.1371,5.7716,1
1037283,136614,732120,41.3159,6.2741,1
1038208,732764,739615,54.0185,4.3196,1
1038209,150825,732764,105.5978,6.4031,1
1038282,731488,732820,135.4248,3.7199,1
1039063,173926,733382,231.1241,4.89,1
1039064,141113,733382,24.1592,4.5616,1
1039077,731359,733392,23.3452,7.717,2
1039385,733614,748119,96.7936,5.1083,1
1039614,733785,734752,26.7208,4.7431,1
1040810,244339,734627,51.8382,5.1559,1
1040814,734630,751609,100.6926,4.8002,1
1040980,734357,734752,8.7178,3.8708,1
1041856,733392,735377,13.6382,7.9185,2
1042220,151035,735629,133.1253,4.2523,1
1042222,146881,735629,9.1104,3.6056,1
1042354,735718,757035,119.9801,3.8172,1
1042704,735974,737213,58.23,3.3997,1
1042742,561059,736001,21.9747,5.2386,1
1043131,602118,736273,250.1086,4.7856,1
1043132,564133,736273,73.6906,3.7361,1
1043477,736524,742424,105.9245,4.8599,1
1043478,131821,736524,79.6953,3.7025,1
1043732,732820,736695,105.3307,4.1829,1
1043733,736695,741443,80.4494,3.9241,1
1043993,150295,736876,4.5461,7.4407,1
1043994,736877,746481,54.6717,5.8195,1
1043995,150297,736877,6.6081,6.3326,1
1044015,573164,736892,77.4051,3.217,1
1044306,734627,737089,11.9909,6.2912,1
1044307,737089,741257,24.5558,4.999,1
1044481,251156,737213,105.1739,2.9432,1
1044602,737298,742264,23.1852,4.7408,1
1044764,569519,737414,103.7524,11.0873,4
1045209,735849,737721,60.8647,5.2779,1
1045443,563514,737885,32.1282,2.8831,1
1045444,737885,738868,16.6833,3.4042,1
1045531,735974,737941,34.6157,4.5634,1
1045890,573549,738207,105.6688,3.5811,2
1045975,165459,738264,81.6592,4.9936,1
1045977,738266,758550,172.3572,3.9921,1
1046708,738786,742696,92.612,2.618,1
1046842,151529,738881,140.6754,5.365,1
1046843,165459,738881,134.7475,4.5708,1
1047077,718235,739055,96.6126,6.3546,7
1047078,243244,739055,63.3509,6.7774,7
1048913,740333,748906,125.1646,18.9578,1
1049901,741042,779082,333.4307,4.1231,1
1049902,738266,741042,59.2453,3.9324,1
1050215,575758,741250,392.7501,5.0368,2
1051552,149160,742172,145.5354,4.1069,1
1051554,742172,746886,95.1315,3.6736,1
1051680,742264,755138,74.2675,4.9839,1
1051935,561183,742456,65.5989,8.1009,1
1052123,161703,742590,38.3438,4.9839,1
1052149,735057,742605,277.4509,6.6437,2
1052207,579391,742650,225.3032,4.3528,1
1052904,144581,743139,100.1898,5.4929,1
1052905,164565,743139,43.8216,5.0043,1
1053076,743253,750777,50.07,2.9142,1
1053685,743694,759923,175.934,4.0495,5
1054063,568241,743951,41.2661,5.5076,1
1054449,311466,744204,113.7566,4.6856,7
1054555,167670,744275,52.0032,9.7355,1
1054994,572130,744580,32.366,3.6742,1
1056313,745491,748632,22.4128,5.2617,3
1056320,745491,745495,19.2209,4.885,3
1056321,745495,748868,61.645,3.0275,2
1056693,157126,745744,29.1147,4.5414,1
1056694,170471,745744,77.5629,3.7386,1
1056875,250212,745892,41.6013,3.452,1
1057112,741947,746065,19.2385,4.0981,1
1057113,746065,747818,24.1986,2.618,1
1057470,567117,746329,34.7067,4.9839,1
1057471,746329,752497,145.8904,5.7748,1
1057723,746481,750798,23.1084,4.0503,1
1058263,746886,750616,44.2493,3.6736,1
1060013,164709,748119,8.34,4.3574,1
1060109,742456,748188,105.1105,6.0136,1
1061081,748868,755438,41.7253,3.2863,2
1061401,745892,749110,31.8911,5.0811,1
1061992,749515,756526,37.6194,4.4155,1
1063802,750777,751472,12.083,3.4142,1
1064225,751081,759500,89.867,20.8515,1
1064535,742424,751303,76.909,4.3198,1
1064652,574641,751381,9.0571,11.8636,1
1064775,173382,751472,55.3655,3.8028,1
1064847,751520,767310,150.3263,4.5274,1
1064848,742998,751520,65.8027,3.8724,1
1064979,177997,751609,116.9568,3.4758,1
1065130,161604,751714,90.2601,8.3882,1
1065151,594291,751729,141.191,3.6213,2
1065513,268682,751984,111.9911,5.4754,1
1066313,735385,752546,74.7596,5.477,1
1066341,752568,755050,82.2603,5.7511,1
1066342,752568,754939,88.5041,5.651,1
1066357,752576,771721,126.2101,2.6688,2
1067053,753078,770837,157.829,11.8385,2
1067054,161212,753078,107.861,10.5311,2
1067826,576763,753620,3.559,7.874,1
1068563,754137,757347,72.5784,5.651,1
1069096,583480,754518,69.374,3.9173,1
1069161,167670,754565,25.186,6.8443,1
1069162,169950,754565,2.708,1.0,1
1069459,173655,754779,71.8958,3.3132,1
1069633,754898,757089,121.6594,6.5701,1
1069690,583118,754939,36.5361,4.999,1
1069834,755050,757477,21.5045,4.8408,1
1069960,267052,755138,80.6012,5.5649,1
1070362,755438,756354,10.6927,3.4758,2
1071056,574224,755927,42.8194,7.4573,1
1071057,755927,764266,53.5957,4.8442,1
1071162,756003,770528,152.0413,4.511,10
1071629,756307,763130,45.5851,5.0981,1
1071696,580249,756354,35.836,3.9637,2
1071938,586207,756526,39.539,3.6795,1
1072762,756873,770010,104.99,32.5173,1
1072973,610107,756873,353.0576,20.7113,4
1073236,587254,757035,41.1893,4.6856,1
1073323,181079,757089,314.5757,7.9843,1
1073698,262214,757347,104.5428,4.2523,1
1073888,588193,757477,87.1754,4.1621,1
1074936,260541,758198,54.999,3.6736,1
1075307,758447,767090,140.7578,16.3584,1
1075454,37533,758550,468.3855,4.8139,1
1075559,755680,758624,107.042,3.0,1
1076392,173382,759195,13.0384,3.217,1
1076393,181655,759195,44.1173,3.6503,1
1076818,758447,759500,124.1758,17.7757,1
1077435,759923,763550,42.049,5.5076,5
1077724,740780,760143,100.7869,5.2779,12
1077725,760143,762042,73.724,4.899,12
1078372,760575,761125,380.635,8.2525,1
1078373,169950,760575,32.0156,5.217,1
1078387,760584,771231,78.0712,4.7016,3
1078430,760613,767861,66.9317,4.3574,1
1078440,760621,785185,118.7182,2.4142,1
1078881,177788,760929,48.7408,2.618,1
1079170,761125,767311,35.9722,8.7076,1
1079488,734289,761349,116.9362,5.2249,1
1079489,265912,761349,98.2616,4.4689,1
1080485,585755,762042,152.7282,6.2244,12
1081338,471784,762604,163.7088,7.1401,1
1081986,763051,764704,307.4622,10.217,12
1081996,758451,763056,89.2244,9.5699,1
1082107,189921,763130,47.3251,5.3723,1
1082156,182182,763167,22.9105,2.2071,1
1082630,643702,763504,420.0821,10.0687,1
1082631,471391,763504,112.682,3.7321,1
1082689,763550,774164,173.97,6.1596,5
1082716,763569,765936,28.3725,6.8465,1
1082955,268580,763733,30.4979,7.4244,3
1082956,763733,788524,219.5255,7.2662,7
1083490,584088,764117,47.5219,4.6365,1
1083491,620671,764117,211.9292,3.8724,1
1084342,764702,767090,252.545,27.0204,1
1084619,582828,764843,159.7891,5.6457,12
1084620,585755,764843,81.4323,5.6457,12
1084654,764864,767700,54.0915,4.7182,2
1085046,266012,765142,60.0824,3.4093,1
1086190,765936,767790,41.9285,4.7913,1
1087028,766475,818953,131.5586,4.6365,1
1088285,767310,769878,12.6886,3.6503,1
1088841,767700,774845,40.981,5.2607,2
1088972,767790,768624,17.1172,4.2321,1
1089076,591077,767861,27.0897,3.4608,1
1089232,750616,767970,132.9549,4.5634,1
1089233,767970,768629,9.6954,4.1068,1
1089303,263617,768017,94.9204,4.6751,1
1089818,595796,768373,92.3105,3.3708,1
1090151,768629,781716,98.9242,2.4142,1
1090359,768777,777676,70.0153,4.8442,1
1090950,589597,769164,25.4209,5.381,1
1091222,588035,769349,53.8934,2.8284,3
1091773,586207,769724,71.5192,4.6289,1
1092005,769878,772133,30.348,3.5937,1
1092188,600705,770010,169.9742,17.8807,1
1092669,770347,785645,68.6821,5.8549,7
1092945,770527,775007,136.5451,6.3012,13
1092946,268700,770527,22.3024,6.7507,20
1092947,767560,770528,39.1095,4.6856,7
1092948,770528,787656,164.968,6.1237,3
1093397,196266,770837,65.2968,11.3801,2
1093946,257698,771230,58.258,4.3708,1
1093947,272953,771230,79.9166,5.0,1
1093950,601088,771231,39.9492,6.03,3
1094684,771757,774132,122.9046,3.7055,1
1094954,771939,777786,70.3404,4.241,2
1095067,594247,772018,15.9652,2.4142,1
1095179,772092,787243,124.4727,4.5247,1
1095238,772133,780212,71.2039,5.7502,1
1096169,772787,801626,124.2623,5.7439,3
1097260,592610,773560,44.5646,2.6992,1
1097303,589947,773596,264.5403,5.3723,1
1097317,771757,773611,95.5733,5.1197,1
1097368,773650,776366,29.2916,3.7796,1
1097412,772018,773678,43.4844,3.5,1
1097414,601633,773678,21.7792,3.5,1
1097639,773835,780736,65.7419,6.0329,1
1098061,773596,774132,77.7077,3.9142,1
1098108,769164,774164,91.9233,6.4031,1
1098643,774544,777009,26.0789,5.0043,1
1098819,773611,774657,293.9273,5.7007,1
1099085,271422,774845,48.1179,4.4068,2
1099317,775007,777821,44.9568,4.2361,3
1099862,605393,775385,39.0071,3.7743,1
1100372,602731,775737,95.2412,2.8059,1
1100389,598887,775749,16.2652,3.3132,3
1100390,603645,775749,22.1861,3.5348,3
1100592,770663,775893,92.4052,4.2976,1
1101260,776366,787558,63.4823,4.3509,1
1101552,592864,776562,314.0647,9.8992,11
1101553,774164,776562,122.4114,6.8758,6
1101554,609725,776562,69.0362,6.3668,5
1102189,777009,782132,148.2524,4.8599,1
1102356,769724,777123,58.8632,4.6289,1
1102902,603824,777507,87.6141,3.2394,1
1102903,777507,777918,3.679,4.2564,1
1103222,192795,777733,11.0604,8.1707,2
1103223,200584,777733,35.0809,7.8657,2
1103296,604051,777786,115.5797,4.0616,2
1103345,777821,788742,69.9944,4.7361,3
1104583,778704,782904,48.7776,2.9954,1
1104899,604022,778931,37.7757,2.5616,1
1105005,607020,779004,34.0816,4.2523,1
1105107,210365,779082,91.9402,3.9324,1
1105216,777123,779164,247.47,4.241,1
1105217,615014,779164,49.1551,4.977,1
1106243,597615,779886,44.8541,4.9495,1
1106368,196481,779983,5.0,3.9324,1
1106369,779983,788769,92.4824,5.0724,1
1106705,780212,786615,58.0172,6.2633,1
1107458,7671,780736,454.4986,5.2493,1
1107698,601088,780898,44.7114,6.03,3
1107700,622199,780898,118.4518,5.8941,3
1108210,604234,781252,124.6368,3.5811,2
1108279,764702,781299,156.1808,21.2809,1
1108280,781299,783463,15.9339,2.3428,1
1108373,775893,781367,45.9687,3.9324,1
1108719,278216,781593,64.5962,5.1636,1
1109177,781905,783415,11.891,2.8866,1
1109507,603824,782132,32.3968,3.2394,1
1110353,274466,782736,21.8098,3.3166,1
1110371,271295,782748,13.9603,6.3079,1
1110372,272161,782748,14.1853,6.0992,1
1110602,782904,783936,25.7431,3.9142,1
1110644,772629,782934,150.0672,14.008,4
1110868,782560,783079,24.6447,2.618,1
1111328,625016,783415,114.4984,2.2071,1
1111337,603645,783422,66.9154,8.9791,3
1111338,783422,785139,22.0807,13.7718,3
1111748,783712,808151,111.9198,4.9286,11
1112723,784389,787453,27.6225,4.6158,1
1112724,200745,784389,8.9069,6.117,1
1113820,616473,785139,39.7031,11.7432,3
1113890,785185,810439,17.2208,2.5322,1
1114291,785462,799773,65.5515,5.5076,1
1114532,272601,785645,3.559,5.1421,7
1115188,786078,786435,28.4781,3.1583,1
1115529,786319,794713,77.4285,3.217,1
1115530,786319,789068,19.0058,2.4142,1
1115686,609077,786435,51.0947,3.5,1
1116290,277887,786847,71.7937,4.9839,7
1116334,779886,786884,53.2103,5.1881,1
1116800,609019,787202,65.163,4.1829,3
1116801,629479,787202,169.3563,3.1796,3
1117165,787440,797325,94.3151,4.3523,1
1117181,247520,787453,213.7935,2.5322,1
1117208,787471,788795,8.3666,11.5483,1
1117235,214207,787497,52.0481,5.0724,1
1117236,196266,787497,123.3248,9.2431,2
1117237,222728,787498,232.0558,7.0386,1
1117238,787497,787498,26.3059,7.3247,1
1117336,787558,791111,34.0588,5.3852,1
1117467,787652,817202,147.8682,5.2631,1
1117507,275037,787682,63.5311,5.1627,3
1117790,787440,787891,52.3546,3.217,1
1118454,312489,788358,16.4688,7.2963,34
1118559,787243,788422,18.3424,4.241,1
1118560,628796,788422,83.6321,3.7936,1
1118714,269891,788524,119.708,5.4536,7
1119035,788742,803639,94.5757,4.0811,3
1119047,788751,789068,15.0148,2.5811,1
1119100,222228,788789,75.2455,5.0645,1
1119175,614846,788841,57.9106,5.2836,1
1119493,200753,789056,32.2025,4.7431,1
1122390,213740,791111,45.2327,4.3509,1
1122731,788795,791350,61.6604,8.6968,1
1122983,791530,810439,43.9874,3.2394,1
1122984,787891,791530,14.0712,3.5355,1
1124890,787682,792873,49.7407,5.4909,3
1124891,281486,792873,53.7587,5.1421,3
1126620,200405,794092,263.5166,3.1463,1
1127548,633509,794713,43.6864,3.6056,1
1127793,616473,794882,63.3745,10.5097,3
1127794,631820,794882,28.9021,10.5097,3
1128864,791350,795604,146.3523,6.0552,1
1129513,626023,796046,22.8254,4.4707,1
1129769,616674,796224,54.751,14.4254,1
1129770,796224,804366,191.0625,14.1863,1
1130192,624294,796507,40.9675,3.9241,1
1130424,218230,796666,36.6424,5.3284,2
1130425,414604,796667,578.2802,3.9324,2
1130426,796666,796667,85.8836,4.89,2
1130438,226612,796678,118.0287,2.5322,1
1130790,210992,796918,33.1813,3.3028,1
1131119,215690,797138,93.0925,3.452,1
1131206,797198,801066,54.8378,6.0738,1
1131402,762604,797325,5.6273,6.0495,1
1131621,632235,797469,43.5035,3.1566,1
1131962,797706,802832,67.5426,3.0725,1
1132821,102083,798276,161.4975,2.5322,1
1133348,623669,798639,74.2933,3.3132,1
1133356,230481,798646,212.9082,4.0035,1
1133648,632063,798834,14.7045,6.5465,2
1133952,286872,799047,106.0157,4.1829,1
1133953,272480,799047,59.0706,3.6213,1
1134166,617925,799205,74.8792,4.2078,1
1134167,631155,799205,33.4448,4.1307,1
1134999,228006,799773,154.1522,4.8408,1
1135877,631823,800369,122.0392,2.3428,1
1136242,800628,802427,49.2279,3.5937,1
1136737,751043,800962,73.7119,4.2976,1
1136738,337928,800962,69.0869,3.0616,1
1137678,284227,801626,189.8631,4.7863,3
1137774,799725,801689,116.8472,4.8452,1
1138473,802177,803691,15.1327,3.7417,1
1138531,802217,806284,23.2044,6.1127,2
1138853,633378,802427,21.4217,2.8284,1
1139427,802177,802832,34.1028,3.5291,1
1140095,803309,810620,42.1579,6.5557,5
1140561,283851,803639,101.7606,3.8172,3
1140641,803691,806410,17.4929,3.3708,1
1141088,279798,804003,119.2542,6.0202,2
1141089,278553,804003,12.9059,5.692,2
1143508,675151,805668,164.5669,3.5291,2
1144549,800438,806375,54.3507,4.3028,1
1144550,232469,806375,99.4931,4.1583,1
1144593,225132,806410,78.5918,4.4155,1
1144864,642787,806599,48.2688,10.1247,1
1144865,653010,806599,88.6954,10.1934,1
1145612,652825,807132,52.5579,3.8643,1
1145859,807313,817808,107.4895,8.5149,1
1145860,782679,807313,109.1284,6.7774,1
1146157,217136,807518,46.9965,5.3218,1
1146837,631323,807988,98.2683,6.7774,3
1147062,286134,808151,87.6141,5.1421,13
1147300,623598,808310,135.7647,5.5317,2
1147301,808310,817241,71.1185,5.2035,2
1148241,642970,808966,17.7576,2.8284,1
1148242,808966,814674,41.8808,3.285,1
1149134,809596,811212,39.1706,4.1528,1
1150450,810526,820119,241.8781,4.7408,7
1152024,806424,811643,19.6638,6.2281,1
1157581,236207,815503,56.2198,3.3839,1
1157678,14560,815569,103.3285,6.151,1
1159940,238502,817121,55.6796,5.2787,1
1159960,646400,817135,65.307,7.0283,2
1159961,659999,817135,16.3197,5.9655,2
1160071,268682,817202,124.7664,5.3229,1
1160125,804366,817234,114.5668,8.124,1
1160127,663550,817234,42.265,8.6988,1
1160943,243951,817808,95.7549,9.5342,1
1160967,808512,817824,94.8039,5.099,1
1160968,52029,817824,127.4197,4.8408,1
1161202,817986,820119,15.7926,4.7913,7
1161309,651844,818046,114.3272,3.6503,1
1161310,818046,821402,26.6773,4.6856,1
1162644,74277,818953,83.906,5.1197,1
1162840,1764,819079,137.7539,5.2907,1
1163272,817241,819383,24.8663,4.3574,2
1163273,819383,820916,15.4236,4.0388,2
1163548,27189,819568,72.7309,5.7878,1
1163666,819651,821876,9.9499,4.7947,2
1164929,811643,820494,85.2115,7.3761,1
1165322,801670,820792,46.6813,5.1926,3
1166902,243880,821876,37.7705,5.4274,2
1167228,235956,822111,43.2897,4.0811,1
1167432,73361,822241,44.486,6.117,2
1167539,671947,822311,56.2988,4.7386,1
1167540,668665,822311,41.959,3.8028,1
1167871,817986,822530,65.9679,4.7913,7
