edge_id,src,dst,length_um,radius_um,usage
593,391,319819,33.0337,8.4091,1
594,391,641,10.8064,10.4093,6
975,641,316775,88.82,11.7681,6
1239,813,438642,11.225,8.765,1
1240,813,506239,12.7279,6.1858,1
1445,946,20615,40.9483,6.8758,1
1461,958,1330,3.7859,5.0794,1
1702,1120,319384,7.6305,12.9428,8
1899,1259,430601,12.261,11.3106,1
1985,1330,322657,22.166,4.2426,1
2208,1491,321206,25.197,6.1401,1
2418,1636,332584,104.5785,6.8759,1
2594,1755,2131,169.8853,3.7025,1
2915,1996,283859,4.761,10.3218,2
3079,2131,303999,39.2173,3.3461,1
3336,2319,236448,6.8232,11.5509,3
4403,3137,305838,99.0067,4.6795,1
4404,3137,305907,17.2723,4.0811,1
4830,3463,649027,86.862,5.8208,1
4831,3463,109331,79.2528,5.6317,1
6069,4399,4876,37.7624,5.8941,1
6604,4805,663170,32.5832,5.0368,1
6605,4805,24795,31.9896,6.9155,1
7421,5150,5383,9.3808,4.7541,1
7779,5643,671947,49.0544,4.2386,1
7781,5643,12129,8.3133,3.5616,1
7882,5714,308485,26.8017,6.4789,1
7883,5714,6875,139.3162,5.5075,1
9038,6568,308745,52.4772,4.6213,1
9398,6303,6836,70.4911,2.8284,1
9451,6875,316336,128.8949,5.5075,1
9836,6568,7172,34.7131,3.7025,1
11109,8080,495278,71.1633,4.8452,3
11580,8427,313411,68.8528,4.4954,1
12205,8863,12177,9.0838,6.6264,1
12206,8864,322610,6.549,12.2505,11
12278,8912,237600,3.2787,18.3576,3
12279,8912,105872,62.2415,18.0811,3
15822,8427,11505,74.8465,4.4954,1
15823,11505,324282,63.1233,4.4954,1
16041,11655,818694,92.8081,30.2964,5
16042,11655,22486,17.2498,26.9105,5
16781,12177,672233,18.6339,7.4952,1
17429,12632,15311,155.0645,6.3042,1
17941,12996,27988,12.7727,5.0815,2
17965,1491,13013,118.1637,6.8416,1
17966,13013,329327,82.6357,7.3247,1
18933,13718,13773,17.1172,5.3218,1
19009,13773,326450,33.4847,5.4218,1
19559,14174,322095,59.2274,8.717,1
19560,14174,14175,7.8102,8.6023,1
19602,14208,320670,102.521,6.8919,1
19603,14208,324717,25.4602,5.6541,1
20289,14687,324140,5.1208,8.1542,3
20460,14812,325047,92.8565,7.6174,1
20461,14812,15010,8.775,8.8318,1
20477,14823,324282,17.4801,3.9822,1
20685,14961,325584,5.85,8.1126,1
20738,14998,338284,221.5121,7.4736,5
20739,14998,321224,14.3047,7.5886,5
20755,15010,326324,27.7288,8.9159,1
21112,12207,15263,122.6907,8.0505,1
21113,15263,328513,32.573,7.3079,1
21182,15311,15542,13.3041,5.0196,1
21500,15524,40920,64.3345,18.2257,2
21523,15542,329521,63.2456,8.7459,1
22210,16026,332311,116.7019,7.6368,1
22345,16115,676368,47.3591,3.0495,1
22771,14823,16420,29.1376,4.729,1
22965,16571,322236,82.9823,4.241,1
23168,16717,328513,25.8586,8.672,1
23169,16717,18364,78.2368,9.8625,1
23973,17285,327742,56.6863,6.8525,1
24209,17444,326207,58.0546,4.1078,1
24908,17285,17932,59.279,5.1515,1
25120,18086,339385,62.9682,8.5149,1
26126,18789,327720,135.8768,7.3849,1
26127,18789,344326,87.7224,9.1077,1
26818,19271,332623,27.9165,6.8206,1
27245,19566,683992,83.9764,15.103,4
28207,11849,20255,5.3852,3.9324,1
28208,20255,242784,30.26,3.8643,1
28451,20435,333712,44.3459,9.1077,1
28700,20615,44456,46.1957,7.8575,1
30998,22263,67049,169.2733,10.0607,1
31000,22263,324754,49.9333,9.8654,1
31235,22422,329521,201.5829,9.142,1
31451,22569,340505,17.6446,4.1829,1
31492,18086,22600,166.5923,8.8524,1
32121,23045,325873,8.5245,7.9169,3
34947,25031,30501,28.3885,8.9003,1
35033,22600,25089,64.0391,8.4853,1
35089,25128,26343,51.9038,10.5477,1
35710,25564,26015,101.5972,6.3121,1
36325,26015,26157,3.0,6.8896,1
36517,26157,27892,171.2484,6.4078,1
36520,25564,26159,41.7852,6.4221,1
36777,26343,354629,110.529,10.0499,1
36869,26410,349881,28.8386,5.6081,1
36891,26159,26424,5.6569,6.3796,1
36892,26424,30031,60.3738,5.7439,1
36978,26481,348762,49.5816,5.3723,1
37257,26678,348865,31.1073,7.5927,1
38026,24795,27218,6.6081,8.5826,1
38409,27499,31684,107.4709,8.8296,1
38932,22486,27849,31.9192,22.0967,5
38933,27849,680317,35.2775,16.4622,5
39132,27988,816955,39.0185,6.8843,2
39350,28143,35153,69.3065,5.0794,1
40179,28728,348762,30.8221,5.7878,1
40318,28827,29757,26.4764,10.4676,3
40663,29062,359930,72.4124,13.3199,3
40833,29182,330305,34.8553,11.8751,11
40977,29282,328137,27.8268,4.6904,2
40978,14687,29282,39.78,6.4683,3
40979,29282,31663,76.1059,5.3452,1
41631,29062,29757,45.0111,11.0434,3
41659,29781,30550,85.5745,5.2035,1
42447,30305,671511,44.116,4.2426,1
42448,30305,684195,48.455,3.9921,1
42455,30310,688960,67.3391,4.3509,1
42745,30501,48259,149.1729,6.7814,1
42805,30550,30963,25.0998,6.2838,1
42955,30657,354610,58.6032,5.8407,1
43398,30963,348659,71.6798,5.7996,1
43538,30031,31057,33.1964,5.3779,1
43690,31164,328984,14.1774,14.4677,8
44225,31540,355749,4.6547,12.6577,3
44387,31663,40573,21.8632,5.0616,1
44501,28728,31743,62.6099,4.7182,1
45137,31540,32192,28.0891,16.4062,3
45348,32340,356945,8.2597,10.2328,1
45349,32340,358011,10.779,11.9044,1
45470,32426,34284,39.1663,12.4961,1
45478,32192,32432,8.3666,19.6469,3
45561,32485,44177,156.7833,6.2264,1
45576,32302,32497,16.1555,11.025,1
45884,32709,357045,7.5719,10.4375,10
46138,31743,32893,30.4302,5.3383,1
46538,33189,346906,163.3136,5.8941,5
47128,32432,33610,31.8434,18.5682,3
47234,33610,33694,32.3265,18.9056,3
47235,33694,359929,9.8489,19.5277,3
47272,33719,38833,14.4847,10.0884,1
47397,26671,33803,90.6697,7.7568,1
47590,33939,35361,26.1916,10.0826,1
48082,34284,361280,14.5488,13.6002,1
48343,34460,359755,15.5421,20.6582,3
48431,17444,34531,32.7554,3.7199,1
48432,34531,331472,37.9506,4.1231,1
48499,33803,34586,18.0555,6.03,1
48804,34797,360449,13.2539,20.8213,3
49305,35153,325722,25.1263,4.3723,1
49495,35293,361194,44.4247,2.6992,1
49496,35293,365042,30.5287,3.3839,1
49526,35312,35481,5.7446,9.2195,10
49597,35361,37401,25.807,11.3524,1
49766,35481,361488,8.2462,9.9248,1
49767,35481,40312,83.3847,9.5595,9
50108,35714,361478,29.0956,9.2644,1
50199,35780,359899,53.4252,7.458,1
50328,35865,43911,28.5164,17.0774,4
50563,36039,361717,17.9536,21.2715,3
50743,36157,36622,13.8924,6.7371,1
51440,36622,354610,172.0339,6.9267,1
51466,36640,329678,9.7125,12.904,15
51531,36688,331381,12.51,6.7336,1
51537,36694,57788,189.591,19.141,4
51602,36739,814459,50.02,6.3244,1
52025,37035,679168,14.8099,9.6285,4
52354,32893,37281,86.2902,8.2525,1
52524,37401,366449,8.2462,11.2142,1
52572,37431,40154,53.647,19.6359,1
52625,37472,289099,27.3861,6.8006,2
52626,37472,289497,26.0384,9.3771,2
53273,37920,362748,71.147,7.2016,1
53636,38178,366598,13.3915,14.5158,1
53860,38332,328352,68.2463,6.8239,1
54022,36157,38449,82.1949,5.8941,1
54205,38588,52718,18.4484,4.8341,1
54229,38605,674535,32.8215,13.2249,9
54230,38605,47414,16.9648,14.6486,9
54362,38698,366587,20.8087,21.3822,3
54554,38833,53133,32.7423,9.9102,1
55007,39165,54475,39.6569,15.9948,15
55105,39239,39392,2.4495,11.9364,3
55326,39392,370997,19.8382,13.4746,3
55460,39486,367014,23.7253,5.9036,1
55654,39624,366449,29.2347,12.8619,1
55655,39624,39696,5.4772,15.3422,1
56161,39971,372121,28.5073,7.5799,1
56162,39971,375056,29.0,5.0083,1
56422,40154,40780,10.0499,25.2818,1
56743,40371,372424,15.5242,9.5647,9
56820,39696,40422,17.5499,13.5211,1
56822,40422,41279,13.9284,12.0428,1
56947,40506,329746,34.7515,8.0469,3
57038,40573,333662,37.3988,6.1236,1
57350,38698,40780,41.6293,24.0617,3
57425,40832,433602,41.8277,23.4207,1
57541,40920,342137,141.2657,13.943,2
57576,40944,680317,5.2281,14.4542,5
57652,40780,40999,2.4495,25.075,2
57653,40999,373495,10.6301,25.075,2
57787,41085,244034,17.243,2.2247,1
57837,41121,240205,14.1303,6.0895,2
57838,41121,244036,10.9545,5.3218,2
57868,41143,371711,21.3828,9.434,9
58056,41279,376428,31.3369,11.1074,1
58139,41338,289266,30.499,11.8851,5
59072,42017,42887,35.609,9.7333,1
59881,42583,373962,31.8434,7.3012,1
59882,42583,375472,3.8586,8.6601,1
60053,42706,684865,24.2464,21.8458,1
60054,42706,674536,31.8416,21.6279,1
60301,42887,378401,31.7683,9.8669,1
60411,38588,42972,42.8284,4.4009,1
60520,43049,243348,10.4403,6.2264,1
60962,43366,375992,5.1316,20.2112,1
61733,43911,682904,20.5345,12.4243,4
62122,44177,45311,43.7493,6.3121,1
62135,44188,390076,94.6414,10.19,1
62311,44307,370997,60.6071,15.3071,3
62312,44307,382180,40.223,15.6683,3
62528,44456,337313,34.4965,8.9267,1
62570,44485,328556,42.2966,5.7913,3
63051,44819,388538,69.197,23.1845,1
63630,45229,379131,18.5293,13.0057,9
63746,45311,380536,5.2599,6.3121,1
64060,45533,293304,58.0582,5.099,1
64197,45631,50478,13.3,7.3786,4
64664,45967,379673,18.0185,13.4387,9
64761,46033,79307,31.8068,4.2913,1
64762,24794,46033,20.9079,4.3528,1
66098,47015,381435,50.5063,12.2881,1
66137,12996,47038,16.9638,5.3735,2
66425,47236,50392,44.4297,5.7956,1
66794,47491,370944,91.7505,12.8691,1
66800,47496,51730,74.7329,6.3609,1
66833,47522,387120,86.6673,3.3839,1
66834,47522,387386,25.2587,3.9822,1
66998,47639,288018,22.9613,8.5952,21
67405,47920,330697,22.6618,15.8453,8
67738,36694,48151,41.7463,23.179,4
67911,48259,686751,25.7617,4.6596,1
68690,47491,48803,16.5227,13.7632,1
68782,45967,48858,87.1149,13.5356,9
68858,48914,385950,138.736,2.8831,1
69175,49159,387320,19.4594,7.8875,1
69513,48914,49389,32.3419,1.9318,1
69822,49597,388536,17.4706,22.0754,1
70006,49723,55598,65.0367,6.4155,2
70089,49784,389809,67.2086,4.3528,1
70559,50108,385453,25.4165,21.2924,2
70964,50392,57136,94.504,5.2035,1
71088,50478,55977,33.4813,9.6602,4
71227,50567,387853,13.35,3.1583,1
71583,50836,390465,14.8754,17.5457,3
71830,51003,382672,122.4426,8.0832,1
71831,51003,60497,131.8939,8.6585,1
71981,42972,51111,15.0185,4.0941,1
72251,51302,388782,17.3397,3.6056,1
72487,51487,388538,21.0528,19.1972,1
72488,51487,391602,55.9038,20.2428,1
72513,51505,55797,18.1904,7.8075,5
72556,51536,239861,139.4139,8.1742,1
72557,51536,239864,74.0178,6.9909,1
72769,47015,51677,74.7663,8.226,1
72770,51677,384962,38.2965,4.89,1
72843,51730,396077,59.6741,5.9713,1
73031,51850,389178,19.2787,15.7036,9
73495,45631,52186,16.2275,6.7723,4
73499,48151,52189,19.3336,22.6719,4
74129,52638,398370,71.339,5.9655,1
74239,52718,79374,51.025,3.3541,1
74831,53133,686561,10.7005,9.7653,1
74844,53142,656311,4.7258,12.2179,1
75196,53394,392186,108.3066,3.7913,1
75570,51850,53673,21.6795,19.3144,9
75571,53673,396020,20.9178,19.8693,6
75633,53717,390080,52.1344,3.3708,1
75869,53673,53896,22.7596,20.3311,3
75915,53932,402676,90.5937,5.1636,1
76192,54122,245572,47.3028,2.5616,1
76364,40506,54243,81.0062,8.4553,3
76376,54253,699318,137.8475,9.0471,1
76541,54360,663800,136.1776,5.4075,1
76704,54475,336965,20.1494,15.7473,15
76920,54623,286946,5.7446,11.0964,1
77470,55027,98565,126.6535,7.8234,2
77958,36640,55367,51.0392,9.2656,15
77960,55367,58357,63.9653,6.6623,15
78285,55598,338494,52.6054,6.7016,2
78420,55698,322650,105.5971,6.5311,3
78563,55797,64698,27.9464,8.3031,5
78704,55906,56158,3.0,18.0416,6
78806,55977,59635,25.2675,14.5414,4
78999,56110,818967,88.0341,16.8946,4
79000,35865,56110,77.6595,13.5336,4
79031,56132,63457,22.2236,22.0284,4
79032,52189,56132,7.2425,20.7645,4
79074,56158,400175,25.7034,17.3644,6
79205,56243,62366,14.4741,9.6497,4
80450,57126,399130,51.6946,4.8139,1
80451,57126,404459,50.4579,5.9713,1
80463,57136,402812,21.7715,4.885,1
81122,55698,57603,9.7681,7.5667,3
81380,57788,685412,3.9581,15.1766,4
81776,58064,331732,23.5561,5.2175,1
81777,58064,61059,42.4185,5.5649,1
82160,47063,58329,28.6604,6.8541,2
82162,58329,343628,51.9302,6.1825,2
82201,58357,336267,10.419,6.7016,15
82408,55027,58497,24.2625,7.2655,2
82409,58497,60636,30.4229,6.0402,2
82554,58601,715840,73.5791,9.4604,1
82773,58753,335890,7.5277,4.4246,1
82774,58753,83236,75.2544,4.6926,1
83256,59089,61748,38.1314,16.4012,6
83602,59319,402758,3.6968,18.1696,1
84095,59667,60366,10.6771,4.241,1
84111,59677,59990,7.3485,23.1164,1
84563,59990,403977,8.5245,25.2728,1
84662,60055,391602,63.7138,22.6518,1
84664,60055,60948,23.7276,22.5005,1
85085,60366,64002,40.9512,3.5937,1
85277,60497,67441,92.3634,8.447,1
85484,60636,338327,18.2392,5.8303,2
86082,51111,61059,61.4944,4.9839,1
86487,61342,386251,164.9128,12.8291,1
86782,60948,61540,11.1803,23.1189,1
87069,61748,64843,65.7419,14.0529,6
87515,62056,63905,25.3377,4.7541,1
87584,62109,244036,13.5154,4.3723,2
87585,62109,244885,7.6085,3.5,2
87957,62366,66420,26.0192,15.8069,4
88105,62471,703603,145.0322,6.3668,1
88442,62719,673559,17.4133,10.8103,1
90069,63869,64265,6.1644,12.3443,1
90229,63980,409319,10.7083,6.7016,1
90658,64265,64763,4.4721,11.8443,1
91270,64698,338900,8.3865,8.6137,5
91350,64763,413488,12.8355,11.5828,1
91453,64843,421332,109.4809,11.726,6
91659,64974,64976,7.0711,9.5802,1
91662,64976,302380,120.5736,8.0552,1
92052,65269,413202,7.6739,13.4642,1
92142,65330,413094,50.927,10.7507,1
92617,65665,118285,187.8976,7.0654,1
92832,65269,65813,12.3288,12.4161,1
92922,65884,67777,93.0269,6.373,1
93432,64999,66249,27.8029,7.5822,1
93667,66420,691041,6.7082,19.873,4
93952,66612,83722,68.5614,6.1298,1
93980,66635,689255,12.2565,26.9157,1
93981,66635,67144,3.9016,27.3033,1
94095,66716,666435,16.8721,5.4157,1
94096,66716,85241,11.5326,3.8643,1
94224,66807,71077,129.093,5.1636,1
94424,63457,66940,18.3428,25.0845,4
94482,66980,691405,43.4575,5.1881,1
94590,67049,345134,71.4368,8.3245,1
94818,67201,70071,36.1248,19.815,3
94920,63980,67277,49.4166,6.5822,1
94921,67277,419987,35.4855,6.7564,1
95148,67441,67777,15.2643,7.806,1
95373,67604,71329,6.8475,6.3609,1
95569,67742,415830,84.0143,6.0707,1
95812,67925,411281,74.0675,7.9155,10
95875,67968,679093,71.007,5.8807,1
95876,66980,67968,228.1766,6.2741,1
96049,68089,69695,30.4302,8.9669,1
96050,68089,417734,5.4671,10.5951,1
96450,68370,71824,5.4263,1.0,1
96602,68471,415185,39.7827,29.0358,3
96714,66807,68544,127.3931,4.9338,1
96739,67925,68562,13.6015,7.3407,10
96741,68562,68563,3.6056,7.5261,10
96797,67742,68607,22.1359,9.8357,1
96965,68726,413054,34.4719,11.6821,1
96966,68726,70095,48.9183,8.9772,1
96967,68726,71247,32.0156,8.3057,2
97121,68828,694630,23.2985,8.7441,1
97201,68471,68884,11.8743,28.9386,3
97209,68890,686517,42.2884,5.715,1
97232,47414,68904,59.7671,19.5229,9
97497,66612,69089,108.4804,5.0495,1
97500,68884,69091,3.7417,28.4592,3
97754,66249,69271,104.4031,5.7748,1
98397,69695,71685,57.3934,9.8089,1
98683,69900,76549,70.157,6.1833,1
98834,69091,70007,17.2047,28.87,3
98929,70071,71599,21.4009,8.9893,3
99480,70469,691482,35.0381,23.6658,4
99488,70469,70475,41.4485,21.666,4
99669,70601,418424,108.959,3.7743,1
99670,70075,70601,47.7703,2.7247,1
99805,70007,70704,29.0172,27.925,3
99817,70714,81605,75.295,9.8541,1
100146,70933,330605,94.7576,5.9545,1
100353,71077,423241,21.0608,5.7554,1
100601,71247,435582,89.9074,5.3779,2
100626,63905,71260,73.7699,5.0616,1
100627,71260,71768,7.0711,5.4495,1
100720,71329,83236,52.0352,5.2787,1
101121,71599,423244,97.3823,21.0739,3
101247,71685,72409,72.904,8.7776,1
101275,67144,71706,24.779,28.039,1
101276,71706,699685,38.4303,22.1266,1
101382,71768,72761,18.4932,5.985,1
101798,72060,423710,30.2379,21.1527,3
102017,72215,422871,23.9653,22.7777,2
102156,70095,72320,41.4126,6.6623,1
102230,72370,72500,12.2474,19.6086,3
102233,72372,425377,45.7639,22.0784,3
102234,72373,427260,33.0303,6.8896,1
102411,72500,423714,21.3989,20.3317,3
102776,72761,424963,47.2464,7.5976,1
102867,68890,72820,71.2506,6.9267,1
103488,73239,340207,44.578,5.3735,1
103616,68544,73328,52.2398,5.3019,1
103754,73430,75286,31.4006,3.9241,1
103836,72215,73491,26.6458,18.8809,2
103837,73491,429590,36.2123,13.3166,2
103913,72320,73548,41.9166,8.112,1
103984,73603,428143,49.3221,22.1018,3
104037,73639,429634,40.5997,5.465,1
104298,73822,74754,26.0,8.1513,6
104410,73548,73898,9.9499,10.5622,1
104524,73972,75767,32.3883,20.6568,3
104631,74047,74048,3.7712,11.428,4
104632,74048,697840,37.6194,14.5732,4
104634,74049,74127,7.4981,16.4463,4
104734,74127,695922,38.0263,13.9427,4
104875,74236,341345,28.6918,9.1789,1
104957,74298,432174,51.9711,7.4758,1
105620,74754,428607,10.198,10.3581,6
106386,75286,76532,15.9374,3.9241,1
107084,75767,429328,4.6779,22.3895,3
107784,76250,430813,9.363,19.4993,3
107794,76256,77344,11.7047,11.7411,6
108188,76532,433609,38.9102,3.8643,1
108212,76549,79551,130.9733,6.6115,1
108423,73328,76698,78.4729,5.0431,1
108424,76698,431665,5.6862,3.9241,1
109016,72820,77096,69.7822,6.2634,2
109363,77344,432360,8.0989,12.3471,6
109981,77781,698052,40.343,3.5616,1
109982,77781,97655,60.5569,4.3528,1
110441,78113,440778,106.2374,6.6115,1
110760,78339,443659,87.0032,8.8794,1
110975,78472,435256,59.9103,5.6803,1
111096,78555,88196,66.5776,6.733,1
111097,78555,346355,38.9532,6.9248,1
111449,78817,81646,11.8842,16.6416,15
111691,77436,78997,26.0384,5.5495,1
111692,78997,435051,8.1786,5.7511,1
112137,79307,506358,45.272,5.3166,1
112232,71824,79374,13.1403,1.618,1
112245,79380,339624,45.2094,4.6993,2
112476,79551,80617,14.0357,5.465,1
112570,79616,79840,18.0278,15.0011,1
112637,79657,699683,10.7961,26.5233,9
112907,79839,434200,7.2034,19.3284,1
112908,79840,436503,14.3074,17.071,1
113284,80109,287107,16.7531,5.5649,2
113742,77096,80434,123.5557,5.4218,4
113829,80494,81022,7.5498,9.0735,6
113965,80589,444366,211.6932,5.0495,1
114060,65577,80653,31.6193,7.8827,3
114070,80660,84536,15.1621,6.2696,1
114592,81022,81518,9.8489,9.2546,6
114660,81070,429548,59.4643,5.6506,1
114661,81070,440986,29.5852,6.0467,1
114703,81099,435433,19.4651,20.5195,1
114707,81101,436986,5.971,15.0662,1
114938,81276,83561,76.9632,5.4379,1
115110,81389,85321,3.0,6.0828,2
115115,81392,83669,44.1135,5.3327,2
115290,81518,81604,9.2736,10.0234,6
115413,81604,86042,75.6703,10.4375,6
115415,81605,343426,44.0366,7.9909,1
115871,81926,83722,117.0045,5.6109,1
115872,81926,93962,36.4803,4.9338,1
116065,82058,439469,14.8549,9.2711,5
116320,82249,438070,10.2956,22.003,1
116323,82251,441175,64.0876,6.8383,1
116338,82264,252580,90.8515,6.8206,1
116609,80589,82466,57.0614,5.9407,1
116919,82249,82693,11.9164,21.1052,1
117171,82871,438148,91.6436,6.085,1
117172,82871,88578,88.227,8.7317,1
117202,82896,83319,6.1644,4.4068,1
118008,83482,439839,27.7969,17.7817,1
118098,77096,83541,21.7128,4.9338,2
118127,83561,706335,26.3059,6.2746,1
118279,83669,443550,111.1755,5.8698,2
118329,83708,438933,94.986,6.4128,1
118854,84005,169799,142.0176,25.8185,3
118862,84005,760534,163.025,27.0305,3
118872,84012,706797,29.4052,3.5348,1
119981,84811,703231,25.1794,10.7622,4
120043,84851,450511,87.6242,6.8571,1
120575,85222,242784,73.0639,3.8643,1
120592,85238,87282,9.0,14.3165,1
120596,85241,129350,30.6268,4.7182,1
120617,85255,88196,11.7945,5.4536,1
120814,85382,144712,186.8227,15.1449,2
120815,85382,342137,9.5598,15.6791,2
120820,85385,90714,93.1397,9.8995,1
121145,85621,705242,10.8934,19.2313,4
121303,85727,717602,67.7207,17.829,4
121324,85739,91185,87.6413,9.9814,1
122955,84536,86902,6.549,6.2696,1
122956,86902,94017,15.9618,6.6328,1
123474,87282,700356,5.2345,12.723,1
123833,79657,87541,29.7788,22.9728,9
123834,87541,100950,30.7119,19.9336,9
123883,87572,114737,147.2149,3.5616,1
123974,87631,454730,55.8589,5.1421,1
124355,87899,446768,7.8031,20.033,1
124920,87899,88311,8.775,18.9588,1
124921,88311,89555,14.6287,18.6681,1
125275,88558,449149,19.046,4.4495,1
125300,88578,90081,416.0553,9.612,1
125396,88558,88646,82.3043,3.8028,1
125931,89037,89482,4.3589,7.4461,1
126250,89262,123091,114.9652,10.2302,1
126252,89262,697694,124.2672,9.294,1
126367,89348,97412,26.3239,15.6883,4
126941,89754,354556,53.1779,20.7186,11
127100,89555,89882,8.2462,17.8139,1
127320,89882,90032,4.6904,16.1486,1
127392,90081,94400,300.6426,8.0559,1
127590,90208,100443,46.8722,14.6511,15
127592,81646,90208,36.2232,16.3467,15
127814,88646,90362,37.6962,4.0941,1
128312,90714,459090,72.0525,10.5622,1
128754,91017,92438,4.9958,10.9753,2
129710,91712,93238,56.2939,3.3839,1
130028,91939,344281,78.7013,4.8139,2
130029,91939,151926,184.1334,6.1833,2
130506,92266,706797,4.1899,3.3028,1
130507,92266,109222,70.3554,4.4155,1
130755,92438,728931,167.6921,9.1257,2
131294,92823,707245,12.7138,8.6254,4
131298,92827,699050,104.3472,5.4218,1
131299,92827,121935,64.846,5.0517,1
131420,72302,92910,16.4012,4.6795,1
131646,93079,101343,260.9732,9.4656,2
132157,91185,93438,65.3758,14.6293,1
132868,93962,126269,74.891,4.1231,1
132945,94017,710287,13.2413,5.4582,1
132979,94042,457422,36.9549,4.6856,1
132980,94042,457946,75.4233,5.0645,1
133390,94321,103486,31.2289,26.5609,1
133578,94456,95047,13.1909,4.7856,1
133995,93438,94763,46.5833,15.965,1
134340,95020,428367,172.5145,19.3436,1
134342,95020,101887,121.5113,6.364,1
134380,95047,459108,39.1407,5.5148,1
134579,95184,454086,91.3777,6.6292,10
135129,94400,95580,42.5441,6.4685,1
135130,95580,97102,79.4796,6.3284,1
135242,94763,95653,32.45,16.4463,1
135285,95684,464429,75.8441,6.3326,1
135484,95824,97689,65.9924,6.3284,1
135550,95869,241351,47.6585,4.6365,1
135558,95875,471414,97.2591,6.3865,1
135800,95184,96045,74.5989,7.5478,10
135857,95004,96093,14.7986,6.9432,1
136717,94456,96685,60.3158,6.085,1
136945,96840,466128,89.2599,5.3183,1
137296,96045,97081,27.6586,9.3372,10
137320,97098,461643,9.0554,5.0517,1
137321,96840,97098,17.0294,4.4155,1
137325,97102,97310,48.1975,7.9159,1
137573,95653,97280,40.7554,17.2498,1
137614,97310,464857,39.6611,8.3529,1
137761,97412,712281,20.497,12.1838,4
138087,69089,97655,90.3612,3.9496,1
138097,97081,97661,21.4243,9.4124,10
138135,96093,97689,30.1496,6.03,1
138465,97661,97925,13.6382,9.6075,10
138583,98014,98824,41.5331,7.1149,1
138584,98014,467336,24.7162,8.1478,1
138957,98278,474977,91.4473,6.9567,2
138960,98280,100158,47.6025,5.6081,1
139208,98446,98743,88.6397,6.0402,1
139375,78791,98575,36.0275,6.0173,15
139608,98743,463418,51.9797,5.458,1
139719,98824,99212,41.0488,5.7446,1
140215,99159,246239,16.0624,29.0492,1
140291,98446,99212,31.7175,5.9545,1
140459,99334,466128,25.9615,5.4274,1
140460,99334,467172,22.4722,4.4068,1
140730,98314,99517,93.2148,13.3561,1
140731,99517,458984,92.3767,27.9203,1
141009,99716,119800,23.4328,5.099,1
141751,100253,100693,76.1906,5.4218,1
142145,100531,245572,63.1128,4.3528,1
142372,100692,104913,82.3529,4.3708,1
142373,100693,467357,29.9666,6.5465,1
142380,100697,467357,65.714,7.0283,1
142680,100916,466237,32.8684,10.6789,10
142798,100995,463096,144.8961,18.2122,1
142923,100766,101086,52.1249,10.7234,2
143172,100916,101246,9.0,10.1789,10
143310,100766,101343,12.1244,11.3033,2
143668,101601,478591,127.845,5.2421,1
143930,101778,708041,16.5831,12.8216,4
143942,101788,715723,46.7297,6.7723,4
143943,92823,101788,26.1051,7.6737,4
144087,101887,470631,3.8586,7.4407,1
144192,96685,101961,76.1643,6.0355,1
144442,102149,142527,82.9337,6.6328,3
144700,102328,344872,27.035,9.1173,1
144920,102478,117732,21.8378,4.4689,1
145086,101086,102602,40.8044,10.2648,2
145140,102641,107707,69.029,4.899,1
145431,102864,478174,58.8775,8.0975,1
145508,102922,104024,42.8719,3.5675,1
146402,101246,103562,71.9444,8.6231,10
146406,103564,473772,34.8074,3.9324,1
146535,103649,473981,6.2716,25.7281,1
146777,103829,358085,75.2632,10.1709,2
146946,103938,474277,14.8847,26.7094,1
147073,103564,104024,9.0,3.1796,1
147205,101961,104121,33.7194,6.5311,1
147319,104208,347748,8.5049,10.1821,2
148040,104733,476018,12.0646,20.5623,1
148082,104762,474231,24.7819,7.0,2
148083,104762,106825,42.6497,6.8875,2
148287,104913,477193,13.1783,3.7417,1
148425,105005,475368,4.714,27.8199,1
148799,102922,105265,131.5523,4.2523,1
148801,105265,478632,24.6779,4.0941,1
148841,105293,113846,128.2381,7.0421,1
149009,100950,105418,13.8764,20.9316,9
149045,105442,347947,13.4743,16.2782,8
149046,105442,117733,37.1202,16.0663,8
149164,98575,105516,15.0333,5.78,15
150909,106756,478129,18.1445,19.8865,1
151002,106825,111125,103.0776,8.6886,2
151529,107188,107255,18.0555,17.1082,1
151616,101778,107251,14.5507,13.9071,4
151620,107255,479959,15.8114,16.7374,1
151659,107283,247722,23.1157,1.5,1
151793,107379,130089,514.6368,8.395,1
151996,107528,724011,64.0573,4.89,2
152159,107647,346906,16.9607,6.5557,5
152240,107707,113458,82.134,5.5317,1
152735,108057,478861,42.5245,6.7785,1
152736,108057,481465,9.3452,3.4758,1
152884,108162,108958,11.6619,5.2175,1
153764,108782,480573,45.31,6.9146,1
153790,108799,480707,79.5725,6.5355,10
153856,108843,248578,5.9582,24.6058,1
154135,109034,494786,115.5292,8.7977,1
154409,109222,117031,38.2361,5.5136,1
154566,109331,152940,16.4012,5.8282,1
154737,107227,109442,57.3062,4.9747,1
155033,108958,109649,21.2368,5.3033,1
155658,110081,111418,27.037,9.2736,1
155907,106756,110255,120.3453,17.1136,1
156052,110355,348340,169.0123,5.2913,1
156462,109649,110653,50.2494,5.6967,1
156582,110741,486328,8.8129,7.6888,1
156589,110745,482874,57.6575,5.4274,1
156750,110851,111050,4.6904,7.6468,10
156837,110653,110914,49.0,4.5414,1
156998,111025,125015,19.6638,5.985,1
157031,111050,112062,34.0147,6.8206,10
157132,110255,111119,29.8161,14.6716,1
157142,111125,491300,113.4637,7.1734,2
157573,111418,486464,14.9778,9.9519,1
157822,111603,716715,23.2376,16.8473,4
158172,111119,111841,15.2643,14.402,1
158505,112083,202688,61.1199,7.4407,1
158530,112100,130824,71.094,6.4363,1
158918,112376,491141,113.5805,6.5465,10
158921,112378,498953,140.6961,7.1193,2
159302,112062,112648,151.3704,6.4155,10
159643,112877,488426,22.1209,6.4419,1
160300,113342,482002,112.9159,5.0043,1
160476,113471,128181,13.6748,4.097,1
160853,85222,113723,34.2053,4.0616,1
161036,113846,119873,105.1951,9.1791,1
161217,113972,477529,428.5184,8.0932,1
161891,114446,119715,147.2617,5.2421,10
161925,114469,141652,43.3154,7.0688,1
161964,114495,356337,36.706,7.2636,1
161991,113342,114517,30.6431,4.6312,1
161992,114517,114829,6.0,5.4265,1
162027,114544,484673,179.1889,6.0,1
162029,114544,115632,25.3969,6.2016,1
162291,114737,352344,11.6619,3.3708,1
163131,111603,115329,24.4709,21.7775,4
163537,115632,494168,6.9761,5.3229,1
163645,115712,119869,134.0373,7.6648,1
164235,107251,116145,17.1091,12.6965,4
164237,116145,716327,20.8487,10.5902,4
164290,116180,714770,39.0982,7.7016,1
164450,113972,116296,86.2322,7.2636,1
164491,116322,344048,63.6056,6.0467,2
164559,113761,116365,64.3817,7.3714,1
164917,115970,116617,13.4907,7.0283,1
164918,116617,120716,65.4064,6.8758,1
165538,117031,723447,54.0894,4.6596,1
165753,117194,117817,12.2066,5.2617,1
165865,117272,369801,173.5057,6.783,2
166083,117427,493898,70.1134,7.129,1
166362,117618,117859,17.2627,3.217,1
166525,117732,357561,34.2231,2.3708,1
166527,117733,147477,65.4516,16.7995,8
166647,117817,124870,135.0741,5.1375,1
166711,117859,493856,81.2794,3.8643,1
166737,117878,121010,100.03,6.5927,10
166738,117878,501850,77.9637,7.5745,10
167633,89348,118509,32.4107,11.4874,4
167952,118730,120025,113.0531,5.8912,10
167953,118730,500242,52.7668,6.2417,10
168142,116296,118876,84.6759,6.7371,1
168353,119029,501392,51.5429,6.0981,2
168544,119172,120512,48.4355,9.0759,5
168713,104208,119281,41.8282,10.495,2
168965,119456,500242,7.3485,6.9432,10
169220,119639,716327,4.714,10.0497,4
169329,119715,120025,9.0,5.9407,10
169362,119741,125289,38.614,21.9031,4
169453,119800,289858,10.6066,5.2421,1
169541,119863,498233,76.4875,4.1829,1
169542,119863,502760,32.2025,5.7358,1
169552,119172,119869,38.1969,9.2996,3
169553,119869,123257,96.6488,9.0826,2
169558,119873,128080,127.1928,9.7544,1
170198,113458,120334,117.4606,7.1133,1
170199,120334,504526,28.0,8.0932,1
170448,108324,120500,31.9118,5.3284,1
170449,120500,718391,17.9969,4.3028,1
170468,120512,500255,88.5645,8.9957,5
170778,120716,122209,31.1609,5.8941,1
171084,119639,120922,22.9427,8.2513,4
171085,120922,720214,15.5824,6.2838,4
171203,121010,122049,114.9174,6.6657,10
171220,121020,499786,69.0733,6.9228,1
171240,121035,499964,243.0971,8.4545,1
172009,121020,121591,10.6771,6.1644,1
172010,121591,124515,49.2138,6.2445,1
172268,119234,121760,56.356,7.2478,1
172510,121935,718314,10.8934,4.3008,1
172911,122209,508376,39.4747,5.5649,1
172993,122266,250613,81.1398,4.3589,1
173038,122298,509950,42.785,4.5616,1
173542,122647,506251,4.9554,6.1558,1
173777,122821,503786,74.6661,8.8079,1
173919,122916,124083,26.096,6.6904,2
174100,121035,123047,78.1089,9.123,1
174101,123047,131430,216.9332,8.7269,1
174392,123257,511407,56.4358,9.1904,1
174693,123257,123461,57.3585,6.8452,1
174755,119281,123503,10.7594,9.9247,2
174820,123549,124515,67.2012,6.3638,1
175129,123774,253925,103.442,6.0927,1
175383,123023,123952,21.0,9.272,1
175384,123952,520004,117.6811,8.6742,1
176360,124659,125961,230.1717,5.9402,1
176664,124870,510995,10.0499,5.458,1
176873,125019,721267,18.6815,17.1024,4
177247,125289,720326,5.4772,19.2094,4
177322,125344,354159,9.6724,5.0517,1
177334,125353,353437,4.5461,6.8459,5
177452,125436,723460,69.3568,20.746,1
177453,125436,727357,97.3332,19.094,1
177691,125606,511089,29.898,5.5822,2
177848,125606,125711,18.4662,5.3735,2
178013,125831,509950,18.4541,4.5616,1
178014,125831,126001,2.8284,3.9324,1
178199,125961,512077,49.2409,7.7636,1
178260,126001,515742,44.6865,5.0724,1
178549,126196,515742,53.3974,5.7511,1
178550,126196,127107,27.9464,4.8408,1
178609,126239,508376,51.9447,5.6109,1
178610,126239,132078,101.262,5.9402,1
178652,126269,723627,53.3354,4.511,1
179075,125711,126545,32.3419,5.3327,2
179146,126600,507170,124.7437,10.6301,1
179247,126669,721892,25.2763,20.0856,4
179248,126669,721267,6.4722,19.4646,4
179397,126768,126926,2.8284,5.3852,1
179618,126926,516401,34.3544,5.6926,1
179870,127107,127522,27.1293,3.7055,1
180100,127267,509227,77.9466,5.7865,1
180250,127367,720800,33.6799,14.9384,4
180271,127383,730389,108.3886,6.1201,1
180464,127522,517041,28.4839,3.7055,1
181204,128070,128161,7.874,7.4491,4
181335,128161,516562,32.9545,6.733,4
181354,128177,516856,3.559,12.2105,5
181355,128177,130765,63.6553,13.1703,5
181361,128181,246678,59.7969,3.8723,1
181386,128199,721892,3.448,20.1108,4
181387,128199,722478,10.0277,20.96,4
181388,128200,721894,4.761,19.9295,1
181396,128205,718314,45.6861,5.1627,1
181397,128205,723214,15.5849,5.9569,1
181475,128259,130066,129.5955,8.3951,1
181476,128259,128471,6.4031,8.8272,1
181768,128080,128471,9.4868,8.9711,1
181966,128609,128978,5.3852,3.9921,1
182926,129278,707280,17.7663,8.6804,1
182930,129280,129577,44.0114,4.8408,1
183015,129337,518743,25.8263,7.8134,4
183029,129347,519206,23.331,7.1947,1
183030,129347,525199,50.2494,7.1947,1
183034,129350,144832,8.775,6.451,1
183142,129429,508604,111.6045,6.3668,1
183143,129429,524143,53.5558,6.3668,1
183348,129577,523518,56.794,5.4218,1
183454,129651,290852,23.4495,11.1803,21
183538,129708,514162,50.636,10.3959,2
183539,129708,520123,6.0622,11.7204,2
184176,130138,133727,92.8924,8.4603,1
184445,130333,723854,7.3711,7.3024,3
184529,130398,133355,71.5612,6.1071,2
184613,130452,137043,11.0101,3.9921,1
184614,130452,139644,27.0658,3.1213,1
184668,130492,130824,8.8141,5.6317,1
184669,130493,723999,17.7576,13.2741,4
184670,130493,723199,7.874,8.8289,4
184696,126600,130511,89.5433,9.3462,1
184807,130586,143959,50.6804,8.5632,1
184808,118285,130586,49.6101,7.0654,1
185059,130765,528933,86.9493,14.9156,5
185174,130842,722478,50.2998,22.9705,4
185352,130971,518290,36.4692,4.7408,1
185757,131260,520885,24.2258,6.4128,4
185892,131355,521893,10.3923,8.9443,1
185893,131355,131430,10.6771,8.3773,1
186910,132078,134887,36.4555,6.0738,1
187418,132429,142343,55.3945,4.511,1
187486,130681,132476,25.6721,6.5897,1
187748,132665,723624,6.3421,11.9761,4
187749,132665,133995,3.4157,13.2124,4
187819,130511,132713,103.899,8.1238,1
188041,132713,132883,3.4641,8.4228,1
188122,132943,149319,42.8654,14.4472,5
188123,132943,358654,98.0442,6.7986,5
188272,133046,534470,111.2545,6.3326,1
188710,133355,526361,10.247,6.3609,2
188951,133532,138357,75.8288,11.1352,2
189214,133727,134720,30.6105,6.4546,1
189975,134253,528605,8.8632,4.6365,1
190247,134452,527532,59.5135,5.2493,1
190628,134720,135313,61.4003,6.3574,1
190915,134925,726491,50.5459,22.9044,1
190918,132476,134927,23.4687,9.8797,1
191011,134991,135365,9.6437,7.4725,4
191091,135049,355215,16.8896,5.099,1
191440,135313,135465,8.0623,7.0483,1
191525,134452,135383,20.1246,6.0662,1
191621,135446,258826,84.2252,3.8106,1
191640,135465,137554,75.3923,6.1558,1
191683,135496,253212,30.3592,20.9119,3
192003,129278,135712,3.7417,8.4922,1
192004,135712,196991,67.9191,7.4275,1
192041,132429,135736,63.6614,3.4758,1
192101,135780,723854,14.7949,9.4006,3
192326,135930,136790,19.2354,8.1542,1
192475,136033,530409,3.2998,9.6954,1
193126,136466,729605,17.5644,5.6506,1
193127,135736,136466,13.5588,4.3723,1
193169,136033,136493,80.604,8.4877,1
193401,135930,136642,81.8657,8.4243,1
193615,136790,138392,135.4031,9.1301,1
193938,113723,137029,43.9659,3.6583,1
193956,137043,144788,21.1739,4.3203,1
194186,137208,725678,50.3463,23.1401,4
194187,137208,726724,45.3735,21.9382,4
194489,133995,137422,17.4992,14.1774,4
194490,137422,729716,9.8263,14.6716,4
194675,137554,143792,133.6937,6.9466,1
194895,137706,530157,72.3971,6.669,1
194896,137706,140199,47.4236,5.7439,1
194985,137771,532974,4.7258,7.9332,4
194986,137771,139819,38.0657,7.9978,4
195125,137874,532425,8.226,3.3028,1
195126,137874,533913,15.2643,3.1583,1
195728,138299,531820,53.7742,8.5419,1
195807,138352,156536,39.7883,4.3203,15
195811,138357,542269,67.9068,11.0454,2
195852,138299,138388,2.4495,8.1771,1
195858,138392,138393,2.2361,9.8687,1
195859,138393,532652,57.9272,8.7067,1
196033,138513,140508,31.305,14.5769,5
196301,138714,140278,106.4973,5.5311,1
196760,139054,535805,64.5988,3.4611,1
197515,139586,546385,117.6892,7.724,1
197517,139588,535439,22.468,7.1386,1
197555,139612,533913,29.1833,2.7763,1
197567,139618,538538,18.7528,4.6365,1
197605,139644,140278,12.5521,2.5,1
197699,39323,139711,36.399,5.3852,1
197885,139845,539249,51.6871,10.207,1
198398,140199,535048,44.0303,5.8735,1
198620,140351,540159,43.8546,6.9432,1
198847,140508,144976,74.7529,16.7284,5
198918,140567,537354,15.7797,6.2901,1
199083,140698,538157,21.2368,7.9078,4
199288,140842,536814,37.7757,8.5497,1
199840,141237,525027,124.428,7.303,1
199892,141277,739978,48.4,13.9048,4
200249,141525,350882,60.813,10.8342,1
200250,141525,361113,67.2028,10.006,1
200427,141652,145318,56.961,8.3066,1
200740,132768,141883,124.8079,5.5822,1
200925,142019,144000,46.1844,6.2429,4
200953,142039,537227,54.3712,8.1844,1
201190,116322,142195,39.8058,6.5557,2
201399,142343,142514,4.4597,4.4495,1
201640,142514,145648,35.8314,4.0616,1
201654,142527,295946,178.8646,6.7787,5
201863,142653,151106,18.5772,4.6708,1
202213,142914,536903,57.4398,3.8378,1
202366,143036,143666,11.5758,4.3196,1
202467,143114,541711,23.8956,6.1558,1
202468,143114,551768,70.3776,6.8525,1
202929,143434,557882,143.1875,6.4031,1
203017,143499,147305,74.2496,7.0801,4
203018,143499,144072,70.859,6.6296,4
203116,143575,195639,303.1395,14.4078,7
203117,143575,155309,14.4568,18.1659,7
203129,143585,546546,35.9212,8.3613,1
203410,143792,155179,230.1934,8.0623,1
203532,140842,143881,66.7008,8.5853,1
203646,143959,740642,226.7631,9.9155,1
203661,140317,143967,43.5086,6.3638,1
203717,144000,144072,9.9499,6.9784,4
203831,144086,144652,13.687,5.1926,1
204078,143036,144271,23.9583,3.8566,1
204179,143881,144339,61.79,6.8143,1
204645,135049,144652,89.5187,5.0495,1
204730,144712,150210,49.4717,12.8803,2
204771,135910,144743,18.0278,3.0811,1
204772,144743,211662,61.4003,3.1623,1
204794,142914,144762,38.4448,3.1583,1
204827,144788,554583,33.2566,3.5675,1
204890,144832,151293,4.3589,6.6177,1
205066,144339,144961,16.4317,6.7787,1
205087,144976,546235,6.4464,19.3235,5
205253,145092,361659,61.0109,7.2157,1
205309,145140,155739,43.641,4.885,1
205394,110033,145201,77.5177,5.7716,1
205545,110355,145304,44.9765,5.2913,1
205618,145353,546380,20.6935,18.5032,5
205661,145388,544887,14.5029,5.9495,1
206025,145644,551751,52.6846,7.4051,1
206245,145797,724547,53.8981,15.2803,9
207114,146406,148827,23.6008,2.3428,1
207386,146594,565051,167.7584,6.9954,12
207873,146935,250924,9.1954,19.3366,1
208147,147127,182833,488.9468,7.6298,1
208396,147305,563314,95.9074,9.2865,4
208610,147451,157669,39.4483,4.511,1
208616,145140,147456,63.123,3.5348,1
208617,134982,147456,41.5104,3.3904,1
209763,148269,250404,9.4458,6.7336,2
209764,148269,173856,19.799,9.4049,2
209826,148309,567960,108.4892,6.8239,1
209978,148426,551770,5.2599,6.6401,1
210498,148805,551245,10.6145,5.2421,1
210499,148805,150146,13.6748,4.1068,1
210525,142653,148827,20.854,3.2394,1
211113,149238,551686,15.1327,4.5247,1
211221,147477,149319,7.874,19.8397,8
211222,149319,359342,17.2595,20.0141,13
211307,149376,551608,40.5079,19.9241,5
211383,149427,361659,71.0679,6.3533,1
211384,145304,149427,51.2495,6.3533,1
211544,149534,556767,111.8109,8.5166,1
211899,149534,149774,470.133,11.1674,1
212140,149953,559658,63.9401,5.7439,1
212396,150146,559270,38.3826,3.0725,1
212524,150239,358235,15.5956,5.0645,1
213198,150714,358751,23.6973,22.8289,11
213253,150755,736876,68.4325,8.8801,1
213352,150825,157625,75.292,5.5468,1
213705,151072,569509,84.0754,3.9495,1
213754,151106,358280,14.7422,4.3523,1
213835,151156,551314,82.9371,6.6177,1
213946,151234,557881,12.741,13.8562,1
214022,151293,807989,60.8002,5.5822,1
214369,149359,151531,38.1338,6.7016,1
214370,150239,151531,16.1888,5.4376,1
214423,149376,151575,63.5925,19.962,5
214424,151575,154575,43.6005,17.0885,5
214590,151693,372901,65.4332,5.1083,1
214916,147451,151924,17.2844,4.3528,1
214920,151926,360884,152.2866,6.1236,1
214921,151926,161646,22.3582,7.9671,1
215026,152001,156167,21.1412,5.979,1
215264,149774,152163,171.2717,12.2163,1
215265,151072,152163,27.5136,7.8639,1
215402,152260,736034,18.43,14.8,3
216360,152940,266066,59.5483,5.4582,1
216629,153129,564150,58.5377,8.0066,1
216630,153129,156823,181.2429,5.9106,1
216764,153218,565320,127.3277,5.6213,12
216765,153218,157374,62.8092,7.0355,12
217329,153622,170767,302.0092,10.952,1
217457,153712,364079,30.0606,7.0958,5
217611,152980,153814,82.8372,7.0283,1
217612,153814,564500,93.5961,7.9639,1
218213,154242,156025,40.3113,20.2211,5
218341,154321,161395,33.2148,3.3708,1
218702,154575,560452,13.3125,17.1888,5
218870,154691,157486,43.7035,16.5855,1
218906,154722,252013,15.6915,19.5892,1
219241,149616,154956,8.6023,22.5988,1
219289,154989,563870,12.3895,6.7371,12
219335,150844,155026,51.2835,4.5616,1
219695,155279,559658,26.8514,6.9466,1
219742,155309,256229,41.9026,17.7135,7
219769,155326,155714,9.8995,7.4806,1
219816,155356,551408,151.8955,6.6984,1
219817,155356,564150,3.6056,9.5612,1
220188,155629,576467,104.2833,7.0711,1
220305,155714,156312,54.9727,5.0543,1
220338,155739,156631,4.378,6.3226,1
220748,156025,568154,64.8331,20.4566,5
220943,156167,753571,114.2588,5.9329,1
221018,156213,558106,44.0643,9.6478,2
221020,156214,565026,59.7513,6.4363,1
221159,156214,156312,125.4352,4.4964,1
221161,156314,156946,57.5847,5.9329,2
221470,156536,370818,90.2675,5.1112,15
221521,156568,565051,90.9243,6.7129,12
221522,156568,568462,28.3255,6.5332,12
221547,156589,280457,87.1074,9.8536,1
221548,156589,289969,21.613,5.5468,1
221914,156845,568227,14.0673,6.0822,1
221921,156850,223319,146.7242,6.0092,1
221922,156850,523839,35.141,8.2664,1
222053,156946,572796,90.257,5.9329,2
222078,156968,564257,38.8155,7.129,1
222079,156968,166420,128.8487,5.8962,1
222638,157374,586234,131.3849,7.0355,12
222685,157409,571500,36.862,7.0094,1
222792,157486,159841,38.1314,16.1234,1
222950,125015,157592,61.0946,6.7371,1
222951,151924,157592,28.9266,5.4929,1
222987,157625,737069,57.5355,5.0378,1
223059,157669,159217,11.7544,4.2523,1
223159,157142,157743,8.0623,3.5616,1
223160,157743,567984,3.4641,4.3528,1
223264,157818,354159,89.1248,4.3008,1
223265,157818,359653,86.5345,4.6213,1
223370,157888,358224,57.5073,12.2671,2
223670,158117,359769,45.1922,5.2361,1
223707,158117,158143,31.241,7.3012,1
223723,158156,203431,154.2775,6.2981,1
223725,145318,158156,37.5485,6.8459,1
224170,157054,158474,12.2474,18.5995,3
224267,158541,158933,9.0,10.8509,1
224795,158933,159281,10.4403,11.2691,1
224930,156823,159030,36.1801,4.4867,1
224931,159030,572746,41.2715,3.5291,1
225203,159217,370371,96.5781,4.4954,1
225291,159281,574456,49.9455,11.611,1
225334,159316,159918,9.8489,6.2838,1
225396,159363,571109,65.9461,4.977,4
225397,159363,159828,59.0424,5.6081,4
225512,159446,561758,70.6692,12.8042,1
225642,159536,165059,95.8488,7.7416,1
225715,156213,159588,34.1906,8.562,2
225736,159446,159601,10.0995,10.6493,1
226030,159810,741731,20.0666,18.8516,9
226032,159810,160122,4.3205,19.2625,9
226053,159828,586496,234.0214,6.2281,4
226071,159841,576621,52.7478,16.1077,1
226179,159918,572303,14.8261,5.2631,1
226454,160122,164808,32.2731,18.8639,9
226732,160319,252133,12.4766,18.6869,1
226747,159601,160329,47.2652,6.9772,1
226748,160329,575131,23.7171,3.6795,1
226828,160384,183207,57.1314,4.977,1
227165,160624,575066,23.9209,6.9531,1
227174,160634,174563,45.5089,9.1924,5
227470,160834,560999,95.0099,6.3638,3
227472,160834,162077,68.8549,6.1203,3
227478,160840,581502,102.1154,4.6993,4
227666,145201,160978,24.0208,6.2281,1
227667,160978,183040,68.374,5.2907,1
228042,161239,573264,10.6301,7.5893,4
228043,161239,577677,85.3086,6.1889,4
228271,161395,162801,12.8062,2.9142,1
228441,161513,565926,93.1101,9.6458,1
228442,161513,577562,38.5097,8.3951,1
228643,161646,362349,49.5098,6.2503,1
229233,162077,162168,69.0724,5.3033,3
229993,162623,360958,8.228,1.2071,1
230066,162677,572746,32.8329,4.4203,1
230250,160384,162801,39.3517,3.4758,1
230285,162827,573089,27.0119,6.6472,4
230286,162827,578859,20.9921,7.68,4
231109,163434,363050,9.2376,2.8284,1
231856,163971,577677,7.5425,6.0552,4
231857,163971,580254,53.1256,5.9402,4
232106,164138,361801,20.2731,6.4534,1
232107,164138,362621,31.9739,8.0826,1
232692,163342,164555,8.2057,7.4725,2
233047,164808,167438,20.0721,20.7219,9
233081,164834,576441,75.4932,2.7071,1
233397,165059,166845,57.3585,5.4157,4
233618,165216,578859,4.0415,7.4051,4
234603,165928,188842,164.4989,4.8139,1
235300,166413,167075,17.6918,20.1307,5
235312,166420,594245,76.9538,5.4754,1
235603,166641,182056,85.5265,11.2133,11
235604,166641,361168,85.8817,15.7553,11
236228,167075,169794,39.3065,18.9849,5
236738,167438,171818,36.9083,17.6865,9
237006,167633,579102,75.6461,6.085,3
237093,167694,588508,41.0284,5.8282,1
237985,168328,592123,122.8897,9.7968,1
238533,156631,168720,25.4842,5.979,1
238804,167263,168926,27.8029,6.7016,1
238805,168926,594663,74.3841,6.7404,1
238899,169003,169085,4.4845,5.6081,1
238900,169003,755484,15.3948,5.2068,1
239058,169110,172380,36.1171,3.5355,1
239274,169260,582373,35.4133,5.6109,1
239275,169260,169866,14.5945,5.567,1
239631,169516,362350,21.1581,4.7182,1
239639,168720,169520,29.4279,5.9402,1
239681,169551,253001,22.9374,20.2805,1
239820,169655,183364,31.9642,5.2208,1
239896,169709,253122,4.468,13.3233,1
240023,169794,588095,27.3537,19.4289,5
240028,169799,756658,21.5484,17.2606,3
240114,169866,170293,14.3527,5.1197,1
240606,170222,582920,35.8833,4.7361,1
240720,170293,587245,13.2469,4.7913,1
240833,170375,585675,110.1385,4.9641,3
241344,170732,759970,42.7707,21.6382,3
241402,170767,175122,61.1274,11.378,1
241506,170839,592710,83.6673,6.2749,4
241805,171060,171345,18.3576,6.2264,2
242063,171236,619161,268.3841,7.3024,13
242210,171345,607159,229.5835,8.5503,2
242289,171407,586767,25.4689,3.8172,1
242721,171690,252427,13.0894,5.5649,1
242722,171690,258049,50.362,6.2281,1
242897,171818,761125,35.5668,10.3363,9
242966,169520,171866,5.4975,6.5182,1
242969,171868,175013,52.2398,4.2078,1
243331,172133,356306,105.5551,5.4155,2
243498,164555,172247,82.7976,7.5667,2
243619,172333,172581,4.6904,6.4342,1
243645,169085,172354,33.7211,4.7541,1
243685,172380,173444,34.4141,3.7594,1
243965,172581,185907,151.9934,7.0204,1
244081,172656,584044,181.7819,8.0176,12
244090,171407,172663,64.9076,4.0811,1
244115,172684,252221,18.0462,24.868,1
244116,172684,175656,12.3693,25.5519,1
244145,172699,586141,36.1801,5.6079,2
244319,172826,591231,10.419,8.2525,1
244326,172831,759569,19.779,13.1691,3
244327,172075,172831,9.2405,14.0352,3
244805,173181,176770,39.7676,5.7511,1
244832,173199,175121,17.6257,10.082,1
245058,173354,173444,29.9704,4.0035,1
245140,173410,754759,58.0747,7.1756,1
245275,173502,592324,52.4944,6.2838,4
245416,170375,173614,59.975,6.7428,3
245417,173614,600633,100.6164,6.7428,3
245693,173354,173815,7.0208,3.7796,1
245732,173843,254074,19.0962,16.9532,1
245837,172663,173920,21.6564,5.5822,1
245838,173920,596129,28.4605,5.9545,1
245914,173968,310208,70.088,5.6825,5
246006,171940,174032,30.6757,5.521,1
246141,174134,593247,46.1372,5.521,1
246142,174134,600714,60.0514,5.1421,1
246287,174238,174980,8.544,5.4155,1
246735,174563,374314,68.2752,12.5326,5
247525,175121,751714,207.6166,8.5789,1
247526,175122,176784,135.9228,12.3071,1
247611,175178,760860,26.6723,10.2227,3
247612,175178,180592,43.5421,10.4662,3
247613,175179,760534,19.4951,19.5959,3
247614,175179,176836,9.2832,14.1184,3
247853,175347,759569,11.9216,12.5688,3
248111,169618,175536,10.8474,3.0275,1
248112,175536,185446,17.195,4.3028,1
248264,175656,254439,19.7569,29.3193,1
248457,175795,178931,33.1813,5.6272,1
248707,175968,177414,17.8326,18.3283,5
249175,175013,176281,13.4536,3.8378,1
249176,176281,603026,47.8922,4.0503,1
249540,176538,602829,86.3983,18.3845,5
249766,176688,596950,30.4576,10.8361,1
249767,176688,598458,24.6082,14.1072,1
249769,176690,596950,13.3666,10.6217,1
249872,176770,777278,111.486,6.0738,1
249897,176784,178076,77.7603,10.8204,1
249972,176836,180976,26.4512,12.4191,3
250655,177300,206168,79.8288,17.8441,13
250826,176538,177414,8.7178,18.2743,5
251765,173199,178076,58.2771,9.0446,1
251991,178239,178316,14.8997,7.6811,1
251992,178239,606673,105.7261,6.3406,1
252357,169551,178518,20.3224,19.7336,1
252380,178533,183738,11.3578,16.5459,1
252496,173856,178609,4.2426,13.1148,2
252498,178609,200896,29.5635,11.0105,2
253195,179096,598725,19.1978,4.2247,1
253545,179330,606910,74.6972,5.0495,1
253676,179414,361176,81.9485,10.0678,1
253788,179488,598185,34.2146,8.4259,4
253817,179508,762118,63.2328,7.1756,1
253818,179508,197245,102.0374,6.3326,1
253923,172133,179576,36.6212,5.3723,2
254459,178518,179949,6.4807,18.7874,1
255344,180592,186558,34.3738,8.9267,3
255502,180709,183185,34.1467,3.8452,1
255701,180849,603191,10.247,10.4333,1
255881,180976,767538,12.5433,14.7478,3
255884,180980,592208,71.6395,6.1742,1
255885,180980,606889,60.8194,5.0495,1
256032,181079,787471,108.3585,9.8328,2
256034,181080,182502,20.0998,17.0433,1
256070,181102,602069,3.9158,4.6213,1
256805,181623,366919,15.5991,5.3782,1
256806,181623,199562,41.6053,3.5616,1
257042,181780,613647,86.4754,9.0286,1
257420,182043,369180,28.8508,8.6988,11
257962,182434,604439,3.2998,5.8723,1
257963,181102,182435,20.2237,5.458,1
257964,182434,182435,6.3246,5.8303,1
258029,182482,254296,5.831,19.0623,1
258059,182502,183340,21.0,17.1317,1
258508,182809,204251,334.6282,6.6401,3
258543,181010,182833,49.2037,8.4208,3
258544,182833,184484,22.8254,7.1413,2
259038,183185,605718,5.7663,5.2175,1
259072,182043,183207,78.4327,7.5523,1
259252,183340,609468,30.8149,15.7057,1
259385,183434,603026,24.7588,3.9921,1
259827,182482,183738,21.9773,18.577,1
260397,184146,367300,5.4772,7.4699,5
260412,184157,191197,80.287,6.6235,2
260462,184194,373174,36.0694,2.7763,1
260851,184468,606673,32.8532,5.3284,1
260852,184468,609601,47.676,6.0688,1
261307,184820,185343,13.0384,4.3008,1
262012,69853,185346,209.2463,3.0275,1
262152,185446,192912,23.856,5.0495,1
262211,185485,604139,37.3586,11.3099,1
262212,185485,188636,35.623,12.7849,1
262261,179414,185522,12.7323,8.3832,1
262274,185529,188880,53.6004,16.4096,5
262787,185907,626222,88.8482,7.1193,1
263327,186294,253754,15.6098,18.9076,1
263396,186333,187662,13.6382,16.3227,1
263430,172247,186358,94.9359,8.2144,2
263464,186381,189541,139.7426,10.1604,1
263466,186382,608651,59.9602,6.9775,1
263731,186558,187392,18.6041,7.6474,3
263980,186727,611881,60.9563,6.2281,1
264065,185346,186785,51.049,5.4428,1
264486,183040,187081,32.1559,4.4689,1
264911,187392,776707,45.7457,7.8516,3
264932,187406,190968,31.4246,15.021,3
265285,187662,255074,12.6711,16.7777,1
265292,187666,255076,6.4031,19.7413,1
265298,187666,187669,8.4853,18.8378,1
265356,187709,255203,15.5043,23.4857,1
265665,187941,363748,106.674,5.7511,1
265666,187941,365133,45.2843,6.5557,1
266335,183364,188410,18.7181,3.2975,1
266362,188429,211517,27.4874,8.0355,1
266451,188494,599631,112.9493,6.8571,1
266455,188496,612666,12.7802,4.2078,1
266714,188684,192147,156.9267,11.0652,1
266980,188880,191303,43.6005,16.9556,5
267190,188636,189041,5.7446,13.1896,1
267495,189278,626222,132.3946,9.4531,1
267541,157753,189315,28.2312,4.4954,1
267641,186785,189388,3.0,7.2108,1
267647,186930,189392,20.8379,3.9637,2
267648,189392,772517,21.3604,5.099,2
267858,189541,611890,39.7185,8.3529,1
268027,189664,365864,30.5832,5.0645,1
268028,189664,374018,39.3785,4.2976,1
268744,188494,190184,32.1403,5.1438,1
268745,190184,614468,17.6541,4.2976,1
268881,187682,190279,3.4641,22.6627,1
268882,190279,255940,18.4347,23.9686,1
269192,190498,773621,5.0,10.3581,1
269493,190710,191763,18.6011,2.8028,1
269852,190968,780679,33.3916,7.5199,3
269930,191025,203329,65.0615,3.8566,1
270168,191197,626291,47.1013,6.3894,2
270302,191303,191959,15.3623,15.9477,5
270436,191408,776541,10.4828,17.1134,3
270679,189041,191581,28.4605,11.5114,1
270821,191682,254989,20.2786,19.4535,1
270829,191687,195661,8.6023,16.7845,1
271163,191581,191920,6.7082,9.4586,1
271164,191920,622499,16.2444,12.3989,1
271222,191959,195692,63.1664,13.0232,5
271467,192147,622424,24.3029,12.5323,1
272348,189921,192745,24.779,5.7007,1
272349,192745,782679,33.5857,5.7007,1
272378,192766,633470,124.0108,4.999,1
273965,193895,292495,2.708,11.1803,1
274327,194151,200649,38.589,18.9329,3
274509,194285,196807,7.3485,22.5613,1
275169,194720,197412,46.3249,12.5792,1
275288,194815,630031,102.3778,8.7067,7
275404,194902,622454,19.6129,7.6155,1
275478,194954,601144,213.4437,8.2785,4
275492,194963,199738,66.4003,8.2417,13
276170,195407,378652,76.3275,34.2965,3
276226,195407,276756,134.3288,26.3261,3
276263,195432,625703,74.788,10.0729,7
276575,195639,767311,64.2811,10.5106,7
276606,195661,255670,23.3357,18.4714,1
276651,195692,631953,35.5246,11.8751,5
276774,194902,195787,63.0397,7.4113,1
276775,195787,633756,36.0077,6.8111,1
276833,188842,195836,34.3932,5.2035,1
276834,195836,781954,43.1239,5.8208,1
276853,195850,626468,7.1764,6.2281,7
276854,195850,627841,11.1654,7.0801,7
277429,196266,204758,100.4866,11.7643,1
278146,195622,196773,116.3228,4.6365,1
278192,187669,196807,19.3391,19.6495,1
278461,196991,229535,260.6914,6.3723,1
278506,196773,197023,5.099,5.2068,1
278646,197023,197130,18.4662,5.8735,1
278786,197234,198512,86.7237,4.8408,1
278802,197245,791651,113.0177,5.0378,1
278895,197312,627841,64.8742,9.6076,7
279033,197412,198456,13.3417,13.9032,1
279338,197626,197786,78.4729,7.0094,4
279339,197626,643715,96.4863,9.8701,4
279643,197850,783995,35.5434,9.1969,3
279644,197850,782638,16.1452,7.7054,3
279645,197851,636080,39.1394,4.977,1
280191,198244,200922,22.1133,7.0355,1
280196,198244,198248,16.9706,6.6177,1
280485,198456,632380,6.9041,13.0712,1
280517,198479,801324,231.5131,8.0707,1
280518,198479,779781,22.6127,8.8589,1
280561,197130,198512,86.539,5.5076,1
280739,198652,627023,65.7445,7.0674,1
280883,198757,632193,66.695,7.9078,1
280938,198794,623468,116.7433,5.8941,4
280973,197312,198817,141.3506,8.7202,7
281304,199052,201609,26.3439,10.5304,1
281455,199158,199159,5.3852,7.5452,3
281566,199231,371096,96.1955,4.6475,1
281567,199231,371666,7.2973,5.7878,1
281624,199265,643331,176.6481,6.4128,7
281900,192912,199469,60.9645,4.8408,1
281901,199469,214633,35.0085,4.5274,1
281955,199507,201157,39.5713,3.217,1
282288,199738,652081,136.6102,6.982,13
282490,199886,635974,12.8841,11.593,5
282818,198817,200108,81.9573,9.3309,7
283890,200896,202106,12.6886,7.0216,2
283907,200907,255945,11.1455,9.3553,1
283929,200907,200922,30.4138,7.6833,1
284034,201001,634894,12.8841,7.5828,1
284080,201037,788277,28.4462,9.5026,3
284243,201157,381182,47.1511,2.5322,1
284395,201267,208332,186.0887,6.3763,1
284815,201553,784363,4.4721,9.5911,3
284891,201609,201682,20.6398,9.4625,1
284959,201661,633210,23.7627,13.4682,1
284984,201682,204956,55.5068,9.4163,1
285420,180634,201984,107.5743,7.7054,1
285630,200108,202136,78.9747,11.3309,7
285715,202205,638705,54.1633,4.6926,1
286011,202414,283623,148.8642,5.4909,1
286277,202618,210548,36.6636,3.0,1
286369,202688,300449,115.1486,7.8102,1
286452,202744,658233,150.4387,6.9567,1
286797,193895,202979,28.1366,9.9776,1
286818,202979,202993,17.3829,7.3875,1
286985,202205,203110,13.7477,3.8028,1
286986,203110,204256,13.4536,3.6056,1
287127,203209,257100,9.9499,16.0446,2
287299,199562,203329,8.3133,4.2386,1
288586,204251,207254,42.6263,6.0822,3
288594,204256,652337,74.2264,4.4009,1
288630,204281,788266,29.3655,15.6173,3
288774,204380,635227,55.5997,4.7431,1
288775,204380,205309,23.7276,3.6736,1
288856,204441,786938,8.7496,24.2476,2
288905,204471,636080,88.2056,4.5616,1
288906,204471,646968,24.2774,4.6213,1
289308,204758,212954,85.0673,11.0613,1
289569,204956,206726,24.5357,10.7471,1
290065,205309,650570,43.8964,5.0043,1
290211,205408,632376,52.1664,4.5616,1
290273,201001,205453,158.2308,5.9292,1
290361,205525,642920,72.2326,9.4244,6
290581,188160,205692,75.0363,4.2523,1
290944,205453,205953,10.4881,6.4225,1
290987,205979,378710,17.8979,5.0981,1
291119,205953,206078,79.0633,8.3323,1
291180,188410,206121,48.7576,5.1801,1
291248,206168,377604,16.5379,17.5545,13
291408,206276,642885,15.695,7.5976,1
291409,206276,216808,116.8161,7.8075,1
291650,206442,207318,6.2004,11.979,4
291652,206444,790075,12.161,11.2193,4
291653,206444,790274,38.9986,11.9314,4
291801,206543,638196,74.0855,7.0674,7
291802,206543,207621,19.8494,6.0346,7
292070,206726,650625,28.6628,11.4034,1
292562,207089,207501,14.4914,11.3524,5
292781,207254,719349,506.0099,7.1133,3
292873,207318,208880,21.5948,12.1226,4
293126,207501,212876,72.7324,11.0227,5
293297,207621,208454,184.5779,7.5091,7
293938,208056,210824,20.5081,7.4491,2
294090,166673,208170,23.5414,9.3268,1
294144,208204,210980,257.2275,7.7848,6
294263,208289,214286,32.0247,7.7782,3
294506,208454,648676,29.023,9.7358,7
294602,208523,642432,47.6775,7.1067,1
295078,208848,649619,8.0,5.3852,5
295123,208880,792281,13.4247,12.8352,4
295219,208289,208949,37.1263,9.1184,3
295450,209102,209421,8.8318,14.654,3
295479,209121,796411,20.7364,3.7913,3
295820,209376,790274,45.1349,13.5,4
295884,209421,792340,3.8586,14.8802,3
296037,209527,794810,14.6401,7.8827,3
296078,209562,214451,29.9796,19.1747,3
296146,209612,653189,34.3609,9.434,1
296254,209692,794810,11.4537,8.4619,3
296300,209725,210317,6.8475,13.0765,3
296623,209944,651695,22.1585,7.4051,1
296624,209944,653189,14.887,8.217,1
297051,209376,210248,19.8511,14.7136,4
297136,210317,210875,32.3763,12.1789,3
297468,210548,213424,15.6575,4.7016,1
297858,210824,217265,130.4036,7.129,2
297929,210875,210970,18.4331,12.3498,3
298000,210927,211194,13.78,5.1421,1
298017,210938,792281,36.0447,13.5447,4
298018,210938,794132,6.1283,14.0328,4
298061,210970,794248,14.8661,13.1708,3
298073,210980,651825,27.0103,6.2037,5
298074,210980,212878,66.174,5.8698,1
298188,211063,211387,3.4641,7.0958,1
298374,211194,620806,62.7526,4.9839,1
298440,211233,797165,27.9165,5.9313,3
298468,211256,659203,33.0606,5.0368,4
298622,211361,656692,16.7498,7.7669,1
298657,211387,215306,64.5368,6.1911,1
298705,211420,794132,11.4988,14.6088,4
298706,211420,213716,28.9943,14.5562,4
298853,211517,252354,15.7878,9.744,1
299042,211662,248600,110.2089,4.2737,1
299314,211833,522460,4.761,6.9567,1
299382,211882,298475,107.3696,4.6997,1
299410,211903,656752,75.1835,5.2421,1
299411,211903,211904,73.0548,5.5649,1
299546,210049,212006,48.4665,5.0299,1
299547,212006,215563,41.7852,5.862,1
299945,210248,212287,26.8618,15.7913,4
299947,212287,212288,8.2529,16.651,4
299975,211233,212310,51.4296,7.4479,3
299976,212310,213964,32.2783,8.3079,3
300264,209692,212506,31.6178,6.5539,3
300268,212509,212627,7.874,13.0151,3
300322,212543,657819,14.7196,5.4,1
300395,212593,215886,45.3933,8.247,3
300396,212593,797301,25.1263,8.8023,3
300400,212596,797301,16.7,8.9399,3
300456,212627,796350,13.9284,12.067,3
300808,212878,217052,77.5758,6.364,1
300851,212907,223939,34.6157,17.1889,3
300921,212954,800249,31.2303,8.9786,1
301186,213155,652081,38.4838,6.1127,13
301188,213155,661150,17.8326,5.6109,13
301408,213306,376110,22.0756,3.3708,1
301455,213339,654011,23.4047,5.4772,1
301466,213347,650733,31.9826,5.5649,1
301467,213347,214632,17.9165,4.7541,1
302131,213716,213840,13.6748,14.9803,4
302155,212288,213856,14.0673,17.2334,4
302583,214143,796801,24.0693,9.8875,1
302691,213840,214216,33.4033,16.3887,4
302692,214216,214354,8.7178,16.4204,4
302783,214286,796411,37.1383,8.571,3
302826,214319,649619,61.5224,4.8139,5
302828,214319,215020,6.7823,4.3574,5
302875,214354,215679,47.8075,15.8114,4
303001,212907,214451,31.9527,20.6434,3
303025,212876,214470,20.6398,11.0227,5
303087,214514,377931,12.2972,35.2702,3
303273,214632,673508,78.1601,5.4157,1
303274,213306,214633,23.1124,3.7361,1
303362,214697,217447,13.9463,6.8012,1
303363,214697,227025,65.9347,9.5452,1
303575,214842,223240,9.0,6.2838,1
303593,214856,664215,49.8721,4.9839,1
303825,215020,670732,77.4234,5.9103,5
303890,215072,215433,16.5345,19.4493,4
304234,215306,665340,53.3187,4.899,1
304405,215433,798585,20.6855,18.0092,4
304412,215439,219615,89.853,9.7697,1
304414,215439,217078,12.4186,10.5902,1
304572,215563,664291,21.0762,7.1763,1
304730,215679,215810,12.1564,15.4224,4
304899,215800,335784,130.4663,12.2664,5
304913,215810,216823,19.163,14.0167,4
305126,215959,379043,6.2716,31.6099,3
305307,216076,800259,9.8432,22.3785,4
305347,206121,216103,40.3016,5.6432,1
305349,216103,240949,59.7191,4.0811,1
305624,211833,216296,31.4272,6.5555,1
306338,216808,219532,56.8595,6.5633,1
306341,216810,662903,19.9388,3.0275,1
306359,216823,223745,93.4505,10.0707,4
306391,216844,803199,16.3197,4.3028,1
306549,216965,802282,22.6323,9.6452,4
306550,215886,216965,32.18,8.105,3
306624,217010,245336,112.7756,11.3102,1
306691,217052,663748,34.3414,7.0711,1
306913,217206,659203,52.8709,4.8139,4
307004,217265,218606,23.6408,7.5374,2
307234,217010,217422,11.5902,14.611,1
307265,217445,217446,6.8394,8.775,1
307267,202993,217447,27.8478,5.5,1
307274,217453,671504,44.1026,9.8464,5
308027,217982,372413,74.7128,5.0,1
308028,217982,380998,147.3805,4.5,1
308163,218084,234546,255.5504,6.1567,1
308901,218606,221481,34.6041,8.1203,2
308972,218647,252770,31.8952,25.7739,3
309104,218742,391516,93.5551,16.9704,15
309469,219005,254439,64.0885,33.3479,1
309470,219005,220386,4.2426,35.8384,1
309505,219036,220675,19.3391,4.899,13
309517,219044,677949,97.5033,9.9955,1
310152,219489,228599,131.9924,6.7787,5
310212,219532,223258,66.4981,5.9655,1
310332,210927,219615,38.5775,7.2192,1
310445,219701,223863,34.9082,5.2421,1
310476,219721,384102,17.6078,16.8561,13
310610,219814,802395,20.3142,15.0961,4
310862,219997,663748,33.946,6.7371,1
310863,219997,669851,4.0,6.4031,1
310922,220046,220316,39.975,4.3203,1
310923,220046,224693,56.116,4.7408,1
311303,220316,667000,46.8728,4.8708,1
311352,220358,800831,106.4738,10.5695,4
311353,220358,222645,44.5097,14.4598,4
311398,220386,258827,33.7079,36.282,1
312542,221212,231810,39.4525,4.885,1
312712,221324,807544,10.198,5.3779,1
312927,221481,221675,16.2224,7.4011,2
312957,221505,806167,31.6316,4.3969,1
312958,221505,229904,59.9157,5.0838,1
313205,221675,805876,14.1951,7.1383,1
313898,222177,256859,24.6779,4.9936,1
314088,222312,235959,133.3742,16.3085,4
314089,219814,222312,27.3679,14.4262,4
314256,222426,680757,82.9036,7.2327,1
314258,222426,662554,17.6635,6.9466,1
315141,223069,224076,11.3578,6.2696,1
315274,223160,678610,38.9915,6.2696,7
315383,223240,338605,65.5591,5.8941,1
315405,223258,673922,28.5365,5.9103,1
315497,223319,294066,215.8634,4.872,1
315509,223326,679621,67.5845,5.5822,1
315510,223326,676780,42.1268,4.6795,1
315736,223481,385629,21.4295,8.5438,2
315897,223596,805876,82.764,7.5794,1
315899,223596,225618,93.498,8.0282,1
316022,223686,224068,6.3421,17.9721,3
316101,223745,811383,17.0945,6.3093,4
316264,223863,224314,18.8237,5.2421,1
316363,223939,226628,12.2342,8.1782,3
316556,224076,678666,19.7906,6.9942,1
316734,224204,687584,104.4728,6.8093,1
316735,224204,678245,17.95,6.7774,1
316850,224285,258912,15.8605,19.86,2
317244,224565,237886,117.8898,5.0043,13
317422,224693,685875,30.8419,3.9496,1
317687,224865,258706,6.9761,4.3523,1
317772,224921,806167,35.0275,3.8944,1
318071,225134,664834,3.3665,10.9287,1
318211,225237,233834,15.0997,7.7416,1
318763,225618,226949,12.7236,8.3657,1
318831,225661,649027,72.9155,6.0552,1
318832,225661,287194,6.627,6.9909,1
319961,226453,693869,86.3809,6.2368,1
319962,226454,817872,64.6065,13.5013,4
319963,226454,809720,24.5967,13.6079,4
320085,226539,811050,5.831,7.9681,1
320186,226612,812254,6.6816,2.5322,1
320660,226949,227685,28.1997,8.3959,1
320765,227025,280531,176.1984,6.244,1
320954,227166,229542,29.8831,4.9338,1
320955,227166,230897,61.3677,4.9338,1
321682,227685,813024,15.6098,8.0903,1
321801,227769,229789,12.2429,9.7358,1
321874,227811,389274,47.4513,29.1683,3
322802,228455,266834,48.9274,4.4665,1
323003,228599,229346,36.1109,7.1056,5
323265,228782,685875,9.7582,4.1078,1
323439,224314,228903,48.1641,4.4246,1
323525,182043,228963,237.7121,9.4845,12
323526,228963,395464,137.5439,13.0483,12
323801,113471,229143,88.3571,3.9173,1
323803,229143,229237,25.3013,6.1926,1
323954,229245,694233,133.0413,6.3287,1
324100,229346,691066,13.1909,6.1056,5
324367,225237,229535,111.6826,6.8541,1
324587,229702,231505,46.9148,5.4218,1
324863,229904,235953,88.0265,4.6365,1
324973,229985,230150,15.1658,5.6569,1
325216,229702,230150,38.6911,4.6708,1
325372,230253,816917,13.1867,5.57,1
325798,228903,230552,14.3682,5.0487,1
326292,230897,696485,109.8084,5.1029,1
326622,231138,233875,104.5419,6.5822,1
326623,231138,703815,62.9126,6.3988,1
326761,229088,231241,33.6749,5.6109,1
326762,231241,236110,51.4101,5.3218,1
327114,231505,231788,46.5296,6.1127,1
327116,231506,690477,37.8095,7.8719,1
327159,231533,235953,33.7754,4.4126,1
327527,231788,706948,62.57,5.7899,1
327561,231810,271822,64.7907,5.7748,1
327897,232048,232384,78.543,4.8452,5
328315,232344,695654,4.5461,6.5822,1
328381,232384,696877,49.7214,4.4068,5
328406,218647,232403,22.2723,30.9911,3
328823,232705,693869,13.6015,5.9713,1
328948,231768,232790,17.7482,4.8002,1
328949,232790,233118,17.3781,4.1528,1
329196,232960,699971,24.9043,4.9936,7
329217,232974,238590,48.6613,10.9118,3
329289,233024,696877,3.1447,4.1231,5
329720,233337,387033,31.1833,6.1451,2
329721,233337,260010,125.7558,7.3786,1
329785,233381,240458,69.771,4.458,1
329786,43049,233381,46.1628,4.3723,1
330265,233718,819113,3.6827,12.9606,3
330383,233803,235351,37.5366,8.2525,1
330433,233834,787063,12.5433,7.3875,1
330965,213424,234229,57.5482,5.0724,1
330966,234229,236359,6.8048,3.7417,1
331418,234546,714837,51.0316,6.2027,1
332508,235351,237561,42.5911,8.357,1
333367,235973,693472,57.0195,11.6824,1
333730,234960,236243,58.9746,6.5191,1
334030,233718,236448,22.3745,11.5509,3
335297,236110,237377,54.1664,4.999,1
335298,237377,241979,67.4759,5.7118,2
335517,237525,257763,42.2243,10.118,1
335613,2319,237600,20.267,15.5819,3
335742,237689,400063,91.9638,16.3752,13
335743,237689,384102,16.1658,16.0139,13
336503,238230,238940,6.7082,7.68,5
336637,238328,260212,38.979,26.0884,3
336906,238524,813053,50.4414,4.8002,1
337484,238940,245487,69.4766,7.1838,5
338027,239328,242788,230.9004,3.3028,1
338028,41085,239328,14.6515,3.0275,1
338761,238590,239843,4.6428,8.4228,2
338762,239843,240205,4.5826,7.9702,2
338787,229789,239861,83.5657,9.1368,1
338791,72302,239864,62.6829,5.8166,1
339203,240161,717215,5.6273,5.8407,7
339649,135446,240458,97.7884,4.0761,1
340313,240905,804770,249.0004,5.2617,1
340379,240949,392511,69.3986,4.3028,1
340932,241351,295515,12.1198,4.7913,1
341806,241979,243771,31.5911,6.7678,2
342576,242520,727599,49.6711,8.3037,3
342931,238590,242788,26.7727,5.5927,1
342939,242792,816917,47.5783,5.7913,1
343271,243024,252105,108.4476,7.0674,4
343291,243036,680774,9.2496,12.6577,1
343713,242792,243348,11.2622,6.8541,1
344039,243578,243587,10.0,7.1455,3
344051,243587,378671,78.6278,8.3394,2
344052,243587,247155,14.5029,7.0153,1
344263,243737,243847,5.7446,5.6109,1
344315,243771,246727,43.9431,5.4764,2
344426,243847,730176,161.4621,5.8208,1
344427,243737,243848,130.702,5.3723,1
344461,243873,722243,11.6442,11.9726,1
344462,243873,243874,14.2127,11.7972,1
344560,82264,243951,26.064,8.8296,1
344680,244033,247722,37.305,2.4142,1
344681,244033,244034,6.4505,2.4142,1
345794,243874,244838,132.2044,8.162,1
345863,81389,244885,38.7284,5.0414,2
346201,245125,706886,68.7677,5.958,4
346202,245125,250952,53.5257,5.0196,4
346509,245336,726195,83.2246,5.7361,1
346722,245487,735317,58.6307,7.432,5
346792,135910,245535,60.9325,3.7913,1
347197,238524,245824,130.3866,4.1231,1
347198,110033,245824,50.9335,4.2976,1
347678,246164,247411,16.7332,4.6795,1
347798,137029,246239,65.676,16.3723,1
347906,246317,729971,12.2429,8.779,3
348129,246467,726022,15.0333,6.5927,1
348420,246678,248802,39.3849,3.8723,1
348439,246689,246690,4.2426,5.6506,1
348440,246283,246690,8.124,4.8139,1
349042,246689,247107,46.3357,5.4075,1
349043,247107,252346,75.379,5.5317,1
349115,247155,379997,56.1001,5.4332,1
349249,85321,247254,10.2256,5.9569,2
349250,102539,247254,6.1695,4.9155,2
349486,247411,249693,12.53,4.7913,1
349653,245535,247536,79.5687,4.7913,1
349654,132768,247536,33.4166,5.0,1
350662,248224,388454,8.5245,13.6724,3
350848,149616,248355,32.5478,25.3572,1
350849,248355,252221,37.3195,26.2045,1
350922,108843,248407,26.3502,23.1062,1
351029,248480,251827,7.2495,9.1964,2
351160,99159,248578,54.8224,26.755,1
351189,248600,250326,31.0269,4.1068,1
351413,248754,821313,102.6461,8.2265,1
351473,248802,250042,94.4925,4.3723,1
351603,248407,248899,6.7495,21.4201,1
351818,248899,249050,12.7061,20.8682,1
352041,249204,249799,17.3066,21.0401,1
352459,105872,249499,14.7422,17.5336,3
352460,135496,249499,7.3485,17.4913,3
352734,249693,737536,13.7921,4.6365,1
352873,249050,249799,14.3269,20.1278,1
353226,100531,250042,35.3412,3.7913,1
353364,122266,250148,87.935,5.0517,1
353365,175769,250148,30.4941,4.9338,1
353727,102539,250404,34.9937,5.9051,2
353850,92910,250481,55.5038,3.9822,1
354009,249204,250593,48.1906,22.4609,1
354039,141883,250613,7.6594,5.2617,1
354213,248541,250737,45.7493,4.9497,1
354375,250846,251779,10.1912,12.3871,3
354494,250593,250924,15.6383,21.0038,1
354530,250952,744111,33.0255,5.9986,4
354554,53142,250972,40.679,13.2181,1
354733,251112,734118,17.0,6.7371,1
354734,251112,761364,97.4628,6.451,1
355116,251373,253058,28.4429,5.0368,1
355414,146935,251583,13.35,18.8673,1
355644,248754,251744,27.1027,7.7175,1
355694,227811,251779,37.5843,24.9907,3
355764,251827,398066,98.554,9.772,2
356029,251583,252013,8.2731,18.5873,1
356165,252105,268903,120.852,7.8793,4
356200,154722,252133,3.3665,19.4254,1
356201,252134,253362,36.0482,15.429,1
356202,252134,252282,4.3108,14.3873,1
356316,252213,252558,36.6753,16.6368,1
356428,154956,252290,32.1685,21.5503,1
356502,252346,732935,98.7421,6.3226,1
356509,252354,356592,18.3727,8.3263,1
356606,36739,252427,121.2422,5.4218,1
356786,252282,252558,26.6729,14.3353,1
356820,189388,252580,113.4299,6.4862,1
357093,252770,388992,3.448,14.2562,3
357333,252938,784999,157.4004,8.0137,5
357416,160319,253001,20.6955,20.1771,1
357499,253058,713167,138.9412,5.7878,20
357500,253058,254208,9.1104,6.1558,21
357596,253122,253200,18.9478,13.6973,1
357707,252213,253200,53.2923,15.9988,1
357725,253212,254375,38.4993,23.3325,3
357933,173843,253362,16.0384,15.549,1
358304,253609,747283,16.1142,6.6472,1
358502,178533,253754,3.8297,16.7777,1
358752,123774,253926,119.1115,6.4803,1
358756,240905,253929,143.5278,5.7748,1
358757,253929,255692,82.8667,5.1926,1
358963,187709,254074,6.7823,20.7514,1
359152,254208,267817,94.1701,6.4419,21
359263,179949,254296,3.6056,17.775,1
359387,254375,265151,40.9731,14.4428,3
359463,198248,254434,31.4059,10.2411,1
359474,250326,254442,44.9364,3.9637,1
359475,157753,254442,61.7258,4.3523,1
359576,254510,720285,35.8469,4.3509,1
359577,186294,254511,8.7496,19.9846,1
359891,236359,254739,35.2184,4.3708,1
360249,187682,254989,6.2093,20.2466,1
360378,254511,255074,13.784,18.5699,1
360380,186333,255075,16.3673,18.3539,1
360382,255075,255076,10.403,20.1989,1
360579,191687,255202,36.3129,20.1956,1
360580,255202,255203,8.9082,24.7082,1
360817,191682,255369,10.7705,21.096,1
361226,255369,255670,39.217,20.7603,1
361258,189315,255692,11.4164,5.1926,1
361353,194285,255754,3.3166,24.5647,1
361363,255760,292668,39.1961,7.9282,1
361370,255765,255766,20.3316,7.0229,2
361371,202106,255765,8.0208,4.3523,2
361373,255766,256367,22.2669,11.3846,2
361427,255805,742857,22.6471,7.9282,3
361624,255754,255940,8.8717,24.3676,1
361631,169709,255945,25.0976,11.3364,1
362185,254434,256319,54.6148,12.3551,1
362258,203209,256367,37.3502,14.0542,2
362282,252290,256383,23.0115,21.0814,1
362283,256383,257965,11.1878,21.8659,1
362378,254739,256448,6.3683,5.3723,1
362638,256640,750454,29.524,9.6424,3
362915,256828,257513,3.8297,1.9142,1
362958,187081,256859,25.5212,4.7431,1
363178,257021,257483,4.3589,5.4218,1
363286,224285,257100,19.6977,17.0147,2
363347,253926,257146,28.3549,6.9432,1
363348,257146,259087,24.2166,7.3247,1
363570,256828,257300,27.1743,2.4142,1
363571,257300,257774,15.0407,2.7321,1
364227,256319,257763,14.3682,11.923,1
364248,175769,257774,51.517,3.7936,1
364347,251744,257842,75.8808,6.7546,1
364349,257842,330320,116.8061,6.3533,1
364530,253925,257964,54.8597,6.2696,1
364531,228455,257964,15.0997,5.0368,1
364532,257965,268632,87.0508,23.5685,1
364651,258049,259917,38.2129,5.8807,1
365566,222177,258706,21.9545,4.6708,1
365732,258826,267734,87.1563,5.5649,1
365861,258912,268491,62.7719,12.2247,2
366285,258827,259208,23.5337,35.0748,1
366286,259208,259353,6.364,31.8166,1
366538,256229,259402,26.1992,19.3639,7
366539,259402,291500,20.9603,20.7596,7
367112,245172,259816,26.3042,24.0031,3
367253,224865,259917,154.4816,4.148,1
367676,260212,265028,13.2445,14.9856,3
367875,257021,260347,57.5326,5.1636,1
367876,260347,263352,20.6398,4.0941,1
367998,260440,261076,20.4695,4.9495,1
368130,260537,269414,97.9285,7.0,1
369556,261556,262746,73.7319,6.0707,1
369557,261557,262721,16.4012,22.3275,3
369571,261568,262723,15.3911,26.209,3
369574,261568,261569,11.55,26.6954,3
369575,261569,392241,3.35,23.6364,3
369604,261589,269776,111.984,15.8892,1
369773,256640,261714,53.9351,8.4345,3
369774,261714,760831,7.2111,7.8367,3
369947,261844,392109,4.8189,5.2881,2
371205,259816,262721,14.0694,22.5213,3
371207,261557,262723,6.9516,23.6043,3
371237,262746,299057,19.6469,6.7723,1
372076,263330,788734,79.6158,7.4833,4
372108,263352,263617,134.7294,4.6751,1
372333,259353,263507,25.318,31.9041,1
372334,263507,264833,27.8448,33.8484,1
372476,263617,265368,17.1172,6.6139,1
372578,263701,769103,49.0998,6.7723,1
374506,265028,393972,7.8951,11.1747,3
374693,265151,331299,38.943,10.4252,3
374705,265159,764376,6.9442,6.4031,1
374988,265367,265542,15.6525,5.1421,1
374989,265368,788307,146.9565,7.7728,1
375989,266066,284543,10.198,5.2617,1
376178,266210,761336,31.791,10.595,1
376252,266269,394386,17.5615,15.8389,3
376253,266269,392563,4.5907,21.7265,3
376274,266281,338220,32.9798,9.142,1
376345,266335,280108,34.5302,4.9936,1
376708,261556,266586,59.0561,5.1926,1
377045,266834,298781,39.4828,5.0378,1
377144,266908,770123,3.448,16.4945,1
377337,267052,280859,154.8612,6.1127,1
377408,250481,267105,140.3646,3.8643,1
377450,267136,338672,20.3224,21.1549,6
378244,267105,267668,9.0,4.511,1
378245,267668,353425,21.6256,4.7408,1
378338,267734,275343,72.4722,6.2634,1
378443,266908,267806,10.247,17.1073,1
378457,267817,776165,99.0252,6.03,21
378623,267933,334021,14.4703,19.2187,2
378624,267933,269054,24.7415,18.5678,2
378980,266586,268172,59.1176,6.4342,1
379120,268277,781105,75.6813,5.3852,1
379206,268342,793349,125.3847,5.5335,2
379396,268491,334021,67.1456,12.304,2
379467,267806,268539,25.2389,16.8346,1
379600,268632,275742,54.8093,16.0171,1
379802,261654,268778,111.7766,6.5339,1
379984,268903,385752,51.5772,8.8703,4
380201,269054,269672,4.4845,20.3657,2
380604,269338,781082,57.6243,14.7801,2
380706,269414,272410,39.2556,6.8541,1
380934,269573,274598,47.1063,9.6162,15
381162,269727,362282,12.2338,21.9925,6
381228,269776,279648,52.0715,14.1154,2
381514,259087,269973,130.5998,8.7057,1
381516,269973,271358,12.3628,7.8613,1
381618,270050,273519,69.0652,11.2147,2
382186,270446,783771,13.784,3.5616,1
382981,271018,273008,135.0854,7.3314,1
382982,271018,525495,117.9936,8.7748,1
383035,269672,271057,22.4577,19.0615,2
383256,271207,382814,121.9117,5.1926,15
383257,271207,276762,35.7941,4.7541,15
383275,271220,272480,34.0294,5.5311,1
383343,269056,271267,29.0937,10.6725,1
383786,271580,779089,33.8707,6.5164,1
383856,271641,783791,12.2701,4.9497,2
383997,271740,490867,220.9098,7.0348,1
383998,267136,271740,76.0578,13.6989,1
384125,271822,398171,56.1486,6.0467,1
384967,272381,402997,30.6814,21.1769,3
385008,272410,788985,28.6279,7.0283,1
385087,268342,272461,61.0,7.713,2
385088,272461,806019,136.4181,5.94,2
385454,272730,273713,7.3485,6.9873,1
385843,273008,378874,55.4817,6.451,1
386262,272855,273302,4.7376,15.0479,1
386570,273519,274208,16.0935,11.2147,2
386713,273302,273634,6.6111,16.3854,1
387143,272846,273916,51.7011,7.1133,1
387554,274208,278834,50.8527,11.8775,2
387678,274302,804090,38.648,3.7417,1
388258,274727,395464,5.2118,17.7661,12
388816,275131,314540,31.2019,6.9495,3
388817,275131,282013,29.6011,4.7408,3
388903,275192,437246,78.0271,2.6213,1
388905,275192,275741,12.05,5.3617,1
389139,275343,281780,49.8052,5.9407,1
389709,275742,450824,29.1357,14.2156,1
389888,275869,807701,30.9713,10.3377,5
390057,271515,275985,63.663,18.3995,6
390059,275985,277737,25.9097,15.7284,6
390145,275396,276042,32.3419,3.9241,1
390146,276042,276511,14.8661,4.6312,1
390296,276146,418908,5.099,8.1203,1
390298,276146,429899,20.3142,10.4562,1
390531,276302,785637,57.2723,5.1029,1
390532,276302,279586,29.2746,3.7936,1
390813,275396,276510,36.1248,4.4126,1
390814,276510,278916,29.3598,5.6079,1
390815,45533,276511,219.2322,5.3779,1
390824,276517,790881,47.2708,9.6414,1
391164,276756,283591,33.6914,10.5704,3
391612,277072,787698,27.1662,4.7194,1
391614,277072,280948,34.3802,4.9433,1
392107,277428,803138,59.2712,14.5511,1
392398,277637,429899,19.2435,18.1489,1
392399,277637,277965,4.0595,22.4695,1
392535,277737,490900,60.2412,11.1335,6
392881,277965,456253,11.6476,23.1178,1
392928,276517,277998,48.6415,9.1891,1
393246,278229,808756,35.3742,3.0,1
393302,268539,278273,246.0346,13.183,1
393439,278372,804065,8.518,9.2156,1
393589,278472,606241,215.2317,10.4289,1
393590,278472,278582,17.0261,11.0214,1
393749,278583,508785,74.8101,15.4189,1
393751,278582,278583,12.8712,10.2468,1
393763,278593,279513,11.0905,17.1516,1
393909,278696,299162,34.6284,8.5422,2
394078,277428,278806,42.0833,15.0646,1
394115,278834,281436,39.5095,9.5176,2
394606,279176,808155,16.66,4.4721,2
394618,279186,320620,618.5095,13.5968,1
394620,279186,788307,64.3679,8.853,1
395087,279513,279823,4.899,18.3205,1
395178,279176,279576,51.0784,4.4721,2
395192,279586,817980,28.1366,5.8552,1
395277,279648,480805,18.0185,8.4328,2
395293,278916,279661,6.0,6.8166,1
395383,279576,279719,71.0352,6.2981,2
395524,279823,280000,25.9615,19.2201,1
395787,279999,810685,78.6702,24.2878,1
395789,280000,808752,25.9679,19.9331,1
395816,280019,820952,30.9175,9.3671,1
395936,268172,280108,52.4436,5.863,1
396232,280314,810684,5.3502,27.3388,1
396304,280364,396785,9.1652,26.7291,3
396428,280457,805990,61.3845,13.8284,1
396494,280506,304272,16.5529,22.4574,2
396525,271220,280531,100.1748,5.0311,1
396557,274727,280553,14.1145,17.3276,12
396580,280570,466777,10.3118,4.7541,1
396939,280833,281132,3.0,2.5322,1
396979,280859,282902,33.0757,5.5317,1
397103,39323,280948,40.8167,5.0378,1
397163,280998,810347,26.4953,7.3143,21
397349,281132,281699,5.3852,1.618,1
397428,281187,281188,5.8689,18.4647,14
397429,280553,281188,8.4722,16.6221,14
397562,280756,281276,36.3074,20.371,1
397563,281276,289382,55.2287,23.0617,1
397589,281292,816599,44.2742,9.1098,1
397612,278372,281311,89.5545,8.6485,1
397613,281311,283780,17.0294,7.1067,1
397768,142527,281419,142.549,6.6328,2
397989,281572,484865,16.9629,30.3293,1
398278,281780,282795,34.7755,4.3523,1
398289,271358,281786,210.213,7.432,1
398290,281786,283225,64.7625,6.7028,1
398778,95869,282116,53.3854,5.2607,1
399207,282419,282902,30.6757,4.4126,1
399308,282489,397024,3.3823,24.3814,3
399718,282791,284619,15.8535,7.482,2
399725,282795,496042,25.2124,3.6056,1
400298,237525,283192,20.9762,8.6113,1
400299,266281,283192,44.8665,11.0081,1
400481,283307,289632,17.4674,22.4479,3
400482,280364,283308,9.4104,27.8941,3
400647,47639,283424,50.3477,8.3773,21
400750,283147,283492,12.8841,7.562,1
400751,283492,286212,68.0294,7.6833,1
400939,283623,296715,23.4947,6.6469,1
401071,283711,403747,104.0972,3.8643,1
401184,151693,283780,56.2805,6.0738,1
402098,54623,284418,20.7766,8.9346,1
402100,284418,808446,59.8514,6.2838,1
402161,112083,284461,75.5932,7.8075,1
402242,284512,290233,58.4627,13.39,1
402243,283225,284513,33.473,6.8796,1
402245,284513,284733,3.8873,7.5317,1
402264,284527,493553,8.7496,5.099,1
402287,284543,455820,143.8819,6.3226,1
402390,284619,516693,28.6007,8.7745,2
402931,283591,284977,20.1935,10.1627,3
402933,284977,285542,17.4801,11.6593,3
403040,283859,285056,112.1651,8.4155,2
403041,285056,289099,121.0537,5.6541,2
403321,285248,490856,36.5969,6.5288,1
403347,285268,530907,244.239,9.3261,1
403699,283307,285527,7.6085,22.3901,3
403714,285540,287278,11.0454,14.1746,3
403715,285540,285541,9.8548,13.1712,3
403716,285541,285542,10.1957,12.5693,3
403763,284792,285574,10.3172,8.8805,2
403764,285574,517910,4.899,4.8599,2
403983,274598,285722,46.5212,9.8464,15
404108,285808,286663,24.9564,17.3436,1
404374,285995,288466,57.4708,13.1058,1
404375,285995,286663,4.1366,15.8215,1
404562,286129,291923,83.6301,6.3546,5
404676,286212,286946,25.0998,9.4274,1
404858,285156,286336,10.247,3.9921,1
405113,47038,286519,12.3378,5.6323,2
405359,286703,395896,19.7146,16.4283,15
405604,286872,296742,96.2756,3.7199,1
405927,287107,288005,52.3163,6.9343,2
406160,287274,291652,32.2025,13.0535,3
406164,287274,287278,7.3636,15.1341,3
406247,243578,287340,104.6762,7.4407,3
406281,278273,287364,175.1171,6.6098,1
406282,166673,287364,70.2994,6.6098,1
406363,284527,287426,25.7402,6.8507,1
406499,287532,397242,13.1783,7.3124,1
406531,286519,287556,13.9284,6.0927,2
406591,287598,403200,39.8251,9.7309,1
407135,102149,287990,57.7177,6.5557,3
407160,287556,288005,24.9399,8.0932,2
407180,129651,288018,26.3947,9.7133,21
407637,288329,553203,21.3698,8.7979,1
407873,288495,525495,20.6774,9.674,1
408130,288670,415420,148.1043,10.095,1
408131,288670,396682,27.2132,8.5438,1
408639,288329,289016,8.8694,8.4853,1
409004,215800,289266,66.863,12.5415,5
409301,289497,290706,54.0833,8.2305,2
409428,289587,499423,110.4244,8.6406,1
409429,285268,289587,76.7898,9.9239,1
409500,289632,400086,8.2999,20.9516,3
409831,289858,296505,54.9363,4.7541,1
409987,286336,289969,50.7543,4.4665,1
410345,290216,554413,12.8323,9.7946,2
410367,290233,297997,47.6221,12.2064,1
411041,278696,290706,149.9954,7.2744,2
411260,290852,297453,123.8951,8.8305,21
411265,290855,560926,65.2722,21.736,1
411266,290855,611273,37.141,22.049,1
411770,291203,550478,4.3205,17.7989,1
412174,267136,291500,19.9583,20.2473,7
412220,282419,291536,65.1997,5.3229,1
412221,291536,292934,25.5734,5.8941,1
412396,291652,294576,35.7036,11.4921,3
412700,291854,292205,10.2419,8.9109,2
412738,291879,398064,22.5019,23.5145,60
412739,291879,295646,23.8164,22.6069,60
412802,291923,296184,56.6569,9.562,5
413086,291203,292129,4.8189,17.6682,1
413190,292205,573062,18.6726,9.2466,2
413554,292468,572217,8.2865,11.3692,1
413591,292494,292495,7.8102,10.738,1
413821,208170,292668,8.6717,8.8703,1
413932,54623,292751,135.1764,11.4649,2
414223,292494,292968,32.0156,8.6478,1
414224,217446,292968,27.4934,7.8875,1
414447,281187,293126,69.6028,18.521,14
414699,211882,293304,6.9442,4.2078,1
415532,248171,293883,110.9451,5.9667,3
415900,294142,573062,9.25,9.7846,2
416489,294576,401979,24.0387,10.0185,3
416627,255760,294676,5.9442,7.8369,1
416641,217445,294689,95.1134,7.9582,1
416642,254311,294689,9.0123,7.6327,1
416866,294856,294977,4.8103,25.6089,1
416881,294865,626119,55.4196,9.649,1
417036,294977,295612,6.7515,27.2054,1
417780,295515,308291,14.4097,5.0495,1
417937,295612,608634,24.59,27.8336,1
417989,295646,401367,7.6085,21.4654,60
418416,295946,543822,111.022,7.0,5
418518,293883,296025,31.4006,4.1231,3
418519,296025,297293,20.2485,4.1829,3
418679,248171,296134,14.005,6.5977,3
418680,282013,296134,37.9561,4.9839,3
418744,296184,300439,51.3517,11.3137,5
418788,254311,296216,57.3779,8.3632,1
418789,296216,296555,22.561,9.4002,1
419220,296505,297193,4.899,4.1231,1
419500,296715,298505,4.6518,7.5107,1
419530,296555,296735,18.412,10.4841,1
419531,296735,335720,28.3431,10.6292,1
419540,296742,298249,16.7631,3.9496,1
419915,292751,296997,45.288,9.6436,2
420113,139711,297138,48.7294,5.6081,1
420315,297289,298931,24.7417,6.8804,2
420534,297453,314648,220.6944,7.5415,21
420753,297138,297615,6.4031,4.7863,1
421295,297997,636778,31.4983,20.6458,1
421626,298224,676804,26.9637,15.3603,1
421665,298249,466620,47.7459,4.5826,1
421805,298341,298618,11.3235,19.0511,3
421986,298475,495977,53.7742,4.1594,1
422187,272381,298618,23.2128,20.0963,3
422385,264833,298753,48.0717,30.7029,1
422423,298781,321178,20.7364,4.4954,1
422623,298931,633418,35.7636,8.4124,2
422799,299057,327321,35.5809,7.1067,1
422956,299162,420307,54.3016,8.4845,2
423740,299720,551447,51.2835,6.8759,5
424085,299966,630547,32.9061,19.568,1
424541,300274,302347,31.2494,6.7986,3
424775,300439,437915,11.0604,11.0652,5
424789,300449,301038,4.6904,8.7528,1
425000,297293,300595,41.9285,5.3617,3
425074,300651,400083,21.8932,14.6782,1
425075,300651,310623,81.4985,9.5114,1
425184,300724,558203,84.7647,6.6437,5
425185,300725,405581,7.6085,6.5414,5
425186,300724,300725,6.4031,6.2386,5
425279,300789,608634,10.1242,25.9964,1
425313,300813,343566,85.626,14.658,1
425631,301038,317180,154.9484,12.8164,1
425708,301099,354102,19.8746,4.6623,1
425709,301099,520582,38.694,5.8549,1
426194,297193,301443,47.3498,3.7199,1
426196,261589,301446,33.1863,12.4057,1
426197,301446,319707,58.1378,18.3242,1
426529,301677,375690,48.9127,9.8501,1
426619,301739,404176,6.0828,15.2224,15
427123,302097,428726,4.714,5.3735,1
427175,302137,621665,95.7949,13.6133,1
427176,302137,470405,69.735,13.2428,1
427467,292934,302339,98.2955,9.6568,1
427468,302339,505578,30.2262,15.4052,8
427720,302512,387277,51.5258,9.142,2
428590,266335,303132,108.7122,4.9936,1
428846,303307,303308,4.2426,6.5636,5
429030,303439,646155,25.2323,8.938,5
430190,304272,818480,4.2426,22.542,2
430299,298753,304362,23.1517,30.9265,1
431164,304961,311907,42.3661,15.8802,15
431571,303308,305243,35.0571,5.7269,5
431573,305243,306153,25.9422,4.6708,5
431574,305244,555617,22.9637,6.0402,5
431575,305244,306153,13.9284,5.5076,5
431581,1755,305251,90.956,4.2737,1
431582,305251,305838,32.2387,4.872,1
432252,305711,372901,51.2445,4.8341,1
432253,305711,630666,37.7845,4.3301,1
432523,305907,307404,91.396,4.0811,1
432863,306149,544153,25.9679,4.7386,5
432864,306149,558203,31.4084,5.9051,5
434671,4399,307404,9.5685,5.1926,1
434724,307439,313103,31.6421,18.8359,60
434987,304362,307616,29.7993,29.7077,1
435884,308249,616710,14.9295,17.6344,8
436219,4876,308485,40.0458,6.5182,1
436552,308731,308954,16.4823,3.9241,1
436570,5150,308745,80.4934,4.5616,1
436791,308903,518676,26.8432,11.5273,5
436792,308903,684609,20.0938,10.6892,5
436870,307494,308954,30.9049,4.4954,1
436908,302097,308976,52.4976,3.7055,1
437112,309139,312260,36.1939,6.0173,5
437910,173968,309700,44.3546,6.2196,5
437981,308976,309746,19.105,5.0884,1
437982,309746,312465,39.6232,4.7923,1
438318,300595,309992,68.8549,7.5415,3
438319,1092,309992,62.8941,6.8012,3
438625,310208,562329,30.5287,4.4707,5
439156,307444,310573,7.6811,10.6725,2
439157,310573,406384,6.6081,12.1454,2
439221,310623,659924,10.419,4.2976,1
439480,6303,310797,28.2076,3.5355,1
439481,7172,310797,66.6783,2.9954,1
439601,308731,310883,69.491,4.2426,1
439814,311036,630666,16.1967,5.2676,1
439815,958,311036,52.1589,6.4936,1
439873,310883,311074,66.3777,5.0368,1
441094,301739,311907,20.1384,16.3887,15
441489,311163,312186,39.5095,4.6111,5
441597,312260,728032,20.0918,5.6967,5
442580,312941,334130,31.0609,2.9954,1
442799,313103,318568,30.576,18.3442,60
443224,5383,313411,75.6552,5.3852,1
444755,314472,405751,62.7127,12.6708,37
444756,314472,408329,32.8312,9.2016,21
444843,296997,314540,8.226,8.5311,2
444947,314613,403948,39.1706,19.0212,14
445559,1120,315039,46.9446,14.5165,8
445879,311074,315258,122.2429,6.117,1
447448,316336,325057,129.1096,7.7991,1
447695,158,316501,24.0947,4.4155,1
448108,8864,316775,47.9884,12.6501,11
448109,316775,684609,42.3858,10.9299,5
448700,314648,317180,23.7065,12.2699,21
448701,317180,322165,29.1548,14.0102,22
448766,391,317223,3.5901,8.0428,5
449224,317540,319434,128.3667,6.2741,1
449774,317931,409674,27.3813,6.6529,3
450232,220263,318251,25.4689,5.9329,1
450233,158,318251,37.4062,4.872,1
450368,318347,406931,6.6999,4.241,1
450698,318568,407853,22.8035,19.222,60
450811,318646,707042,37.8602,7.6562,1
450852,303132,318680,24.5967,4.8139,1
451993,318347,319470,8.076,3.8643,1
452134,315258,319572,47.592,5.9402,1
452135,12632,319572,25.4951,6.9813,1
452217,319626,400015,39.6849,5.1232,1
452328,307616,319707,8.6023,24.4231,1
452494,4397,319819,13.3299,8.654,1
452819,203720,320041,67.0373,5.465,1
452837,320053,403705,32.4568,20.6608,1
453083,320223,676584,179.6914,15.439,1
453085,320223,320620,12.2474,16.6806,1
453225,320321,323658,87.4185,6.2838,5
453668,15524,320620,79.1822,19.8768,2
453739,317540,320668,116.8199,6.7697,1
453741,320668,320670,5.2281,8.1844,1
453789,320699,325701,62.458,6.0355,1
453791,318646,320699,36.565,5.7404,1
454474,321178,432896,105.2663,5.7398,1
454510,28143,321206,90.4089,4.6213,1
454537,320321,321224,11.1803,6.3988,5
454672,321328,422283,83.4446,8.217,1
455777,12207,322095,42.6992,8.6585,1
456510,23983,322610,39.4968,11.1323,11
456564,8080,322650,5.1208,5.0,3
456839,319470,322857,12.9472,4.2523,1
457994,51505,323658,83.1946,6.7371,5
458102,322236,323732,35.0556,3.4758,1
458698,324140,328556,30.2324,7.5311,3
458768,322165,324199,17.0,11.8294,22
458769,70714,324199,86.9725,12.2879,22
458867,239,324273,116.4174,6.9432,3
459525,324754,328352,123.7174,7.4833,1
459943,319434,325047,78.4524,6.7371,1
459954,16026,325057,86.7445,9.2736,1
460288,319384,325279,113.7058,12.8319,8
460289,31164,325279,34.7611,13.7261,8
460425,324717,325370,124.6903,7.5523,1
460721,14175,325584,32.6939,8.5732,1
460883,325701,325983,2.8284,6.451,1
460913,322657,325722,41.328,3.5355,1
461117,1092,325873,153.5611,6.1742,3
461254,29182,325971,17.792,11.0216,11
461255,23983,325971,3.6056,11.1323,11
461275,325983,329067,17.1172,4.7863,1
461456,4397,326107,40.9915,5.9417,1
461457,36688,326107,22.4744,5.1299,1
461773,326324,326539,11.2485,10.0227,1
462087,326539,332218,79.8528,11.5435,1
463775,323732,327720,48.4407,4.6158,1
463803,325370,327742,82.0271,8.5738,1
463983,65577,327869,85.7574,6.3326,3
463984,324273,327869,64.2262,5.8941,3
464365,55477,328137,96.3806,5.1736,2
464768,14961,328412,49.3559,8.765,1
464940,16571,328532,50.9662,3.9822,1
464941,328532,329095,29.8666,6.2749,1
464954,23045,328543,41.3844,7.1149,3
465573,328984,330697,22.1585,14.6782,8
465614,329009,408282,30.9444,13.8404,1
465731,326450,329095,29.4651,7.0216,1
465786,328412,329132,10.0499,9.4244,1
465895,329218,357880,68.775,12.4495,2
466045,329327,330344,82.5712,6.8617,1
466531,39165,329678,11.1455,15.0013,15
466622,328543,329746,34.9428,6.6472,3
467430,330305,336541,87.4128,12.0728,11
467449,203720,330320,129.5415,5.2068,1
467482,38332,330344,25.5713,5.8208,1
467859,67604,330605,148.8041,5.9545,1
467951,16420,330679,25.6645,5.099,1
467952,17932,330679,46.7297,4.7856,1
467987,329132,330705,52.7236,8.9159,1
468944,331381,335890,45.4973,4.5605,1
469062,331473,340800,79.0633,5.521,2
469064,47063,331473,10.3118,6.3284,2
469416,331472,331732,4.6904,4.4068,1
470252,332311,336896,52.4489,8.315,1
470700,332623,334051,30.8797,6.2696,1
471573,333248,347947,149.2548,15.7469,8
471574,47920,333248,16.1314,16.5855,8
471838,330705,333441,50.1404,9.3656,1
471860,19271,333458,6.1033,7.5794,1
472155,85255,333662,72.7026,6.3533,1
472242,333441,333712,14.6875,9.8742,1
472468,333866,336390,28.3901,7.0687,2
472469,55477,333866,11.571,5.567,2
472674,329067,334023,28.7924,4.7431,1
472710,334051,334550,20.9709,6.9942,1
472951,333458,334237,20.4641,6.5027,1
472952,334237,334551,7.2284,5.7865,1
473146,334376,341711,50.8527,5.6569,1
473147,334023,334376,4.5826,4.9936,1
473384,334550,334865,42.8784,6.8416,1
473385,334551,345448,260.6944,8.2731,1
473527,334649,438642,4.3653,9.8742,1
473841,334865,340497,139.7335,9.2224,1
474439,49723,335280,31.9687,5.9155,2
474440,57818,335280,6.0828,6.5355,2
474458,332218,335294,27.0719,12.4239,1
474769,44485,335516,44.1965,4.7408,3
474770,57603,335516,10.5987,5.985,3
474909,335616,337807,28.2843,3.8643,1
475057,335720,673338,271.4285,13.3372,1
475299,335616,335893,7.5498,3.6056,1
475325,80653,335909,185.3132,8.0832,3
475326,54243,335909,44.426,8.0239,3
475580,332584,336087,38.9487,6.0541,1
475581,335893,336087,16.1555,3.6736,1
475822,336267,338766,33.2415,7.2327,15
475996,336390,344281,98.3107,7.0227,2
476072,336441,338284,29.95,6.117,5
476102,336457,341397,122.5543,11.3739,15
476224,89754,336541,74.6702,12.3643,11
476306,18364,336600,60.1997,8.2259,1
476307,336600,337922,15.206,8.0355,1
476751,336896,342122,71.1817,9.7309,1
476857,78817,336965,48.3908,16.1536,15
477351,337312,337313,60.1332,11.779,1
477352,74236,337312,39.2796,11.0667,1
477670,57818,337552,11.2101,4.7603,2
478035,73239,337807,29.7298,4.3528,1
478191,26410,337922,107.6723,7.4155,1
478649,269056,338220,3.559,7.5074,1
478861,337552,338357,8.2462,3.0275,2
479046,117272,338494,137.2755,6.2429,2
479108,338542,352090,33.6006,12.3153,1
479199,318680,338605,65.5439,5.3852,1
479211,214842,338616,162.5146,5.7748,1
479298,269727,338672,7.6158,22.5927,6
479434,78791,338766,34.8613,7.3098,15
479609,338900,348870,105.385,8.1181,5
480322,339385,350025,102.1023,8.2926,1
480855,336441,339753,56.4092,5.4155,5
480856,339753,350069,78.1153,5.0,5
481502,340207,344104,32.5115,6.6177,1
481915,25128,340497,61.2835,11.5435,1
481923,340083,340505,20.7569,4.8599,1
482340,79380,340800,10.4828,5.521,2
482343,338327,340803,34.9428,5.4218,2
482344,339624,340803,24.454,4.4203,2
483098,114495,341345,67.0497,9.2098,1
483165,341397,405600,117.8346,14.4071,15
483520,22422,341659,59.5567,8.4531,1
483599,341711,350234,45.9239,5.5355,1
484024,20435,342003,71.8249,10.1204,1
484025,342003,354624,135.2548,10.2383,1
484185,342122,343602,16.8044,8.9159,1
484337,22569,342235,43.7493,3.7199,1
486072,343426,348143,80.2247,9.7603,1
486272,294676,343566,88.8499,8.8838,1
486317,343602,347332,33.9444,8.1401,1
486357,103829,343628,71.9714,5.9106,2
486518,343730,413833,19.5959,8.4033,3
486950,338357,344048,58.0603,4.4954,2
487034,114469,344104,47.3345,6.451,1
487348,26671,344326,32.1282,9.4796,1
488033,335294,344784,80.1291,12.9223,1
488034,344784,352604,63.6806,14.0855,1
488167,70933,344872,30.8761,6.7223,1
488930,345413,345414,17.0261,21.221,60
488979,27892,345448,87.9128,8.1873,1
489038,342235,345489,86.5915,4.2078,1
489109,273609,345535,62.8517,5.3218,1
489110,320041,345535,24.7588,5.4218,1
489375,133234,345726,60.3366,4.977,1
489376,345726,350213,36.3593,4.4068,1
490087,341659,346217,115.6801,9.7088,1
490279,111025,346355,25.144,5.8036,1
490295,345134,346366,56.6745,7.589,1
491262,87572,347052,50.1032,4.1829,1
491263,102478,347052,6.1644,4.7194,1
491491,346366,347217,53.2447,5.2631,1
491492,134982,347217,41.3951,3.7199,1
491655,26678,347332,17.7169,7.1401,1
491904,346217,347505,35.9073,7.4382,1
492238,98565,347748,18.0278,8.2769,2
492241,347750,367846,155.4799,14.1593,23
492242,70714,347750,70.5305,13.5178,23
492562,331299,347973,16.0312,16.3458,3
492563,269776,347973,33.3342,19.2933,3
492800,348143,349863,28.4429,10.5319,1
493070,133234,348340,48.2338,5.2068,1
493495,348659,352125,79.8951,5.9147,1
493773,27499,348865,24.7184,7.9978,1
493780,348870,349818,10.3923,6.7371,5
493819,348900,415150,23.4141,7.4011,3
494874,139200,349674,96.5965,9.507,5
494875,107647,349674,4.761,7.9367,5
495083,349818,349819,2.0,6.4031,5
495085,125353,349819,21.0317,6.8071,5
495176,349881,353948,37.0255,5.5649,1
495380,29781,350025,29.1833,6.5088,1
495445,350069,358406,100.2946,5.5414,5
495664,145303,350213,43.2049,5.3866,1
495856,345489,350343,80.4469,5.3779,1
495857,26481,350343,38.3739,5.3284,1
496187,100443,350574,44.3759,14.6669,15
496617,349863,350882,7.0711,10.6524,1
496638,350574,350900,6.0,15.9682,15
496862,350234,351060,27.7489,5.5707,1
497480,351485,429559,266.2417,10.095,1
497481,351485,412266,18.0462,8.5438,1
497884,351060,351754,5.831,6.2633,1
498116,105516,351908,26.4113,5.1029,15
498117,138352,351908,21.7077,4.511,15
498371,40832,352090,9.1954,23.6602,1
498419,352125,352759,31.1502,4.8166,1
498716,352344,353714,14.8997,5.1112,1
499071,32426,352604,45.8573,13.3543,1
499167,30657,352677,27.1662,5.5317,1
499285,348576,352759,68.4438,3.3028,1
499751,30124,353081,31.7805,4.0981,1
500229,272756,353425,28.6171,5.1636,1
500247,353437,378599,237.1856,12.7008,5
500308,350900,353480,26.8887,16.1861,15
500612,353695,389819,130.8778,4.4009,1
500639,144086,353714,74.0698,5.9329,1
500678,314540,353741,14.8287,8.437,5
500679,299720,353741,8.4656,8.1203,5
500977,353081,353948,34.2118,4.3723,1
501202,297615,354102,10.083,3.3708,1
501264,25089,354145,118.1435,8.1478,1
501265,354145,370944,132.0002,10.0288,1
501952,32485,354624,31.1858,7.1734,1
501962,32497,354629,41.8688,10.0499,1
502599,345413,355062,27.7629,20.7161,60
502600,355062,415331,28.2469,18.4435,60
502809,125344,355215,17.3941,5.4218,1
502814,355218,360146,52.5833,8.3927,5
502815,139200,355218,12.5521,10.4017,5
503539,28827,355749,54.9758,12.2872,3
503617,355804,357870,44.0025,12.2686,1
503618,32302,355804,13.0128,12.4808,1
503818,355936,645592,28.1069,8.2785,2
504225,347505,356201,160.6549,5.2779,1
504371,142195,356306,25.01,6.117,2
504411,351754,356337,73.6071,5.8941,1
504434,336457,356355,233.1113,10.5415,15
504584,123503,356461,30.8058,9.3624,2
504585,356461,369099,70.6682,9.3372,2
504994,353480,356758,29.2233,16.0924,15
504995,356758,356955,3.0,16.4677,15
505064,32709,356814,22.6139,10.7469,10
505260,31684,356945,18.1537,9.7721,1
505399,35312,357045,88.82,9.7088,10
505516,356814,357131,59.3631,9.501,10
505517,63255,357131,726.0661,9.0424,10
505548,338138,357153,23.5561,4.7408,1
506588,33939,357870,15.1511,10.3705,1
506896,157888,358085,59.2824,13.2935,2
507080,150210,358224,62.0985,12.6577,2
507098,163434,358235,22.9347,4.2426,1
507161,354556,358277,62.9047,26.6521,11
507165,154321,358280,30.3846,3.6736,1
507357,153712,358406,49.682,6.783,5
507715,358654,366725,110.752,7.2592,5
507859,358277,358751,11.3578,24.6034,11
508540,149359,359226,11.9443,5.0811,1
508700,359342,364542,43.0465,18.7482,13
508802,359412,415550,9.9944,12.2059,15
508954,359528,392286,44.1349,5.6317,1
508955,359528,417671,12.1381,5.2035,1
509130,358011,359656,16.9581,12.6225,1
509195,359226,359702,15.9374,3.8172,1
509273,359755,359929,17.8045,20.3428,3
509289,145092,359769,156.2935,7.1605,1
509480,356201,359899,117.9615,6.9495,1
509526,359930,361551,14.1699,12.1093,3
509832,160634,360146,47.7317,7.1581,5
510239,34460,360449,3.7859,19.3778,3
510621,155583,360709,14.6287,3.1583,1
510622,169618,360709,19.4222,2.8831,1
510960,155583,360958,30.4521,2.0,1
511191,361113,362621,78.0769,7.9159,1
511273,150714,361168,52.159,19.9143,11
511282,102328,361176,183.6851,10.6974,1
511312,361194,361478,90.9347,4.7923,1
511439,37431,361280,57.0672,14.3419,1
511614,34586,361404,12.3153,6.7336,1
511745,359656,361488,16.5865,11.4184,1
511837,361551,368108,47.7831,11.4425,3
512061,361717,362654,7.9303,21.1525,3
512175,359702,361801,28.3901,4.1069,1
512458,356897,361996,7.1181,21.5171,14
512860,271515,362282,8.6987,20.2194,6
512951,169655,362349,24.3356,5.3866,1
512953,360884,362350,16.3095,3.8643,1
513225,359653,362546,36.6606,5.7404,1
513226,362546,369571,43.4856,5.7404,1
513383,34797,362654,19.6808,21.5534,3
513478,361404,362715,15.8605,7.8102,1
513479,362715,366598,30.6721,11.7314,1
513522,35780,362748,2.6874,6.1596,1
513966,363050,366784,31.8119,3.9142,1
514336,363338,363897,9.5044,20.3338,3
514448,171866,363419,41.4367,6.0092,1
514449,363419,367285,22.3607,5.1421,1
514895,177282,363747,44.0643,7.5124,1
514897,363747,366919,34.5398,6.557,1
514898,169516,363748,111.0225,5.465,1
515093,36039,363897,5.2599,20.6341,3
516008,177300,364542,15.2534,18.1157,13
516262,356955,364731,77.4145,16.2768,15
516263,189574,364731,37.2424,17.6236,15
516834,177282,365133,10.116,7.6261,1
517062,363338,365292,23.497,19.3284,3
517854,158143,365864,38.0964,7.1296,1
517905,35714,365904,60.1831,12.0709,1
518203,359412,366123,43.6323,13.1465,15
518777,366526,366784,21.6564,4.0,1
518778,184194,366526,14.8099,3.1583,1
518864,365292,366585,19.5533,18.9813,3
518865,366585,366587,3.35,20.3285,3
519056,184146,366725,15.2753,7.6178,5
519467,37920,367014,4.714,7.3541,1
519851,367285,370231,25.3969,4.9495,1
519873,364079,367300,89.8554,7.5074,5
521024,39239,368108,5.2599,11.7473,3
522255,368972,389735,313.549,9.7025,1
522257,185522,368972,15.8219,7.923,1
522440,191994,369099,8.5147,9.8995,2
522485,369131,378949,29.0402,16.4095,15
522557,182056,369180,15.5849,8.6988,11
522759,369325,401756,70.2836,5.6454,1
522760,287194,369325,7.1976,7.0283,1
523118,369571,382942,86.5794,6.7426,1
523311,365904,369707,77.4927,13.9808,1
523362,38178,369743,45.4337,18.6374,1
523363,369743,372505,46.4073,19.5964,1
523447,369801,373326,29.8329,8.2969,2
524072,202618,370231,36.0278,4.0,1
524189,370310,412207,36.3639,8.0884,2
524962,357880,370841,21.6564,13.4536,2
525174,369707,370994,33.0715,13.9421,1
525245,38449,371040,40.7881,5.1926,1
525254,218742,371047,86.725,18.5181,15
525255,189574,371047,10.4563,19.9239,15
525318,205979,371096,25.4165,4.3301,1
526080,179576,371630,48.6038,6.443,2
526094,361996,371641,17.1172,21.8808,14
526130,145303,371666,116.0819,5.9137,1
526189,40371,371711,39.2202,9.5647,9
526190,40312,371712,14.5488,9.6667,9
526705,372071,376098,15.0185,10.2451,2
526776,42017,372121,58.0747,7.8885,1
527192,370371,372413,14.4568,5.6926,1
527206,371712,372424,21.8123,9.434,9
527323,43366,372505,32.5377,17.7851,1
527344,223481,372520,70.023,8.8794,2
527346,191994,372520,13.6565,9.5866,2
527432,371040,372574,37.5019,6.6231,1
528076,373024,417825,23.1349,15.5297,15
528077,373024,383164,60.1156,14.3571,15
528082,369131,373027,29.8736,17.1723,15
528083,373027,426276,102.9806,13.9218,15
528329,372574,373191,8.3737,8.5106,1
528330,373191,379438,94.6809,7.3875,1
529398,39486,373962,70.2401,5.5495,1
529484,199507,374018,37.8506,3.8643,1
529890,214871,374314,75.1731,16.977,5
530108,374480,419105,5.3125,7.5311,1
530422,374707,420780,28.6799,7.1067,1
530756,373495,374942,11.8322,24.5523,2
531030,37281,375131,106.7755,8.5249,1
531044,41143,375143,53.2005,12.0824,9
531265,375056,375291,5.6862,2.2882,1
531534,46975,375472,61.5702,6.7041,1
531841,375690,429861,13.663,16.622,1
531916,370818,375739,38.833,5.5317,15
532247,375992,378909,33.4166,22.7534,1
532396,376098,419764,33.9444,9.9239,2
532413,202414,376110,75.6872,4.3203,1
532885,44188,376428,14.0594,11.0283,1
533225,374942,376670,18.1261,23.8156,2
534335,375739,377484,14.3527,4.5274,15
534336,377484,382814,39.8623,4.7361,15
534456,375143,377573,37.741,15.5661,9
534492,219721,377604,27.0914,17.2174,13
535307,378204,378640,21.8225,14.766,9
535509,271057,378342,18.2587,20.8395,2
535510,378342,381190,4.899,21.7279,2
535599,378401,382853,54.0134,8.8967,1
535875,214871,378599,15.0,18.8546,5
535930,377573,378640,11.3535,16.0746,9
535945,377931,378651,7.6811,34.1846,3
535947,378473,378652,7.1414,28.1585,3
535972,373326,378671,38.4448,9.6542,2
536021,378710,380237,10.0995,4.3028,1
536247,338616,378874,62.7136,6.2281,1
536253,215542,378878,8.2765,32.8929,3
536261,378651,378883,4.2426,32.9304,3
536263,378883,378884,2.2361,32.2937,3
536264,378473,378884,3.4641,30.4421,3
536297,44819,378909,3.1623,25.2684,1
536351,378949,421327,46.9929,13.2411,15
536482,378878,379043,5.099,32.6538,3
536483,215959,379044,6.0828,31.2563,3
536583,379108,428948,100.1233,9.3862,1
536612,378204,379131,12.7802,13.8562,9
536715,376670,379202,20.3005,24.4629,2
537020,45229,379409,12.1381,12.9154,9
537058,47496,379438,68.6895,6.0822,1
537410,379409,379673,10.1708,13.2769,9
537598,214514,379809,15.6808,32.2677,3
537599,379044,379809,4.2426,30.301,3
537616,271267,379823,38.5141,13.9522,1
537618,272855,379823,11.3725,15.0816,1
537853,205692,379997,46.9965,4.1078,1
537903,203431,380034,59.5586,6.1056,1
537904,233337,380034,43.7927,5.8166,1
538609,380536,385584,43.8343,6.6328,1
538891,380730,385995,42.0276,24.2919,1
538897,379202,380734,19.2376,23.9886,2
539278,380998,382037,20.8327,4.0811,1
539541,381190,449334,54.7723,15.7352,2
539900,370994,381435,175.0554,12.5658,1
540761,221212,382037,5.8595,3.3839,1
540949,375291,382170,100.6432,5.1167,1
540950,382170,384097,19.532,6.7371,1
541196,382344,698318,40.7538,22.0344,1
541596,367846,382622,124.3141,13.8123,23
541604,382627,411110,61.9274,5.9106,1
541671,47236,382672,5.5447,7.5148,1
541918,49159,382853,34.3883,8.5408,1
542050,321328,382942,169.2513,8.9596,1
542363,383164,421327,9.9163,10.5259,15
542372,382622,383171,7.874,13.3976,23
542930,382180,383551,11.4734,15.1086,3
542931,383551,387402,36.4623,13.737,3
543022,383612,426362,50.1442,8.2613,1
543242,215542,383771,28.6793,25.719,3
543243,383771,384430,7.5498,18.6137,3
543719,384097,384962,7.624,6.03,1
544129,380730,384412,26.9477,26.1147,1
544157,232403,384430,13.6928,21.8192,3
545056,385085,422557,6.0331,11.8026,3
545589,380734,385453,44.1824,22.349,2
545772,53932,385584,85.5317,6.151,1
545826,248480,385629,31.9826,9.2256,2
545990,385752,646155,206.2353,8.7901,4
546276,385948,758071,140.9279,20.9675,2
546278,50331,385950,50.7773,4.1078,1
546338,49597,385995,9.6339,21.9862,1
546728,48803,386251,6.2093,14.1242,1
547017,380237,386469,34.2491,3.8643,1
547018,260010,386469,87.9263,6.1236,1
547031,384412,386478,30.2912,18.5933,1
547794,261844,387033,72.0131,5.3779,2
547910,387120,387853,35.1647,3.0811,1
547971,385085,387159,14.2409,9.033,3
548086,46975,387245,39.6779,4.8947,1
548087,52638,387245,46.2961,4.8408,1
548137,387277,421910,29.5799,7.77,2
548191,386478,387320,22.3358,9.1125,1
548293,50331,387386,10.6145,4.6289,1
548317,387402,388890,16.2884,13.2233,3
549291,388093,389525,10.0499,13.8948,3
549292,388093,388992,9.4868,14.7478,3
549787,250846,388454,16.2865,12.3871,3
549897,388536,388991,5.4467,23.268,1
550246,388782,392266,68.7265,3.8643,1
550389,50836,388890,5.4829,14.334,3
550553,50108,388991,15.8535,22.849,2
550554,388991,391824,59.4857,22.8836,1
550833,48858,389178,34.938,13.2454,9
550981,238328,389274,17.8077,28.2135,3
551347,248224,389525,4.7258,12.985,3
551630,389735,412266,317.2728,9.6162,1
551741,389809,391898,18.4541,5.7358,1
551757,389819,405924,65.146,5.6803,1
552128,390076,394525,44.3847,7.5107,1
552133,51302,390080,71.4959,3.6736,1
552275,50567,390184,57.1975,4.4867,1
552276,390184,394531,76.0783,5.7007,1
552678,53896,390465,57.0258,19.9874,3
552712,390486,400015,79.4355,5.0108,1
552714,390486,391252,9.0,5.9713,1
553420,371630,390972,157.1082,6.9248,2
555189,392186,395583,49.6341,4.4126,1
555303,392266,398945,121.0819,4.977,1
555658,392511,400981,49.7393,4.6751,1
555733,392241,392563,8.8318,22.2593,3
555820,392612,445916,34.3589,26.814,3
556414,392109,393022,8.775,5.6541,2
556802,269573,393277,10.5672,10.032,15
557787,393972,394386,3.0,10.2648,3
557924,394082,405959,12.47,9.1368,3
557965,245172,394115,27.1998,26.5987,3
557966,394115,395052,5.099,28.039,3
558557,394525,410278,107.5557,8.3225,1
558565,53947,394531,43.521,4.4534,1
558816,276762,394710,81.1542,5.2631,15
558818,393277,394710,17.4929,7.9185,15
558848,390972,394729,40.2989,7.8541,2
559300,282489,395052,11.2889,25.8217,3
560060,49784,395583,102.4869,4.4126,1
560493,391516,395896,43.6005,16.5615,15
560678,55906,396020,14.1853,18.527,6
560758,396077,396850,12.9701,5.3852,1
560821,53717,396122,76.3548,4.5822,1
560822,53947,396122,20.8701,4.6633,1
560905,307279,396183,67.1143,5.8541,1
561290,396460,403200,114.8085,11.4184,15
561360,392612,396508,28.3543,17.7548,3
561457,61540,396552,74.3192,21.6046,1
561480,63869,396552,74.4296,15.9749,1
561685,396183,396682,43.1509,7.6553,1
561829,285527,396785,7.6376,22.968,3
561916,57235,396850,34.8999,5.9329,1
562012,396917,397643,90.0801,27.7794,1
562323,283308,397024,5.5377,25.6494,3
562648,391252,397242,38.3014,6.4342,1
563208,53394,397643,122.45,6.8852,1
563553,396460,397903,66.1362,11.4184,15
563554,285722,397903,3.2998,10.8603,15
563783,383171,398064,111.3283,18.6117,23
563784,398064,398065,16.5529,21.0772,37
563785,307444,398066,47.2652,10.4497,2
563924,398171,400014,17.2627,5.5335,1
564186,393022,398362,89.3085,6.5555,2
564187,280553,398362,33.7128,11.4022,2
565055,398945,401250,22.3942,6.5555,1
565333,398370,399130,28.4063,5.7956,1
565856,391898,399502,76.1278,7.3143,1
565858,59667,399502,30.564,5.7016,1
565972,357976,399579,168.8679,8.938,21
566296,57235,399808,21.8021,6.7404,1
566297,399808,417044,212.4495,7.4051,1
566600,283711,400014,22.5733,3.9822,1
566684,301677,400083,32.1817,8.3464,1
566687,400086,400717,5.3852,20.3466,3
566813,59089,400175,19.6723,16.5373,6
566972,391824,400287,139.1814,26.4192,1
567000,400287,428024,133.3591,21.5979,1
567021,400300,407479,201.3703,4.5605,1
567022,287532,400300,13.3417,6.3991,1
567608,298341,400717,13.6748,19.8784,3
567648,287340,400740,29.3655,7.7782,3
567806,398065,400852,62.1208,15.4173,37
567993,400981,402079,24.1247,5.1083,1
568534,401367,403188,26.4197,21.4881,60
568922,293126,401639,19.5078,17.6913,14
569073,294066,401756,75.9137,4.4707,1
569376,300274,401979,13.5213,7.5148,3
569514,312941,402079,32.2266,3.8172,1
569543,400063,402106,16.2481,17.6777,13
569544,402106,406595,23.7065,19.6805,13
569586,400852,402134,24.2899,11.6563,37
570348,402676,413431,119.9546,5.3735,1
570790,402997,404348,10.4881,21.6572,3
570942,59319,403106,13.6198,17.5277,1
570944,59677,403106,5.7009,19.7749,1
571061,307439,403188,20.0139,21.1612,60
571077,314472,403200,95.843,11.315,16
571216,355936,403303,33.6931,9.2546,2
571217,403303,702730,13.6748,8.2671,2
571407,401639,403442,32.5269,17.4496,14
571612,338138,403594,49.823,4.7408,1
571613,287598,403594,35.3389,6.7072,1
571627,402758,403603,187.4336,24.3153,1
571906,403603,426395,176.7832,28.2289,3
571935,403603,437001,144.5504,20.3026,5
572079,403705,757204,67.2582,18.6547,1
572135,403747,421194,99.905,5.5971,1
572433,403442,403948,10.198,17.5347,14
572456,396508,403962,19.3913,7.8012,3
572457,403962,419109,13.4866,8.3477,3
572475,396917,403977,77.4973,35.2977,1
572760,286703,404176,42.5598,15.73,15
573007,307916,404348,7.7817,21.6692,3
573147,404459,408100,61.2518,7.0536,1
573511,402134,404730,39.9249,11.4522,37
574378,302347,405350,20.0499,5.8303,3
574379,317931,405350,18.895,6.443,3
574668,405560,405721,2.4495,24.3295,3
574699,405581,466827,57.11,4.9122,5
574731,304961,405600,18.3485,14.8987,15
574906,405721,408743,19.105,20.7777,3
574947,405751,406142,112.0223,12.6708,37
575170,280570,405924,102.1796,5.7748,1
575216,405959,419109,18.0015,9.3477,3
575482,62056,406138,11.4891,5.8941,1
575483,406138,409319,60.0083,6.4031,1
575488,404730,406142,23.0217,12.0208,37
575809,307916,406366,9.8939,22.3004,3
575810,406366,406840,3.0,23.0587,3
575831,329218,406384,58.2084,12.1454,2
576131,406595,408926,28.3019,18.9291,1
576472,405560,406840,8.544,23.5567,3
576590,307279,406931,25.3443,4.6795,1
577424,383612,407516,126.8319,8.3288,1
577908,407853,409245,21.4709,19.4646,60
578191,407479,408043,23.4947,3.9681,1
578270,408100,408101,9.0062,6.8571,1
578271,408101,410264,54.1007,6.0402,1
578538,407516,408282,15.9374,11.6524,1
578615,408337,431857,57.434,5.2421,21
579008,394082,408621,27.2438,11.1176,3
579011,408621,427650,8.6512,13.4628,3
579053,347660,408651,27.922,4.4155,1
579055,322857,408651,14.9096,4.6289,1
579451,329009,408926,8.7114,16.2191,1
579546,374480,408992,90.9902,6.0495,1
580152,401250,409407,59.5362,6.5555,1
580526,343730,409674,46.2673,8.4441,3
581383,64999,410264,89.7639,7.458,1
582216,408043,410845,162.2929,4.2976,1
582598,411110,416349,10.8167,6.6363,1
582733,409407,411214,15.456,6.117,1
582734,411214,412349,62.8322,7.589,1
582827,63255,411281,31.3475,9.5866,10
583133,408743,411494,29.9833,11.948,3
583134,411494,413185,32.3883,7.1386,3
583144,345414,411500,29.8831,21.6516,60
583145,409245,411501,26.4764,20.6125,60
583146,411500,411501,4.2426,21.9476,60
583734,65884,411931,71.3785,5.1476,1
583735,411931,427039,100.2209,5.9407,1
583737,357151,411933,42.3228,7.1947,21
583738,357976,411933,37.2429,8.1417,21
583788,298505,411968,89.2355,6.3546,1
583815,375131,411986,505.165,7.4821,1
583962,65813,412085,30.293,12.3387,1
584130,394729,412207,128.7983,8.6833,2
584334,412349,413445,110.4632,9.5353,1
584596,319626,412554,34.6875,5.262,1
584597,412554,421194,65.0077,5.4064,1
585334,61342,413054,59.2732,11.9276,1
585394,412085,413094,29.426,12.1235,1
585547,348900,413185,12.2837,7.874,3
585572,413202,414253,118.1176,12.3956,1
585898,413431,429063,150.7352,6.1644,1
585913,65330,413445,6.5574,10.1975,1
585976,413488,414832,6.998,12.2471,1
586480,413833,415160,35.1426,7.284,3
586801,410845,414071,28.4605,4.89,1
587071,414253,414528,40.8255,11.9314,1
587418,406595,414495,64.1015,20.4002,14
587419,356897,414495,6.5064,20.7287,14
587461,414528,414798,24.1534,13.0,1
587868,414798,417271,109.5775,12.0902,1
587916,403603,414832,124.535,20.8102,1
588354,387159,415150,65.5872,6.8182,3
588369,415160,418330,68.7968,10.8191,3
588410,67201,415185,7.5719,28.6951,3
588614,415331,419758,105.3281,18.3802,60
588753,379108,415420,30.8599,12.037,1
588890,392286,415517,24.8636,5.0495,1
588891,415517,430265,54.0823,4.6213,1
588943,356355,415550,48.9955,12.083,15
589342,411986,415830,94.3476,6.1742,1
589528,64002,415957,44.4147,2.5322,1
589920,408329,416236,49.2849,5.7996,21
589921,416236,422829,43.2666,5.7604,21
590078,275741,416349,8.3312,7.0483,1
590457,416628,417671,18.3848,4.4126,1
590458,347660,416628,23.4728,4.5274,1
590502,416662,443165,67.9299,7.6676,1
590962,314613,416979,189.9149,18.4978,14
591050,68421,417044,13.4412,7.4407,1
591208,417143,417734,74.7566,11.8775,1
591209,67783,417143,14.6477,10.3295,1
591222,417152,417422,6.4807,4.999,1
591398,67783,417271,4.0689,10.3071,1
591462,334130,417315,40.8765,4.7683,1
591463,374707,417315,22.395,7.2592,1
591623,357153,417422,69.3726,4.8408,1
591655,366123,417443,10.6562,13.0029,15
591972,417672,428728,13.4536,3.6503,1
592185,417443,417825,22.0227,13.1095,15
592531,418071,427540,14.8212,18.079,14
592532,418071,426293,8.226,17.4045,14
592675,411968,418175,104.6948,4.511,1
592878,418330,419545,9.3808,12.189,3
592931,418364,422923,34.9444,4.3198,1
593011,415957,418424,17.1531,3.6675,1
593240,418589,422553,120.7661,6.8416,1
593241,418589,424097,76.7504,6.2381,1
593709,273634,418908,18.8213,13.1694,1
593991,418175,419105,14.8661,6.0927,1
594606,419545,478020,220.6057,8.3051,1
594607,372071,419545,9.7809,10.8327,2
594889,419764,420089,103.822,10.4891,2
595197,419987,421494,34.1337,6.7564,1
595345,370841,420089,28.6531,12.317,2
595468,72407,420180,122.6499,5.5317,1
595469,69900,420180,14.5488,5.2035,1
595654,420307,484877,98.3898,9.3261,2
595901,417152,420484,66.34,4.6289,1
595902,420484,429986,67.9632,4.241,1
596322,420780,421442,8.6023,8.3006,1
596477,416979,420888,67.2533,16.0988,14
597085,421332,424549,36.8971,10.8234,6
597241,421442,422251,12.8062,10.343,1
597290,421475,421936,11.4988,7.0863,1
597318,72409,421494,58.3581,6.6878,1
597919,421910,707259,34.3329,8.4779,2
597953,69271,421936,34.6057,7.3294,1
598399,422251,424412,13.4536,7.9366,1
598446,422283,459788,251.9246,7.7426,1
598808,421475,422553,21.8759,5.651,1
598815,422557,428459,58.2752,12.8505,3
598825,419758,422564,42.638,19.6469,60
599203,408337,422829,28.8964,5.8549,21
599259,68607,422871,30.8167,18.735,1
599260,72060,422871,41.6253,22.9222,3
599333,73430,422923,27.9583,4.5414,1
599579,68421,423099,166.8729,6.6177,1
599580,73898,423099,51.5806,8.6947,1
599788,72373,423241,13.0852,6.8182,1
599796,423244,426395,143.3727,30.9828,3
600538,72370,423710,8.4656,20.5366,3
600545,72372,423714,14.573,21.4909,3
601102,73639,424097,19.5874,5.5136,1
601547,424412,433848,156.0865,6.7546,1
601731,424549,425598,18.5772,9.4219,6
602149,424854,427737,3.3665,4.9839,1
602294,72407,424963,25.3158,6.5115,1
602715,400740,425248,260.701,8.5728,3
602898,73603,425377,28.7981,22.9895,3
603203,425598,427097,14.3023,8.7441,6
603846,426057,426276,45.7785,9.2447,15
604082,426230,466676,53.2905,6.0846,1
604173,420888,426293,105.7213,16.3207,14
604268,426362,436545,42.9806,10.4471,1
604683,70704,426658,73.6499,23.7242,3
604707,416662,426674,33.2098,7.2456,1
605242,427039,432174,58.9105,7.2963,1
605328,73822,427097,11.4552,7.4736,6
605568,427260,429458,20.6216,7.0711,1
606117,426453,427650,6.9442,14.0708,3
606123,73972,427653,18.9121,18.3298,3
606239,427737,430265,22.3607,4.4126,1
606824,427653,428143,14.0,19.3559,3
607245,86042,428367,73.2541,21.8537,6
607352,427540,428411,36.7741,19.1704,14
607420,426453,428459,11.7851,13.8155,3
607452,428467,676804,42.8447,15.0433,1
607453,428467,702699,30.4778,17.7165,1
607548,426057,428532,4.761,9.0182,15
607549,428532,434500,101.789,9.8913,15
607635,428596,428597,29.5844,21.738,3
607637,426658,428597,22.5435,20.182,3
607658,76256,428607,20.0915,11.0873,6
607811,301443,428726,55.6677,4.7405,1
608000,428861,451673,10.0499,11.1962,1
608032,357151,428890,86.9342,5.6993,21
608238,423935,429043,31.0161,4.2976,1
608268,78113,429063,38.8759,5.6317,1
608624,75768,429328,11.8634,19.2724,3
608734,428411,429410,82.4473,18.9095,14
608809,77436,429458,17.8396,6.5355,1
608939,74298,429548,22.2935,6.5288,1
608955,429559,476644,414.9565,11.4425,1
608998,76509,429590,14.6742,9.8912,2
609058,429634,430517,8.6474,4.6708,1
609140,75768,429699,8.2865,16.8652,3
609141,429699,430309,12.615,17.6827,3
609216,408992,429758,126.0458,6.4865,1
609231,429771,433468,6.1373,20.5249,14
609361,300813,429861,10.3712,17.726,1
609561,429986,433683,54.074,4.0616,1
609671,426674,430059,48.3632,10.1593,1
609818,272756,430171,32.0146,3.5794,1
609819,430171,437351,39.3192,3.9858,1
609973,410278,430273,128.0738,8.654,1
609974,78339,430273,23.9096,8.1796,1
610026,76250,430309,14.0136,18.611,3
610308,83380,430517,157.5214,5.3229,1
610320,430525,441760,9.1287,16.2053,60
610321,430526,431715,11.8181,18.9316,60
610322,430525,430526,14.5602,17.2498,60
610373,430566,440839,6.2628,11.7879,15
610421,430601,481559,16.68,11.5849,1
610708,428596,430813,23.5315,21.8763,3
610851,428024,430912,32.8874,9.5415,1
610990,431012,440839,27.158,9.819,15
610991,431012,431889,96.7729,7.9681,15
610992,431013,440845,9.1773,16.2634,15
611383,431290,446972,7.2495,28.3894,14
611613,431456,441760,28.954,16.2053,60
611725,431013,431525,25.5734,16.34,15
611923,431665,436526,113.8791,3.6213,1
611999,422564,431715,94.4757,19.1247,60
612104,431780,476910,49.6544,4.8978,1
612222,431857,487032,50.2295,5.3779,21
612264,431889,432490,18.8414,7.6787,15
612269,431892,432257,18.7083,26.4731,14
612361,1259,431962,13.5508,10.5313,1
612768,432257,470301,136.5064,22.4516,14
613008,432360,433158,16.8317,12.3882,6
613195,432489,434500,46.9148,9.7133,15
613196,432489,432490,5.831,7.8648,15
613204,431525,432493,10.7238,16.0268,15
613205,432494,457334,52.8257,16.4252,15
613206,432494,452223,4.43,22.4252,15
613330,432583,435969,18.602,13.0436,1
613444,429043,432658,20.9284,4.1231,1
613786,382627,432896,80.0812,7.0192,1
614124,76509,433131,84.1458,18.9409,2
614153,82251,433131,72.4095,18.5101,1
614250,80494,433158,38.2012,10.8467,6
614457,433309,460728,8.0208,13.1148,15
614686,429410,433468,26.9856,19.8924,14
614881,433602,529446,82.3286,22.2086,1
614894,78472,433609,8.8318,5.1438,1
615728,434200,435360,9.4281,20.035,1
616207,430912,434544,24.3196,8.0552,1
616209,434544,434606,4.7124,9.9636,1
616212,434547,459125,4.5962,5.7282,1
616213,434547,441129,34.3657,5.6239,1
616908,435051,437504,19.2209,7.4442,1
617358,79616,435360,13.536,18.8081,1
617462,79839,435433,21.9747,20.1838,1
617521,435475,478020,49.3243,5.734,1
617678,435582,435997,5.4967,5.9036,2
617721,435610,479708,39.8358,2.6583,1
617748,434606,435633,9.3926,12.6884,1
617750,435633,436741,5.6162,16.1823,1
617804,371641,435676,137.5476,22.3831,14
618218,435969,436900,8.1989,16.0663,1
618253,81392,435997,18.1075,5.6454,2
618956,432583,436503,31.8247,15.3894,1
619090,436601,449504,85.3769,4.9495,1
619269,414071,436716,134.2715,6.5701,1
619534,81101,436900,10.419,16.3898,1
619665,436741,436986,9.0585,16.0786,1
619716,82058,437001,11.7992,10.4003,5
620212,428728,437351,12.2066,5.5148,1
620438,82896,437504,16.8918,6.5878,1
621025,302339,437915,8.4656,12.3726,7
621254,81099,438070,10.247,22.1814,1
621375,438148,447035,134.0837,6.7921,1
621501,370310,438237,151.3087,8.2063,2
621678,431780,438351,14.2244,6.9909,1
621771,435986,438416,49.4866,5.2631,1
621772,82466,438416,5.9722,6.5927,1
621993,82693,438569,7.0356,21.5746,1
622006,438570,442156,20.3295,19.7877,1
622537,80617,438933,23.2809,5.6541,1
622727,439060,484434,8.0623,19.6445,14
622773,439092,498955,17.2111,3.7025,1
623132,435256,439352,32.2375,5.8384,1
623133,439352,440765,54.7025,6.7759,1
623309,428367,439469,63.8421,21.0428,5
623609,436545,439678,21.6564,8.0066,1
623610,439678,451462,73.3348,5.3183,1
623712,68563,439747,325.4844,6.7045,10
623848,438569,439839,29.425,20.2265,1
624416,440114,550661,165.1944,34.2854,3
625398,85385,440765,109.0113,8.4853,1
625417,84851,440778,33.4237,7.1442,1
625515,430566,440845,106.3417,14.1241,15
625640,433848,440928,48.3942,6.2981,1
625719,98278,440986,169.7072,6.6707,1
625943,441149,460927,93.1969,7.8541,1
625980,83319,441175,7.5425,4.1829,1
626629,441149,441615,17.5784,8.1742,1
626632,409800,441618,10.7732,9.525,1
626633,356592,441618,6.8069,8.1072,1
627004,428948,441884,34.0033,7.0421,1
627318,442103,472634,56.1397,9.319,21
627391,433131,442156,75.9329,22.4678,1
627552,442275,443596,14.7818,18.8124,1
627553,438570,442275,27.5661,19.888,1
628617,443027,443196,16.9509,7.6155,1
628618,87631,443027,38.8244,6.4675,1
628810,426230,443165,164.5152,7.9671,1
628853,83708,443196,79.9451,7.5148,1
629159,443418,443419,9.0319,27.5135,15
629161,443419,448336,27.5112,28.2223,15
629347,443550,449625,75.9985,6.5027,2
629421,443596,447739,46.8381,13.573,1
629516,105293,443659,259.8267,7.8384,1
629976,83482,443980,43.4268,17.0433,1
630190,444128,462547,100.1382,5.9155,1
630520,85739,444365,39.6905,6.2037,1
630521,444365,444366,12.3738,5.5414,1
630971,444686,498957,27.1662,4.3574,1
631117,443980,444792,22.1635,18.4765,1
631293,444918,445180,9.5394,4.9839,1
631664,444686,445180,28.3901,4.5274,1
632073,445460,446966,18.6488,27.6273,14
632709,445916,454537,7.1846,26.6833,3
633739,446631,447502,12.9916,7.3549,1
633740,446631,447739,18.0714,7.6888,1
633796,444128,446674,49.7293,6.521,1
633941,444792,446768,27.9722,20.3026,1
634216,431290,446966,12.0646,27.6628,14
634225,431892,446972,15.4668,28.4954,14
634322,89037,447035,128.7051,7.8482,1
634575,447228,447915,152.6783,9.9483,1
634576,447228,519056,19.0671,9.1923,1
634954,447502,448023,45.2247,9.7016,1
635550,430059,447915,82.4783,11.8577,1
635716,95004,448023,64.245,10.2417,1
636158,448334,449743,8.6023,16.2647,1
636160,448334,448336,24.1569,23.0573,1
636161,445460,448336,20.4179,27.8102,14
636355,446674,448463,26.3439,6.9596,1
637595,449334,451985,3.0,11.3129,2
637833,435475,449504,44.8541,5.4909,1
638003,449625,451096,12.4989,7.4159,2
638185,429758,449743,33.29,10.9012,1
638418,449912,543822,220.0237,7.5311,5
638419,309139,449912,71.2814,7.3098,5
638473,449955,526737,42.9328,14.6732,61
639085,449955,450382,201.1119,11.7432,61
639275,450511,455604,54.5894,7.5166,1
639718,450824,463588,19.6469,22.4013,1
639983,450382,451008,7.0711,10.738,61
639985,451009,540368,134.771,6.172,1
640103,451096,455434,53.6418,6.6571,2
640144,451122,454271,53.1601,7.5074,1
640150,451008,451125,7.6811,11.3129,61
640648,451462,574117,90.1345,5.7361,1
640897,451633,451908,29.4449,5.8807,1
640952,451673,477697,15.0748,11.2393,1
641390,451985,456211,10.4881,9.7735,2
641731,443418,452223,48.2115,25.0688,15
642283,451992,452608,29.8831,5.521,1
642301,452620,452959,8.0623,11.0408,61
642524,452620,452775,38.4838,13.8766,61
642770,451125,452959,121.396,11.4017,61
643245,89482,453285,65.2227,5.5726,1
643246,91712,453285,10.4563,3.3132,1
644212,429771,453972,38.108,19.6296,14
644366,439747,454086,227.749,7.2715,10
644617,454271,455279,138.351,7.2592,1
644989,440114,454537,170.7442,30.4182,3
645264,454730,459427,36.8103,5.1421,1
646028,455279,534847,63.9105,8.2063,1
646232,455434,470126,185.6454,5.9977,2
646456,83380,455604,155.541,6.9432,1
646457,93079,455604,7.1414,7.3124,2
646718,455781,550659,13.9306,35.2881,3
646719,455781,550661,4.9329,35.0857,3
646768,455820,486409,25.9808,6.7759,1
646922,455936,545497,45.8718,6.0467,1
646975,455977,457993,10.2956,16.3706,1
646977,455980,524918,98.7128,19.2097,15
646978,455980,549237,4.397,17.3398,15
647306,282791,456211,26.6521,6.9219,2
647363,280756,456253,13.5031,22.8255,1
647627,424854,456438,40.8751,4.8139,1
647691,456484,553378,11.8031,25.4544,18
647697,456486,552078,4.8189,47.3937,21
648399,335784,456990,40.0625,13.0073,5
648874,433309,457334,3.6818,12.5592,15
649001,90362,457422,55.0454,4.7408,1
649611,452775,457845,91.1811,27.2364,61
649747,457946,459108,38.2545,6.1071,1
649759,98280,457953,48.4004,6.1942,1
649818,457993,461245,70.157,14.7158,1
651300,105005,458984,132.3628,31.3573,1
651434,459065,552076,22.0429,4.0306,1
651435,459065,563348,46.4208,3.3839,1
651469,459090,465349,67.2524,10.9977,1
651520,456438,459125,22.9713,4.5708,1
651942,458959,459423,27.6586,8.654,1
651943,459423,562281,51.462,9.217,1
651946,95684,459427,6.5997,6.3326,1
651948,457953,459429,138.6355,6.8843,1
652459,459788,548545,165.4213,6.0454,1
653015,460181,461456,143.2224,6.2741,1
653170,460287,574763,105.7303,28.3265,17
653414,459429,460447,29.7397,9.2844,1
653766,281572,460698,18.3723,27.5631,1
653767,460698,463588,6.1644,24.9187,1
653805,432493,460728,24.3447,14.4027,15
654060,438351,460927,25.1639,7.0283,1
654520,453421,461245,114.4945,14.9853,1
654803,461456,464574,90.4243,6.3787,1
655076,461643,463418,33.2298,5.3723,1
655230,460181,461747,58.2806,6.0355,1
655231,100697,461747,281.0509,5.8541,1
655356,95824,461832,22.0731,7.5311,1
655357,461832,467701,72.101,6.9034,1
655547,461971,565136,13.4006,4.7308,1
656360,436716,462547,65.7572,6.7417,1
656384,462567,554343,50.4622,26.0972,1
657134,97280,463096,6.9682,16.9112,1
657906,462197,463625,19.7231,5.4704,1
658359,463944,566099,41.8848,12.8826,1
658850,464292,471580,58.4209,3.6795,1
658983,463625,464386,18.6815,5.7878,1
659042,98278,464429,56.2317,6.0092,1
659044,464430,578593,2.7689,10.197,15
659095,90032,464464,172.5936,10.477,1
659096,98474,464464,4.0277,5.521,1
659254,98314,464574,3.448,6.6401,1
659658,460447,464857,241.2664,9.6159,1
660348,465349,475728,99.9161,12.259,1
660623,464430,465538,35.2278,10.3635,15
660632,465546,465547,3.6056,27.0029,1
660633,465547,529452,233.23,16.7098,1
661393,98474,466067,15.1539,5.1926,1
661394,102641,466067,42.1099,4.9495,1
661645,97925,466237,50.4975,9.5826,10
661829,466377,468958,91.3783,24.5344,1
662177,466619,466620,27.9543,3.7055,1
662407,466777,493553,33.2716,4.6111,1
662474,303307,466827,64.9359,4.8289,5
662883,467117,476309,52.1249,10.8681,2
662963,100158,467172,30.9892,4.7541,1
663207,101104,467336,21.6076,6.7336,1
663478,467533,475770,76.6094,11.3137,18
663709,467701,469014,12.8841,5.3218,1
664171,100692,468030,13.0724,5.1926,1
664172,100253,468030,28.7731,5.2421,1
664348,468155,594983,20.6473,19.5831,18
664923,433683,468564,65.3976,5.1623,1
664924,468564,472626,55.9826,4.9651,1
665247,95875,468786,75.5491,7.437,1
665248,102864,468786,38.4794,6.8541,1
665585,101601,469014,19.2152,4.999,1
665724,469105,707259,22.7864,8.779,2
665726,469105,720982,6.675,9.6414,2
666167,467533,469416,82.9096,12.194,18
666168,469416,588802,21.3672,8.1908,18
666445,469629,582334,80.2205,12.3837,16
666446,469629,601254,38.1887,7.5261,16
667150,470126,476903,93.1683,7.2355,2
667421,453972,470301,42.8195,20.1985,14
667572,470405,757204,23.8371,15.5657,1
667924,470631,480573,97.6297,7.1455,1
668139,470778,619017,172.5898,22.5247,18
669024,471414,484673,120.1268,5.4495,1
669795,399579,471945,88.6172,8.1723,21
669797,471945,472633,4.1231,7.6888,21
669944,100995,472060,37.229,20.6635,1
670022,468958,472117,69.8355,24.8895,1
670190,101104,472236,66.7549,5.9106,1
670248,455936,472275,224.4594,6.5332,1
670678,472594,599398,10.8012,9.133,1
670679,472594,604591,8.0829,9.505,1
670740,472633,472634,5.4263,9.8322,21
672528,463944,473905,146.7822,14.6057,1
672628,104733,473981,20.5832,23.0527,1
672863,474135,475165,13.0,22.3032,1
672960,103562,474199,31.5278,9.911,10
673001,102602,474231,39.011,9.4497,2
673060,103649,474277,10.8883,25.9286,1
673381,104121,474516,4.0415,7.7054,1
673382,109034,474516,80.6205,8.7977,1
673528,474618,591353,40.9145,7.1193,1
673530,474618,486377,68.2715,7.4113,1
674034,474977,477394,16.8528,7.1756,2
674303,472117,475165,37.4299,23.5227,1
674598,103938,475368,32.402,27.5452,1
674708,472236,475437,45.5897,6.5822,1
674709,107227,475437,57.9528,5.7361,1
674712,475439,617206,21.5561,2.2882,1
674774,474135,475486,15.843,24.7062,1
675138,475728,476057,6.9042,13.6006,1
675211,475770,633581,107.9745,8.2525,18
675563,476018,476136,10.072,20.8199,1
675621,109569,476057,78.1992,12.3836,1
675727,107188,476136,36.4005,18.5964,1
676053,476369,477375,46.2817,2.8708,1
676088,474199,476396,47.8528,11.2651,10
676089,108005,476396,44.0946,10.1141,10
676368,475439,476586,10.7238,1.4142,1
676439,441884,476644,99.9465,9.4307,1
676704,105197,476839,15.4452,2.618,1
676705,476839,477981,20.1715,3.7913,1
676796,476903,485575,96.7293,8.0584,2
676805,435610,476910,8.34,3.2394,1
677486,476586,477375,16.9706,1.7071,1
677510,477394,497234,184.1877,5.715,2
677566,477429,478861,22.5167,8.217,1
677567,477429,477529,13.3083,7.5311,1
677914,477670,615610,13.9244,23.4956,1
677955,477697,731748,6.3443,10.5479,1
678143,472060,477830,92.6211,20.8566,1
678361,477193,477981,20.6236,4.1621,1
678570,477830,478129,11.5374,20.3138,1
678635,110741,478174,86.799,8.279,1
679202,107379,478591,23.7837,5.5649,1
679264,108162,478632,22.1435,5.1636,1
681177,479959,481226,18.412,14.5766,1
681533,480206,486342,60.1045,5.0981,1
682141,480206,480625,65.8399,6.5032,1
682142,110745,480625,67.7618,6.2503,1
682261,108005,480707,29.0995,8.1723,10
682403,480805,537170,54.2402,9.1103,2
683016,481226,481464,12.1681,13.0935,1
683088,472275,481279,114.7214,7.1947,1
683364,110081,481464,32.0469,11.0594,1
683488,481559,491746,22.4153,10.9099,1
683720,481722,484872,34.7131,23.1928,18
684130,108782,482002,4.0415,6.8758,1
684165,108799,482029,12.1335,6.5355,10
685357,109442,482874,15.0795,5.8208,1
686265,483486,612813,57.0643,4.5826,1
687100,482029,484106,85.2382,6.0355,10
687101,110851,484106,19.5533,6.2417,10
687124,484124,494311,49.163,5.5909,1
687572,435676,484434,28.1306,20.8723,14
687664,466676,484498,32.0943,4.3008,1
687719,110914,484538,68.6525,5.3735,1
687720,484538,490046,59.9053,7.8719,1
687723,431456,484542,102.104,16.7014,60
687724,484542,485541,10.8883,16.7178,60
688202,484872,635688,19.6554,24.697,18
688207,437915,484877,27.554,10.4333,2
688445,481279,485056,39.37,7.6553,1
688617,476309,485171,130.0346,10.435,2
688618,485171,488504,49.4773,8.8437,1
689180,112378,485575,35.6043,7.1838,2
690239,112877,486328,62.91,7.3549,1
690303,486377,495454,47.4236,5.3735,1
690349,200721,486409,230.4726,11.4412,1
690432,481465,486464,64.3031,6.7293,1
690796,485056,486731,9.0,8.6023,1
691183,486996,573743,73.644,6.1926,1
691233,428890,487032,55.4557,5.1736,21
691505,487218,616995,60.9863,8.2453,1
692006,485171,487580,121.536,8.1904,1
692007,487580,638748,84.1995,5.6213,1
692329,112376,487821,8.5049,7.2024,10
692330,112648,487821,62.8702,7.8301,10
693169,488426,492782,83.4912,7.5415,1
693284,488504,640537,32.5077,10.1741,1
693664,484498,488773,30.3553,4.4126,1
694722,489532,649271,111.7149,5.8284,1
695444,113761,490046,6.9761,7.5799,1
696081,109569,490475,124.3767,10.3738,1
696082,490475,490640,8.8242,10.1253,1
696124,486342,490507,36.3054,6.2749,1
696125,115712,490507,57.0777,6.8571,1
696314,490640,491048,35.2082,11.4499,1
696421,436601,490722,28.5599,4.9495,1
696607,490856,490867,162.0494,7.1414,1
696677,490900,499423,10.3923,7.6468,6
696891,111841,491048,58.2037,12.8606,1
696892,491048,501182,99.4328,11.8078,2
697018,114446,491141,14.1608,6.3668,10
697249,491300,498958,103.9904,6.6472,2
697879,491746,595048,12.5786,10.0917,1
698591,492241,734490,54.9242,8.0902,1
699364,115970,492782,64.6246,7.6553,1
700363,493463,503901,162.3145,26.0905,18
700898,114829,493856,15.9896,4.6596,1
700951,493898,494433,30.2085,5.9036,1
701701,117194,494431,43.5123,6.0402,1
701703,494431,494432,58.0695,6.458,1
701704,494432,494433,6.2361,6.0495,1
701989,484865,494626,10.0995,26.8786,1
701990,284512,494626,8.8129,21.8403,1
702209,123023,494786,125.2384,7.9462,1
702869,495278,803700,81.9085,6.1201,3
703107,495454,497017,15.2971,4.0941,1
703110,487218,495458,69.8928,8.5134,1
703278,495573,497367,26.4197,6.2404,17
703878,495977,630469,49.0363,2.9889,1
703970,297992,496042,114.5629,4.0388,1
704201,117427,496210,11.3969,7.5498,1
704642,485541,496518,37.4759,15.0816,60
704682,496547,656633,14.5678,6.1889,1
704708,495458,496566,12.3693,7.5317,1
705347,497017,657447,15.2506,5.9313,1
705371,116365,497032,28.2489,7.3714,1
705372,119234,497032,30.122,5.9713,1
705854,497367,498394,11.7473,4.6583,17
705897,432658,497404,55.8271,3.8643,1
705898,488773,497404,17.3205,4.0941,1
706847,496547,498065,23.8537,5.1083,1
707114,118741,498233,29.1147,2.8284,1
707343,498394,663597,56.7561,3.7199,17
707906,497234,498781,21.1719,5.5335,2
707908,119174,498781,10.1612,5.9036,2
708164,122916,498953,120.9215,7.6155,2
708167,444918,498955,30.1588,4.8139,1
708169,490722,498957,14.0673,4.5708,1
708171,119029,498958,8.124,7.2749,2
708462,119174,499156,103.8059,5.7899,2
708463,119172,499156,7.461,7.9574,2
708532,495573,499206,32.9393,7.1774,17
708533,499206,663388,41.3239,7.2911,17
708838,284983,499423,18.3121,7.2772,5
709085,486731,499595,66.7757,8.5438,1
709271,499725,500527,46.4307,11.6668,1
709363,494168,499786,79.3687,5.9619,1
709632,499725,499964,96.9556,10.9724,1
709999,425248,500216,262.3884,8.1707,3
710000,500216,528146,131.8602,9.6285,3
710204,119456,500368,33.2951,6.5927,10
710205,122049,500368,79.7563,6.8553,10
710427,121857,500527,266.9799,7.6761,1
711337,501182,514162,119.1092,10.4833,2
711634,501392,502452,19.9499,5.5136,2
712257,501850,504612,27.6908,8.2144,10
712943,502346,667145,18.6011,4.5616,1
713084,502452,508129,59.9667,7.303,2
713118,496210,502477,209.5373,7.806,1
713531,123549,502760,69.7065,6.8758,1
713760,502239,502918,4.6904,2.9954,1
714999,118876,503786,104.5241,7.3434,1
715166,503901,503902,5.0,26.7764,18
715167,503902,666575,12.161,26.6063,18
716194,504612,536690,389.3124,7.6018,10
717449,505492,660611,94.2514,7.0654,1
717568,308249,505578,54.74,17.1731,8
717632,121760,505626,78.1551,7.1047,1
718279,121857,506081,16.2275,5.521,1
718280,506081,508604,45.3297,5.3852,1
718495,506239,574933,14.0712,5.9853,1
718510,505626,506251,19.2931,5.7899,1
718667,138714,506358,6.0828,7.3478,1
719052,504526,506646,22.857,6.7546,1
719480,502477,506952,65.0453,7.9363,1
719481,124659,506952,50.7466,7.1067,1
719790,122821,507170,17.9444,10.315,1
720284,507515,687300,65.4574,5.465,1
720810,501280,507884,44.5982,3.6427,1
721168,508129,514190,124.2292,8.4186,2
721355,508258,508486,14.3527,3.8643,17
721383,500255,508275,96.1775,10.8012,5
721385,508275,513061,39.0683,12.8352,5
721696,508486,511828,56.4712,4.3523,17
721768,507884,508535,4.3589,4.1231,1
721769,508535,676180,20.5183,4.7541,1
722128,285808,508785,20.1694,19.5395,1
722436,509000,680852,37.7668,4.8406,1
722762,122647,509227,32.5269,5.7439,1
724888,124083,510723,62.8667,5.9977,2
724889,510723,514175,104.0118,6.7223,2
725081,510866,676431,48.4013,5.1926,17
725265,126710,510995,70.4911,5.1926,1
725397,123952,511089,51.074,7.5,2
725839,126710,511407,27.2458,7.383,1
725866,511424,515341,48.2494,22.0166,1
726014,292468,511524,51.238,9.3551,1
726015,284733,511524,35.8608,7.5317,1
726153,123461,511633,68.5263,5.6239,1
726155,128609,511633,50.8199,5.4,1
726444,511828,675507,23.4781,4.8408,17
727102,502346,512307,78.8226,3.618,1
727103,512307,679570,43.4939,4.3584,1
729039,513691,514123,5.3852,5.521,1
729183,513798,694626,100.9274,6.1942,1
729707,126545,514175,31.0,6.6814,2
729726,514190,518884,44.2245,7.7728,2
730325,514638,682717,42.785,11.9787,17
730327,514638,514639,9.8489,12.4371,17
731031,441129,515123,34.8575,5.6618,1
731283,512077,515295,30.9139,8.5957,1
731284,515295,520147,129.5934,8.7909,1
731341,505492,515337,116.0215,5.6272,1
732843,506646,516401,79.2486,5.6926,1
732869,127267,516422,13.9403,5.6506,1
733076,514175,516562,28.8174,6.5981,4
733253,284792,516693,14.1303,9.71,2
733497,513061,516856,49.5278,13.0935,5
733563,516901,682718,9.1773,5.6967,1
733714,517005,517070,14.0633,8.8401,4
733768,126768,517041,34.6747,4.9839,1
733812,128070,517070,11.9443,7.7973,4
733816,517005,517073,12.2066,8.217,4
734276,517400,675869,38.2187,8.8737,17
734277,517400,538674,119.0168,8.0884,17
735008,290632,517910,42.8641,4.5306,2
735116,439060,517984,68.3268,23.0421,14
735551,516422,518290,37.8506,5.1421,1
735824,518478,533509,167.9911,8.7847,1
736100,456990,518676,22.4623,12.7195,5
736198,517073,518743,62.5504,7.0707,4
736397,130398,518884,54.6596,6.5701,2
736579,517984,519011,5.9067,26.0479,14
736580,453421,519011,78.1516,21.4661,1
736656,496518,519057,143.4197,16.5023,60
736657,451009,519057,123.3775,10.94,1
736866,519206,521075,52.0609,6.6814,1
736913,519238,678232,48.7186,6.3901,1
736914,519238,522501,43.3244,6.2237,1
737336,129280,519534,6.9682,5.2493,1
737527,519672,523187,54.827,1.9142,1
737574,519011,519704,6.675,25.8357,15
737750,519834,682717,46.1435,10.0726,17
737837,128978,519891,15.2643,5.1495,1
737990,519534,520004,43.937,6.6323,1
737993,520005,697805,50.5096,4.2361,1
738168,133532,520123,58.1245,11.654,2
738203,130138,520147,5.5877,9.7754,1
738330,513691,520242,50.3885,8.0486,1
738373,130066,520273,33.2749,8.6231,1
738837,520582,555662,62.8269,6.9646,1
739209,519959,520851,33.0,6.1237,1
739253,129337,520885,29.4147,7.9169,4
739512,520273,521075,99.1374,8.1401,1
740661,521893,522843,7.7028,9.0273,1
741482,302380,522460,18.7172,6.8166,1
741729,522636,687509,54.4977,3.3541,1
741730,522636,528321,38.0132,3.6503,1
742029,522843,525928,50.9324,6.358,1
742368,523083,523545,55.8112,6.7028,1
742369,523083,526048,26.2869,6.8459,1
742547,523215,525560,20.6398,21.9414,1
742766,507515,523371,388.7017,7.5523,1
742787,519891,523383,42.5846,6.9188,1
742789,523383,525200,13.3458,5.7016,1
742977,130971,523518,49.2161,5.1636,1
743013,523545,523730,12.2972,5.7899,1
743190,441615,523668,64.1483,5.7956,1
743280,523730,531279,140.3907,8.1901,1
743412,448463,523813,9.1773,8.6692,1
743445,523839,646155,261.5535,9.5866,1
743662,131260,523992,25.186,5.9402,4
743881,134253,524143,40.3347,5.0378,1
744604,523992,524654,29.9096,7.7016,4
744605,134991,524654,46.0202,8.437,4
744696,524722,692259,19.5761,5.0794,1
744735,523813,524748,38.5299,9.7025,1
744954,519704,524918,34.176,23.6832,15
745046,524977,550659,46.6743,32.6323,18
745053,456484,524977,35.2491,27.8295,18
745126,130089,525027,44.4785,9.9102,1
745381,525199,551751,205.9169,6.9465,1
745875,525560,699043,58.4637,19.0254,1
746398,525928,526257,8.5765,4.4009,1
746572,526048,528605,61.8717,4.9839,1
746860,526257,529056,65.3333,4.8894,1
747017,526361,532055,68.1616,6.5822,2
747355,519834,526610,104.9619,7.6367,17
747538,526731,710426,72.5021,7.4697,1
747542,519057,526737,69.8323,17.147,61
748072,524748,527119,67.3222,6.0458,1
748658,525200,527532,18.2049,5.0196,1
749203,523371,527923,34.5832,8.1368,1
749503,442103,528146,54.0466,9.428,21
749504,528146,586189,193.0595,8.8293,18
749752,519959,528321,169.9265,3.8637,1
750626,138513,528933,70.7332,14.8817,5
751333,492241,529418,6.3004,11.3129,1
751376,529446,643702,159.3393,19.1764,1
751386,451992,529452,15.85,6.1926,1
751612,287426,529611,86.406,6.9937,1
751613,285248,529611,49.3356,5.6506,1
751788,526610,529745,37.9078,8.1332,17
752383,133046,530157,80.1457,7.4806,1
752740,136642,530409,96.7982,9.1488,1
753215,530743,532309,63.0952,15.0239,1
753448,518478,530907,94.8578,8.2382,1
753948,136493,531279,24.15,8.5898,1
754513,138388,531683,42.6888,8.3031,1
754555,531712,542443,13.4164,8.7176,2
754556,290632,531712,21.6025,7.2598,2
754713,531820,532891,73.9332,9.2466,1
755060,532077,694626,61.1037,5.8735,1
755374,532309,540783,99.8899,12.8834,1
755541,529056,532425,28.0179,4.0941,1
755863,531683,532652,66.6967,7.9681,1
755925,523668,532699,31.7997,5.0794,1
755926,451908,532699,18.6369,5.3033,1
756210,532891,537902,134.3974,8.1453,1
756342,135365,532974,68.6319,7.3761,4
756366,135383,532990,95.8732,6.7749,1
756634,132883,533178,123.0226,7.1585,1
757084,288495,533509,16.7498,10.1627,1
757176,284983,533572,99.2505,7.0355,5
757177,296872,533572,104.5062,8.7202,5
757665,527119,533937,23.5214,4.4867,1
757666,451087,533937,15.2356,4.9497,1
757775,532055,534017,38.5681,8.744,2
757776,534017,536690,129.0743,8.8148,2
757822,534053,549579,131.689,6.4787,1
757870,534086,702215,15.8623,11.6206,17
757871,534086,536578,16.4012,9.8995,17
758414,534053,534465,47.5815,5.2361,1
758423,140351,534470,44.9469,5.8941,1
758487,139054,534518,48.3448,2.3028,1
758499,139618,534526,28.8329,3.57,1
758953,534847,541048,24.2831,9.0446,1
758984,532077,534869,42.9535,5.8303,1
758985,534869,541830,51.3907,6.0738,1
759243,535048,535756,21.8225,5.2493,1
759798,532990,535439,24.2998,6.2016,1
760254,140567,535756,30.0555,4.7408,1
760323,139612,535805,15.7692,2.7763,1
760373,535839,747130,11.8415,7.4051,2
761010,536288,537649,15.9374,4.7386,1
761419,536578,549016,95.0684,7.9078,17
761593,146594,536690,165.3471,7.6938,12
761776,533178,536814,99.4675,6.3284,1
761906,534526,536903,25.5886,3.4042,1
762179,134887,537091,100.3776,6.2264,1
762180,537091,537354,4.1231,7.1947,1
762251,537136,538397,7.0079,4.5274,1
762300,294984,537170,54.0062,8.9985,2
762375,139588,537227,19.0584,7.9681,1
762598,537386,541139,102.4109,6.1623,1
762958,537649,710511,96.4021,4.5981,1
763330,139845,537902,51.1924,8.3574,1
763690,139819,538157,15.0333,8.8549,4
763842,537386,538265,30.1496,6.9702,1
764236,538397,538538,64.2599,4.5274,1
764725,538265,538879,15.4272,7.199,1
765226,539249,539889,28.6918,9.5083,1
765404,539368,571904,22.3809,9.3284,1
765796,140698,539631,18.9737,5.7865,4
765797,142019,539631,30.5396,6.03,4
765828,539654,555715,22.5964,25.7698,18
765959,290216,539743,24.8126,9.1572,2
765960,539743,542443,7.3485,8.7176,2
766163,143585,539889,35.5246,8.4532,1
766308,515123,539990,53.5646,9.2748,1
766555,143434,540159,31.5947,6.9432,1
766843,451122,540368,17.5468,8.4545,1
767440,540783,543429,71.3933,9.8423,1
767532,139586,540847,33.8329,6.4862,1
767534,159536,540847,204.3184,7.303,1
767654,538879,540921,24.1247,7.5143,1
767850,519056,541048,159.4787,9.326,1
768471,142039,541490,29.0611,7.3937,1
768770,147127,541711,64.6864,5.5317,1
769552,542269,551573,87.1735,10.4976,2
770212,454249,542722,30.895,12.8773,1
770213,455977,542722,10.9772,17.127,1
770325,538674,542803,34.0588,7.8421,17
771217,543429,549416,41.7253,7.4407,1
771807,141237,543827,175.6338,7.2744,1
772064,148309,544002,54.7296,5.6317,1
772186,541139,544088,16.6733,5.0616,1
772188,544088,545851,10.3441,3.7936,1
772275,309700,544153,38.3101,5.567,5
773304,543827,544887,9.0062,7.8589,1
773305,544888,545368,37.3337,7.3805,1
773306,544888,550159,83.1939,7.1056,1
773401,541490,544960,44.5913,8.4124,1
773402,143666,544960,196.3302,8.3736,1
773632,545118,546524,13.3041,4.6213,1
773976,149238,545368,63.1253,6.1201,1
774153,440928,545497,422.9144,5.5902,1
774192,541830,545528,20.9762,5.4929,1
774658,545851,547722,11.9164,3.1463,1
775191,145353,546235,7.2495,19.2574,5
775417,546380,547504,37.8139,18.6869,5
775423,145644,546385,6.9821,7.6533,1
775616,546524,546733,2.4495,4.5616,1
775645,546546,548711,16.8984,6.3224,1
775897,546733,720170,21.1009,3.7199,1
776672,547274,548928,43.6921,6.0837,1
776691,547290,696186,344.5125,7.2426,1
776964,547274,547498,36.9053,4.1926,1
776977,547504,551608,55.2175,19.4919,5
777229,544002,547685,44.6843,5.7899,1
777230,547685,553911,70.1087,5.6899,1
778434,454249,548545,20.6209,5.7079,1
778683,548711,555439,88.0013,6.3533,1
778988,548928,551709,64.0469,6.4325,1
779015,548947,550372,19.6243,4.3574,1
779110,549016,720372,43.5813,6.1203,16
779111,549016,724922,25.4951,6.0402,1
779693,549416,559555,60.4483,6.7371,1
779788,451633,549478,48.4034,8.5605,1
779789,458959,549478,57.5577,8.962,1
779925,549579,551980,25.9615,8.1796,1
780625,550099,551741,36.1278,13.3484,1
780626,550099,550931,14.1052,14.0193,1
780700,144762,550156,180.1959,4.3723,1
780706,145388,550159,87.2643,5.9495,1
780810,144271,550233,62.409,5.4312,1
780811,148240,550233,9.1591,4.872,1
781008,148240,550372,8.165,4.3008,1
781162,289382,550478,11.8534,21.9129,1
781432,456486,550659,21.924,40.5118,21
781815,154691,550931,127.8406,15.2877,1
782264,550156,551245,23.5512,5.4218,1
782486,548947,551404,61.7772,5.1515,1
782487,148426,551404,4.4597,5.9155,1
782592,547290,551485,87.8237,7.1533,1
782594,551485,562801,247.5237,8.2764,1
782721,551573,554288,30.6974,10.6977,2
782728,551579,556881,6.0,3.0956,1
782884,551686,554548,23.0483,5.0517,1
782944,151234,551741,48.6587,12.892,1
782979,150126,551768,50.7346,6.2283,1
782980,551314,551769,19.6908,7.0711,1
782981,551769,553910,67.8651,5.6569,1
782982,551408,551770,23.1569,5.7016,1
783389,452608,552076,48.5581,5.2779,1
783393,552078,557171,25.6528,46.6016,79
783903,552426,721164,30.739,5.8549,1
783904,552426,741194,117.9436,6.7237,1
784261,144961,552681,144.2429,6.1926,1
784262,155326,552681,81.9003,6.5332,1
784314,552719,724595,10.8474,10.5587,1
785019,294856,553203,33.589,17.1449,1
785117,553271,726647,3.559,7.8037,1
785274,457581,553378,7.0223,24.9993,18
785564,553601,725739,11.868,7.5,1
785992,150126,553910,20.5805,4.4126,1
785993,149953,553911,3.7859,5.2779,1
786378,553271,554183,15.5885,8.4586,1
786379,554183,557560,46.1952,7.9185,1
786593,460287,554343,167.6945,28.5431,17
786594,554343,561197,40.952,27.5622,18
786690,291854,554413,18.8033,9.3261,2
786885,150844,554548,14.3488,4.9338,1
788137,151156,555439,33.2666,7.1442,1
788217,555493,728724,4.6786,6.1644,16
788399,555617,563904,74.9209,5.6317,5
788455,555661,561617,79.63,7.0094,12
788456,314295,555662,55.4106,6.9646,1
788529,457581,555715,8.0623,24.1658,18
788628,555554,555774,8.544,6.2822,1
788629,555774,738621,103.4102,4.148,1
790022,556767,557900,45.9033,7.8384,1
790181,556881,559913,38.1707,3.452,1
790471,554288,557105,19.7231,11.5537,2
790565,457845,557171,6.866,41.0487,61
790566,557171,574767,31.0798,37.1932,18
790853,555661,557366,104.5838,8.109,12
790854,154989,557366,83.0134,7.5027,12
791073,152980,557526,86.1233,6.8365,1
791554,557881,561780,59.143,12.3494,1
791556,155629,557882,46.9077,6.7371,1
791580,557526,557900,39.3475,7.7991,1
791873,557105,558106,7.9232,10.9787,2
793021,558914,729296,28.5854,4.1926,1
793023,558914,561469,34.4529,4.8139,1
793290,559097,560536,23.4094,3.5616,1
793528,157744,559270,55.6048,3.7199,1
793925,559555,741128,73.6154,5.7511,1
794081,289016,559663,29.2005,9.2676,1
794083,559663,565867,7.3485,11.3692,1
794107,559682,733405,38.2991,4.8708,1
794421,559913,561357,40.3237,3.6427,1
794620,559180,560059,8.8318,15.1395,17
795172,154242,560452,11.5998,20.5125,5
795296,560536,736255,16.0624,3.2863,1
795411,560613,564330,31.2304,16.0185,1
795834,288466,560926,36.4951,14.4361,1
796000,559682,561042,13.7477,3.0956,1
796001,561042,562671,9.434,2.7247,1
796058,561083,741433,95.8871,5.2068,1
796215,539654,561197,27.1518,26.7578,18
796454,191455,561357,57.836,4.6111,1
796718,561534,562380,7.9512,2.618,1
796840,561617,573900,163.4387,6.2838,12
797051,560613,561758,17.2007,18.0605,1
797082,561780,563666,25.5147,10.3096,1
797123,311163,561808,25.8715,4.6111,5
797698,560999,562206,45.7165,6.0738,3
797782,562260,744225,49.9867,8.4774,1
797814,562281,563740,18.4872,9.4497,1
797874,561808,562329,16.7697,4.241,5
797951,562380,564190,17.7326,4.1926,1
798364,562671,564086,13.6382,3.5616,1
798450,562732,567392,105.3043,3.6056,1
798451,562732,563514,5.7446,3.4611,1
798800,157142,562973,147.3012,4.4155,1
798801,562973,569511,88.5841,4.7863,1
799285,563314,571422,83.4759,9.2001,4
799564,563514,742205,34.63,4.1078,1
799760,563666,564765,40.0441,10.7123,1
799865,563740,568302,23.5278,9.9747,1
800093,551447,563904,14.6097,5.2421,5
800350,564086,741658,13.6504,4.1829,1
800497,564190,573739,105.6625,4.1926,1
800595,155179,564257,12.5952,7.3852,1
800694,158541,564330,50.2096,10.7622,1
800699,563870,564333,6.884,5.2676,12
800700,564333,565320,10.5418,3.8534,12
800947,155279,564500,94.4205,8.6409,1
801204,562801,564672,79.9375,8.2764,1
801333,564765,565926,10.7776,11.3106,1
801653,564998,740040,46.9988,15.1587,17
801699,562206,565026,40.1345,6.2264,3
801700,156314,565026,15.3695,6.0467,2
802476,155026,565574,68.5711,5.3723,1
802477,156845,565574,10.4881,5.8723,1
802876,292129,565867,14.0791,14.8883,1
803038,565975,742447,14.5945,4.3028,16
803204,539990,566099,108.9113,12.4965,1
803227,552719,566114,120.0208,9.5503,1
804511,566114,567022,8.124,8.8853,1
805032,567392,567876,14.2127,3.3028,1
805307,567583,567934,3.6056,15.9169,17
805712,567876,741947,17.7639,4.0981,1
805802,567934,740572,85.5447,14.8508,17
805837,157409,567960,11.5801,6.9432,1
805872,159316,567984,41.1461,5.3735,1
805921,568020,741658,14.0238,3.9241,1
806117,568154,572486,54.5145,20.9335,5
806335,473905,568302,165.2705,13.2863,1
806561,568462,578386,70.0206,4.9839,12
806760,568586,743951,38.8358,5.5076,1
807475,569091,573345,37.7757,5.7899,1
807910,564672,569392,60.3158,8.4253,1
808085,157744,569511,18.6994,3.9324,1
808751,570004,746247,4.9329,16.5831,17
809063,570232,751021,33.6881,8.1953,1
809956,568586,570850,25.1595,5.9036,1
810305,165216,571109,148.6345,5.5616,4
810482,570004,571246,18.5742,16.8648,17
810497,571257,746292,8.756,16.3623,14
810522,571273,574004,18.9091,4.7863,1
810805,571478,571903,39.4462,4.6111,16
810842,571505,747818,6.3592,1.9841,1
811401,571903,572252,20.3224,4.511,16
811402,571904,761930,12.6673,6.8596,1
811864,572217,585589,11.8743,11.8443,1
811913,572252,749013,74.6868,5.9495,16
811992,571273,572303,16.6176,3.9324,1
812258,572486,573906,22.4901,21.7197,5
812617,572743,751396,16.8688,6.9159,1
812691,572796,574185,18.918,5.521,2
813099,160840,573089,6.1555,4.7431,4
813333,571422,573264,22.8059,9.0182,4
813339,571246,573268,21.4709,16.2053,17
813439,573345,750747,7.6085,5.3779,1
813823,573609,748906,6.442,18.0017,15
813888,573658,744375,108.3974,7.8369,1
814000,568227,573739,46.8283,4.5822,1
814002,572743,573740,11.9164,5.8541,1
814006,312465,573743,44.4635,4.618,1
814234,573900,576728,33.7627,5.9106,12
814241,573906,575388,29.968,21.4338,5
814373,160624,574004,56.0169,5.1515,1
814505,574099,575976,13.6382,10.3457,14
814532,574117,591353,34.2848,6.7787,1
814625,159588,574185,80.5854,6.8904,2
815007,574456,582353,98.3107,11.3359,1
815250,573609,574641,8.3666,13.5687,15
815254,574645,741194,81.3533,6.9034,1
815277,574661,574662,6.0828,12.7241,1
815429,463501,574763,11.6428,28.9723,17
815436,574767,584595,25.7531,25.2704,18
815669,574933,623005,9.3512,9.341,1
815850,569509,575066,188.6517,7.1665,1
815890,575093,751327,11.3578,7.713,1
815891,575093,754912,23.0434,7.9363,1
816320,166413,575388,75.4343,20.4121,5
816353,575410,588842,24.0416,7.9582,2
816354,294142,575410,8.6927,9.5353,2
817122,573268,575967,21.5407,15.1488,17
817135,575976,746480,64.2484,16.0279,14
817201,464386,576020,14.9899,5.365,1
817295,463501,576088,9.8939,29.4866,17
817296,465546,576088,113.4264,28.6339,17
817697,162677,576366,14.9889,5.5076,1
817698,166352,576366,45.6946,5.458,1
817805,575131,576441,11.3603,4.1795,1
817842,576467,587251,76.8071,6.9996,1
817961,167694,576553,82.9744,6.6328,1
817962,576553,595214,119.1865,7.9093,1
818049,576621,580816,43.391,16.2897,1
818199,167258,576728,103.4621,6.364,12
818250,576764,751381,18.5346,10.9016,15
818251,576764,753620,3.9158,8.654,15
818276,576784,752836,6.2959,10.3959,1
818681,576784,577089,4.6904,10.1253,1
819336,167263,577562,43.7988,7.4736,1
819582,462567,577733,16.4012,21.5292,1
819583,466377,577733,62.5033,22.1199,1
819780,577089,577871,9.434,11.4291,1
820019,576763,578046,20.4695,8.1796,15
820020,578046,578489,10.4403,10.3048,15
820040,578062,578381,10.9545,11.2914,1
820345,571478,578277,46.1844,5.5495,16
820505,577871,578381,15.1658,11.6997,1
820511,578386,580533,86.8536,5.6825,12
820644,578489,751081,82.1542,18.5322,15
820783,549237,578593,158.286,14.1303,15
821026,578770,579175,32.2645,10.6961,1
821195,578900,755887,7.1049,7.4758,1
821478,162168,579102,41.9603,5.8807,3
821577,579175,756879,14.5645,10.875,1
821582,579179,755942,11.2793,10.3648,1
821602,579192,756360,29.0172,8.0826,1
821858,579382,756587,8.8752,13.5417,1
821862,579385,756878,9.8939,11.8257,1
821866,579389,756593,4.9554,10.5074,1
822096,579389,579552,24.4336,10.0452,1
822123,579192,579571,19.9499,9.326,1
822128,579571,579574,25.0799,9.1309,1
822130,579574,579575,4.2426,8.5408,1
822583,579552,579890,11.5758,8.2769,1
822813,580067,756362,9.434,13.1093,1
822999,580192,762261,24.3082,7.4838,1
823077,580254,583788,30.4822,7.3247,4
823135,580299,582373,29.3849,5.7878,1
823475,580533,581210,63.7382,5.262,12
823540,174238,580583,97.8582,6.4862,1
823638,438237,580651,166.577,9.0182,2
823639,467117,580651,9.8093,9.8405,2
823874,169867,580816,64.8048,15.4956,1
824091,580974,760600,24.5386,22.2053,1
824425,581219,760924,24.0693,12.0227,1
824817,170839,581502,70.7594,5.3284,4
825063,581676,582334,7.4917,17.4868,16
825065,465546,581678,309.4344,23.6166,16
825066,581676,581678,11.1337,18.9886,16
825130,574645,581717,58.6941,5.5649,1
825131,581717,766002,37.5396,5.734,1
825387,581901,758335,17.0404,12.3736,1
825419,581926,760964,17.4499,19.2354,14
825711,581210,582134,26.6166,4.7431,12
825712,167258,582134,3.6968,6.4078,12
825810,582207,582208,2.8284,17.9222,1
825812,582208,759882,7.0321,16.8209,1
826011,168328,582353,20.0832,10.29,1
826012,575967,582354,49.5278,16.2057,17
826013,582354,584725,14.9666,19.1532,17
826815,166352,582920,18.6979,5.0,1
826910,582986,759860,5.2281,14.0775,1
826961,583024,583229,3.7417,14.3873,1
827243,583229,756187,60.5144,16.8979,1
827245,583024,583230,7.874,14.3003,1
827476,582511,583384,9.1652,12.2881,1
827503,583401,760718,19.655,21.124,1
827647,578277,583512,92.6607,6.2016,16
828020,583788,588937,61.9825,6.6726,4
828083,583512,583831,38.3406,6.7723,16
828385,584044,589431,52.1842,7.129,12
828396,580299,584051,34.1464,5.1515,1
828398,584051,586767,21.0241,4.4721,1
829166,468155,584595,24.7229,20.1639,18
829314,584700,585074,8.7178,16.9053,1
829344,584725,765809,75.8569,27.115,17
829583,584902,756203,62.0151,20.8166,14
829815,585074,764674,15.7127,17.4254,1
830203,585356,759012,85.9922,6.373,1
830285,167633,585415,29.0689,4.729,3
830515,294865,585589,32.665,7.3708,1
830648,585415,585675,7.3041,3.6795,3
830896,585846,586234,21.1371,6.7016,12
830948,585885,763030,23.2809,7.6533,1
830949,585885,587138,10.0499,10.5759,1
830951,585886,764122,22.8687,16.8851,1
830952,585886,587893,16.8226,13.7091,1
831112,583831,585995,52.259,6.6529,16
831314,571500,586141,89.4087,6.0992,1
831315,172333,586141,37.0315,4.9839,1
831381,586189,588802,19.9053,6.8163,18
831403,581838,586208,37.8682,4.3708,1
831404,586208,768513,33.4149,3.5291,1
831459,586251,702730,50.9192,11.6182,2
831460,586251,626277,14.6758,16.2835,2
831825,586496,587663,19.1511,5.985,4
832515,586976,767104,31.4219,12.4836,1
832745,587138,765425,4.2426,14.9226,1
832897,171940,587245,15.0099,5.1926,1
832909,176690,587251,90.9524,9.1868,1
833376,334649,587590,27.0298,9.0118,1
833377,409800,587590,15.9881,8.562,1
833475,179488,587663,132.4741,6.6921,4
833530,587705,767673,56.0446,12.6589,1
833796,587893,764825,4.9666,14.5085,1
833860,587705,587934,10.0499,12.6239,1
834078,175968,588095,77.8389,19.3753,5
834238,588213,765906,11.8884,24.1453,10
834644,171868,588508,8.2462,5.099,1
835126,297289,588842,15.438,7.2108,2
835264,173502,588937,36.2261,5.6317,4
835468,589084,765517,64.7995,22.0893,10
835943,585846,589431,31.5862,6.5557,12
836318,588213,589702,51.4101,25.0608,10
837123,587934,590275,20.6398,13.4682,1
837124,590275,767104,22.9637,12.3858,1
837319,166845,590413,59.4475,6.2149,4
837452,590514,763528,31.927,5.8648,1
837699,590696,599668,30.6757,5.3033,1
837703,590696,590699,8.775,5.4075,1
837727,590717,769842,16.5126,4.3509,1
837785,590758,766924,16.5915,12.4446,1
838182,589702,591023,11.225,24.8109,10
838253,591077,766459,22.8741,2.8831,1
838311,591119,592322,23.8537,6.6028,1
838463,171236,591231,30.9659,7.4096,13
838464,172656,591231,38.694,8.9596,12
838548,461971,591294,137.826,3.6503,1
838549,591294,595987,71.9575,4.7361,1
838762,591450,769057,12.8722,21.3304,10
838856,591524,764498,51.5256,9.7846,1
839178,591738,768307,11.4988,13.5403,2
839179,591738,594947,29.1376,11.3137,2
839199,169867,591753,83.5703,13.8857,1
839200,591753,595526,64.5608,12.7476,1
839412,591902,597363,55.9553,11.7643,2
839730,592123,596935,95.3269,9.7716,1
839847,172826,592208,45.7954,7.2098,1
840006,592322,595266,27.5318,6.3546,1
840198,592455,775559,69.9476,13.6141,1
840243,592489,592661,9.9499,33.3671,16
840452,592661,768898,22.2036,32.5857,16
840517,592324,592710,108.7587,6.9765,4
841117,171060,593143,62.2807,7.4275,2
841118,593143,607160,108.4054,8.4922,2
841199,593198,775385,39.8734,4.3523,1
841267,170222,593247,77.396,5.0645,1
841591,593469,769371,7.0,34.3564,16
842161,593870,770420,9.4637,34.1232,16
842670,175795,594245,7.6085,6.7453,1
843126,590413,594566,34.7851,7.0688,4
843127,594566,605151,83.5858,5.365,4
843260,176853,594663,17.2047,6.2404,1
843538,563348,594863,55.6357,4.0388,1
843539,586026,594863,29.8347,3.2361,1
843552,594871,770269,46.1736,5.0517,1
843609,594915,595373,52.7826,40.9585,1
843706,594992,595943,154.5107,4.8723,1
843707,594992,597807,18.8399,5.2787,1
843800,595048,618812,22.4677,13.1498,1
844030,595214,598000,23.4141,10.1677,1
844108,595266,775822,35.57,9.4051,1
844244,595373,771630,4.1899,41.8561,1
844251,595378,595596,11.7047,34.6465,1
844257,595386,596723,26.3001,6.0495,1
844340,595442,597807,83.3834,5.6239,1
844461,595526,599491,50.9771,11.3593,1
844547,594983,595582,9.0481,20.5123,18
844548,470778,595582,13.8644,20.525,18
844552,595586,772478,41.8396,43.0142,1
844558,595591,771762,3.3166,39.3053,1
844560,595591,595592,4.1231,38.4605,1
844563,595594,772484,22.8449,37.2843,1
844567,595596,771956,3.3166,35.4304,1
844569,595597,772112,20.4268,8.109,1
844968,595594,595865,4.3589,36.2904,1
845079,595943,602069,46.8639,4.9936,1
845136,576020,595987,63.4657,4.9495,1
845462,596235,771732,29.7327,17.8807,9
845463,596235,773365,8.9256,18.0821,9
845500,596262,596403,22.8254,42.7215,1
845504,595865,596266,6.0,36.6176,1
845506,596267,772885,16.1177,37.2815,1
845507,596268,772249,24.7701,36.9524,1
845509,596268,596269,4.1231,35.9999,1
845704,596403,772653,6.7128,43.3347,1
845706,596405,772659,2.7689,36.6671,1
845929,596262,596559,10.8167,41.1534,1
845939,596567,772486,6.2716,35.4541,1
845941,596568,596763,6.4807,36.888,1
846227,596763,773181,25.3493,37.3832,1
846302,596812,600769,32.4037,33.6227,14
846485,596935,597920,12.9701,9.8995,1
846620,596267,597031,9.3808,36.5084,1
846824,597171,599512,41.7196,5.5649,1
847098,597363,775822,28.2115,11.2227,2
847165,589715,597424,58.3229,4.6094,1
847487,176853,597662,11.5181,6.0822,1
847488,178316,597662,21.8632,6.9228,1
847850,597920,599045,46.3968,8.8549,1
848256,596129,598208,27.6007,4.9338,1
848434,174032,598341,48.3345,12.1692,1
848435,181080,598341,56.0198,17.7817,1
848441,598345,598458,17.7828,15.3464,1
848442,598345,600806,63.5444,12.2998,1
848679,597171,598517,46.7155,5.4704,1
848804,462197,598614,75.3547,5.2907,1
848805,598614,602773,47.6399,5.8941,1
849279,598950,773657,12.1198,8.2064,1
849280,598950,600321,10.0499,12.4392,1
849338,598994,756824,9.3005,7.5927,2
849411,180849,599045,66.2059,9.3135,1
849916,465538,599398,89.3047,9.5219,15
849917,599398,601254,67.9709,7.6474,16
849966,598517,599432,40.1793,6.1336,1
849967,598725,599432,18.7999,6.5355,1
850049,599491,600399,11.694,10.6536,1
850082,178931,599512,13.2372,4.9286,1
850257,599631,599926,44.4797,6.7749,1
850308,599668,680878,23.8654,12.0535,1
850676,179330,599926,69.6699,5.5495,1
850866,600067,780034,108.2497,8.3127,16
851195,600321,777271,10.4403,14.1647,1
851300,600399,600806,26.9088,10.4385,1
851385,179096,600453,51.4742,5.8616,1
851386,600453,603110,32.7669,8.8201,1
851639,600633,601137,6.549,6.7428,3
851679,598208,600664,22.3313,3.5616,1
851680,600664,601213,5.3541,3.3028,1
851822,600769,603035,21.4009,32.0534,14
851917,268708,600838,57.1985,25.8445,1
852007,600902,772207,24.4586,13.088,1
852008,600902,607485,169.3694,5.715,1
852199,601044,775365,12.53,18.0192,9
852200,601044,777003,9.6954,17.5921,9
852332,182809,601137,39.4081,6.9188,3
852343,598185,601144,151.2248,9.1077,4
852436,180709,601213,18.12,3.3028,1
853181,601729,778419,13.9603,15.0866,1
853417,601893,605718,23.761,4.5306,1
853451,585995,601917,202.1435,7.719,16
853718,308291,602099,104.6325,5.6317,1
853720,316501,602099,137.1556,5.3183,1
853788,602144,777909,10.7986,17.6741,9
854057,602343,775738,22.3532,4.9495,1
854660,595386,602773,144.1932,5.7511,1
854688,596723,602791,25.7191,5.3708,1
854689,476369,602791,158.8028,3.7417,1
854741,185529,602829,80.0916,17.1065,5
855020,603035,778300,4.9329,30.4875,14
855116,181780,603110,2.9814,8.0884,1
855158,598000,603137,39.4884,11.2914,1
855159,603137,604139,6.733,10.7038,1
855236,603191,606420,26.8597,10.34,1
855517,597424,603392,42.1255,4.5634,1
855678,603503,779424,11.5758,7.3452,1
856219,595442,603894,51.3874,5.3033,1
856529,604113,646442,41.254,12.0764,2
856664,600714,604205,34.1701,4.6856,1
856981,604205,604439,203.5713,5.2361,1
857998,188582,605151,55.0023,5.4909,4
859067,603894,605918,19.9812,5.0196,1
859281,606072,781460,28.6996,4.6111,1
859513,606241,655637,74.7329,10.2121,1
859522,172699,606248,117.983,7.6178,2
859523,184157,606248,7.2572,8.6886,2
859780,186381,606420,58.1464,11.0596,1
859943,606539,606733,31.1288,11.6593,6
860210,606733,607806,11.9164,11.0814,6
860444,606889,608651,13.4866,5.465,1
860466,184820,606910,15.864,4.6213,1
860818,184484,607159,12.5186,6.9989,2
861162,607402,783101,20.8726,13.2849,1
861693,607806,786647,99.3886,11.2663,6
862540,608427,781952,4.4969,28.4687,14
862691,601917,608536,94.8999,9.3272,16
862701,608543,777909,40.1324,19.3574,9
863214,188641,608894,41.665,5.8365,1
863635,188684,609212,95.7653,11.3358,1
863976,609212,609468,50.0722,12.8552,1
864011,609492,784844,23.3571,11.2669,1
864093,183434,609551,71.4493,5.0368,1
864094,608894,609551,63.3705,6.6904,1
864159,186727,609601,37.3988,6.7759,1
864185,185343,609616,8.0416,4.241,1
864186,609616,609999,20.5616,4.1829,1
864580,609890,612860,84.146,4.3028,1
864581,609890,610873,8.7813,5.0043,1
864718,609985,781952,7.5425,26.1108,14
864736,609999,620397,89.9932,4.8139,1
864767,165059,610021,310.5938,7.1947,3
864768,181010,610021,84.3534,6.9228,3
864891,610105,782425,5.7155,18.7248,9
864894,610107,782934,4.714,9.7947,16
865120,610267,778306,55.6566,15.6235,4
865227,609024,610349,8.7178,7.8367,16
865228,610349,627161,188.5683,12.1434,16
865757,610714,616715,46.9148,14.8642,1
865976,187131,610873,15.7797,5.3229,1
866535,611273,630547,130.2229,19.2781,1
866588,611303,782974,37.5973,17.4718,1
867249,611790,756873,301.5224,18.5009,1
867377,190081,611881,83.3367,6.2281,1
867391,186382,611890,70.8912,7.999,1
867721,612124,783102,9.8413,21.233,4
868221,612482,777125,49.1935,4.4954,1
868468,603392,612666,70.3412,4.3509,1
868699,471580,612813,63.1137,3.7913,1
868756,612860,617208,36.9429,4.9495,1
868889,611790,612960,11.9164,4.4068,1
868890,612960,789502,26.7872,4.5813,1
869495,608536,613395,32.6956,9.9345,16
869608,613475,613641,8.1467,7.2636,4
869609,188582,613475,36.9362,6.2429,4
869859,613641,616615,17.561,6.9343,4
869868,613647,624753,78.1729,9.4536,1
870302,613960,615490,43.383,10.2791,1
870304,189278,613960,22.198,11.0439,1
870499,614102,792369,64.554,14.2724,1
870500,612124,614103,10.7703,19.8503,4
871001,614457,776209,152.3129,8.3477,1
871017,188496,614468,9.1287,4.7856,1
871376,610105,614730,33.6155,18.6996,9
872311,614457,615399,6.4031,9.5647,1
872312,615399,789794,29.5917,6.8964,1
872429,195622,615490,63.8931,7.1929,1
872438,615496,787463,16.8325,26.6215,1
872443,303439,615499,47.8992,10.1961,5
872444,296872,615499,51.1881,11.1151,5
872448,615501,786291,30.3132,10.0789,6
872449,615501,787311,4.761,10.3959,6
872597,475486,615610,110.1297,26.7111,1
872691,268708,615670,39.3475,19.269,1
872692,615670,641035,12.6007,10.8705,1
873295,616087,788012,8.2315,26.108,1
873304,616095,787147,3.559,20.0992,4
873305,616095,617978,12.4097,18.1555,4
874022,197786,616615,69.6064,6.0738,4
874024,607160,616617,70.1629,8.4091,2
874132,616710,651105,21.2158,18.2028,8
874138,616715,620180,22.7596,15.1162,1
874540,604591,616995,29.4354,8.6172,1
874656,617077,788751,5.1208,4.5392,1
874858,617208,629332,85.7088,5.8036,1
875150,614730,617422,22.5167,21.8934,9
875796,190081,617885,40.2561,7.6888,1
875797,617885,618450,9.798,7.9282,1
876560,618450,629146,110.4385,6.9765,1
877054,618812,664847,14.3402,18.0175,1
877291,617422,618971,14.4568,21.8682,9
877353,481722,619017,33.4348,23.6544,18
877523,188641,619143,41.0068,3.8643,1
877551,194963,619161,60.1526,9.1098,13
877784,477670,619327,55.0865,17.3866,1
878054,619522,790486,13.2912,30.5644,1
878327,619714,620476,6.4031,31.0966,1
878726,619714,620000,3.7417,30.5397,1
878980,620180,622990,32.45,15.2637,1
879290,192766,620397,5.2281,5.2421,1
879391,619327,620470,6.3661,13.2797,1
879392,484124,620470,26.0619,9.1447,1
879400,619522,620476,8.2462,30.5403,1
879480,619143,620533,23.4616,3.3839,1
879481,191763,620533,35.5371,3.3839,1
879868,191455,620806,11.8743,4.8408,1
880940,621599,790367,46.8908,16.1615,1
880943,621601,792352,7.3485,28.7338,1
880960,621615,627502,152.3319,8.9441,8
881027,299966,621665,43.781,16.2261,1
881218,621799,629405,49.7393,13.3917,4
882092,194720,622424,24.6154,12.9763,1
882135,174980,622454,212.9374,6.2749,1
882201,622499,626834,21.0706,15.2621,1
882778,622907,790105,30.8851,4.4665,1
882806,622927,791751,13.2413,19.438,9
882807,622927,624032,9.2736,19.9028,9
882894,622990,797718,58.9293,16.1384,1
882920,250972,623005,30.7142,12.5747,1
883056,621599,623100,42.0476,17.6672,1
883058,623102,792815,7.8951,26.2452,1
883568,623468,624711,14.8511,6.0837,4
883784,623631,791797,19.3876,3.8534,1
883785,623631,793431,3.3166,3.6213,1
883868,480879,623693,63.2824,2.5099,1
884331,624032,793887,9.0623,20.06,9
884848,624400,624401,10.0499,27.9893,1
884850,624401,625452,29.5804,24.4802,1
884959,624479,793346,11.9277,3.9241,1
885272,624711,652750,210.8433,6.2196,4
885527,624895,780935,255.3346,10.3705,2
885528,624895,625114,9.2736,9.3523,2
885600,624950,795141,69.6357,3.6926,1
885802,623100,625102,34.322,18.2345,1
886281,624400,625451,14.4914,27.2181,1
886283,625452,796117,16.7631,24.4802,1
886631,199265,625703,74.7895,9.2195,7
886632,195432,625705,6.1373,9.2447,7
886633,196726,625705,69.8164,8.0711,7
886696,624659,625748,11.0454,3.4632,1
886982,625951,795999,54.2492,8.032,1
887090,626023,795454,14.8212,5.2676,1
887229,626119,627722,9.2736,14.3356,1
887445,626277,680878,14.5144,18.3106,2
887464,616617,626291,139.1648,8.6254,2
887468,624753,626293,80.0215,8.8301,1
887704,194815,626468,29.8747,7.4725,7
888291,626888,799391,69.0161,4.3528,1
888485,627023,628750,49.2894,6.9372,1
888678,627161,795922,147.1364,14.5876,16
888863,627288,793939,42.6927,6.8525,13
889159,625114,627495,197.0051,7.2697,2
889160,627495,633015,61.4898,4.3708,2
889167,627502,795107,13.2246,7.9366,8
889456,627710,629401,19.2094,20.0377,14
889471,627722,651240,51.6333,16.8652,1
889606,197851,627828,39.1876,4.4966,1
889607,627828,629333,29.229,3.8172,1
889711,627897,794736,18.7083,3.9241,1
889852,565136,627993,110.7593,5.6618,1
889853,627993,628992,4.2947,4.4665,1
889869,628007,629547,16.6733,23.1426,1
890555,194954,628505,50.2441,6.5557,4
890798,625748,628677,27.5862,2.9889,1
890899,626293,628750,20.2731,8.2749,1
891083,196726,628884,21.4476,7.3852,7
891084,197197,628884,6.3509,8.5863,7
891240,628992,644680,50.0999,3.2394,1
891441,198545,629146,19.7625,6.7371,1
891558,629234,796920,4.8189,18.3009,1
891693,629332,629333,6.6081,5.5902,1
891733,629363,637220,86.8018,8.0761,5
891788,629401,629402,5.3852,19.222,14
891790,629402,796595,29.0132,21.5733,14
891795,629405,797764,8.4582,20.4751,4
891796,629406,798129,9.7591,30.7595,4
891999,629547,633244,47.2017,22.0638,1
892675,197197,630031,20.4015,9.3249,7
892693,630043,798301,8.5635,5.2631,2
893007,630267,797585,13.5241,26.1296,14
893008,630267,800089,35.3977,27.8823,14
893418,630571,634442,81.8413,4.2361,1
894087,629811,631040,73.9256,4.4009,1
894088,631040,796046,86.0039,5.3367,1
894403,612482,631268,109.859,4.8139,1
894893,483486,631607,13.1867,4.4126,1
895404,199886,631953,12.083,12.4696,5
895586,198545,632081,67.3317,6.0355,1
895735,198652,632193,68.9122,8.8549,1
895949,626834,632347,34.6619,15.1974,1
895951,632347,633210,3.496,14.8213,1
895992,632376,635293,15.864,4.3708,1
895999,632380,633258,5.3125,11.5958,1
897209,633244,800905,30.2526,21.1123,1
897230,199052,633258,5.9907,10.7999,1
897452,302512,633418,20.7393,10.9599,2
897541,201267,633470,28.0654,4.7947,1
897556,629363,633482,100.9433,8.8837,5
897593,633509,799391,9.1591,3.8643,1
897698,633581,670983,194.4475,11.159,18
897878,626888,633717,43.4281,3.7055,1
897879,633717,801066,28.4687,4.6158,1
897935,202744,633756,24.5809,6.8804,1
898384,628505,634077,110.6207,6.5182,4
898385,198794,634077,40.6407,6.5182,4
898514,634172,801005,4.714,32.6724,4
899430,634847,645692,52.6308,10.778,8
899498,198757,634894,81.0987,6.733,1
899567,629234,634943,137.6154,16.968,1
899568,634943,803359,29.3655,16.9535,1
899659,632081,635002,168.4801,5.7016,1
899992,635257,635915,18.6011,16.2593,1
900046,635002,635293,18.0462,5.0724,1
900335,623693,635486,51.8084,5.6433,1
900606,493463,635688,125.044,25.2469,18
900694,314295,635755,19.2787,5.6081,1
900695,946,635755,14.0831,6.117,1
900925,635915,808013,184.4285,14.3455,1
901015,635974,641815,56.0496,10.8856,5
901104,635486,636034,9.7414,7.0029,1
901105,636034,650272,37.1522,4.7434,1
901710,200721,636480,127.9862,13.1019,1
901711,217422,636480,93.3256,11.9969,1
901892,636608,798127,182.7193,7.3852,2
902002,300789,636680,21.1305,21.9928,1
902003,298224,636680,24.3713,20.4487,1
902136,320053,636778,21.5767,22.8685,1
902760,637220,654324,213.49,9.2749,5
903033,637418,641307,39.8121,3.1583,1
903753,637924,639045,8.124,8.5311,1
903774,637939,639862,14.4568,17.0007,1
904128,202136,638196,23.7627,9.4051,7
904291,638312,651359,68.593,3.452,1
904360,632058,638362,51.6624,4.6213,1
904362,638362,809274,34.4932,5.5125,1
904860,635227,638705,82.9551,5.5649,1
905335,639045,806307,67.8602,11.2075,1
905489,201661,639152,11.5758,13.5032,1
905804,639373,803303,65.4395,7.5148,1
905833,639395,802755,15.1057,27.44,13
906465,639840,802544,18.473,20.2677,9
906493,639862,805263,8.5375,17.72,1
906975,636608,640198,89.666,6.6707,2
907456,489532,640537,94.2271,8.8492,1
907715,640718,803359,18.1016,17.4202,1
907734,639840,640733,7.8102,19.452,9
908116,197234,641011,62.6638,4.7913,1
908117,641011,646490,24.7044,4.5616,1
908154,64974,641035,21.2289,10.1728,1
908324,641157,801005,41.7359,30.4394,4
908325,641157,806075,7.157,29.9673,4
908547,641307,642513,9.8489,3.1583,1
908814,641493,642920,67.2855,7.7787,6
908815,208204,641493,74.8176,8.0221,6
909132,641719,811399,38.7212,5.6454,1
909151,640733,641733,7.0711,18.4688,9
909273,641815,646441,36.5544,11.9772,5
909775,633482,642174,43.1612,9.0547,5
909776,642174,654149,184.7996,8.9721,5
910144,642432,643519,13.9693,6.8632,1
910259,642513,643452,27.313,3.1583,1
910356,642586,807896,16.278,9.2302,13
910749,211904,642885,172.3127,6.9343,1
911277,643229,808313,30.8689,29.3246,1
911439,643331,666885,364.9878,6.2386,7
911608,643451,811192,57.0641,3.3708,1
911609,643451,643452,7.6158,3.3708,1
911702,643519,643936,86.4343,5.458,1
911958,643702,664861,43.2897,15.1374,1
911974,211361,643715,183.9156,9.7364,1
911975,216037,643715,115.4713,9.4163,5
912114,216296,643813,43.9305,6.2321,1
912115,572087,643813,22.4883,6.7078,1
912299,639152,643936,62.6755,9.6589,1
912538,640718,644109,32.6803,17.5926,1
912539,644109,648071,31.9687,17.6914,1
913335,498065,644680,39.0939,3.3541,1
913477,641733,644774,18.7083,17.3573,9
913694,644932,646140,7.1414,29.3494,4
914008,645161,813418,292.0301,9.8421,1
914606,294984,645592,98.7168,7.77,2
914735,645692,813323,43.4537,11.7463,5
915796,207089,646441,12.083,12.3524,5
915798,646442,661527,6.7495,15.6727,2
916260,645692,646767,8.6023,16.0451,13
916261,646767,810318,2.8674,15.9816,13
917344,647524,650665,66.5808,15.8381,1
917696,647777,808313,47.4997,29.4616,1
917697,647777,648075,9.2736,29.6464,1
918095,648071,650611,24.7184,18.0947,1
918250,648195,649130,4.5826,9.8669,13
918747,648075,648568,12.8841,29.1964,1
918907,205525,648676,45.1147,10.0234,6
918908,208332,648676,3.8297,9.1301,1
919562,649130,655732,32.6956,15.136,13
919759,631607,649271,105.5651,5.1213,1
920893,206078,650059,112.9587,7.3852,1
920894,211063,650059,47.4096,6.7082,1
921204,650272,651938,4.0139,2.8059,1
921616,210049,650570,52.4656,5.9402,1
921676,650611,815772,36.8269,19.9975,1
921680,648568,650614,145.6228,27.2599,1
921695,650625,651781,16.7778,11.4499,1
921754,650665,815343,45.1885,14.8824,1
921848,646968,650733,33.3633,4.9936,1
922391,311354,651105,16.0624,17.6222,8
922567,651229,651382,15.1841,3.57,1
922568,651008,651229,9.9951,1.7247,1
922584,651240,680116,43.0581,19.266,1
922768,651359,655406,24.1039,4.2737,1
922798,651382,662255,161.8747,4.9433,1
922945,651483,811192,14.2856,3.3708,1
922946,651483,817635,29.8475,4.216,1
923213,651695,652320,27.2234,6.7774,1
923331,219044,651781,182.3162,10.5562,1
923391,208848,651825,109.3445,5.8549,5
923550,651938,657225,16.4012,2.4495,1
923564,651951,652618,33.9706,9.857,1
923565,651951,652631,20.5426,9.192,1
923862,651438,652164,5.3852,29.9136,2
924068,214088,652320,99.1026,5.9545,1
924163,646490,652393,93.6548,4.1231,1
924477,217078,652618,50.5206,10.8103,1
924669,211256,652750,9.551,5.7439,4
925214,653142,814379,12.0093,26.9869,1
925832,653574,813211,19.1746,18.8009,9
926444,208523,654011,52.3174,5.9402,1
926480,653142,654039,12.6886,25.9883,1
926656,219489,654149,126.4885,7.7787,5
926894,216037,654324,133.8992,8.8541,5
927384,653574,654685,11.1803,19.466,9
927385,654685,655875,6.5574,18.7083,9
927741,494311,654943,22.291,5.5495,1
928126,205408,655207,57.5142,3.9324,1
928127,218084,655207,77.209,4.5634,1
928763,655637,657375,96.1139,13.1067,1
929196,214856,655959,82.5146,4.8894,1
929559,655732,656223,3.0,19.8867,13
929604,655406,656263,7.2111,5.2421,1
929680,529418,656311,27.8613,11.5964,1
929807,638748,656398,146.7004,3.9241,1
929808,502239,656398,21.0449,3.3839,1
929996,655875,656529,4.3589,18.4509,9
930144,509000,656633,52.1589,4.3166,1
930168,656223,656653,2.8284,19.3873,13
930228,656692,662490,60.0676,6.6422,1
930314,655959,656752,44.7884,5.1476,1
930345,656529,656775,5.1962,18.5439,9
930961,657225,661467,15.5599,3.2863,1
931276,657447,670199,47.0374,8.1122,1
931788,657819,658620,39.3517,5.8282,1
931981,657949,658217,9.2736,5.4754,13
932204,658112,815548,24.5153,11.5999,1
932206,658112,669249,73.8241,10.29,1
932359,656653,658217,44.8442,12.8672,13
932911,658233,658620,57.6944,5.8661,1
933808,640198,659280,89.7218,6.3988,2
933809,659280,819123,15.308,6.5822,2
934239,659579,818391,11.7473,7.0583,2
934731,574020,659924,76.0661,5.5902,1
935006,660108,818967,65.5323,24.4052,4
935700,654943,660611,23.8956,6.6742,1
936446,219036,661150,63.4429,5.1881,13
936696,520005,661329,131.4302,4.0388,1
936892,501280,661467,7.5498,3.6427,1
936972,661527,666210,6.7082,15.5645,2
937050,661580,679284,317.052,8.8652,1
937051,661580,662555,5.3574,10.1485,1
938003,216810,662255,90.6195,3.8228,1
938316,212543,662490,91.9142,4.6708,1
938351,652393,662517,54.2975,6.1236,1
938353,662517,678493,98.7251,7.8369,1
938366,213339,662530,57.9472,4.8002,1
938367,662530,664215,68.6904,4.7541,1
938377,225134,662539,83.2306,9.5902,1
938399,662539,662554,179.7443,6.9155,1
938401,209612,662555,123.5296,9.7419,1
938483,662613,662615,5.2281,7.2098,1
938487,662615,785425,9.0738,7.5667,1
938499,662623,801483,11.1056,6.6878,1
938902,214088,662903,50.7663,4.885,1
939227,214470,663135,103.9583,11.1789,5
939228,217453,663135,22.6495,11.2241,5
939275,662284,663170,6.4031,3.9921,1
939581,663388,668030,32.1999,9.3541,17
939811,663550,681634,147.6008,7.1863,1
939880,508258,663597,35.7852,4.1231,17
940053,663730,666253,13.3791,5.7016,2
940136,663800,664599,5.831,6.3121,1
940841,664291,665273,15.5416,6.9596,1
941051,56372,664439,121.1419,10.0826,1
941052,637924,664439,144.1249,9.0826,1
941283,664599,819366,27.1017,5.9036,1
941324,664627,820197,15.0739,26.1831,2
941611,652631,664834,106.0236,9.8938,1
941628,664847,690040,15.987,20.2361,1
941647,664861,671415,16.1864,13.2233,1
941977,502918,665104,18.4541,3.0725,1
941978,665104,667367,71.5394,3.7199,1
942237,665273,671465,45.1983,6.6707,1
942334,665340,665495,17.2627,5.4909,1
942431,665413,816393,62.4774,7.5091,1
942432,665413,670821,28.3901,5.7878,1
942549,665495,670540,57.0516,5.9994,1
943139,656263,665909,56.4004,3.9637,1
943140,8863,665909,19.8602,4.5765,1
943573,666210,673269,5.3541,16.9053,2
943634,666253,671486,49.3559,7.1386,2
944089,666575,675372,95.4201,25.6534,18
944704,219590,667000,35.0794,6.5,1
944919,523187,667145,117.4024,3.4758,1
945254,512978,667367,78.7761,3.4758,1
947084,16115,668665,17.0163,4.3523,1
947924,669249,672540,20.025,10.9331,1
949285,670199,670200,3.6209,8.3127,1
949286,661329,670200,55.4617,5.6433,1
949761,219590,670540,41.6733,6.458,1
950033,670732,675433,61.704,6.5027,5
950171,670821,672923,12.6886,6.3796,1
950406,670983,677556,30.1588,11.5655,18
950994,243036,671415,53.4187,13.018,1
951060,671465,685627,87.4775,9.0175,1
951091,671486,684640,83.7019,7.9681,2
951125,12129,671511,96.9312,4.1829,1
951779,486996,671970,43.8793,4.7541,1
951780,671970,702301,9.9485,4.8002,1
952118,496566,672219,79.1202,7.6737,1
952139,672233,674050,29.7321,7.6712,1
952561,33719,672540,27.056,11.6591,1
953121,672923,691635,96.9794,7.239,1
953613,673269,787022,25.1529,17.7482,2
953707,673338,676584,6.6332,15.6264,1
953940,223069,673508,7.4833,6.2696,1
954006,58601,673559,19.4394,9.9636,1
954281,513798,673743,67.5475,4.937,1
954545,673922,677106,32.3144,4.7361,1
954726,25031,674050,7.5736,8.357,1
955413,674535,821405,72.0694,16.2873,9
955750,220675,674777,48.6278,5.1881,13
955751,224565,674777,28.6007,4.5414,13
956027,666885,674964,113.3441,7.7426,7
956028,223160,674964,7.157,7.5967,7
956627,514274,675372,104.8231,18.9326,17
956628,675372,675838,7.6667,25.4038,1
956712,675433,675769,28.4937,6.3284,5
956817,510866,675507,17.6981,4.7913,17
957181,671504,675769,59.1702,7.8012,5
957289,511424,675838,4.9216,24.873,1
957332,668030,675869,77.3682,10.6904,17
957661,676104,697674,122.939,4.8723,1
957663,30310,676104,80.8716,4.6926,1
957773,676180,677291,22.0958,5.5649,1
958123,676431,678904,180.4934,6.3326,17
958647,226453,676780,46.2997,5.1375,1
959104,677106,679621,29.8385,5.5822,1
959342,673743,677291,50.2184,4.5306,1
959693,526731,677556,87.2983,8.2057,1
959906,677712,684633,49.5367,8.5106,1
959907,677712,677949,3.5901,8.9708,1
960606,672219,678232,41.9305,8.3127,1
960628,233875,678245,115.3969,7.4051,1
961130,232960,678610,90.2423,5.0368,7
961209,229088,678666,40.2285,6.3787,1
961530,677556,678904,16.6166,8.7636,17
961801,27218,679093,39.5769,6.9278,1
961913,19566,679168,52.8111,15.8614,4
962067,679284,682753,27.6365,9.5296,1
962229,514639,679395,15.8447,13.6763,17
962230,514274,679395,3.6132,13.599,17
962481,514123,679570,5.1086,5.9329,1
963259,428861,680116,25.807,14.7462,1
964155,680759,682577,45.9021,10.6217,1
964156,680757,680759,43.2666,8.3006,1
964178,680774,682577,13.6748,11.5849,1
964321,680878,803695,9.4868,18.54,1
966391,682345,682729,11.5758,10.9865,4
966919,515337,682718,19.8802,4.9747,1
966934,682729,683316,9.0,8.8944,4
966969,682753,683630,5.9161,10.8869,1
967189,682345,682904,7.0,11.4452,4
967765,683316,683671,5.4772,7.1742,4
968227,683630,724121,230.5245,8.8739,1
968287,56243,683671,11.3358,7.4051,4
968748,52186,683992,7.4981,6.2838,4
969026,684195,686517,23.3452,4.0503,1
969627,317223,684618,144.5795,6.2633,5
969628,312186,684618,31.6684,4.7541,5
969650,232344,684633,81.2937,7.4697,1
969658,91017,684640,138.6867,9.4163,2
969964,684865,687369,20.8087,23.2593,1
970443,680852,685202,21.8911,5.9021,1
970444,685202,686719,8.6795,3.6427,1
970462,499595,685217,133.1186,7.2426,1
970463,534465,685217,209.5087,6.0,1
970526,681634,685274,37.0675,5.7511,1
970527,62471,685274,22.3756,5.8941,1
970732,685412,687785,22.8473,13.2773,4
971026,685627,693472,38.6505,11.4672,1
971678,686085,697290,70.8378,20.2538,1
971679,59635,686087,62.8543,14.8534,4
972346,68828,686561,40.3194,8.7148,1
972566,686719,695064,84.1011,4.8215,1
972618,686751,698288,96.2341,4.3528,1
972717,515341,686816,57.5085,20.8541,1
972719,523215,686816,52.095,22.3058,1
972979,62719,686996,16.3605,11.6935,1
973383,687299,687300,10.994,5.9036,1
973440,65665,687341,26.6771,6.0837,1
973441,54360,687341,18.5652,5.1421,1
973476,62575,687369,4.9554,23.8484,1
973692,687299,687509,55.1454,4.4721,1
973793,687584,694454,49.6149,7.1386,1
973845,520242,687620,9.6954,9.6923,1
974072,686087,687785,25.3772,12.0593,4
975295,687620,688632,71.1157,6.9721,1
975296,688632,697805,89.3893,4.5,1
975728,688960,691490,15.843,3.3166,1
976157,62575,689255,8.1989,25.5269,1
976900,678493,689772,82.4733,6.6472,1
976901,689772,692165,19.2556,6.0738,1
976947,229245,689802,5.5377,7.6282,1
976949,234960,689802,61.161,6.8143,1
977278,85238,690040,25.9487,17.9024,1
977693,231768,690322,88.1117,5.4157,1
977694,690322,711028,138.4782,6.8896,1
977921,229985,690477,4.8189,7.8367,1
978701,70467,691041,26.9691,18.8107,4
978735,232048,691066,16.5831,5.0,5
979197,56372,691405,96.0904,7.9495,1
979308,66940,691482,4.8088,25.6694,4
979528,691635,695527,54.0833,7.0915,1
979739,228782,691789,30.0416,5.4075,1
979740,691789,702183,46.3957,5.6506,1
980284,229542,692165,21.2603,5.2631,1
980379,522501,692228,34.8744,6.5465,1
980380,692228,707514,97.9053,8.1873,1
980423,516901,692259,107.7229,5.9161,1
982501,68904,693691,9.3452,23.1327,9
983238,232705,694233,46.0688,4.9286,1
983552,694454,697917,24.5877,6.5927,1
983801,694630,701022,42.7317,8.6021,1
984410,527923,695064,21.7919,6.7404,1
984474,72820,695108,4.5461,5.9407,1
984863,695376,695556,5.5377,4.4155,1
985072,695527,697683,53.5724,6.5182,1
985116,695556,696471,13.3207,3.4042,1
985257,233803,695654,36.6515,7.0355,1
985646,695922,696508,21.3073,10.4783,4
986021,520851,696186,92.5521,7.9169,1
986452,524722,696471,24.4385,3.3461,1
986472,696485,722149,126.5583,7.3425,1
986499,74047,696508,3.5434,9.7154,4
986825,231506,696736,55.6587,7.2449,1
987263,695376,697052,22.3756,3.8944,1
987613,697290,703583,43.0232,24.0125,1
988163,697683,723226,199.5144,8.7917,1
988179,697694,702998,56.8859,7.3006,1
988377,70475,697840,86.714,18.8589,4
988484,697917,698112,5.7446,6.4734,1
988647,74049,698037,12.8668,16.1814,4
988666,691490,698052,40.9512,3.1583,1
988754,698112,703045,41.4635,5.7748,1
988999,697674,698288,130.2843,5.1636,1
989040,698318,750640,117.2391,9.1583,1
989518,698650,704498,34.3657,4.511,1
990068,530743,699043,46.3825,16.651,1
990075,695108,699050,49.97,5.099,1
990410,80929,699275,45.8376,16.5213,4
990411,698037,699275,9.2195,16.2565,4
990472,116180,699318,197.6816,9.217,1
990945,70467,699642,49.6622,17.3216,4
990946,699642,701168,14.3527,16.7774,4
991010,693691,699683,39.0256,24.5813,9
991434,699971,709121,78.8346,5.4218,7
991977,686996,700356,9.0848,12.288,1
992426,217206,700673,227.9777,6.2281,4
992427,700673,706886,49.2481,6.5355,4
992942,80660,701022,5.8214,7.6842,1
993141,85621,701168,26.4701,17.428,4
994378,696736,702055,28.1148,7.4159,1
994380,237561,702055,30.6322,7.3817,1
994615,529745,702215,41.6046,11.1985,17
994754,220263,702301,46.5785,5.979,1
994840,233024,702366,29.2897,3.5616,5
994841,238230,702366,64.1786,5.2749,5
995338,702699,712938,13.4164,19.5977,1
995429,699685,702762,17.5214,14.8619,1
995430,702762,706506,27.3861,13.2,1
995786,127383,702998,104.3661,6.6033,1
995854,703045,703810,81.6115,6.2281,1
996124,80929,703231,20.2104,13.7449,4
996601,703583,704503,13.0384,27.502,1
996630,81276,703603,8.8066,6.9909,1
996939,236243,703810,12.8019,6.7759,1
996945,237377,703815,26.7769,5.8661,1
997911,84012,704498,13.404,4.1815,1
997921,704503,709155,40.1373,26.3606,1
998983,85727,705242,47.0126,21.7047,4
999620,83541,705699,16.9967,3.4758,2
999621,107528,705699,34.1419,3.4758,2
1000683,84811,706460,12.1518,12.3309,4
1000756,706506,712193,30.8221,11.1893,1
1001125,536288,706756,19.1659,4.5414,1
1001413,246164,706948,81.9634,4.729,1
1001537,1636,707042,55.5823,7.1085,1
1001834,80434,707245,109.4029,6.7028,4
1002155,382344,707472,50.2444,27.1638,1
1002941,706460,708041,22.6716,13.1797,4
1004455,240161,709121,22.2261,4.999,7
1004498,94321,709155,7.8918,26.3606,1
1006139,108324,710287,18.9114,5.0079,1
1006324,710426,715506,38.1109,9.1045,1
1006449,540533,710511,22.3384,4.4009,1
1007204,711028,737298,152.7442,5.985,1
1007985,706335,711565,26.3059,5.8116,1
1007987,113917,711565,24.2464,3.7199,1
1008863,712193,716931,25.2587,11.6958,1
1008980,712281,717335,27.9464,11.5824,3
1008981,112100,712281,10.8934,8.379,1
1009873,237886,712870,35.6558,5.4929,13
1009978,707472,712938,9.0,24.9987,1
1010300,713167,717215,89.7441,6.2634,20
1010952,713624,715506,19.9861,7.4096,1
1010953,555554,713624,121.0441,6.6296,1
1011021,713672,714897,7.1437,3.9173,1
1011022,706756,713673,51.0572,4.3523,1
1011023,713672,713673,9.0411,3.7743,1
1011257,702183,713852,143.8514,7.3294,1
1011258,713852,728049,59.1617,8.6679,1
1012178,545118,714476,34.6827,4.9497,1
1012179,714476,714897,4.0277,5.521,1
1012181,540533,714477,30.1437,4.885,1
1012538,115329,714728,15.1511,24.9352,4
1012539,714728,715166,15.7797,25.0137,4
1012595,123091,714770,46.9811,8.6099,1
1012686,714837,719378,29.4863,5.6967,1
1013150,119741,715166,31.5187,25.085,4
1014102,715840,729983,12.5654,9.6919,1
1015323,118509,716715,32.1403,10.7362,4
1016028,717215,717773,7.2495,6.7823,13
1016052,714477,717232,38.5616,4.2002,1
1016202,130333,717335,35.7025,9.7978,3
1016603,125019,717602,16.7531,13.9334,4
1016868,712870,717773,42.595,5.6825,13
1017009,715723,717867,23.0868,8.5957,4
1017010,717867,720800,27.2764,12.2013,4
1017742,718391,725577,51.4393,4.7182,1
1018674,103486,719028,65.7614,25.2411,1
1019119,242520,719349,14.4568,7.3098,3
1019160,719378,734118,92.2201,6.1596,1
1020289,720170,720474,5.3774,3.3904,1
1020372,716931,720234,20.2485,12.1936,1
1020373,720234,726162,34.322,10.8613,1
1020442,720285,722899,27.7669,4.1926,1
1020709,547498,720474,51.817,3.2321,1
1021432,535839,720982,36.4448,8.8296,2
1021697,545528,721164,25.5973,5.4536,1
1021891,721299,722149,5.109,8.4545,1
1022416,720326,721659,24.8998,18.7426,4
1022417,128825,721659,17.9304,12.0959,4
1022758,719028,721894,22.561,22.4475,1
1022762,721897,723624,10.0,10.8773,4
1022763,720214,721897,11.0454,8.1072,4
1022998,540921,722070,97.0344,7.3635,1
1023256,722243,728049,95.4234,9.819,1
1024194,273576,722899,34.4416,4.0,1
1024649,128825,723199,18.8812,7.2592,4
1024661,128200,723206,10.247,17.9541,1
1024903,235973,723366,86.6415,11.1601,1
1024904,257648,723366,124.1159,9.8538,1
1025021,130492,723447,41.4528,4.6111,1
1025035,723460,724265,13.0,19.8481,1
1025162,723541,740333,54.0568,21.8651,1
1025287,723214,723627,35.9583,5.365,1
1025961,724121,731138,36.2016,6.733,1
1026167,134925,724265,24.1776,22.5891,1
1026572,105418,724547,75.1598,18.3533,9
1026648,707514,724595,141.4602,10.6536,1
1026824,723999,724726,4.3589,18.2989,4
1026831,127367,724735,35.3223,13.7203,4
1027028,722070,724883,45.9384,5.9329,1
1027087,562260,724922,107.519,6.9228,1
1027801,542803,725454,68.813,8.6804,17
1027802,559180,725454,43.3654,12.0407,17
1027971,725577,727245,13.8564,5.4155,1
1028109,130842,725678,30.1787,23.8852,4
1028194,723541,725739,53.8365,20.0192,1
1028389,723206,725881,37.4566,18.4535,1
1028390,725881,726491,19.3391,20.8753,1
1028414,724011,725898,15.0,5.8284,2
1028415,725898,746295,106.855,5.8723,2
1028605,243848,726022,18.6815,5.7016,1
1028816,153622,726162,114.2891,10.7005,1
1028857,273576,726195,52.5537,4.7361,1
1029294,724726,726488,97.9081,19.452,4
1029295,136792,726488,25.5212,21.7105,4
1029328,551980,726517,11.6619,6.0583,1
1029329,556242,726517,40.1456,4.9497,1
1029509,551709,726647,13.6748,7.1034,1
1029606,136792,726724,7.2111,22.5465,4
1030504,134927,727357,17.6257,14.6128,1
1030860,246317,727599,6.4464,9.087,3
1031497,33189,728032,151.8368,5.6506,5
1031619,311354,728122,26.386,15.9374,8
1031620,315039,728122,37.7168,15.3132,8
1031980,150295,728380,67.0796,8.2525,1
1031981,130681,728380,29.7069,8.3912,1
1032203,723226,728536,35.7071,8.8305,1
1032204,728536,737965,61.8628,8.0881,1
1032295,720372,728603,103.5085,5.8549,16
1032296,555493,728603,44.5346,5.7748,16
1032477,728724,731099,41.9881,5.5317,16
1032764,163342,728931,356.6762,7.4725,2
1033028,135780,729120,16.8589,11.2757,3
1033279,556242,729296,17.7461,4.3284,1
1033683,246727,729574,10.9368,3.9324,2
1033723,152001,729605,50.5492,5.4312,1
1033895,141277,729716,38.4475,15.6141,4
1034245,729971,730844,5.831,9.434,3
1034266,729983,731682,5.831,9.6117,1
1034545,730176,736350,40.4269,6.9873,1
1034852,140317,730389,16.1521,5.5075,1
1035477,724883,730842,126.937,6.3326,1
1035479,730844,734288,37.0021,8.6221,3
1035846,731099,736006,40.3554,4.9495,16
1035900,263701,731138,102.4332,6.1596,1
1036689,731682,733745,7.587,10.227,1
1036770,572087,731748,14.0535,8.1082,1
1037126,547722,732007,64.9153,2.9954,1
1038208,732764,739615,54.0185,4.3196,1
1038209,150825,732764,105.5978,6.4031,1
1038439,246467,732935,188.7061,6.6315,1
1039094,559097,733405,5.6232,4.5,1
1039602,707280,733776,21.216,8.1346,1
1039603,733745,733776,16.7251,8.9813,1
1040117,727245,734148,48.9285,4.6213,1
1040118,145648,734148,25.2828,4.1829,1
1040320,734288,738011,17.4096,7.8102,3
1040488,721299,734407,42.2697,8.4545,1
1040489,253609,734407,57.1013,8.0761,1
1040624,431962,734490,38.7508,7.2434,1
1041620,735206,735578,9.6437,8.321,4
1041772,252938,735317,26.9052,7.895,5
1042144,724735,735578,286.0804,9.8633,4
1042750,565975,736006,59.1918,4.3028,16
1042798,729120,736034,54.5344,14.3929,3
1043111,736255,737129,54.7905,3.3461,1
1043198,150755,736322,15.1819,9.4749,1
1043199,736322,736877,14.7309,8.1401,1
1043236,736350,739196,19.2094,8.2353,1
1043468,145797,736519,18.2026,16.6835,9
1043993,150295,736876,4.5461,7.4407,1
1043994,736877,746481,54.6717,5.8195,1
1044247,737054,739978,78.5939,11.282,4
1044248,735206,737054,14.1774,9.8242,4
1044275,143967,737069,38.8416,5.8941,1
1044361,561469,737129,10.0499,4.2426,1
1044602,737298,742264,23.1852,4.7408,1
1044950,251373,737536,40.7131,4.4665,1
1045558,737965,740642,35.5809,9.5911,1
1045630,253413,738011,17.8979,8.2063,3
1045711,560059,738073,112.6183,15.4908,17
1045999,730842,738281,48.7363,7.1401,1
1046000,738281,747936,51.2597,6.0495,1
1046484,561083,738621,28.4664,4.7182,1
1047289,260537,739196,101.8921,7.8301,1
1047656,739467,741731,15.2971,20.5647,9
1047657,736519,739467,18.4932,20.9339,9
1047979,738073,739699,33.1478,14.6841,17
1048382,152260,739974,14.2244,12.6292,3
1048383,157054,739974,30.9408,15.4637,3
1048464,739699,740037,70.3649,14.1243,17
1048467,740037,740039,21.4735,15.4852,17
1048469,740039,740040,47.1192,16.2067,17
1048472,564998,740043,36.5954,14.5248,17
1048913,740333,748906,125.1646,18.9578,1
1049260,740043,740572,10.2956,14.2651,17
1050032,569091,741128,105.0423,5.7899,1
1050481,741433,742205,33.8345,4.7408,1
1051680,742264,755138,74.2675,4.9839,1
1051924,742447,749013,48.5107,6.0,16
1052514,253413,742857,28.8483,8.0761,3
1052607,742928,743953,40.8419,4.458,1
1052608,742543,742928,33.1172,6.3121,1
1053019,572023,743216,17.2897,13.6015,14
1053021,743216,743217,26.2384,13.6015,14
1053022,743217,746292,15.9001,14.1492,14
1053551,158474,743594,5.2599,18.9732,3
1053552,159870,743594,5.1208,19.6767,3
1054062,742543,743951,7.9279,6.3121,1
1054066,743249,743953,5.9067,2.618,1
1054145,188429,744005,48.3886,11.9171,1
1054191,744038,763569,119.2015,7.2938,1
1054192,165928,744038,149.9578,5.4312,1
1054250,246283,744077,80.0125,3.9241,1
1054301,263330,744111,88.5904,7.6787,4
1054416,743249,744183,6.1169,2.8501,1
1054417,744183,744850,9.8164,5.0861,1
1054483,570232,744225,15.7903,9.192,1
1054714,567022,744375,13.6748,8.3301,1
1055385,568020,744850,52.3413,5.1569,1
1055634,745031,768633,21.7563,13.6475,1
1056728,159870,745772,18.5891,19.6374,3
1056729,745772,750019,45.9674,18.6919,3
1057112,741947,746065,19.2385,4.0981,1
1057242,746157,746937,5.281,9.3754,1
1057362,567583,746247,44.5683,16.4463,17
1057699,573287,746480,50.0308,23.8981,14
1057723,746481,750798,23.1084,4.0503,1
1058334,746933,748118,16.0906,8.2057,1
1058335,574661,746933,16.4869,11.6427,1
1058341,569392,746937,16.2344,9.1197,1
1058453,747009,748561,18.1384,5.262,1
1058454,169110,747009,68.2863,3.9921,1
1058612,598994,747127,19.1442,7.7669,2
1058616,747127,747130,5.831,7.1742,2
1058829,272730,747283,173.5579,5.9545,1
1058840,746295,747291,9.2736,5.7446,2
1058841,162996,747291,34.8807,6.0738,2
1059590,747818,748624,8.3823,2.618,1
1059924,572023,748060,4.7258,12.6531,14
1059925,574099,748060,18.43,11.8105,14
1059963,250737,748091,60.1378,4.89,1
1059964,748091,764376,55.7455,5.2631,1
1060321,573740,748346,16.3061,7.2911,1
1060589,748118,748530,15.4844,7.719,1
1060590,748530,749079,5.2295,9.1368,1
1060593,746157,748532,30.6612,8.681,1
1060637,748561,749585,8.8318,6.7453,1
1060726,746065,748624,20.3443,3.0,1
1060937,573287,748770,8.6994,25.543,14
1061133,748770,748906,18.5756,23.3972,14
1061370,748346,749079,8.413,8.437,1
1061403,270446,749110,105.3997,5.5616,1
1061514,539368,749190,8.5294,13.0384,1
1061515,600838,749190,40.1795,18.8367,1
1062099,749585,753280,29.0689,6.3121,1
1062173,571257,749640,30.6227,19.5377,14
1062175,749640,754064,37.0819,20.0763,14
1063237,744077,750382,39.0256,3.9822,1
1063238,261076,750382,39.2386,4.6289,1
1063340,255805,750454,69.7113,8.8967,3
1063617,662613,750640,33.8805,5.3325,1
1063626,590699,750649,31.273,4.511,1
1063757,750747,754603,36.7287,5.1197,1
1064127,580192,751021,36.289,7.7327,1
1064218,751081,756420,56.0791,19.4342,1
1064225,751081,759500,89.867,20.8515,16
1064569,573658,751327,16.2788,7.8699,1
1064652,574641,751381,9.0571,11.8636,15
1064671,748532,751396,21.3568,8.5692,1
1065131,751714,753078,108.485,9.7404,1
1066252,747936,752506,31.2481,6.4546,1
1066718,574662,752836,15.6089,11.8837,1
1067053,753078,770837,157.829,11.8385,1
1067342,753280,753571,21.0476,5.6506,1
1067826,576763,753620,3.559,7.874,15
1068228,657375,753896,57.3721,12.0867,1
1068458,581926,754064,77.2775,19.1572,14
1068660,729574,754214,96.7958,5.7016,2
1068992,754451,757961,63.5458,23.9303,1
1069208,754603,760267,49.2883,4.3528,1
1069433,754759,757681,79.7308,8.357,1
1069610,750019,754884,40.025,19.1788,3
1069611,170732,754884,11.3431,19.9121,3
1069960,267052,755138,80.6012,5.5649,1
1070430,755484,759998,162.7298,5.2493,1
1070525,755556,756749,7.3409,9.9494,1
1070651,754214,755649,6.2048,7.2108,2
1070737,580067,755721,32.5804,18.4501,1
1070996,754912,755887,6.6242,7.6018,1
1071085,578770,755942,2.7487,10.815,1
1071422,580843,756187,54.5673,18.3586,1
1071486,756203,771131,74.6262,29.1923,14
1071620,578900,756302,4.5461,8.4328,1
1071704,579575,756362,10.872,10.5173,1
1071781,756420,762211,35.272,15.2708,1
1072025,756587,757051,12.8487,12.1181,1
1072036,579179,756593,6.65,10.1487,1
1072129,172075,756658,6.0828,14.5209,3
1072244,260440,756746,6.3509,4.7361,1
1072245,261654,756746,21.6102,4.5274,1
1072249,578062,756749,14.3178,10.6374,1
1072361,604113,756824,3.2146,7.437,2
1072567,592455,756873,322.4774,22.2272,1
1072748,756873,769744,204.3638,23.5982,10
1072973,610107,756873,353.0576,20.7113,16
1073008,756873,797829,461.1052,32.3295,1
1073017,579382,756878,5.5578,13.747,1
1073018,579385,756879,25.1149,10.7038,1
1073261,757051,757370,10.8401,11.2454,1
1073730,757370,757944,10.8633,12.067,1
1073737,756360,757376,10.116,7.0707,1
1073738,579890,757376,6.5744,7.2108,1
1073815,162996,757424,180.1092,7.0421,2
1073816,181079,757424,52.9297,8.0832,2
1074174,757681,762700,63.7574,9.0471,1
1074559,581219,757944,31.4651,11.867,1
1074579,580974,757961,5.1332,19.6703,1
1074584,757964,759881,29.7861,18.1859,1
1074745,204441,758071,26.2234,23.5934,2
1075087,257648,758294,37.1698,10.7944,1
1075142,757964,758335,23.6906,15.3317,1
1075307,758447,767090,140.7578,16.3584,16
1076130,752506,759012,45.59,7.68,1
1076298,759128,761289,16.4012,4.1621,1
1076343,759161,761807,36.9983,20.8013,1
1076345,580843,759163,55.7023,13.8369,1
1076346,581901,759163,10.8051,11.0214,1
1076396,759199,760151,21.6795,10.0927,3
1076818,758447,759500,124.1758,17.7757,16
1076866,385948,759539,47.1522,17.7764,2
1077050,759128,759665,14.4568,3.7417,1
1077079,759687,761780,14.2673,6.4031,1
1077338,582986,759859,5.9442,14.5646,1
1077339,756873,759859,293.9176,24.6399,1
1077340,759860,760701,9.434,14.4589,1
1077367,582207,759881,8.8561,18.9849,1
1077369,759161,759882,14.555,21.0693,1
1077538,173181,759998,76.0241,5.5076,1
1077738,175347,760151,3.6912,12.3639,3
1077759,760167,761430,11.5758,25.27,3
1077761,759970,760167,2.4495,24.0346,3
1077918,581838,760267,35.9289,4.5616,1
1077948,760287,760701,5.7812,14.4265,1
1077952,760287,760290,23.7978,15.0296,1
1077953,582511,760290,3.2998,13.5129,1
1078410,584700,760600,11.9641,21.3841,1
1078430,760613,767861,66.9317,4.3574,1
1078585,754451,760718,60.9106,25.4226,1
1078746,760831,770848,63.7504,6.3627,3
1078786,759199,760860,18.0555,8.5927,3
1078875,583384,760924,4.761,12.6237,1
1078937,584902,760964,51.9567,17.4569,14
1079091,755721,761069,30.7179,28.235,1
1079170,761125,767311,35.9722,8.7076,9
1079405,173815,761289,29.0452,4.4126,1
1079459,761069,761325,10.1727,32.9391,1
1079474,244838,761336,283.9765,8.5077,1
1079508,265542,761364,27.5862,5.365,1
1079606,761430,771296,67.6314,23.1227,3
1080096,761778,789061,90.5821,4.7863,1
1080098,761778,761780,30.4065,5.0724,1
1080122,180634,761801,43.2319,7.2798,1
1080131,583401,761807,29.7403,17.9179,1
1080322,761930,777016,13.4536,7.9363,1
1080592,761801,762118,12.8841,7.1411,1
1080829,762261,767782,52.3896,6.6315,1
1080945,762211,762332,9.5336,14.471,1
1081204,761325,762515,91.0685,30.047,1
1081220,583230,762526,20.8096,15.1727,1
1081256,762332,762550,32.7623,16.8063,1
1081409,762515,762643,37.1017,26.4737,1
1081959,763030,763031,7.8018,9.2009,1
1081961,763031,764121,5.0035,11.2009,1
1082046,591119,763090,63.6229,11.7362,1
1082047,763090,763093,8.2015,15.4728,1
1082049,763091,763092,5.0663,19.1696,1
1082052,763092,765201,49.5961,15.6033,1
1082053,763091,763093,10.4947,17.5594,1
1082106,172354,763130,56.0922,4.5616,1
1082107,189921,763130,47.3251,5.3723,1
1082155,759665,763167,40.5339,3.3708,1
1082666,585516,763528,47.4096,6.5115,1
1082716,763569,765936,28.3725,6.8465,1
1083496,764121,764825,13.4938,12.7801,1
1083499,764122,767994,18.8296,13.6447,1
1083983,762526,764460,14.0357,13.2033,1
1084046,755556,764498,81.8705,9.5612,1
1084294,762643,764674,20.9145,22.2296,1
1084342,764702,767090,252.545,27.0204,16
1084384,593870,764702,216.1417,36.9529,16
1085144,586976,765201,9.9833,12.5453,1
1085439,764460,765425,25.4985,13.672,1
1085568,591450,765517,33.0687,22.7275,10
1086004,765809,769279,65.5604,31.9479,1
1086149,765906,766558,8.7242,21.0737,10
1086190,765936,767790,41.9285,4.7913,1
1086282,591731,766002,21.5767,6.2429,1
1086718,766274,771766,150.6372,30.3512,1
1086918,759539,766394,4.5826,17.057,2
1087007,590717,766459,40.2064,3.3166,1
1087152,589084,766558,8.4984,19.7319,10
1087699,186358,766944,71.7747,7.0117,2
1087700,187417,766944,37.7094,5.7439,2
1088286,767311,771684,22.2935,10.1218,2
1088612,767538,770982,26.4197,14.7478,3
1088721,265367,767616,52.1845,4.6926,1
1088800,590758,767673,16.4317,13.2004,1
1088957,767782,768365,47.4898,5.9329,1
1088972,767790,768624,17.1172,4.2321,1
1088973,767790,768179,6.7082,5.0,2
1089076,591077,767861,27.0897,3.4608,1
1089268,767994,769760,29.3259,9.663,1
1089542,186930,768179,17.5784,3.9142,2
1089624,591023,768239,5.416,26.5589,10
1089722,591902,768307,28.7383,13.2179,2
1089735,591524,768318,18.331,12.3241,1
1089737,766924,768318,33.9166,13.5795,1
1089804,768365,775054,73.0795,6.1926,1
1089819,768239,768374,27.8667,25.5912,10
1089854,590514,768396,27.117,3.4611,1
1089994,756302,768506,124.0493,6.9772,1
1090006,768513,774874,42.1769,4.8206,1
1090155,753896,768633,58.4345,11.7079,1
1090349,768396,768768,33.3467,4.1078,1
1090350,593198,768768,24.6171,4.2523,1
1090363,768780,769278,21.0446,32.9452,1
1090368,765809,768783,96.343,33.3017,16
1090369,768783,768897,4.0927,32.6898,16
1090544,768897,768898,26.405,32.1247,16
1090851,755649,769100,90.9701,6.8873,2
1090853,271641,769100,81.8569,5.4379,2
1090857,759687,769103,54.9338,6.7723,1
1091110,766274,769277,135.5926,33.1084,1
1091111,769277,769278,10.024,32.9766,1
1091113,768780,769279,12.9253,31.2422,1
1091255,592489,769371,4.7258,34.6857,16
1091801,768374,769744,14.3933,19.0753,10
1091820,769760,770851,43.23,9.6242,1
1092349,758294,770123,33.4551,13.8332,1
1092350,770123,776139,104.803,15.8644,2
1092452,769057,770196,17.9141,20.96,10
1092453,770196,771732,17.7609,19.1433,10
1092562,768506,770269,17.817,5.3218,1
1092777,593469,770419,7.705,33.1059,16
1092779,770419,770420,6.4477,33.7945,16
1093397,196266,770837,65.2968,11.3801,1
1093414,770848,773888,24.2876,4.1829,3
1093418,595597,770851,115.8461,7.0094,1
1093596,187406,770982,11.0889,16.107,3
1093774,595586,771113,10.2157,45.0665,1
1093777,750649,771115,17.72,4.7541,1
1093804,596812,771131,12.9486,33.0764,14
1094029,771296,772516,9.3808,19.8952,3
1094502,771630,771760,39.3305,42.4895,1
1094576,771684,781748,113.3358,9.6402,2
1094688,771113,771760,9.4566,43.8967,1
1094691,771762,771763,3.5434,40.2748,1
1094692,594915,771763,7.0396,40.6313,1
1094694,595378,771765,7.3711,32.9104,1
1094697,771765,771766,9.9531,28.9832,1
1094976,596269,771956,14.6401,35.9582,1
1095180,596559,772093,39.6587,41.8999,1
1095204,769842,772112,24.5816,6.9937,1
1095340,771732,772207,5.8312,18.7585,1
1095373,595592,772231,50.9956,38.7468,1
1095399,596405,772249,5.1208,37.3854,1
1095730,772093,772478,27.5457,42.0536,1
1095736,772484,772884,7.081,38.3209,1
1095740,772486,772658,5.0222,35.7334,1
1095789,191408,772516,12.8279,19.0211,3
1095790,187417,772517,29.1376,5.465,2
1095941,772629,774631,65.0355,13.8004,16
1095977,772653,773434,17.6096,42.1456,1
1095980,772656,773048,17.1561,37.6164,1
1095982,597031,772658,8.6023,35.7617,1
1095984,596568,772659,7.7028,36.4416,1
1096175,173410,772793,114.4581,6.2281,1
1096300,772883,773039,40.252,37.7408,1
1096301,772883,773048,4.0277,37.321,1
1096303,772656,772884,5.7057,37.9776,1
1096304,596266,772885,6.6732,36.9933,1
1096532,772231,773039,25.6168,39.0542,1
1096730,596567,773181,8.0985,36.4372,1
1096984,773365,775365,17.8045,18.6945,9
1097081,585516,773434,84.8954,23.0892,1
1097331,762700,773621,127.0197,9.2799,1
1097378,762550,773657,44.1171,13.1914,1
1097713,773888,787906,58.3952,6.0264,3
1098643,774544,777009,26.0789,5.0043,1
1098788,600067,774631,19.0962,9.7872,16
1098860,774684,779781,43.4741,9.674,1
1098861,190498,774684,10.6145,10.7234,1
1098887,557560,774703,495.323,7.1067,1
1099384,606072,775054,38.1532,5.5616,1
1100110,601729,775559,11.5902,15.8418,1
1100373,775738,776524,6.675,5.5822,1
1100483,603503,775822,25.6688,10.5,1
1100561,594871,775873,49.277,5.0949,1
1100782,602735,776025,22.1422,4.4142,1
1100783,776025,777588,27.3689,3.4758,1
1100939,776139,776369,50.0988,16.789,2
1100979,776165,785280,34.9776,6.1071,21
1101032,775873,776209,25.1352,6.4155,1
1101264,776369,777827,32.0312,16.0732,2
1101493,776524,776857,49.4919,7.0192,1
1101516,194151,776541,6.0736,15.7477,3
1101626,772793,776605,33.8231,5.7748,1
1101767,776707,780976,51.4198,8.4186,3
1101972,607485,776857,29.6067,6.1165,1
1102177,602144,777003,3.559,17.301,9
1102188,602735,777009,7.3258,6.2016,1
1102203,662623,777016,7.6158,6.9873,1
1102360,774874,777125,54.0216,4.9651,1
1102564,776605,777278,5.1962,5.9545,1
1103022,602343,777588,14.3836,4.511,1
1103351,777826,779068,12.9065,6.3574,1
1103352,603042,777826,75.0072,7.162,1
1103353,269338,777827,48.7397,14.7801,2
1103999,608427,778300,54.4488,29.5088,14
1104007,778306,780935,62.3068,10.9114,4
1104166,610714,778419,41.0433,14.3854,1
1104793,585356,778858,223.6239,6.5351,1
1104795,603042,778858,33.6155,7.2911,1
1105084,779068,779517,6.6777,6.0495,1
1105116,268778,779089,21.9216,7.4049,1
1105378,779274,785526,103.2906,5.7016,1
1105379,779274,787400,22.5712,6.0,1
1105583,609492,779424,32.619,7.0356,1
1105714,607402,779517,19.6797,9.7849,1
1106445,609024,780034,54.9121,7.3761,16
1107369,199159,780662,20.3306,7.8102,3
1107370,780662,780976,5.7446,7.9363,3
1107388,780679,782835,15.1327,4.4246,3
1107749,606539,780935,62.9356,12.1322,6
1107950,270050,781082,76.8671,13.765,2
1107981,767616,781105,54.8878,4.6926,1
1108287,777271,781304,58.2542,19.7517,1
1108288,781304,784822,68.623,25.0579,1
1108524,781460,783145,19.3333,4.3523,1
1108944,208056,781748,111.7106,8.3646,2
1109241,781954,787070,42.5793,5.9009,1
1109540,782155,782638,14.4568,7.6712,3
1109541,199158,782155,5.6273,7.2801,3
1109921,608543,782425,7.3485,20.0741,9
1110510,782835,785152,16.8819,7.4096,3
1110644,772629,782934,150.0672,14.008,16
1110707,615496,782974,57.1217,21.8897,1
1110895,609985,783096,15.4272,24.1855,14
1110896,618630,783096,41.3884,24.9545,14
1110904,614102,783101,27.8747,13.6896,1
1110905,610267,783102,14.6654,21.3166,4
1110966,783145,791181,58.6003,4.148,1
1111405,591731,783472,126.7544,10.2016,1
1111406,783472,790367,72.9115,14.6321,1
1111832,274302,783771,43.4626,3.3708,1
1111864,783791,792107,47.5231,5.4265,2
1112035,618630,783913,68.2407,23.4732,14
1112036,783913,784411,142.3639,25.1663,14
1112162,201553,783995,11.299,10.2661,3
1112682,201037,784363,43.5305,9.3754,3
1112737,271580,784399,8.8917,6.6328,1
1112738,272846,784399,15.3317,7.3098,1
1112759,784411,794270,79.5398,26.4308,14
1113364,611303,784822,21.1713,21.8537,1
1113406,625951,784844,107.3494,11.5262,1
1113570,774703,784956,243.6646,7.5107,1
1113628,275869,784999,41.5719,8.9088,5
1113840,785152,785851,17.3781,14.6291,3
1114019,785280,803247,47.6883,7.1838,21
1114239,771115,785425,10.6771,6.7237,1
1114264,200649,785446,9.3927,21.9658,3
1114265,209562,785446,37.1872,21.4545,3
1114375,785526,808446,58.9842,6.4031,1
1114488,785614,786043,5.3541,5.8309,1
1114523,268277,785637,57.5006,5.734,1
1115137,786043,802835,42.7018,6.8525,1
1115529,786319,794713,77.4285,3.217,1
1115602,786369,789501,34.3657,9.0041,3
1115603,786369,788277,37.3497,8.8801,3
1115815,786319,786524,23.1252,4.6158,1
1115816,617077,786524,10.5603,6.1596,1
1115995,786291,786647,68.3561,10.8619,6
1116416,280506,786938,33.4797,24.5161,2
1116524,787022,800722,8.544,17.3888,2
1116594,666435,787063,151.615,6.3541,1
1116603,787070,793118,31.4643,5.7118,1
1116713,614103,787147,7.6158,19.4089,4
1116930,787285,792791,51.1077,21.5518,3
1116931,785851,787285,12.1244,20.1834,3
1116967,594947,787311,250.1619,10.6286,2
1116968,621615,787311,28.4488,9.2844,8
1117101,787400,788985,13.8684,7.1742,1
1117142,204281,787424,10.6927,14.9149,3
1117143,787424,788540,16.0624,13.4654,3
1117198,616087,787463,7.461,25.7859,1
1117208,787471,788795,8.3666,11.5483,2
1117530,265159,787698,51.2348,5.3229,1
1117762,787868,788269,33.0757,10.3977,3
1117763,787868,789501,18.0555,10.8869,3
1117817,287990,787906,220.7714,7.1067,3
1117964,788012,789363,17.5968,27.1082,1
1118330,209102,788266,36.9624,14.7196,3
1118332,788267,788540,4.3589,12.7842,3
1118333,788267,788269,20.0998,10.8748,3
1118789,574020,788578,100.8115,8.379,1
1118790,326207,788578,76.1744,7.4744,1
1119500,785614,789061,50.1431,5.8309,1
1119932,789363,789364,8.5114,28.6138,1
1119933,620000,789364,17.7576,29.8494,1
1120115,613395,789486,44.0833,12.2619,16
1120137,617815,789502,7.4981,4.1069,1
1120560,641719,789794,115.4152,5.5335,1
1120952,206442,790070,10.2956,12.3453,4
1120959,790070,790075,26.4764,12.1124,4
1121528,621601,790486,12.3037,30.6143,1
1122080,273916,790881,31.2174,8.0066,1
1122496,790105,791181,102.724,4.4665,1
1122731,788795,791350,61.6604,8.6968,1
1123103,624479,791609,19.9833,3.2394,1
1123165,219701,791651,74.2849,5.0378,1
1123311,618971,791751,22.942,19.0783,9
1123373,791797,794736,29.6583,3.5348,1
1123828,792107,793349,16.4486,4.7775,2
1124168,209725,792340,32.438,13.8737,3
1124180,623102,792352,13.9284,26.3922,1
1124198,624183,792367,31.3363,19.4258,14
1124199,792367,799678,54.2887,30.6127,14
1124202,792369,793939,16.0174,11.5199,13
1124432,792526,793219,25.3574,6.7082,3
1124433,209527,792526,10.4722,7.5967,3
1124598,792369,792654,13.8724,12.9215,14
1124599,624183,792654,22.891,8.8741,14
1124600,617978,792655,24.8535,14.3755,4
1124601,621799,792655,8.8898,11.0613,4
1124781,208949,792791,10.4403,19.6918,3
1124814,625451,792815,13.9284,26.6042,1
1125260,793118,810008,95.2995,6.085,1
1125397,793219,793736,8.0623,7.5074,3
1125579,793346,793857,10.0824,3.217,1
1125699,793431,800380,49.9121,4.0,1
1126139,793736,794525,29.8831,8.246,3
1126294,624950,793857,39.6471,2.4142,1
1126337,627604,793887,18.5236,19.6495,9
1126779,788734,794201,12.492,8.1291,4
1126781,794201,802835,59.3314,8.3245,4
1126845,212509,794248,29.7489,13.1708,3
1126885,627710,794270,20.8407,22.3682,14
1126982,617815,794331,82.5556,3.9921,1
1127270,212596,794525,35.4479,8.7024,3
1127353,788795,794583,71.7356,10.9079,1
1127354,227769,794583,96.4377,10.0487,1
1127548,633509,794713,43.6864,3.6056,1
1128120,634847,795107,57.4389,5.4704,8
1128651,622907,795454,106.5677,5.8807,1
1128864,791350,795604,146.3523,6.0552,1
1129029,274794,795720,94.8701,5.8955,2
1129030,795720,806019,71.3723,5.6738,2
1129328,789486,795922,77.7329,13.7632,16
1129435,795999,798413,19.0425,6.6529,1
1129513,626023,796046,22.8254,4.4707,1
1129606,628007,796117,9.7639,25.7338,1
1129770,796224,804366,191.0625,14.1863,1
1129941,213964,796350,14.3062,10.2227,3
1130321,796595,798126,8.5177,23.874,14
1130379,795141,796628,18.3897,4.9286,1
1130380,796628,797638,8.3931,6.1412,1
1130633,201984,796801,156.157,9.5311,1
1130792,796224,796920,14.3411,19.7938,1
1130945,628677,797025,8.8129,5.4415,1
1131154,212506,797165,9.7639,4.0233,3
1131635,627604,797479,18.8331,20.0266,9
1131785,797585,799344,11.8365,23.5048,14
1131788,629406,797588,7.4312,29.4425,4
1131862,797025,797638,13.6707,7.4758,1
1131982,797718,799641,14.7385,17.4549,1
1132052,797588,797764,27.3748,26.7084,4
1132591,798126,799344,13.2469,22.542,14
1132594,630043,798127,28.4371,7.2327,2
1132596,798129,799350,9.8723,32.9208,4
1132856,798301,798777,5.831,4.1829,2
1132857,627288,798302,39.9291,8.8104,13
1132858,798302,798658,34.2047,14.0649,13
1132981,215072,798387,29.5719,19.6111,4
1133024,798413,798965,5.534,7.724,1
1133268,798585,799970,41.4488,18.4511,4
1133376,798658,799560,14.8008,18.17,13
1133563,633015,798777,15.5991,3.9921,2
1133709,798387,798882,4.6904,19.7679,4
1133710,798882,802395,42.4853,18.3758,4
1133829,784956,798965,342.3014,7.7589,1
1133868,266210,798991,85.806,8.8201,1
1133869,798991,805690,18.3694,10.2866,1
1133952,286872,799047,106.0157,4.1829,1
1133953,272480,799047,59.0706,3.6213,1
1134305,630571,799287,53.0236,4.5,1
1134395,634172,799350,15.6702,32.9823,4
1134520,797479,799439,21.0728,20.9547,9
1134691,799560,800092,41.2699,18.0622,13
1134810,799641,800629,18.2635,16.5802,1
1134861,799678,800089,11.4455,29.2912,14
1134897,624659,799706,68.8807,6.3763,1
1134898,799706,800577,16.451,7.2327,1
1134946,799287,799740,44.8261,6.3406,1
1134947,642703,799740,53.2506,8.3406,1
1135165,209121,799883,53.301,11.5244,3
1135166,223686,799883,37.7403,18.72,3
1135293,216076,799970,4.8189,21.3702,4
1135705,214143,800249,24.5357,8.0275,1
1135718,213856,800259,20.3388,20.0729,4
1135935,800092,800413,9.551,18.7627,13
1135936,634577,800413,6.8232,21.1048,13
1136038,631268,800486,84.4571,4.8599,1
1136039,632058,800486,12.5831,5.2386,1
1136173,638312,800577,35.004,5.0724,1
1136243,800629,801296,25.7617,15.4085,1
1136246,800380,800631,11.4018,3.618,1
1136247,637418,800631,21.5561,2.7763,1
1136379,800722,811653,9.8995,16.8963,2
1136535,800831,802282,14.0712,9.3462,4
1136649,635257,800905,15.9757,19.1557,1
1136872,801066,807696,53.1022,6.03,1
1136939,278229,801110,25.5734,4.5822,1
1136944,801113,813053,71.7635,6.0927,1
1136945,801113,804438,32.3728,5.8036,1
1137219,637939,801296,20.9444,15.997,1
1137240,274794,801310,39.2683,4.4954,2
1137241,281419,801310,191.5533,6.0467,2
1137257,801324,811050,360.6078,7.5077,1
1137483,745031,801483,15.0218,10.182,1
1138473,802177,803691,15.1327,3.7417,1
1138631,216965,802284,67.601,7.5317,1
1138633,216844,802284,15.8114,5.0043,1
1138839,794331,802419,73.0266,5.4,1
1138840,634442,802419,42.8148,5.5148,1
1139013,799439,802544,37.2072,20.5294,9
1139324,634577,802755,28.6522,24.4933,13
1139426,231533,802832,101.5808,3.7796,1
1139427,802177,802832,34.1028,3.5291,1
1139431,286129,802835,340.8441,6.3865,5
1139859,803138,804855,5.4839,14.8476,1
1139951,803199,812162,54.8999,4.3028,1
1140009,280998,803247,67.1234,7.5452,21
1140088,625102,803303,175.1457,12.9373,1
1140641,803691,806410,17.4929,3.3708,1
1140646,744005,803695,9.9781,17.2133,1
1140654,239,803700,25.5125,7.5166,3
1141174,277998,804065,83.6056,8.9443,1
1141212,282116,804090,38.1969,4.7863,1
1141357,278593,804191,11.3578,16.7325,1
1141716,804438,805087,5.099,4.899,1
1142014,639395,804642,6.2716,28.2758,13
1142015,639947,804642,6.5574,30.2382,13
1142206,795604,804770,74.4983,5.4961,1
1142325,804191,804855,48.3161,15.7553,1
1142665,221324,805087,34.1663,5.2779,1
1142917,805263,807155,22.005,17.6491,1
1143425,797829,805609,48.9639,31.1382,1
1143426,643229,805609,27.5721,29.7824,1
1143481,278806,805649,19.7706,16.4134,1
1143510,639947,805670,32.107,32.1137,13
1143514,805670,817987,80.0936,18.3814,13
1143548,280019,805690,9.8902,12.3882,1
1143988,805990,806696,34.1924,15.4679,1
1144109,806075,808019,19.5965,29.8063,4
1144463,642703,806307,23.6854,11.6763,1
1144593,225132,806410,78.5918,4.4155,1
1145007,805649,806696,36.4476,16.6581,1
1145647,807155,808173,12.3153,17.1116,1
1145859,807313,817808,107.4895,8.5149,1
1145860,782679,807313,109.1284,6.7774,1
1146193,807544,810651,39.064,5.465,1
1146354,642586,807656,68.6032,13.4508,13
1146356,807656,812415,41.4678,13.5524,13
1146418,807696,819366,91.961,5.3779,1
1146428,41338,807701,51.5743,11.0861,5
1146839,24794,807989,31.0,4.5616,1
1146877,645161,808013,18.0616,13.747,1
1146887,644932,808019,9.8082,28.401,4
1147051,222645,808142,5.4975,15.6189,4
1147052,808142,809720,22.1133,14.7861,4
1147068,808155,814097,27.2066,4.4721,2
1147094,647524,808173,17.7733,16.7924,1
1147928,279999,808751,40.3609,20.2901,1
1147930,808751,808752,16.1245,19.8689,1
1147936,280833,808756,10.5515,2.9142,1
1148256,644774,808976,7.461,16.8967,9
1148606,807896,809221,9.1598,11.6317,13
1148608,648195,809221,8.3292,10.7849,13
1148685,651636,809274,27.4824,5.8912,1
1148768,279719,809336,3.448,8.124,2
1149529,646140,809876,8.3066,29.8492,4
1149530,809876,811798,18.1246,26.6488,4
1149544,809887,810683,33.8966,26.067,1
1149732,230253,810008,31.2446,6.8143,1
1150036,279661,810227,7.9092,8.672,1
1150037,810227,811625,13.9364,9.9155,1
1150195,283424,810347,95.3328,7.5794,21
1150389,273713,810482,70.1093,13.2593,1
1150392,810482,810483,11.8493,17.1484,1
1150638,224921,810651,41.4351,5.1515,1
1150692,810683,811673,8.7037,22.3349,1
1150693,809887,810684,67.8909,27.1397,1
1150694,280314,810685,52.7668,26.9784,1
1151073,756873,810954,504.1731,30.4838,2
1151074,651438,810954,18.2392,29.2103,2
1151664,811383,819623,114.2891,4.8002,4
1151995,281292,811625,11.3822,9.3532,1
1152040,766394,811653,6.2716,16.5363,2
1152074,810483,811673,8.6731,17.1484,1
1152270,811798,812982,9.975,21.8874,4
1152273,810318,811802,34.2961,8.9602,13
1152769,229237,812162,11.5288,5.3028,1
1152835,812205,814314,68.2155,19.6054,5
1152914,11849,812254,53.9351,3.285,1
1153139,811802,812415,20.3672,4.8597,13
1153319,801110,812531,53.7614,5.5317,1
1153554,812721,812983,17.2755,6.7514,5
1153555,812721,812984,7.4833,8.246,5
1153921,812982,813461,53.5942,23.1601,4
1153922,812983,813324,13.1445,4.4009,5
1153923,812205,812984,14.4442,9.3367,5
1153975,813024,814238,87.8066,7.1774,1
1154262,808976,813211,38.0248,17.1448,9
1154415,813323,813324,45.3542,5.6433,5
1154551,639373,813418,164.5931,6.7156,1
1154612,660108,813461,42.3556,23.6253,4
1155521,1996,814097,22.9379,7.0579,2
1155731,226539,814238,56.0327,7.2715,1
1155862,814314,819763,61.3016,28.5123,5
1155968,650614,814379,16.7199,26.3049,1
1156072,230552,814459,9.434,7.0915,1
1157132,815204,815705,35.6542,24.0759,1
1157133,654039,815204,6.2716,24.7678,1
1157334,815343,815548,13.4205,13.7849,1
1157878,815704,815772,11.5374,22.2178,1
1157879,815704,815705,4.5338,22.9886,1
1157969,651636,815770,19.7146,4.3028,1
1158878,811399,816393,40.2338,6.9281,1
1159189,283147,816599,27.5627,8.562,1
1159357,285156,816718,34.876,5.8078,1
1159358,812531,816718,9.8298,6.3865,1
1159447,54253,816779,276.5658,11.5412,1
1159448,651859,816779,42.6106,14.5766,1
1159585,224068,816873,43.7112,14.609,3
1159587,232974,816873,8.8045,12.9428,3
1159710,809336,816955,36.706,7.6676,2
1160031,663730,817180,129.0607,7.1904,2
1160125,804366,817234,114.5668,8.124,1
1160127,663550,817234,42.265,8.6988,1
1160281,656775,817345,7.3485,17.6478,9
1160385,281436,817424,16.7531,8.5419,2
1160386,80109,817424,146.9384,7.3294,2
1160527,652164,817525,37.2231,30.0857,2
1160943,243951,817808,95.7549,9.5342,1
1161035,235959,817872,71.4446,15.2283,4
1161203,657949,817987,7.0159,3.7025,13
1161500,817525,818174,13.2539,31.4235,2
1161501,818174,819578,15.7533,30.6974,2
1161819,818391,818603,104.2486,7.2417,2
1161945,352090,818480,25.8844,23.4614,2
1162117,817180,818603,14.4299,8.1904,2
1162592,815770,818920,43.6387,4.148,1
1162593,818920,819568,12.0152,5.2607,1
1162895,226628,819113,55.4707,9.5155,3
1162908,659579,819123,23.5372,6.8166,2
1163051,817635,819224,21.5158,4.148,1
1163052,662284,819224,9.3214,3.6736,1
1163831,818694,819763,51.6398,30.5369,5
1164328,817980,820105,6.4205,7.0386,1
1164329,284461,820105,18.9209,7.1875,1
1164455,819578,820197,5.1045,28.0373,2
1164774,243024,820396,191.8121,6.5977,4
1164775,819623,820396,14.3527,4.7541,4
1165571,99716,820952,161.8961,5.6317,1
1166113,221675,821313,150.1349,6.6657,1
1166239,817345,821405,46.3777,18.2629,9
1167539,671947,822311,56.2988,4.7386,1
1167540,668665,822311,41.959,3.8028,1
1167705,651859,822430,106.9169,19.1658,1
1167706,664627,822430,16.69,24.5577,2
1167707,674536,822430,47.052,23.1692,1
1167795,40944,822487,68.8867,17.9285,5
1167797,37035,822487,73.0786,16.6276,4
1167806,686085,822487,63.874,21.2321,1
