edge_id,src,dst,length_um,radius_um,usage
8,7,365,17.7363,5.3229,1
110,83,21437,51.5103,4.4954,1
429,287,327185,95.1753,5.1194,1
553,7,364,15.1804,5.2035,1
668,442,788358,39.2457,5.8407,32
1662,1094,318204,123.7466,3.4758,1
1875,1241,2259,74.7745,6.5384,1
2224,1503,319726,11.3529,4.7827,1
3256,2259,317470,93.6109,4.0503,1
4150,2940,305440,32.5474,3.0956,1
4151,2854,2941,4.6904,3.6056,1
4719,2940,3380,86.9483,2.639,1
4767,3380,3414,7.2801,3.285,1
4768,3414,305872,16.6132,3.6736,1
5026,3601,305872,60.3628,3.5348,1
5587,4043,177219,531.2072,5.7716,1
5588,4043,446645,205.2119,7.3104,1
5941,4309,4380,50.9706,3.2394,1
5942,4274,4309,15.2643,4.6583,1
6009,4354,4726,96.7729,3.6427,1
6046,4380,4726,9.0554,3.1623,1
6083,4408,307049,35.8655,4.4009,1
6625,4821,242671,105.8894,3.5348,1
6626,4821,366440,29.6742,3.2321,1
6786,4932,50480,102.3811,4.216,1
7640,5549,9813,66.67,3.8643,1
8560,6227,320580,11.1156,2.618,1
8561,6227,324175,118.7837,3.3028,1
8643,4029,6288,110.6165,5.5,10
8644,6288,18296,20.4641,4.6213,10
8802,4408,6395,48.1352,4.6596,1
9069,4354,6591,224.2097,3.9324,1
9374,6821,310253,38.9087,4.1231,1
10540,7671,119337,142.4991,5.6506,1
10541,7671,243314,46.3849,6.7986,1
10619,7728,236214,6.2093,3.8028,1
11471,8349,8545,36.2491,2.9142,1
11737,8531,8942,72.6904,4.1621,1
11753,8545,313298,76.0942,3.0811,1
12123,6821,8799,68.0074,3.5616,1
12204,8861,28236,45.7275,3.217,1
12317,8942,675751,58.1607,4.3528,1
12732,9252,315251,30.4229,3.9637,1
13506,9813,9815,28.6744,4.0388,1
13509,364,9815,95.1449,5.3183,1
13866,6591,10086,82.3772,3.9324,1
13954,6407,10148,21.6897,5.0331,1
13955,10148,22242,37.2171,5.4536,1
14014,10195,313653,39.9583,4.2426,1
14016,10195,326450,140.1959,4.6708,1
14569,10595,224632,131.4952,3.7055,1
14799,10086,10761,16.1245,4.89,1
15944,11587,674138,52.2335,4.9338,1
16061,11668,319574,6.7082,5.0495,1
16062,11668,13745,55.1906,5.0981,1
16524,11995,720951,68.9936,4.9433,1
16569,1094,12025,26.4701,4.8002,1
16570,12025,323588,83.6594,4.8002,1
18574,13459,318982,84.0655,3.9324,1
19537,14157,171043,77.4858,4.7913,1
20099,14560,21182,11.9094,6.8143,1
20155,14596,676330,56.8448,4.9839,4
21500,15524,40920,64.3345,18.2257,2
22350,16119,327852,19.9722,5.6506,1
22731,16390,19351,63.6632,2.7247,1
23663,17060,19622,45.1885,3.9637,1
26275,18899,335061,40.4763,4.6997,1
26797,19257,338025,107.7708,4.7856,1
26885,19318,332245,25.9015,7.3817,1
26932,19351,25803,175.1856,3.6213,1
27847,19998,38785,37.0037,5.5414,1
27925,20049,22242,54.8179,3.2913,1
28151,20213,83077,123.3932,4.5616,1
29505,21182,697978,193.2148,5.6569,1
30061,21569,23447,66.6708,4.7408,1
30999,22263,791318,183.9719,8.9521,1
31000,22263,324754,49.9333,9.8654,1
31027,22280,255928,375.5094,4.3203,1
31155,22368,333788,84.8508,5.2913,1
32200,23097,29533,165.786,6.6878,1
32445,23283,341225,4.8648,5.0517,1
32446,23283,347926,106.8519,4.872,1
34632,24805,673307,55.9942,4.511,1
34916,25010,676975,37.2514,7.806,4
36039,25803,28297,60.0916,4.1829,1
36174,25908,341463,74.1005,3.8643,1
36744,26317,283240,100.0433,5.0196,10
36745,26317,94545,44.243,3.4758,10
39111,27971,29405,29.2746,5.2631,1
39112,27971,28110,10.4881,3.7199,1
39308,28110,352567,41.5612,3.9496,1
39582,28297,30365,49.8297,3.9324,1
39638,28339,351226,11.5614,3.2321,1
40489,28941,679191,26.3671,5.7398,1
40625,29035,338478,133.3898,10.4333,1
41148,29403,31503,52.0865,8.4231,1
41152,29405,30248,36.7423,7.1067,1
41312,29521,31635,149.9667,4.4534,1
41329,29533,39697,244.4811,6.4363,1
42293,30201,356178,73.632,3.4758,1
42538,30365,362766,71.9898,4.216,1
42622,30421,821929,48.8376,6.3406,1
43197,28941,30827,43.0336,3.3839,1
43643,31133,45069,40.4343,3.9142,1
43644,20049,31133,46.0181,2.4142,1
44178,31503,39622,147.1428,8.1126,1
44409,28592,31681,44.2041,3.7936,1
44669,29403,31870,107.0187,8.6137,1
44670,31870,363130,73.3462,8.0623,1
44864,32008,33211,15.2971,3.6213,1
45253,32277,285858,34.288,5.8962,1
45681,32571,287795,27.6265,9.4199,4
45718,32593,675283,178.4831,5.4929,4
45719,32593,676330,5.4671,4.5826,4
45930,32740,235477,59.075,3.8637,1
46199,32938,675751,34.4238,3.8643,1
46565,33210,33211,6.4031,4.3723,1
46802,33385,677007,94.3363,2.9889,1
46803,33385,681617,28.2312,2.9208,1
47325,33752,689180,64.3169,4.0306,1
47326,33752,672836,84.1408,3.6427,1
49426,35245,64462,138.457,4.6312,1
49428,35246,70602,251.2975,5.6079,1
49574,35346,820916,71.9915,3.9241,2
50610,36067,366421,43.5762,5.0517,1
51443,7728,36623,60.7783,3.6056,1
51444,36623,75647,88.3289,3.0275,1
51518,36679,77480,116.9087,5.5649,4
52054,14190,37059,168.5052,5.0378,1
52055,37059,37060,78.4828,4.7947,1
52056,37060,49572,124.9427,4.5708,1
54383,38714,52362,64.4015,4.3523,1
54454,30827,38763,75.8624,3.8172,1
54492,38792,359964,75.8649,4.5247,1
54493,38792,39697,122.4132,5.5335,1
54500,38796,362766,61.3313,4.3452,1
54763,38983,670605,90.0753,7.1067,2
55650,39622,370121,11.8945,8.544,1
57383,40804,83657,184.9136,5.7865,1
57384,32938,40804,79.9547,4.6312,1
57541,40920,342137,141.2657,13.943,2
58103,37717,41312,87.7838,4.7947,1
58956,41933,804798,148.2768,7.0421,1
59046,42000,488287,29.676,5.1421,1
59047,42000,189385,72.8011,4.9286,1
59324,42197,810599,110.0034,3.5291,1
59647,42423,42424,6.6332,6.5927,1
60201,42817,810526,391.6667,4.899,10
60202,42817,70636,31.209,4.1078,10
60327,42908,335243,113.0953,5.5971,32
60329,42908,319588,142.3244,4.977,32
63076,44839,45370,9.0,6.2633,1
63406,45069,336144,40.7232,4.3028,1
63824,45370,49517,138.5965,9.337,1
64126,45578,48974,56.2583,4.6901,1
64826,32624,46086,204.4969,10.7913,1
64827,46086,48080,29.7489,19.0,1
66320,46574,47160,23.0217,6.1623,1
66368,47192,384536,47.2358,4.9495,1
66369,47192,383555,7.188,4.999,1
66438,46574,47247,107.861,4.8206,1
66439,47247,385936,399.7961,4.5306,1
66671,47407,383526,3.6515,3.5355,1
66675,47407,47410,82.8734,3.7594,1
66676,47410,47664,4.6904,5.2607,1
66794,47491,370944,91.7505,12.8691,1
67640,48080,385457,12.2296,20.9284,1
68100,48392,300329,105.2855,3.8452,1
68690,47491,48803,16.5227,13.7632,1
68788,48862,49345,8.544,6.8758,1
68942,48974,53624,81.0309,4.4246,1
69452,49345,387206,15.8055,6.8758,1
69617,49459,676652,62.6356,4.2913,1
69618,49459,694226,103.3758,4.6926,1
70173,49844,50480,13.6341,5.6993,1
70520,50081,388359,3.35,8.9916,1
70563,50112,381140,46.3849,3.4611,1
70565,50112,388014,35.7678,3.0275,1
70758,50249,386077,72.9966,4.8408,1
70962,50391,51900,33.0,5.8807,1
71003,48006,50419,134.4214,6.3988,1
71004,50419,689356,279.819,6.8239,1
71035,49517,50441,22.3607,10.7912,1
72737,50081,51659,63.0872,5.1672,1
73094,51900,52396,46.3681,5.4274,1
73373,52098,391602,57.6597,22.4571,1
73485,52178,53309,28.3901,2.8831,1
73791,52396,55881,89.8109,6.4363,1
74739,52178,53068,18.0,3.0275,1
74848,47664,53145,187.7285,5.465,1
75076,53309,55414,37.9605,3.2394,1
75456,41933,53588,13.9284,8.1417,1
75457,53588,255521,105.5741,6.4225,1
75503,53624,56901,41.4126,5.2907,1
77150,53145,54775,46.594,3.9637,1
77265,54869,163420,71.5122,3.9241,1
77440,54775,55004,14.0357,3.285,1
77919,55338,396381,8.3666,6.5123,1
78029,55414,55621,3.4641,3.3839,1
78272,55590,249010,125.9934,4.1231,1
78317,55621,398446,36.9098,3.217,1
78670,55881,56774,15.843,6.2264,1
78893,56037,682781,186.9402,3.9495,1
79057,56146,64474,138.5131,2.0,1
79394,56372,696787,96.9266,8.5822,3
79958,56774,57424,58.3267,5.6109,1
80140,56901,67844,170.9825,4.7194,1
80606,57238,398638,15.7797,8.7176,1
80871,57424,98508,891.6087,5.4312,1
81606,57950,406633,236.3317,6.2264,1
83396,59176,404821,41.9007,5.3452,1
83993,59594,63662,41.2392,4.9286,1
83996,59596,62521,22.9123,5.2238,1
85903,60934,84789,358.0738,8.5166,1
85904,60934,684614,20.9258,8.1435,1
86487,61342,386251,164.9128,12.8291,1
87035,57950,61722,43.0116,7.1947,1
87036,61722,414244,71.4656,7.3761,4
87037,61722,69900,81.4002,5.9619,3
87173,57798,61820,43.4166,4.6795,1
87175,61820,408145,13.4412,5.381,1
87200,61838,406878,4.58,1.9142,1
87841,62284,66059,89.7998,4.5708,1
88192,62536,77207,59.8758,3.8637,1
88193,62536,681349,38.0,3.285,1
88546,62786,406556,20.0912,4.5634,1
88547,62786,411217,48.4734,2.5779,1
89514,63481,783038,24.1615,5.2617,1
89515,63481,95563,6.4031,6.0822,1
89776,63662,672836,103.8912,4.2976,1
89912,63755,65595,69.3213,4.2426,1
90294,64022,328409,225.8981,5.262,1
90601,64225,404959,135.6285,8.4051,1
90931,64462,65649,22.0731,5.567,1
90950,64474,689771,55.6707,2.5,1
91009,64514,681730,92.9205,3.8643,1
91010,63755,64514,47.6154,3.9241,1
91151,57841,64616,98.4958,8.3951,1
91152,64616,493278,57.9856,7.9637,1
91529,64896,412209,36.2307,11.7294,1
91689,64225,64999,12.1244,9.0,1
92036,65259,106366,43.9431,3.6427,1
92037,65259,122585,33.8526,3.4758,1
92244,65407,411217,29.023,2.1213,1
92424,36153,65535,86.3745,4.729,1
92587,65638,73974,96.3964,4.9338,4
92597,65649,70327,62.5691,5.1881,1
92713,65737,408891,38.2056,5.5971,1
92714,65737,69440,40.2368,4.511,1
92918,64896,65882,59.716,10.1286,1
93157,66059,68196,29.6816,5.5317,1
93432,64999,66249,27.8029,7.5822,1
93447,66259,280411,129.3209,6.0552,3
93579,65407,66353,25.865,3.4758,1
93700,30145,66441,139.1606,4.1926,1
93701,66441,697878,66.0648,3.0,1
95503,55338,67696,250.8087,6.5465,1
95504,67696,422296,44.2455,7.7973,1
95525,67712,71680,45.2659,4.0306,1
95617,67779,70658,94.0106,7.4806,4
95708,67844,70768,55.5158,4.4126,1
95744,67869,408145,132.2044,5.8941,1
95745,67869,72899,55.0091,6.0467,1
96197,68196,71553,86.6314,5.5822,1
96254,68237,692967,107.0374,4.4495,1
96910,34186,68687,69.7559,7.0711,10
96965,68726,413054,34.4719,11.6821,1
96966,68726,70095,48.9183,8.9772,1
97595,69160,69391,40.3609,6.5945,1
97754,66249,69271,104.4031,5.7748,1
97939,69391,78478,102.5768,6.3226,1
98019,69440,87801,219.529,4.1815,1
98022,69443,690115,184.6694,3.0811,1
98046,69460,712187,108.3169,5.3166,2
98047,56034,69460,87.9482,4.0616,2
98583,66353,69837,37.4566,4.3528,1
98584,69837,418616,29.3068,4.8408,1
98683,69900,76549,70.157,6.1833,2
99275,70327,116139,131.616,4.511,1
99673,70602,699038,34.2329,4.7408,1
99719,70636,176945,240.9523,3.7199,10
99747,70658,73568,77.2399,9.1556,4
99905,70768,441681,230.2361,4.5274,1
100624,71259,415646,46.1904,5.2238,1
100625,71259,73141,64.846,4.0616,1
100827,71404,689180,58.532,5.2779,1
100870,64882,71427,36.9354,3.5291,1
100871,71427,695933,74.099,3.0956,1
101062,71553,432810,68.4349,5.0,1
101697,71990,417347,91.9184,9.4984,1
101816,72074,699668,67.3787,3.0,1
101817,72074,72075,40.9514,3.8028,1
101821,38983,72080,101.8136,7.5107,2
101822,72080,702109,147.5677,6.434,1
102156,70095,72320,41.4126,6.6623,1
102981,72899,429319,72.8003,5.9036,1
103343,71680,73141,57.0088,3.5811,1
103409,73187,695535,79.217,3.8643,2
103410,73187,81966,273.4358,4.6312,2
103851,73502,694750,58.1939,3.8028,1
103913,72320,73548,41.9166,8.112,1
103939,73568,78849,91.3729,8.8858,4
104352,73859,436462,100.8426,5.5076,1
104353,73859,439777,110.624,5.6506,1
104410,73548,73898,9.9499,10.5622,1
104469,65595,73938,39.752,3.3461,1
104470,73938,696803,18.9532,3.3461,1
104526,73974,697288,14.3372,5.1438,4
104743,74134,703431,37.8814,3.285,1
104851,73898,74217,11.4891,10.3295,1
105551,69160,74707,119.8708,5.8036,1
105721,71990,74822,47.3709,8.5938,1
105722,74822,87034,130.1576,7.3407,1
105901,74943,697878,7.3485,4.3284,1
105902,74943,700662,62.522,5.521,1
106642,75455,288212,6.9682,2.8028,1
106924,75647,78336,45.8912,2.8059,1
107385,74217,75968,30.0167,9.7419,1
108213,76549,431324,4.2426,7.999,2
108277,76599,710525,124.6056,7.2327,3
108278,76599,696787,23.5773,7.1133,3
108448,76714,77701,28.243,3.285,1
109864,77701,707854,66.2709,3.9324,1
110245,77971,424963,64.4998,6.2981,1
110628,74707,78247,115.7497,5.3218,1
110983,78478,426999,117.9237,5.5822,1
111224,78647,432039,39.7827,3.4758,1
111458,78825,422296,173.1319,6.9954,1
111772,79053,433525,69.7687,4.9495,1
111773,79053,441339,54.1418,4.5616,1
112130,79301,703452,20.1632,4.0503,1
112962,78647,79880,35.4401,3.0725,1
113449,75968,80227,153.1045,7.9404,1
113450,80227,91396,227.1453,4.5738,1
114671,81077,434529,38.8652,6.8632,1
115191,81449,787261,71.5379,4.1829,1
115932,81966,709983,50.4535,5.567,2
116065,82058,439469,14.8549,9.2711,3
116133,78825,82107,73.1642,7.2598,1
116236,82182,91956,22.9831,5.6109,1
116720,82548,85864,48.7955,4.1528,1
116738,79880,82561,46.2817,3.2394,1
116885,78849,82670,71.9444,7.1062,4
116886,82670,88655,124.8599,7.9514,4
117461,83077,120557,55.1125,4.6111,1
117620,82236,83198,178.5805,3.7199,1
117625,83198,83200,68.6003,3.9324,1
117626,83200,84245,31.5278,3.5291,1
118067,74132,83523,87.5246,3.5616,2
118068,83523,705870,13.2497,4.7541,1
118077,83528,432810,63.082,4.6213,1
118854,84005,169799,142.0176,25.8185,1
119730,84632,677438,146.3021,6.9228,4
119731,84632,710403,116.6461,7.7457,4
119881,84739,443454,9.1652,8.357,1
120044,84739,84852,12.083,7.7327,1
120045,84852,93225,182.4884,6.965,1
120427,85125,384073,107.8872,4.2913,1
120429,85125,292355,49.077,4.0941,1
120729,85323,436462,101.4325,4.8408,1
120730,85323,87546,83.9643,4.3528,1
120814,85382,144712,186.8227,15.1449,2
120815,85382,342137,9.5598,15.6791,2
120961,81077,85494,114.4858,6.1984,1
120962,85494,90081,259.2759,7.6562,1
121937,86182,95563,228.6934,5.8723,1
121938,86182,718731,11.6333,5.4218,1
122269,86419,86564,54.2402,5.4075,2
122270,86419,87451,32.5269,5.651,2
122374,86496,87451,69.4334,6.2016,2
122475,86564,452720,60.4511,5.2493,2
122704,85864,86725,41.5812,4.3969,1
123135,87034,87794,10.4881,7.0201,1
123673,87431,439751,66.0454,6.4806,1
123674,87431,451614,188.4217,5.3218,1
123841,83528,87546,44.7325,4.1829,1
123911,87589,345687,125.8862,4.0503,1
123913,87589,339183,140.0024,4.7431,1
124208,87794,105492,259.6555,6.1203,1
124217,87801,449501,91.0714,4.2321,1
125409,88655,89774,16.4924,9.3403,4
126020,89101,473561,282.6977,6.5557,1
126339,89326,706588,6.4464,5.7118,1
126968,89774,455189,69.7878,9.4244,4
127392,90081,94400,300.6426,8.0559,1
127525,90167,90256,74.9733,4.9495,1
127668,90256,449067,56.7587,6.2417,1
127943,90451,94700,202.5981,6.6033,1
128491,90844,452213,11.7426,8.0282,1
128515,90862,113914,44.7387,4.0616,1
128937,91143,470316,222.6694,5.6899,1
129169,91320,453659,15.7233,3.6736,1
129269,91396,93012,25.632,3.0725,1
129799,77971,91769,166.9072,4.4155,1
130504,92265,137291,118.8634,5.3218,1
130505,84789,92265,32.2949,5.651,1
131382,92884,93091,4.6904,4.2078,1
131562,93012,467234,143.3453,4.7683,1
131662,93091,456055,62.442,6.4546,1
131857,93225,106204,288.3956,6.7774,1
131979,93315,461007,100.896,5.2631,1
133910,94700,459016,31.3032,7.898,1
134185,94905,428367,115.7129,18.9646,3
134186,94905,95321,32.5883,5.8407,3
134776,95321,97553,48.6415,4.5092,3
134809,95344,476955,172.9759,5.0495,2
135129,94400,95580,42.5441,6.4685,1
135130,95580,97102,79.4796,6.3284,1
135248,95657,462289,40.0656,4.511,1
135451,91769,95798,70.2424,4.0503,1
135684,95966,461647,54.628,5.0476,1
136108,96274,462289,152.785,4.4068,1
136784,96729,245280,37.1932,3.6736,1
136832,93315,96761,53.5444,5.8941,1
137325,97102,97310,48.1975,7.9159,1
137513,92089,97234,37.4833,3.452,1
137614,97310,464857,39.6611,8.3529,1
137957,97553,477043,124.0585,3.2975,3
138045,97625,715178,63.1919,4.8341,2
138111,96761,97672,79.5362,3.9173,1
138113,97673,462744,162.4592,3.5291,1
138150,97701,120468,47.1359,4.1583,1
138262,96274,97780,30.0333,4.9433,1
138263,97780,464302,8.2462,5.6395,1
139275,98497,179239,184.6983,7.1661,10
139284,98508,492628,341.7847,5.5649,1
139820,98887,345526,12.3153,2.639,1
140470,99340,710345,17.2884,8.8655,1
141200,99858,161469,136.6939,4.977,1
141473,100056,102331,5.5578,5.734,1
142438,100738,101542,9.7411,5.6541,1
142713,100937,484561,167.5967,6.5557,4
143593,89326,101542,66.1522,6.0778,1
144251,102005,731846,54.2638,3.0,1
144707,102331,114471,44.7934,5.3866,1
146579,103678,108542,87.2812,4.1829,1
146999,103973,135176,64.8889,4.4867,1
147000,103973,207865,81.9428,4.1583,1
147286,104178,128848,65.4603,9.7968,1
147453,100606,104308,170.7484,3.9324,1
147454,104308,106076,34.3366,3.6736,1
148334,104114,104946,26.2488,3.7417,1
148335,104946,476437,33.9936,4.8708,1
148840,105293,480326,169.7832,6.9765,2
148841,105293,113846,128.2381,7.0421,2
149131,105492,106081,12.9615,6.3638,1
149142,105501,105502,8.4853,6.2696,2
149372,105658,480108,85.5641,5.9545,1
149373,105658,483709,89.5092,5.5317,1
149944,106076,110657,100.454,5.0043,1
150126,106204,495538,217.1835,6.5977,1
150369,96729,106366,11.1803,3.3839,1
150479,106447,467964,84.4827,4.148,1
150481,106447,484453,63.6056,4.4665,1
150601,102872,106538,124.4387,5.1438,1
151242,105501,106982,41.1218,5.6081,2
151339,107052,700662,63.0234,3.8106,1
151340,107052,120452,70.2283,3.118,1
151880,107442,454263,200.4875,4.7361,1
151881,107442,480326,5.4772,6.2749,1
151985,107520,735055,138.808,4.1068,2
151986,77480,107520,222.2684,5.3852,4
151987,87422,107520,64.3705,4.5634,2
152217,105502,107689,50.9902,5.8541,2
152218,107689,110046,77.4661,5.8912,2
152701,108031,486499,85.1267,4.7913,1
153419,108529,111189,49.493,5.521,1
153438,108542,111541,144.6409,4.4126,1
153538,108614,110427,67.082,6.7659,4
153897,108874,710345,60.7005,6.9228,1
154784,109473,131821,94.5098,3.7606,1
155610,110046,486345,109.9682,6.7823,2
155714,110119,112751,116.254,5.4265,4
155715,110119,110427,19.7231,5.5561,4
156469,110657,490052,81.7877,6.117,1
156758,106081,110861,105.7733,5.381,1
156759,110861,113504,54.6535,5.381,1
156790,110762,110884,51.8941,2.9568,1
157132,110255,111119,29.8161,14.6716,1
157200,102090,111161,152.6073,5.5259,1
157201,111161,487078,22.3768,3.2863,1
157243,111189,122569,27.2376,5.9907,1
157653,111471,114455,148.8825,4.6708,1
157654,111471,494795,80.8634,6.4865,1
157670,106538,111486,70.1498,5.2035,1
157671,111486,491416,58.9293,5.4754,1
157840,110460,111617,25.0,8.9354,1
158172,111119,111841,15.2643,14.402,1
158281,111915,112222,9.434,5.3723,1
158282,111915,112073,3.4641,5.6109,1
158477,112061,488320,74.3203,4.9749,1
158491,112073,486869,35.2798,3.8566,1
158694,111841,112210,105.3803,9.2686,1
158714,112222,123198,263.8181,4.8452,1
159263,110884,112620,35.9583,2.7247,1
159264,112620,114871,39.4208,2.7247,1
159394,112712,488372,21.9621,7.9332,1
159454,112751,113713,35.1568,5.4265,4
159928,113075,115222,35.0714,5.0794,1
160046,112712,113159,14.3527,9.4307,1
160180,113255,492744,38.5487,2.6992,1
160181,113159,113256,4.2426,11.3129,1
160527,113504,120777,144.3226,5.8941,1
160837,113713,147222,613.1868,4.6596,4
161217,113972,477529,428.5184,8.0932,4
161323,114043,500368,190.1133,5.6272,1
161896,114449,489937,79.5885,2.8708,1
161906,114455,496030,118.33,6.1833,1
162572,114934,493330,36.0093,5.5468,1
162907,114607,115174,26.096,2.3028,1
162915,115182,115515,73.0342,4.1583,1
162916,115182,501871,88.427,4.5616,1
162970,111864,115222,67.0075,5.458,1
163370,115515,115803,461.3133,4.3509,1
163428,115559,708663,49.1087,3.2394,1
163760,114934,115803,71.4843,5.8941,1
163830,115850,117632,41.509,6.1202,2
163901,115903,494520,42.9629,5.4961,1
163913,115912,117022,58.1464,3.6675,1
163954,115940,492744,15.9478,3.8566,1
163955,115940,117051,21.3542,5.0838,1
164227,116139,732321,115.0188,6.3627,1
164448,116295,493857,35.9722,3.9496,1
164449,116295,496837,16.4114,2.8831,1
164450,113972,116296,86.2322,7.2636,4
164456,116302,116363,38.6523,4.097,1
164555,112061,116363,124.936,2.8831,1
164675,115912,116443,21.4009,5.2881,1
165059,114607,116710,127.7576,5.0043,1
165060,116710,492628,30.0458,6.0738,1
165524,117021,496784,4.761,6.5463,2
165525,117022,118007,36.0416,3.618,1
166175,117489,496420,19.2325,4.5826,1
166260,116302,117544,17.2337,5.9545,1
166384,117632,490052,116.0656,5.465,1
166385,117632,517073,243.437,6.0495,3
166484,117704,502566,169.2106,4.729,1
166730,111541,117874,130.7287,4.7913,1
166732,117874,120697,63.5138,5.7016,1
166737,117878,121010,100.03,6.5927,1
166738,117878,501850,77.9637,7.5745,1
167139,118164,495666,32.2111,7.5667,1
167140,118164,499844,15.5849,6.5355,1
168142,116296,118876,84.6759,6.7371,4
168217,118932,119985,17.2047,2.3428,1
168589,98887,119203,99.53,3.6503,1
168795,119337,162326,52.9339,6.0092,1
169354,119734,503838,86.7269,5.5649,1
169488,119825,135732,148.1757,6.9942,1
169489,119825,123618,16.3965,8.665,1
169708,119985,509825,72.3832,3.1796,1
170379,120452,722291,79.1637,5.2016,1
170401,120468,723651,45.2132,3.0725,1
170531,120557,161227,99.8068,4.6111,1
170750,120697,527953,306.319,6.4031,1
170872,120777,146089,445.8049,5.1926,1
170967,120838,121655,74.2159,4.2426,1
171203,121010,122049,114.9174,6.6657,1
171523,121235,498573,133.5764,5.099,1
171524,121235,132373,250.1719,7.0495,1
171820,121451,499890,72.235,5.9155,1
172006,121589,497335,106.3062,4.872,1
172007,121589,510303,104.3983,5.9713,1
172111,121655,123198,75.4255,4.4665,1
173444,119203,122569,20.4966,5.3983,1
173463,122585,156754,28.0357,2.9954,1
173777,122821,503786,74.6661,8.8079,4
173778,122821,519587,204.2618,9.2426,1
173798,122838,293726,38.0438,3.4611,1
173799,122838,286801,93.4273,3.6056,1
173906,117544,122907,107.9722,6.0402,1
173907,122907,124575,37.9605,5.458,1
174353,114471,123230,18.412,4.148,1
174545,123359,350015,26.5518,2.5322,1
174546,123359,132900,9.2195,2.8284,1
174927,123618,509343,20.0871,8.525,1
175417,123978,124446,39.6737,5.1636,1
176068,124446,513077,86.9943,5.3327,1
176251,124575,512467,31.4907,5.3284,1
176538,124786,538482,310.3894,5.734,2
176848,125001,126582,42.6732,3.7936,1
177776,125668,128202,100.6701,3.7247,2
177777,97625,125668,184.7837,3.4608,2
177852,125715,128968,98.4327,4.8408,1
177853,125715,516253,58.4256,5.2913,1
178994,126493,127284,51.4684,4.1213,1
179104,126493,126565,5.7446,3.8028,1
179146,126600,507170,124.7437,10.6301,5
179599,126914,511250,100.0417,4.8599,1
179920,127140,524011,99.6761,5.9155,1
180092,127261,127843,11.3578,3.2394,1
180126,126914,127284,14.7648,4.2426,1
180560,127585,513471,51.4674,4.9286,1
180561,127585,514994,10.924,5.521,1
180910,127843,517826,73.9767,4.2078,1
180989,125858,127900,77.6788,4.5616,1
181742,127900,128454,29.5296,4.3028,1
181743,128454,136002,88.261,3.3028,1
181925,128583,517826,86.75,5.1476,1
182305,128848,134822,21.6307,8.9751,1
182491,128968,525991,113.1872,5.6317,1
183015,129337,518743,25.8263,7.8134,3
183307,129548,257208,74.1912,3.2394,1
183858,129921,522729,26.7348,6.9146,2
184056,130056,355541,41.9921,3.3904,1
184696,126600,130511,89.5433,9.3462,5
184835,48392,130603,129.8003,5.0378,1
185285,130921,739788,146.4445,4.511,1
185675,130885,131200,21.9545,3.6795,1
185676,131200,535089,186.2776,5.381,1
185757,131260,520885,24.2258,6.4128,3
186492,131780,144581,107.3985,4.4707,1
187344,132373,524654,4.7526,9.0,1
187819,130511,132713,103.899,8.1238,5
188041,132713,132883,3.4641,8.4228,5
188060,132900,149557,71.1258,2.5322,1
189370,133840,519297,68.23,6.6115,1
189594,133990,711931,657.5058,9.272,1
189595,133990,150740,102.0049,11.1323,1
190265,134470,134534,21.9773,1.0,1
190275,134478,517268,147.1367,4.999,1
190728,117044,134794,49.8598,6.9596,2
190729,134794,723464,181.3312,7.6553,2
190778,134822,744275,138.5472,7.5445,1
191011,134991,135365,9.6437,7.4725,4
192034,135732,422314,69.3436,4.7683,1
192430,136002,149182,219.0114,3.6795,1
192742,129521,136207,237.038,7.6098,1
192743,136207,136887,12.3693,6.5355,1
192962,136354,535734,94.6496,5.2421,1
192963,136354,139569,118.5158,5.4218,1
193672,136828,158286,175.7353,8.0623,2
193673,135390,136828,24.8596,6.4806,2
193748,136887,538716,119.0896,5.8807,1
194307,137291,729883,13.9821,6.2264,1
194621,134478,137514,47.3709,5.7511,1
195130,137877,137878,33.1059,5.2774,1
195295,133840,137986,58.8643,9.6745,1
196603,138934,142815,77.2852,4.6213,1
196961,139205,164117,78.6759,8.0932,1
196962,139205,197291,83.6957,5.5311,1
197493,139569,544569,59.9444,4.6751,1
197560,129870,139615,49.4004,4.6225,1
198565,130056,140310,50.682,2.6583,1
199196,140780,153338,210.4709,6.0822,2
199288,140842,536814,37.7757,8.5497,5
200448,137514,141665,113.4416,5.4929,1
200449,141665,545385,34.0327,4.8894,1
201768,142596,172261,62.9067,10.3524,1
202088,142815,561987,210.74,4.8139,1
203532,140842,143881,66.7008,8.5853,5
204110,144290,154895,94.5739,4.7016,1
204179,143881,144339,61.79,6.8143,5
204406,144492,147216,129.3445,4.0233,1
204407,144492,544569,5.9442,3.5348,1
204662,144664,249403,68.5533,5.734,1
204673,144673,255957,87.0518,6.6296,1
204730,144712,150210,49.4717,12.8803,3
204731,144712,177219,192.2296,8.521,1
205066,144339,144961,16.4317,6.7787,5
206287,145829,535752,131.1996,5.8303,2
206288,145829,560251,168.8635,5.8303,2
206555,146009,160524,156.6014,9.3628,3
206664,146089,147221,19.6469,4.5616,1
207850,146918,763714,158.6642,4.0941,2
207851,146918,723708,168.0863,4.9839,3
208269,147216,167945,229.1506,4.7913,1
208278,147221,165303,355.8722,5.4157,1
208280,147222,147912,10.4881,4.1231,5
209001,147723,297802,94.5304,3.5348,1
209261,147912,556100,193.537,4.1829,5
209586,148148,735377,11.299,4.7016,1
209621,148173,750827,114.7347,5.2631,1
209622,148173,726946,61.575,5.0043,1
210590,148869,545025,46.2097,4.4126,1
210734,148972,151281,57.81,4.1231,1
211013,148148,149160,76.0278,3.7361,1
211041,149182,553142,5.4772,4.5247,1
211260,149345,149643,12.0416,5.3723,1
211717,149651,352856,71.3498,4.1307,1
212587,150281,734464,23.1157,4.6111,1
212588,150281,157291,37.6563,4.2816,1
213233,150740,748467,190.8094,7.7625,1
213478,144673,150909,30.1496,5.1421,1
213479,150909,219025,278.1564,4.7947,1
214001,151281,559504,39.2329,3.5616,1
214231,151439,734090,28.7402,1.2071,1
214232,151439,152294,3.9721,1.8251,1
214611,146009,151710,265.7386,7.4806,3
214612,151710,554792,82.5712,8.8655,3
216703,77575,153179,58.5842,4.6225,1
216704,153179,502447,46.0205,4.5414,1
216936,153338,564756,49.2508,5.0616,2
217708,153887,162909,128.1054,6.0402,1
219769,155326,155714,9.8995,7.4806,5
219956,155458,563095,223.8139,5.3033,1
219957,155458,571511,76.2168,6.1596,1
220206,155641,158171,9.1043,2.2882,1
220305,155714,156312,54.9727,5.0543,5
220667,146918,155970,187.6582,6.3224,1
221158,156312,161482,95.0526,3.5937,5
221259,154961,156388,20.5426,3.6213,1
221325,156434,163118,61.9256,6.8459,1
221326,155970,156434,12.3659,7.6367,1
221792,156754,268409,75.7562,3.6427,1
223305,157846,355079,42.336,4.216,1
223370,157888,358224,57.5073,12.2671,3
223746,158171,359555,26.1513,2.2882,1
223988,158350,160496,44.0908,5.8661,1
224007,158363,573265,93.6518,6.0092,4
224009,158364,577386,69.7177,7.4725,1
224996,159077,355543,107.384,3.4611,1
225484,159432,195004,114.4926,3.7199,1
225486,159432,161227,4.714,4.1231,1
226285,160002,739162,37.7563,2.118,1
226486,157235,160146,64.4067,3.4142,1
226487,160146,747935,54.7773,2.7071,1
226671,160277,161946,87.7325,5.2836,1
226789,160277,160355,79.7057,3.5355,1
226984,160496,167715,92.0543,4.8408,1
227028,160524,160526,78.8162,9.5306,3
227263,160355,160692,36.4555,3.4758,1
227471,160834,164542,113.7849,5.7118,5
227472,160834,162077,68.8549,6.1203,5
228003,158286,161212,18.5831,8.0623,2
228276,161400,349615,97.7269,5.4218,1
228277,161400,164059,12.6051,5.2421,1
228381,149345,161469,49.4783,5.7878,1
228579,161604,741900,27.9205,9.4198,2
228907,161833,342330,165.6432,6.2838,33
228908,161833,370102,82.4864,5.0043,33
229059,161946,574284,3.6401,7.6344,1
229233,162077,162168,69.0724,5.3033,5
229247,158021,162086,71.3863,6.6529,1
229249,162086,168844,105.4135,6.4363,1
229460,162238,198184,113.0575,5.1112,1
229586,162326,253423,17.0392,5.4961,1
230431,162935,748509,46.8291,2.9889,1
230817,163219,753202,39.2329,2.5322,1
230818,160002,163219,21.6298,2.4142,1
231089,102005,163420,25.2323,3.3028,1
231659,163842,595344,180.3706,4.8599,1
231756,160901,163905,60.0333,3.7199,1
231757,163905,193656,126.4358,3.3166,1
231995,164059,240005,163.4234,6.2281,1
232132,164155,166269,109.476,5.4,1
232133,164155,585297,264.8312,4.3574,1
232408,164354,760929,108.8664,2.3428,1
232547,163118,164458,19.9694,4.7404,1
232548,164458,754255,70.1113,4.1926,1
232675,161482,164542,51.7204,4.729,5
232707,164565,754898,62.4473,4.6312,1
232800,125632,164635,11.9536,5.562,1
232801,164635,173598,8.5245,8.1851,1
233157,157291,164881,61.5964,2.8501,1
233274,164961,167234,41.4126,3.6736,1
233736,165303,589705,125.2537,5.9522,1
234947,166155,734889,128.9082,2.5322,1
235869,166821,168502,20.7123,6.3723,5
237006,167633,579102,75.6461,6.085,5
237007,167633,582466,22.0,5.465,5
237057,167670,758426,37.2335,12.0232,1
237454,167945,169778,60.7042,4.7913,1
238059,168381,252227,54.1376,4.9839,1
238227,168502,174957,83.8928,6.458,5
239572,169480,375783,91.5642,3.8643,1
239573,155641,169480,36.4996,3.6427,1
239998,169778,170290,13.1149,4.7408,1
240028,169799,756658,21.5484,17.2606,1
240246,169960,750827,38.9187,4.977,1
240247,169960,756697,10.4722,4.9155,1
240583,170207,594699,197.016,5.3218,1
240678,170266,543215,33.6006,4.1069,1
240679,170266,651182,72.6085,4.0388,1
240714,170290,175571,66.5507,4.899,1
240748,170312,598859,90.412,5.4218,1
240749,170312,174432,83.2947,5.5649,1
240834,170375,595337,99.925,5.6436,1
241258,170674,755121,68.9613,2.9954,1
241260,170674,756502,9.6782,2.9954,1
241786,171043,173598,13.0384,6.6231,1
241938,171151,581515,91.526,6.4803,2
241939,171151,172928,45.8912,4.7787,2
242282,171402,182582,277.4185,5.692,1
242283,171402,171923,15.6844,6.0202,1
243042,171920,620760,366.7801,4.7947,1
243043,171920,175027,114.464,5.1881,1
243047,171923,174318,96.2601,4.1078,1
243521,172261,201386,55.7963,8.1401,1
243786,172461,758011,12.51,1.9318,1
243787,172461,172867,4.945,1.2071,1
243825,172488,751303,54.5985,3.8724,1
243829,172488,172492,61.6784,4.0941,1
243895,172538,582671,66.8423,5.1881,1
243897,172538,175542,49.9099,5.9009,1
243979,172589,754527,53.8191,5.2631,1
244213,172748,593291,55.269,6.1056,2
244214,172748,181700,163.7254,7.3805,2
244326,172831,759569,19.779,13.1691,1
244327,172075,172831,9.2405,14.0352,1
244449,172922,600633,101.3427,6.3364,1
244832,173199,175121,17.6257,10.082,2
245416,170375,173614,59.975,6.7428,1
245417,173614,600633,100.6164,6.7428,1
245435,173627,757841,9.1378,3.2386,1
245437,172867,173627,7.0942,1.0,1
245460,166155,173648,103.7058,3.618,1
246226,174198,592117,16.4992,3.0811,1
246227,174198,596492,38.9041,3.6795,1
246504,174400,586094,56.9932,4.3708,1
246544,174432,604043,147.4954,5.3852,1
246583,174462,597470,123.7026,4.2426,1
246782,157888,174592,48.5476,11.6363,3
246848,174638,594379,31.5683,4.5738,1
247299,172922,174957,322.8994,5.8303,1
247300,174957,177216,33.6155,5.7865,6
247525,175121,751714,207.6166,8.5789,2
247611,175178,760860,26.6723,10.2227,1
247612,175178,180592,43.5421,10.4662,1
247853,175347,759569,11.9216,12.5688,1
247876,174233,175365,31.0644,4.977,2
248031,174638,175481,14.0,3.8378,1
248154,175571,185329,154.3243,4.5708,1
248213,175616,191457,118.1405,4.3509,1
248214,175616,754255,41.1384,5.3852,1
248580,175365,175878,47.8017,5.9977,2
248581,175878,184953,171.1198,6.8571,2
249290,176361,591993,64.348,3.9241,1
249766,176688,596950,30.4576,10.8361,1
249767,176688,598458,24.6082,14.1072,1
249769,176690,596950,13.3666,10.6217,1
249909,172492,176794,65.7157,5.1939,1
249910,176794,177978,26.6937,4.6159,1
250131,94545,176945,151.6872,3.4758,10
250494,177197,190678,74.851,3.3132,1
250527,177216,607663,69.2613,7.3006,6
251049,177572,599750,64.9102,3.3708,7
251627,177788,177978,144.9138,2.7247,1
251765,173199,178076,58.2771,9.0446,2
251766,178076,773835,88.6999,8.0428,2
252447,178577,615326,149.228,5.4274,7
252524,178625,601907,62.3909,4.5,1
252525,178625,180124,18.8149,5.0,1
253152,179065,181700,75.213,6.6472,2
253153,179065,609750,130.289,4.8723,2
253216,179107,595447,51.787,5.0299,1
253290,164117,179153,106.2833,6.6601,1
253408,179239,262702,160.2547,7.129,10
253580,179355,183100,46.7012,2.9889,1
254076,179678,204260,310.8022,4.1231,4
254505,179981,182861,141.1205,5.4909,1
254506,179981,608200,56.0987,3.9495,1
254554,180013,603331,92.293,5.381,1
254578,173648,180029,67.4595,5.0,1
254579,180029,765980,21.5561,5.3723,1
254716,180124,607565,77.7475,6.1056,1
254859,179107,180226,58.0172,4.0941,1
255051,180369,609962,361.1125,4.4689,1
255344,180592,186558,34.3738,8.9267,1
255693,180845,261968,492.5802,4.6623,1
255694,161934,180845,65.2908,6.217,1
255938,181015,182774,103.6629,3.6675,1
255939,181015,604208,44.3959,4.3523,1
256032,181079,787471,108.3585,9.8328,1
256167,181185,610521,60.2817,3.3708,1
256429,181376,600965,36.6967,4.8408,1
256470,181404,251495,81.3367,4.3028,1
256471,181404,259372,43.3115,3.4611,1
256716,174400,181568,64.8537,4.4203,1
256718,181568,604410,8.8255,5.7899,1
257331,181985,608227,53.0377,4.3203,3
257483,182093,649691,373.951,6.3364,1
258005,182465,595870,117.5089,4.9839,1
258007,182465,614901,143.5775,5.0299,1
258149,182564,182861,143.0664,5.734,1
258150,182564,609700,91.6624,5.6506,1
258173,182582,183165,10.8167,4.1829,1
258460,182774,608931,82.2104,3.1796,1
258515,182813,612608,141.9143,5.9137,2
258516,182813,187457,120.0208,6.2264,2
258671,182921,601685,100.6755,3.7199,1
258900,183085,619657,131.0496,6.9034,1
258901,183085,607355,21.3151,5.7446,1
258914,183100,609636,157.1206,2.9208,1
259008,183165,186894,43.9318,4.1231,1
259116,182921,183244,28.6007,2.7763,1
259215,183313,607663,181.9729,7.5543,6
259216,183313,609447,60.4483,5.5822,1
260173,183987,184488,22.4944,3.8378,1
260248,184038,186728,91.766,4.6111,1
260249,184038,609962,40.9295,5.1476,1
260877,184488,185065,93.7497,3.2394,1
260885,184496,193656,68.0368,3.5291,1
261222,172589,184755,65.6011,6.2838,1
261223,184755,192844,60.5145,5.5822,1
261472,184953,196750,210.7748,6.9372,2
261587,185037,363562,56.3698,4.8143,1
262419,185635,610184,66.8628,5.6433,1
263505,179153,186407,26.9957,4.5981,1
263507,186244,186407,24.8029,2.866,1
263731,186558,187392,18.6041,7.6474,1
263911,186682,187493,94.5992,4.8028,1
263976,186724,187457,21.6795,7.2592,2
264027,186758,611910,5.8214,4.7541,3
264218,186894,613305,19.5363,5.9667,1
264911,187392,776707,45.7457,7.8516,1
265058,187493,610082,16.9305,7.1533,1
265094,187518,601135,73.1095,4.8452,1
265096,187518,188108,26.1916,4.6365,1
265360,187713,605481,80.37,8.8741,1
265378,187726,613586,12.8019,5.6109,1
266220,187553,188335,16.2481,4.6856,3
266221,188335,618003,68.8549,4.9495,3
267084,187713,188960,19.1311,8.6345,1
267610,189364,189568,7.3485,7.2111,1
267639,189385,799663,37.2111,4.7361,1
267745,189458,631183,186.5422,8.437,4
267746,189460,616077,7.4536,6.2106,1
267747,189460,617293,68.2129,5.6795,1
267892,189568,617293,28.9079,7.1056,1
268872,190271,194509,174.0259,5.3218,1
269356,190616,614336,68.5217,4.4246,1
269357,190616,627857,80.1582,3.9681,1
269447,190678,200036,166.3881,2.5981,1
269610,190787,627343,115.8879,6.1889,1
269677,190839,615134,27.8189,11.0674,1
270048,190839,191108,17.2337,11.8999,1
270504,191457,202008,56.4869,4.3509,1
270823,191108,191683,11.5326,12.7075,1
270902,191735,620257,91.0543,4.4534,1
271667,192283,619830,15.4812,11.9292,1
271668,192283,194069,20.4695,7.8659,1
271835,192397,809861,108.5885,4.5274,1
272177,187336,192626,40.9043,6.0837,1
272410,192795,763714,74.2586,5.6433,2
272468,192844,784594,121.0482,4.0,1
272639,192969,375428,34.6731,3.2394,1
272798,187764,193068,11.3235,4.0503,1
272981,157846,193196,60.5989,4.3708,1
272982,193196,370102,49.8186,4.3028,1
273297,193428,612902,80.5392,4.5708,1
273677,193695,618003,72.904,5.1926,3
273678,193695,205659,181.3202,4.9286,3
273987,193908,203862,64.777,4.2865,1
274844,194509,627426,60.8468,4.6856,1
275288,194815,630031,102.3778,8.7067,1
275557,195004,205519,24.4574,2.3654,1
276263,195432,625703,74.788,10.0729,1
276419,195538,391852,177.0127,3.3723,1
276421,195538,370875,68.7266,3.1926,1
276853,195850,626468,7.1764,6.2281,1
276854,195850,627841,11.1654,7.0801,1
277429,196266,204758,100.4866,11.7643,1
278113,196750,197921,42.4971,7.7991,2
278870,177197,197291,80.1318,3.0811,1
278895,197312,627841,64.8742,9.6076,1
279568,197796,630678,23.3559,2.1583,1
279736,197921,645758,136.0772,8.5419,6
279737,197921,197922,7.0,9.6368,4
279738,197922,631183,8.0208,9.5,4
280853,198734,627857,30.8221,4.3574,1
280967,198813,629169,45.6715,4.3509,7
280973,197312,198817,141.3506,8.7202,1
281002,198734,198840,95.0211,3.2394,1
281003,198840,641109,54.7412,4.6887,1
281624,199265,643331,176.6481,6.4128,1
281936,199497,261968,308.8597,6.5164,1
282671,198813,200003,11.7473,3.7199,7
282721,200036,372975,5.7155,2.7369,1
282818,198817,200108,81.9573,9.3309,1
283166,200363,636070,126.4959,7.3478,1
283326,200481,784580,21.5639,7.8113,1
283474,200584,819651,218.5399,5.985,2
283620,200692,625272,138.2871,5.3779,1
283621,200692,639581,23.214,4.2078,1
283693,200753,781716,30.1275,3.8723,1
284191,201117,632065,152.0559,4.9839,1
284192,201117,659541,228.4404,4.9839,1
285317,201918,203864,23.6761,4.5634,1
285630,200108,202136,78.9747,11.3309,1
288599,204260,646994,43.7493,5.5971,4
288855,204441,785114,92.8296,16.7202,1
288856,204441,786938,8.7496,24.2476,1
289308,204758,212954,85.0673,11.0613,1
289709,202008,205056,32.9149,4.3509,1
290139,205362,255834,14.1539,2.5811,1
290141,205362,225255,177.0311,3.0616,1
290258,205440,644304,24.59,2.6992,1
290363,203862,205529,20.6908,3.285,1
290533,205659,647922,27.9743,5.5527,3
290743,205800,206007,50.8429,6.2429,3
291281,203950,206191,37.9078,6.6802,2
291282,206191,207910,23.6008,4.9936,2
291402,206272,646411,47.3216,5.2238,1
291801,206543,638196,74.0855,7.0674,1
292856,207306,209997,62.6817,4.6111,1
292857,207306,682867,285.3273,3.8643,1
293664,207865,294314,45.2462,4.1583,1
293672,207872,212849,137.1459,3.4758,1
293719,207910,647922,18.7233,5.4379,3
293720,207910,210500,26.8701,3.3461,1
293889,208019,796430,76.4003,4.2523,1
293890,208019,797598,106.4049,3.8637,1
294181,208232,789949,67.034,3.217,1
294182,208232,211212,19.4079,3.6736,1
294381,208369,659717,46.2853,6.9567,1
294415,208397,805336,59.9722,3.9324,1
294417,208397,797294,45.1331,3.4758,1
294925,185037,208745,54.6514,5.4274,1
295236,208963,209265,7.0,9.0471,6
295556,209173,649731,89.4856,3.5675,1
295678,209265,214573,94.7259,8.689,6
296294,209722,299583,111.3343,5.5616,1
296698,209997,660920,58.869,4.8408,1
296924,210161,652747,66.2118,4.511,1
296925,210161,664222,101.4281,4.2523,1
297407,210500,224981,155.9038,4.1402,1
297641,208745,210667,6.1554,4.0773,1
297642,210667,231832,55.0818,4.2321,1
298278,211127,789056,67.3718,3.7417,1
298279,211127,218568,36.7652,5.1112,1
298879,211536,655275,7.3711,6.0738,1
299160,211742,374838,141.8097,5.1736,3
299161,211742,253516,72.9756,4.8452,3
299359,193068,211866,101.0544,4.7863,1
299430,205800,211919,82.0,5.2631,3
299431,211919,666006,90.712,4.89,3
299726,212133,655275,109.7117,4.9338,1
300921,212954,800249,31.2303,8.9786,1
301700,213512,254064,55.0777,8.853,1
301701,213512,299033,308.0745,6.1524,1
303177,214573,677062,162.0802,9.6974,6
303222,112554,214603,66.6071,6.2283,1
303224,214603,301950,75.9254,5.8268,1
303282,214638,662904,21.4476,5.715,1
303768,214976,378627,24.2242,4.2523,1
303769,214976,224820,19.3916,2.6688,1
304288,215348,795285,91.5066,2.5322,1
304289,214075,215348,40.7565,4.0335,1
305248,216037,673863,133.1753,6.9596,1
306228,211866,216734,28.8964,5.8735,1
307265,217445,217446,6.8394,8.775,1
307764,206543,217796,185.3348,10.251,1
307765,217796,218790,12.6886,13.2734,1
308351,32740,218230,156.3202,3.9142,1
308844,12275,218568,86.01,5.3019,1
309490,168381,219025,146.5401,4.6365,1
309694,219174,667735,3.6056,7.3786,8
309695,219174,224212,83.5344,5.4662,8
311499,220459,229493,115.9224,6.6328,3
312573,221233,267932,435.961,3.3708,1
312574,221233,810142,104.8962,3.0811,1
312995,221529,300446,55.9129,6.443,1
313051,221569,667613,96.1925,7.1623,1
313053,221569,223805,53.301,5.0331,1
313093,212849,221597,92.45,4.2865,1
313094,220589,221597,73.9932,4.3723,1
313199,10595,221671,107.5205,4.9839,1
313200,221671,801567,65.7647,4.9839,1
313941,222207,231374,234.6593,6.4221,8
314662,222728,232065,82.0467,4.7182,1
315274,223160,678610,38.9915,6.2696,1
316185,223805,224071,127.3264,4.953,1
316551,224071,684150,56.9866,8.032,1
316747,224212,227480,69.5701,3.7199,8
317136,224489,677935,17.6139,6.3787,1
317137,224489,232926,137.55,5.9402,1
317224,224549,677935,98.7231,5.9313,1
317225,224549,686311,129.142,6.0662,1
317333,224632,330287,58.2838,3.285,1
317587,224805,677809,11.8603,5.1375,1
317612,224820,232083,40.9634,2.366,1
318235,225255,288700,80.9506,3.9324,1
319191,220855,225911,207.1545,5.8208,7
319192,225911,712132,153.843,7.719,7
319288,224981,225976,9.6954,5.2068,1
320938,227156,673863,229.2553,8.7046,1
321184,227333,679339,36.8812,2.366,1
321388,227480,228931,30.8869,4.1231,8
321678,227683,815224,72.9424,5.9036,1
322724,228395,686311,55.9226,6.2244,1
322725,228395,230232,104.9714,3.9495,1
322846,228486,686038,67.4981,1.618,1
322847,228486,687626,4.9216,1.618,1
323435,228901,686608,105.1734,4.241,1
323436,228901,231131,42.9069,5.0079,1
323451,228913,232789,44.7772,4.5274,1
323480,228931,715859,212.3362,4.1829,8
323792,229138,810656,90.0919,4.5616,1
323794,229138,813528,25.7013,3.7247,1
324310,229493,742908,266.4268,6.4363,3
326325,66259,230920,175.6091,6.1889,3
326326,230920,297603,313.9112,6.3723,3
326610,231130,231131,15.2643,5.0079,1
326679,231184,700807,81.1542,7.6787,6
327081,231482,232925,197.3423,3.3028,2
327226,231576,236645,56.0892,3.0956,1
327589,231832,397480,125.8438,4.3708,1
327952,232083,285706,98.9192,3.3708,1
328459,232442,719020,310.1836,4.8408,2
329145,232925,232926,14.4222,4.7016,2
329146,232926,713382,155.1043,6.0738,3
329162,232935,245280,52.4606,4.5634,1
329163,203864,232935,129.6272,4.5634,1
329576,232789,233236,112.7918,3.8944,1
329577,233236,703826,49.2037,5.0124,1
330028,8861,233550,53.761,3.6056,1
330029,233550,811329,43.2001,4.148,1
332510,235352,708917,45.3382,5.0,7
332693,235477,822241,54.2942,5.651,1
332724,231374,235501,83.7257,4.3723,8
332725,235501,718235,61.0956,3.8637,8
333177,235838,241532,81.2773,7.2243,1
333686,232065,236214,18.6041,3.8028,1
334527,236789,708352,16.3673,3.3904,1
334810,237012,240875,42.0714,4.1926,7
335379,237428,709550,23.9374,3.8534,1
335838,237751,380135,37.305,6.3284,1
335839,237751,390571,89.1889,4.9497,1
336295,238078,691866,70.3247,3.7913,1
337040,236789,238621,19.2354,3.0725,1
337459,238920,243800,72.6774,4.8341,7
337460,238920,240875,108.2451,4.0981,7
338142,238078,239404,17.0587,2.0,1
338985,240005,384177,331.2431,5.985,1
339011,238271,240025,43.8406,4.1829,1
339012,240025,244365,66.4605,4.8002,1
340045,240728,712132,41.6733,7.5523,7
340222,221852,240843,33.2415,3.9115,1
340313,240905,804770,249.0004,5.2617,1
340785,241237,706873,37.4596,5.5649,3
340943,241362,243800,163.649,4.7856,1
341120,135176,241493,34.9735,4.6993,1
341177,241532,254806,214.1845,5.7118,1
341588,241828,813528,59.0424,3.0275,1
342763,242671,332320,123.2761,3.6736,1
343672,55590,243314,15.1511,5.9021,1
344169,243674,729596,38.1954,4.872,7
344356,243800,257787,316.4064,4.3574,8
344596,243975,818600,62.3993,3.8637,1
344598,129548,243975,74.4133,2.9954,1
345053,240905,244302,157.5581,4.885,1
345055,244302,247291,203.6746,4.2523,1
345192,244394,734336,91.4419,4.7541,1
345315,12275,244487,24.0116,5.4157,1
345316,244487,249222,191.4129,5.4157,1
346842,241828,245569,38.8387,2.9208,1
346844,92089,245569,11.8322,2.9889,1
348056,241237,246416,316.2942,4.1068,3
348057,246416,729279,24.4813,3.9142,3
348510,244365,246737,60.0417,5.4312,1
348511,246737,758798,169.516,4.8139,1
349108,243244,247150,71.7565,6.0738,8
349109,247150,742908,84.7008,6.2838,3
349110,247150,254046,53.3948,4.6158,11
349214,243880,247229,33.6489,6.3609,1
349215,73361,247229,16.9304,6.1942,1
349258,247259,780411,290.9221,5.3779,7
349302,244394,247289,33.2716,3.7199,1
349303,247289,731853,19.7793,3.7796,1
349306,247291,251495,62.1369,4.9495,1
350270,160901,247955,92.1285,3.8643,1
350271,247955,249010,52.4997,3.8643,1
350583,192397,248171,26.6505,6.1412,1
350584,248171,299893,98.3199,5.9667,1
350814,248331,252642,83.2166,5.3852,2
351960,78336,249153,138.7936,3.1623,1
351961,147723,249153,17.2723,3.3132,1
352340,249222,249403,123.5053,5.1029,1
352944,249848,733695,7.188,2.2361,1
353639,250342,744416,32.2077,3.1796,1
354170,250701,739590,17.3365,4.0306,1
355818,251867,254046,84.3445,4.1068,2
356339,252227,261591,69.3941,5.2421,1
356910,251867,252642,97.1648,5.3852,2
357129,252792,389555,7.7244,4.1078,1
357287,252901,262345,58.9067,4.0495,1
357752,251752,253232,42.2019,5.2068,1
357753,253232,740323,48.7909,4.5274,1
358024,253423,265674,102.6071,6.3328,1
358170,253516,272378,43.2281,4.7913,3
358321,251752,253628,34.4529,5.7878,1
358322,253628,261880,182.7594,5.3723,1
358402,253687,386641,57.3605,7.1386,1
358403,253687,398066,101.273,9.437,1
358855,254000,294314,27.1416,3.0725,1
358928,254046,756858,69.7711,3.285,13
358951,254064,301021,77.0887,8.7269,1
359989,254806,255512,9.8995,5.6317,4
361009,255512,272463,188.5153,6.3988,4
361021,255521,271018,108.4284,6.5372,1
361464,255834,257739,115.3216,4.2737,1
362613,256618,744416,76.7832,3.1796,1
362863,251533,256791,57.4369,4.0388,1
363157,257007,265003,93.1987,4.7541,7
363436,257208,297741,118.4216,3.4611,1
363559,144664,257294,93.3536,6.7237,1
363561,257294,268100,81.8328,6.0927,1
364195,97234,257739,120.4577,4.2737,1
364269,257787,726627,333.2882,4.9936,8
364495,257943,727964,47.7214,3.2361,1
364496,257943,701248,57.463,4.0388,1
364670,258061,288700,48.6832,4.0503,1
364671,258061,642252,489.8429,4.4707,1
365530,258676,738776,67.3119,3.0,1
366503,240843,259372,3.448,3.8378,1
367531,260110,758798,47.6865,4.5708,1
367532,260110,261904,23.0434,4.6289,1
367701,252792,260226,29.4863,3.3166,1
367702,260226,262753,23.5348,3.0725,1
368135,260541,754137,66.9129,5.0724,2
368434,260745,756003,41.8688,4.1231,11
368435,260745,265215,87.9545,4.241,11
368492,260784,763733,35.3486,9.5301,6
369182,261288,630235,80.0458,5.7007,1
369607,261591,342408,61.0546,4.8408,1
369709,255928,261670,36.8759,3.9324,1
369711,261670,737220,70.7778,3.6427,1
370000,261880,267256,83.7675,4.5616,1
370488,262214,263422,40.6202,4.3523,2
371060,262620,296183,25.0998,3.4758,1
371177,262702,405099,90.1184,7.3852,10
371248,262753,387938,80.4197,3.4758,1
371739,263094,758198,109.311,3.8643,2
372205,263422,764864,51.1816,4.3523,2
372463,263608,272463,310.9051,5.7661,4
372464,263608,787656,151.1243,6.1237,4
373010,264001,780411,132.5431,4.7856,7
373011,264001,770527,41.7126,6.5372,7
374462,265003,767560,49.3919,4.2976,7
374791,265215,775007,51.0283,4.1795,11
375353,184496,265632,137.97,4.3708,1
375355,265632,266598,21.0198,5.1926,1
375772,261904,265912,51.9808,4.7775,1
375773,265912,273156,74.9466,6.373,1
375821,265942,771955,76.4061,6.1742,1
376003,266075,770347,29.7352,5.4536,10
376722,266598,344336,148.7134,4.5634,1
378869,268100,342408,26.0828,4.3528,1
379045,263094,268219,124.6475,3.4758,2
379046,268219,268480,24.9399,3.7055,1
379380,268480,271152,78.3709,4.5826,1
379516,268575,293308,32.909,4.0981,1
379517,268575,270856,28.8009,5.2907,1
379523,268580,801670,101.7495,4.9495,4
379684,268696,431023,88.5827,3.2394,1
379685,268696,339242,88.3698,4.5708,1
381052,269653,781593,37.4833,4.2865,1
381053,269653,806424,87.1487,4.1068,1
381397,269891,276589,182.6937,5.2238,10
382982,271018,525495,117.9936,8.7748,1
383175,271152,271295,52.7826,4.7913,1
383554,271422,272629,48.3632,4.1231,3
383555,271422,809861,91.8164,4.3528,1
383879,271658,800756,58.467,4.0335,1
384455,272056,399330,40.7922,3.5616,1
384497,272084,405738,109.9121,5.365,1
384498,272084,399850,230.079,5.9977,1
384610,272160,788644,57.1334,3.4093,1
384611,272160,281117,104.5658,2.618,1
384762,272257,395488,67.951,3.9496,1
384763,272257,455518,271.0018,4.0233,1
384961,272378,396443,46.1652,4.2913,3
385276,272601,786847,78.8818,4.7408,10
385540,272796,395453,11.275,3.452,1
386050,273156,274333,21.6795,6.9765,1
386553,273507,509079,190.397,4.5708,1
386758,273661,311423,68.4738,6.7016,1
386759,273661,420839,32.8735,5.0,1
386971,273799,790998,5.4772,3.9495,1
387235,273979,274333,6.1644,6.7371,1
387236,273979,808151,68.1608,6.2281,1
387880,269524,274448,5.4772,1.4142,1
388692,275037,820792,122.9046,4.8139,4
389312,266075,275464,61.327,5.2068,10
389313,275464,276589,25.6905,4.977,10
389530,275621,791965,18.0278,4.4665,1
390214,267256,276091,167.9315,4.6111,1
390264,268700,276126,48.2804,5.1881,18
390265,26219,276126,112.7638,4.8002,18
390267,276127,756858,171.4964,3.9921,13
390268,276127,783712,47.2186,4.3574,13
390328,276164,470775,91.809,5.3218,1
390329,276164,472132,45.5363,4.511,1
390601,276351,280788,102.864,4.4203,3
390833,276522,299583,74.6034,3.8643,1
392091,272161,277418,58.7963,4.0941,1
392767,6672,277887,115.5422,5.3852,10
393226,278216,280957,70.5549,4.1621,1
393704,272629,278553,161.3567,4.1829,3
393747,278581,753846,140.6627,4.1621,1
393748,278581,818181,86.3037,3.285,1
393780,277763,278605,23.6761,4.3203,1
395687,279929,330287,125.1155,3.8708,1
396212,279798,280301,21.7715,4.5708,3
396213,280301,812375,73.0061,4.6213,3
396362,276351,280411,52.9245,5.2881,3
396881,280788,812375,45.77,4.3708,3
397114,277418,280957,41.8808,3.6736,1
397863,43352,281486,66.188,5.9329,4
398330,281815,641867,206.5849,5.2631,1
398740,282092,288212,111.933,3.1795,1
398741,282092,818181,50.5404,3.5937,1
399677,15654,282760,93.8794,4.7361,10
399678,6672,282760,27.6345,5.1926,10
400371,283240,420566,162.3563,7.0811,10
401264,283839,290418,24.9555,2.6688,1
401658,284118,302619,59.2331,3.9637,1
402168,4029,284465,154.5833,5.5495,10
402169,284465,822530,21.6766,4.8408,10
402586,284738,284774,67.3119,3.0956,1
403271,285216,286282,88.7356,4.4954,10
403272,15654,285216,24.7117,4.9286,10
403330,285254,289419,152.7514,6.2723,4
403331,285254,285506,3.6056,7.5148,4
403497,285386,302403,134.022,4.9839,1
403498,267932,285386,200.696,4.5634,1
403668,43352,285506,161.2713,7.0809,4
404184,285858,820494,166.5443,7.6155,1
404568,286134,329601,149.3516,4.999,32
404569,286134,286673,18.4662,5.1881,18
404577,286141,800756,63.6505,5.465,1
404773,18296,286282,55.2107,3.9241,10
405109,286517,287100,12.6886,6.6623,18
405314,286517,286673,87.6242,5.9009,18
405501,42197,286801,20.0582,3.6736,1
405557,221529,286840,54.8019,5.7446,1
405558,286141,286840,8.124,5.4218,1
405915,26219,287100,68.3569,5.5616,18
406850,287795,289419,146.2088,8.7014,4
406897,287820,616786,230.288,8.3647,1
409457,232217,289604,30.249,3.6427,1
409458,274448,289604,17.72,2.2882,1
409882,289894,291428,28.3901,5.0495,1
410634,290418,726042,128.8082,2.366,1
410677,290446,470775,279.2112,4.8723,1
410953,284118,290641,75.8851,5.0495,1
411338,290904,393475,46.1327,4.7541,1
411857,167170,291258,65.676,3.5348,1
411858,209722,291258,106.5442,5.3028,1
412713,75455,291861,82.0603,3.217,1
412714,291861,298115,59.0678,2.8284,1
413393,289894,292355,70.3491,4.3523,1
414107,32571,292886,133.2387,7.7888,4
414223,292494,292968,32.0156,8.6478,1
414224,217446,292968,27.4934,7.8875,1
414702,293308,297802,47.9479,3.3028,1
415042,290641,293536,141.3754,3.7247,1
415043,292886,293536,28.7576,5.6969,1
415226,293670,299893,76.3697,4.3528,1
415302,293726,299368,82.3529,3.8378,1
415648,42424,293967,163.4289,6.5927,1
415649,276522,293967,32.052,5.0043,1
416641,217445,294689,95.1134,7.9582,1
416642,254311,294689,9.0123,7.6327,1
416727,167170,294753,131.7498,4.4246,1
416728,294753,299587,74.5721,4.6926,1
416753,291428,294771,24.5357,5.1926,1
416754,294771,446645,61.3161,6.4675,1
417792,254000,295522,32.052,2.1213,1
418394,241493,295934,36.341,3.9324,1
418395,295934,301667,56.648,4.511,1
418743,296183,813096,18.732,3.7199,1
418751,232217,296189,75.3989,3.9324,1
418788,254311,296216,57.3779,8.3632,1
418789,296216,296555,22.561,9.4002,1
419336,294960,296589,11.0454,3.516,1
419337,296589,336279,31.8865,3.4042,1
419529,296735,792323,527.3976,8.8851,1
419530,296555,296735,18.412,10.4841,1
419531,296735,335720,28.3431,10.6292,2
419603,292886,296782,119.9792,7.6737,3
419817,290446,296924,73.5436,4.9155,1
419818,296924,629268,35.0032,4.6475,1
420320,293670,297293,70.8896,4.4126,1
420619,297518,423891,70.8002,4.5306,1
420942,297741,410239,137.7098,3.9822,1
421104,297858,584897,33.074,4.89,1
421473,298115,300606,32.0624,2.9142,1
422508,255957,298847,90.0699,6.6296,1
422761,298366,299033,56.4978,5.3617,1
423829,299782,357296,22.4771,5.3708,1
424060,299948,805668,161.8971,3.8378,1
424785,300446,739288,85.158,7.724,1
424795,300452,300833,11.3578,3.7055,1
425000,297293,300595,41.9285,5.3617,1
425016,300606,300764,15.6525,3.0,1
425188,300726,631233,27.4449,3.8534,1
425330,297851,300824,45.6107,3.9142,1
425340,300833,301041,22.383,3.0725,1
425607,301021,514911,44.5184,7.7457,1
425636,301041,311122,61.3922,3.8944,1
426472,301637,324754,480.2437,6.2417,1
426473,32277,301637,429.1193,4.6213,1
426619,301739,404176,6.0828,15.2224,1
426914,301950,307457,34.2491,6.0355,1
427882,302619,304317,64.0312,2.5322,1
428750,265674,303242,4.0,8.4834,1
428867,299368,303322,39.0,3.9822,1
428868,303322,535593,21.1082,3.8643,1
430244,304317,345379,54.0463,2.6992,1
431105,304917,687319,31.0841,4.4665,1
431163,304961,389555,130.6331,9.8149,1
431164,304961,311907,42.3661,15.8802,1
431871,2941,305440,69.0362,3.6736,1
433521,301667,306611,39.8999,4.3203,1
433522,306611,596839,16.4114,3.7417,1
433732,306759,306998,55.8654,5.1926,1
434060,306976,313934,74.0068,4.0,1
434167,3601,307049,48.0902,3.5348,1
434623,306759,307369,62.522,4.7913,1
434624,4274,307369,13.7477,5.2913,1
434732,307444,333479,127.2812,9.0424,1
434754,307457,315483,79.2591,5.0495,1
434929,302077,307574,58.3866,2.9568,1
434930,307574,599991,33.8723,4.1815,1
438094,309831,573426,48.1825,5.3406,1
438099,309836,543662,94.5898,3.8724,1
438100,309836,310503,46.422,4.1307,1
438146,304077,309871,216.0694,4.4203,10
438148,309871,654017,19.2094,5.6125,10
438318,300595,309992,68.8549,7.5415,1
438319,1092,309992,62.8941,6.8012,1
438363,309831,310025,23.2809,4.0,1
438364,310025,310503,6.0,5.0495,1
438685,6549,310253,32.8819,4.1829,1
439122,310556,405553,107.7504,4.885,3
439676,310935,621403,36.1985,2.618,1
439677,310935,311801,27.2397,2.2361,1
439942,83,311122,37.5836,4.9286,1
440377,303242,311423,14.4914,7.5317,1
440433,311101,311466,18.6815,4.2976,10
440924,311801,766488,29.4486,2.2361,1
441094,301739,311907,20.1384,16.3887,1
441925,303141,312489,75.5248,7.4051,32
443064,313298,313653,83.9431,3.7025,1
443571,313661,708744,10.9036,3.1796,10
443572,313661,318275,33.2866,3.618,10
444595,314360,318591,62.8888,6.7361,1
445686,8349,315123,54.1227,3.1463,1
445869,315251,315343,40.8507,4.4203,1
446016,6395,315343,68.1982,3.9324,1
446194,8799,315467,15.1217,3.5616,1
446214,287,315483,16.4317,5.8661,1
446791,315884,596839,76.87,3.452,1
448866,317293,514910,104.3882,4.8452,1
448867,49572,317293,170.844,4.6213,1
449122,5549,317470,68.5274,3.9324,1
449402,299782,317672,79.089,8.525,1
449403,298366,317672,9.5164,8.2653,1
450147,315467,318190,38.3681,4.6596,1
450167,6407,318204,36.8857,3.285,1
450733,20213,318591,53.8785,4.7361,1
451067,34186,318838,137.0568,5.715,10
451068,318275,318838,12.6886,4.6795,10
451279,9252,318982,50.9051,3.285,1
451816,332,319354,35.8794,3.2975,1
451817,1503,319354,6.1283,3.7606,1
452137,10761,319574,36.0278,5.3779,1
452158,442,319588,26.1831,5.365,32
452876,318190,320082,54.5018,5.7996,1
452877,17060,320082,98.6002,5.7511,1
453083,320223,676584,179.6914,15.439,2
453085,320223,320620,12.2474,16.6806,2
453606,315884,320580,68.6222,2.6992,1
453668,15524,320620,79.1822,19.8768,2
454885,321485,411660,71.1102,2.8284,1
454971,321547,413969,116.1857,3.6945,1
454972,321547,404544,24.2822,4.0532,1
455723,313934,322059,126.1784,3.8452,1
455724,322059,332634,66.8506,4.4068,1
456129,322339,328409,75.9474,4.7863,1
456131,14190,322339,116.6976,5.6081,1
456200,322388,328217,67.335,4.0616,1
456201,21437,322388,24.1766,3.8643,1
457667,23097,323438,184.7933,7.6367,1
457885,22226,323588,45.6569,3.4758,1
458741,324175,325788,15.843,3.3839,1
460303,13459,325289,37.8487,5.0616,1
460364,1241,325332,69.5869,9.1286,1
460365,29035,325332,22.0522,9.7946,1
461008,325788,335822,87.4643,3.5811,1
461117,1092,325873,153.5611,6.1742,1
461118,22226,325873,33.074,5.0884,1
462196,326612,488287,70.9601,5.5317,1
462197,11995,326612,21.3385,5.6803,1
463013,327185,327527,3.0,3.6736,1
463682,323438,327660,65.8576,5.902,1
463683,16390,327660,47.3392,3.0956,1
463958,325289,327852,46.5054,5.958,1
464482,328217,336951,61.0164,3.8708,1
465731,326450,329095,29.4651,7.0216,1
465732,329095,333788,88.0482,7.4721,1
466429,303141,329601,251.0894,6.0495,32
467319,330230,409629,3.1447,6.3541,1
469226,13745,331595,98.845,4.2564,1
469227,331595,338023,109.8873,4.5738,1
469323,331664,356158,85.6667,3.1583,1
469324,331664,372981,48.2459,3.5,1
470152,16119,332245,79.2037,6.3326,1
471892,333479,372981,81.7459,6.0927,1
472192,18284,333683,18.5981,5.2035,1
472193,18899,333683,38.8101,4.7405,1
472406,18284,333821,36.0416,3.6213,1
472407,21569,333821,105.385,3.9495,1
474391,335243,342330,55.4707,6.6177,32
475057,335720,673338,271.4285,13.3372,2
475202,99858,335822,81.3716,4.0616,1
475654,336144,350015,122.499,2.9208,1
475840,336279,345379,76.7121,3.7606,1
475985,336385,785114,102.8397,7.4562,1
475987,22280,336385,7.157,4.6856,1
476285,19318,336587,55.8172,7.3124,1
476286,25089,336587,141.8892,7.8134,1
476835,336951,341421,54.1849,3.9324,1
478343,338023,341824,51.8266,5.0368,1
478346,19622,338025,92.0121,3.9637,1
479026,76962,338478,24.1506,11.7723,1
479736,338982,815131,16.68,4.0811,1
479737,338982,348176,5.7446,3.7025,1
480032,76962,339183,17.6139,9.2362,1
481050,98497,339889,59.7876,6.5927,10
481051,68687,339889,4.8648,6.7371,10
481405,340132,354409,64.4714,4.6708,1
482926,19257,341225,78.5345,5.1083,1
483203,142596,341421,158.0103,7.9139,1
483263,22368,341463,36.5772,4.3528,1
483775,341824,346779,66.3146,4.8599,1
484482,342330,349541,82.3529,5.3735,1
486222,343529,425879,82.6095,7.1647,10
489093,64022,345526,97.1615,4.6159,1
489901,23447,346089,57.2412,5.0299,1
489902,28339,346089,90.8417,4.2386,1
490884,29521,346779,71.323,4.3198,1
491226,347025,355541,79.7997,3.8534,1
491227,332634,347025,89.56,4.1829,1
492799,345687,348142,19.3132,3.6795,1
492850,300329,348176,69.6635,3.6213,1
493759,348854,418565,32.5998,4.1926,1
494691,108529,349541,23.8444,4.9839,1
494791,100056,349615,115.058,5.5649,1
496613,187764,350880,137.2322,3.8378,1
496615,348142,350880,25.1794,3.1583,1
497093,30201,351226,25.2389,3.7936,1
497219,25908,351316,38.2695,3.4611,1
497221,32624,351316,160.7873,3.9496,1
498157,351939,408303,52.3413,5.4376,34
498158,351939,423036,43.042,4.0388,34
498922,270856,352488,132.2284,4.1068,1
499017,37617,352567,124.1746,4.7408,1
499396,352833,363744,36.0648,2.8284,2
499429,352856,355079,44.4635,3.9263,1
499735,347926,353072,67.2549,6.9352,1
500033,30248,353287,5.1316,6.9873,1
500034,353287,363130,88.5337,7.1133,1
501264,25089,354145,118.1435,8.1478,1
501265,354145,370944,132.0002,10.0288,1
501402,353072,354237,11.804,7.6338,1
501404,354237,354525,3.2998,7.0654,1
501650,354409,420665,166.2775,5.7614,1
501813,354525,362750,89.4483,7.0283,1
503263,140310,355543,74.7039,2.8028,1
504061,33210,356096,48.9103,5.7878,1
504062,356096,366397,73.6425,5.4155,1
504189,32268,356178,24.8328,3.4758,1
504690,123230,356534,95.0912,2.6688,1
505752,299587,357293,93.2214,4.2913,1
505757,357293,357296,9.4281,4.1621,1
506180,357600,371408,15.8015,2.8284,1
507080,150210,358224,62.0985,12.6577,3
508372,359110,368711,47.0422,5.3782,1
508373,359110,410881,111.4394,3.4758,1
508990,356534,359555,35.8608,2.4472,1
509528,31681,359932,29.9815,4.4246,1
509529,37717,359932,77.8132,5.0378,1
509577,32008,359964,153.3099,4.4665,1
510048,31635,360308,42.5389,5.9545,1
510049,360308,364496,41.3723,6.3226,1
510521,186244,360639,95.1175,3.3155,1
510522,149643,360639,36.5908,4.9495,1
510951,360950,459905,48.3065,4.4954,1
511653,32268,361429,53.5413,3.1796,1
511654,36067,361429,30.293,3.2975,1
513525,362750,372157,94.1187,6.7082,1
513551,297858,362769,68.2284,5.2631,1
514643,159077,363562,33.6749,3.3904,1
514894,363744,421630,140.8778,3.4758,2
515948,364496,368888,49.1912,6.2404,1
517549,149651,365634,47.2207,6.2912,1
517550,180562,365634,12.7802,6.6139,1
518589,37617,366397,18.1384,4.9495,1
518623,366421,376763,77.4195,5.6109,1
519906,174592,367321,59.0866,9.7326,3
521877,368711,412382,163.5417,6.5182,1
522132,42646,368888,78.3284,6.6742,1
522969,192969,369461,13.0085,3.2394,1
523882,370102,397715,227.9364,3.9822,34
523908,370121,376512,60.3541,8.1771,1
524525,370543,383458,26.1513,2.5322,1
524526,370543,371408,18.1117,2.1213,1
525010,220450,370875,85.1835,6.6926,1
526360,345400,371834,111.5922,4.2523,1
526362,371834,395142,32.2645,3.6056,1
526706,372072,391369,79.5843,3.1796,1
526707,356158,372072,25.2499,3.7199,1
526831,372157,377409,48.2442,6.0467,1
527967,372947,436556,164.1777,8.7243,1
527968,345306,372947,53.453,9.2644,1
528882,371412,373588,23.3,3.7417,1
530613,367321,374838,255.8398,7.1296,3
531464,215273,375428,115.8418,3.8106,1
532994,50391,376512,113.9049,7.4407,1
533339,44839,376763,21.9823,5.4312,1
534227,45578,377409,29.1976,5.6506,1
534306,377467,386641,74.9733,6.5557,1
534307,201386,377467,40.6885,6.9942,1
534389,375783,377527,12.4499,3.6056,1
534390,215273,377527,12.6491,4.4954,1
535910,205519,378627,19.0365,3.1566,1
537209,372975,379535,72.6223,4.4203,1
537953,380067,427265,91.5871,7.0809,1
537955,380067,419526,61.2343,6.3406,1
538053,379535,380135,9.6954,6.0495,1
539468,41312,381140,70.8912,4.1078,1
540747,42646,382030,106.361,8.6992,1
542271,277763,383099,183.273,4.3708,1
542938,48862,383555,26.6771,5.7511,1
543063,383526,383646,33.2766,3.7025,1
543813,271423,384177,57.1985,4.5708,1
544866,383646,384952,26.1852,3.0811,1
545038,350596,385072,77.0345,4.4009,1
545039,385072,398775,51.8074,4.7182,1
545595,385457,390209,46.8825,20.724,1
546261,385936,390438,82.3644,6.0738,1
546469,384952,386077,27.8418,3.7913,1
546728,48803,386251,6.2093,14.1242,1
547818,348854,387050,67.5827,4.7541,1
548039,387206,389472,30.0476,4.3196,1
548385,220450,387444,50.0022,6.0616,1
548386,387444,396503,58.8218,3.4758,1
549165,50249,387993,72.949,4.3523,1
549188,384536,388014,40.8412,3.7247,1
549657,47160,388359,72.8553,7.6904,1
552314,52098,390209,15.4599,21.1123,1
552643,390438,398943,183.9236,5.7016,1
552828,390571,399011,58.3267,4.2426,1
553298,54926,390891,45.05,11.7777,1
553975,391369,407164,30.9157,3.118,1
554242,391559,411532,92.976,9.4704,1
554244,391559,428716,62.6088,9.0139,1
554302,390891,391602,54.1561,13.4432,1
554694,370451,391852,256.5987,8.0201,1
556852,51659,393310,88.0492,3.4641,1
557099,272056,393475,34.8999,4.1231,1
557962,394114,404775,72.3855,6.443,1
558962,393310,394805,52.1632,4.0123,1
558963,59176,394805,98.514,4.4142,1
559128,383458,394931,12.7758,2.9208,1
559670,395320,396503,10.3923,2.9142,1
559672,395320,401644,69.5989,3.0,1
559868,344336,395453,70.0357,3.7417,1
559923,278605,395488,81.1863,4.1078,1
561179,50441,396381,104.2913,8.665,1
561429,54926,396552,48.4654,19.9499,1
561481,396552,410651,77.4219,14.0061,1
562008,389472,396917,119.418,23.5122,1
562983,301071,397480,51.671,4.7431,1
563785,307444,398066,47.2652,10.4497,1
564318,57798,398446,24.8328,3.9142,1
564592,382030,398638,412.4714,9.3551,1
564797,398775,404588,8.2798,6.4862,1
565052,398943,406634,98.1399,5.5822,1
565139,321485,399011,63.074,3.5355,1
565621,387050,399330,110.8257,3.5616,1
566361,216734,399850,154.244,6.0402,1
567942,400945,479185,60.4116,5.0838,1
567943,362769,400945,41.1468,5.5468,1
568023,55004,401003,154.0278,5.2249,1
568024,401003,420939,450.0364,6.9596,1
568580,373588,401400,39.3986,4.1621,1
568581,394931,401400,21.0086,4.0941,1
568930,271423,401644,36.6697,3.6213,1
571492,57238,403507,68.8622,7.9582,1
571639,403603,406779,178.697,23.3348,1
571802,403603,420939,81.4834,18.2513,1
571935,403603,437001,144.5504,20.3026,3
572257,396443,403826,47.4342,3.5,3
572258,310556,403826,41.8426,3.3028,3
572445,403953,427268,18.6518,6.5897,3
572761,404176,410421,49.8598,13.5331,1
573266,404544,410208,61.6847,3.2863,1
573697,352488,404873,39.37,3.4758,1
573698,277677,404873,49.3717,3.9324,1
573813,403507,404959,15.9983,7.4758,1
574008,343529,405099,50.7477,8.5033,10
574248,396917,405268,96.8306,24.1263,1
574252,61838,405268,6.6856,2.2321,1
574655,405553,416737,158.0063,5.2035,3
574932,405738,411145,75.6968,4.6289,1
575125,290904,405891,71.1563,5.6081,1
575126,381915,405891,74.8369,5.9569,1
576066,404821,406556,51.2753,5.0378,1
576190,406633,408891,54.8797,6.4078,1
576192,62284,406634,11.5614,5.2035,1
576513,406779,406878,18.3734,10.1033,1
576914,407164,461276,104.4478,5.5355,1
578568,397715,408303,92.0054,5.381,34
581298,345400,410208,43.328,4.511,1
581345,410239,471266,76.896,4.3008,1
581596,410421,411532,18.5742,10.2467,1
581938,410651,414832,24.6312,10.1955,1
582266,410881,414088,79.7308,3.1463,1
582642,340132,411145,41.1245,4.729,1
583361,350596,411660,17.892,4.0123,1
584373,345306,412382,224.7792,6.9432,1
584866,409629,412757,57.7408,5.5495,1
584868,412757,429420,107.7172,4.2816,1
585334,61342,413054,59.2732,11.9276,1
586658,285706,413969,164.4486,2.7369,1
586825,330230,414088,41.608,5.0861,1
587027,357600,414224,66.638,3.7025,1
587029,414224,414446,44.0227,4.8215,1
587057,67779,414244,42.4068,7.1756,4
587339,301071,414446,184.358,6.1127,1
587575,414604,431023,38.0657,2.9889,1
587916,403603,414832,124.535,20.8102,1
589016,272796,415602,108.5202,4.0811,1
589017,415602,447366,47.2123,4.3028,1
589080,412209,415646,47.1122,9.5066,1
590610,416737,417123,122.1638,5.692,3
591179,403953,417123,56.7617,7.2449,3
591513,65882,417347,36.1847,8.9267,1
592877,352833,418330,21.095,7.9907,2
592878,418330,419545,9.3808,12.189,2
593207,371829,418565,13.4838,3.9495,1
594576,412433,419526,97.7105,4.5616,1
594606,419545,478020,220.6057,8.3051,2
595468,72407,420180,122.6499,5.5317,1
595469,69900,420180,14.5488,5.2035,1
596023,304077,420566,17.9784,6.6726,10
596164,394114,420665,36.1017,7.2108,1
596310,67712,420772,83.6733,4.6856,1
596411,420839,507914,93.0269,3.0811,1
597529,421630,429287,16.5529,4.7541,2
597953,69271,421936,34.6057,7.3294,1
597954,421936,435595,130.4186,7.6368,1
598429,422270,432196,148.2768,3.7055,4
598430,422270,449712,218.9444,3.4758,4
598485,77575,422314,66.5157,2.9954,1
599489,423036,443131,58.9887,5.3383,34
599515,423056,423390,22.891,3.0956,4
599516,423056,432196,122.3969,3.516,4
600091,423390,437642,160.9099,3.6029,4
600805,300764,423891,70.2851,3.1583,1
601313,424243,426999,40.3939,5.7016,1
601314,424243,432039,111.157,5.2631,1
602294,72407,424963,25.3158,6.5115,1
603595,425879,436049,57.7668,6.0467,10
605576,427265,431436,45.0,6.0688,1
605580,427268,440394,64.6065,6.2696,3
606914,404588,428204,30.8545,6.443,1
606915,428204,489672,177.5688,5.4218,1
607796,428716,438232,70.4344,6.8071,1
608242,404775,429045,42.595,6.0738,1
608243,429045,455859,43.1239,5.2631,1
608574,429287,444672,203.8161,4.1068,2
608746,429420,430913,64.9384,3.2321,1
610854,430913,443390,71.854,3.3028,1
611431,84606,431324,81.2363,6.7654,1
611583,431436,434227,18.3848,6.669,1
613887,298847,432966,116.5719,4.4954,1
614768,433525,436171,69.6156,6.0202,1
615250,299948,433864,256.8294,4.5247,1
615251,339242,433864,117.4521,4.7947,1
615763,434227,437943,48.7647,7.3761,1
615814,434270,507647,96.7778,4.0233,1
615815,434270,543708,290.2516,4.0233,1
615903,412433,434330,35.1094,4.5616,1
615904,434330,459653,42.7574,4.1583,1
615999,434393,435572,26.3934,4.0306,1
616184,434529,436198,87.8601,5.776,1
616593,434828,455859,15.4272,4.511,1
616594,434828,437084,44.1135,3.8637,1
616838,430528,435006,52.7352,8.2525,1
617521,435475,478020,49.3243,5.734,2
617522,435475,439727,71.0563,5.2208,2
617663,82548,435572,21.8909,3.8637,1
617698,435595,439642,40.5089,5.2913,1
617858,430528,435711,71.232,7.5976,1
618496,431324,436171,95.5109,7.5077,1
618528,82236,436198,60.5989,3.5291,1
619716,82058,437001,11.7992,10.4003,3
619843,437084,437627,52.2398,4.3723,1
620385,437469,437627,23.0434,8.057,1
620654,437642,441740,89.2805,3.2321,4
621494,438232,448890,68.593,6.7371,1
622469,438891,468076,31.143,4.3196,1
622470,438891,450830,183.9212,3.1796,2
623232,439422,443131,75.8112,5.4064,34
623309,428367,439469,63.8421,21.0428,3
623552,439642,441215,20.6794,4.7913,1
623631,395142,439693,111.466,3.3028,1
623632,439693,440114,115.8587,18.5953,1
623719,82107,439751,30.3315,8.4186,1
623951,439777,439909,16.5951,5.7748,1
623952,439909,446877,57.4742,5.0822,1
624317,440114,527428,88.9096,21.1264,6
624390,440114,451124,125.814,23.0953,25
624618,440241,526419,102.7813,3.9241,1
624844,439422,440394,22.0,5.2249,34
625783,441025,489811,12.3153,4.2426,1
625784,441025,502031,32.7244,4.6708,1
626048,441215,456346,177.2732,5.3284,1
626231,441339,443464,46.8247,3.8643,1
626714,441681,444235,42.2401,5.1083,1
626796,441740,516479,74.7507,3.8452,4
628370,442851,444552,36.0139,3.9921,1
629117,443390,448278,81.7129,4.0941,1
629218,89101,443454,66.7807,8.0711,1
629223,443459,445012,205.2584,7.5225,2
629224,443459,451552,139.4382,10.0234,2
629937,443956,510200,35.3726,6.8215,1
630025,82561,444014,122.644,3.2394,1
630183,84245,444124,43.4434,3.5291,1
630338,91143,444235,101.155,5.3218,1
630784,444552,454303,119.8082,3.0956,1
630950,444672,456279,137.3499,3.285,6
630989,444699,520776,18.8119,3.285,1
631423,86496,445012,65.9874,5.5981,2
631733,443464,445226,107.2161,3.9241,1
631734,86427,445226,53.6936,4.1829,1
632486,445766,532246,78.177,5.1926,21
632487,445766,563462,83.8014,4.9495,22
634096,446877,454263,57.3314,4.2361,1
634575,447228,447915,152.6783,9.9483,1
634576,447228,519056,19.0671,9.1923,1
634761,447366,584897,192.9482,4.6312,1
634783,429319,447382,510.0513,5.465,1
635077,447584,454066,96.8194,2.7247,6
635078,447584,452007,59.3127,3.7361,6
635125,447621,448889,45.1221,3.8643,1
635264,90451,447715,136.5125,5.2779,1
635549,381915,447915,73.0099,8.3799,1
635557,447715,447922,76.1439,4.999,1
635558,447922,468773,197.7852,5.2881,1
636938,448889,530777,71.9792,3.8643,1
636940,448890,530777,29.7714,5.3383,1
637208,447382,449067,55.3803,6.6571,1
637259,436049,449099,94.5992,10.5305,10
637490,449264,451552,221.5674,8.9069,2
637880,440241,449541,187.2779,2.8028,1
637882,449541,450849,46.1844,2.4142,1
638129,449703,516479,29.0861,3.2112,4
638141,449712,577759,178.1494,3.1796,4
638473,449955,526737,42.9328,14.6732,11
639084,437469,450382,110.4446,10.2468,1
639085,449955,450382,201.1119,11.7432,11
639727,450830,451007,55.3263,6.1847,2
639752,450849,525422,36.6879,4.1068,1
639982,440394,451007,75.7232,7.4772,37
639983,450382,451008,7.0711,10.738,12
639985,451009,540368,134.771,6.172,1
640144,451122,454271,53.1601,7.5074,1
640147,451124,524977,33.9687,21.2398,25
640150,451008,451125,7.6811,11.3129,12
640424,451315,539241,21.1739,4.8284,3
640758,451537,526419,18.1292,4.1829,1
640872,91320,451614,42.4588,4.6751,1
641419,452007,456004,75.6108,3.6503,6
641718,90167,452213,25.7272,6.5726,1
642007,452420,535280,41.142,3.7025,1
642008,452420,456238,20.2731,3.0811,1
642300,451007,452620,20.3224,9.485,39
642301,452620,452959,8.0623,11.0408,13
642443,95344,452720,76.092,4.7913,2
642524,452620,452775,38.4838,13.8766,52
642770,451125,452959,121.396,11.4017,12
643673,447793,453596,231.7822,6.3224,1
643761,95657,453659,60.7691,4.3203,1
643979,453811,566537,160.4189,4.5274,1
643983,453814,543714,14.1185,6.2281,3
643984,453814,562030,79.0225,6.6177,3
644617,454271,455279,138.351,7.2592,1
644666,454303,566537,97.5238,3.4608,1
645907,100937,455189,151.4199,7.7016,4
646028,455279,534847,63.9105,8.2063,1
646076,451148,455313,135.4437,4.1069,1
646077,451537,455313,106.9065,4.2976,1
646345,277677,455518,57.9496,3.6029,1
646651,90844,455737,26.9954,4.7712,1
647006,456000,457274,29.0517,3.7913,1
647077,84606,456055,100.3524,6.7336,1
647343,456238,464899,47.8121,2.2071,1
647494,100606,456346,221.0475,4.89,1
647669,448278,456469,65.8103,4.1621,1
647697,456486,552078,4.8189,47.3937,25
647793,456553,510224,96.4071,3.1796,3
647794,456553,463313,52.7067,4.1231,3
648233,456469,456869,3.0,3.9324,1
648570,297518,457109,37.2827,5.9137,1
648571,306976,457109,56.3353,5.5414,1
648792,457274,461103,60.9754,2.618,1
648880,449501,457339,74.2668,4.0,1
649192,86725,457561,175.9848,4.2564,1
649194,457561,461618,43.6832,5.1476,1
649611,452775,457845,91.1811,27.2364,52
649758,457339,457953,9.7285,4.7787,1
650006,458122,575398,163.6772,4.4954,1
650877,458727,554178,41.3159,3.3708,1
651362,78247,459016,472.9773,6.9954,1
651948,457953,459429,138.6355,6.8843,1
651980,455737,459450,48.5353,13.8756,1
651987,102090,459450,87.7213,17.3108,1
652269,459653,468076,26.6905,4.8599,1
652618,304917,459905,112.8687,5.0378,1
653414,459429,460447,29.7397,9.2844,1
654081,279929,460937,57.2063,3.8028,1
654083,460937,567476,151.6773,3.6056,1
654180,86427,461007,135.1148,4.1231,1
654308,461096,565272,65.4896,3.6503,7
654309,461096,601277,105.9885,3.285,7
654565,461276,463377,7.157,7.6888,1
654596,461297,462595,31.0644,4.3528,4
654608,461305,556444,81.2219,3.8708,1
655082,97673,461647,23.5702,4.2564,1
655563,461981,464143,24.9199,2.2071,1
655564,461981,575398,56.3373,4.1926,1
656426,462595,462786,145.9966,4.241,4
656623,97672,462744,14.8212,3.0956,1
656674,462786,587572,165.7082,4.4707,4
657535,435006,463377,30.249,8.8703,1
658188,456869,463824,49.8297,4.3528,1
658189,463824,472453,54.2125,4.4126,1
658632,464143,594349,31.6965,2.2071,1
658782,95798,464244,62.5726,4.5634,1
658783,464244,465469,12.6886,4.872,1
658864,102593,464302,118.3117,5.1029,1
659587,461618,464808,29.8888,5.099,1
659658,460447,464857,241.2664,9.6159,1
659722,464899,465762,5.0,1.2071,1
660068,465139,584289,64.4386,4.4707,7
660069,465139,603268,118.1948,4.3528,7
660266,465290,578771,17.8232,3.9142,3
660353,458122,465353,174.6368,4.5414,1
660444,465416,596980,49.163,2.5322,1
660522,102872,465469,96.7592,4.241,1
660720,465290,465604,11.8743,2.5322,3
660833,464808,465689,7.7871,4.4203,1
660834,465689,469112,55.0686,3.3708,1
660935,465762,467728,24.779,1.366,1
661060,465839,587970,61.3451,4.7913,4
661061,465839,587564,27.2626,3.7913,4
661841,466386,587121,46.1591,2.9954,12
661857,466396,584289,3.9158,4.241,7
661858,466396,589109,22.9903,4.6596,7
661904,466426,590398,80.6866,2.7247,1
662510,466855,558998,163.0491,2.9208,1
662511,466855,590196,16.563,3.3028,1
662581,465415,466907,13.9284,3.7606,1
662583,465416,466908,40.7676,4.0761,1
662584,466908,471555,47.0425,5.5076,1
663049,467234,470436,57.8753,5.8036,1
663059,467241,574242,29.7881,7.2327,1
663169,461305,467313,78.7083,3.0956,1
663768,467241,467747,3.7417,6.4031,1
663936,467867,469696,10.0499,2.4142,1
664067,95966,467964,73.6614,4.2523,1
664890,465604,468537,86.0465,3.3541,3
665229,468773,470316,19.976,5.979,1
665735,104114,469112,87.4312,3.3708,1
665763,92884,469131,118.944,3.6583,1
665764,108031,469131,168.849,4.2913,1
665891,469216,599003,104.7903,2.9208,12
665892,469216,622382,145.5526,4.0761,12
666339,465415,469544,58.8303,3.2975,1
666340,467313,469544,100.2297,2.3428,1
666463,469644,476010,146.1677,3.9115,7
666532,469696,602605,60.1794,2.5322,1
666697,469813,595581,31.6696,3.3708,10
667438,115850,470316,302.8129,6.8111,2
667534,470375,478539,519.8952,8.7085,1
667614,470436,473794,87.1863,5.0476,1
667665,470469,472429,73.6003,2.9142,1
667756,453596,470525,226.9626,5.6454,1
667813,470560,608129,99.368,4.0616,12
667814,470560,646931,263.2078,4.511,12
668183,466907,470807,100.005,3.3839,1
668755,468537,471216,62.2736,4.2361,3
668813,281815,471266,21.7256,4.1829,1
669228,471555,483810,81.1542,6.6115,1
669258,435711,471576,3.3166,7.999,1
669259,471576,489817,36.9474,6.4865,1
669425,102593,471690,41.7532,4.3528,1
669426,103678,471690,13.1022,4.3528,1
669750,471917,479310,100.9455,5.6533,1
670045,432966,472132,68.3886,3.8643,1
670057,472140,599611,78.1473,3.7417,1
670058,470804,472140,16.0312,3.3708,1
670457,472429,473589,51.342,4.0981,1
670517,472470,478443,102.0049,2.9208,1
672037,473561,483717,117.9628,6.4803,1
672069,473589,478013,24.4336,4.4009,1
672361,473794,480108,73.9226,5.4704,1
674172,471216,475068,145.7704,3.2247,3
674312,475171,607111,32.299,2.9142,2
674434,475259,595410,78.8881,5.651,1
674513,475310,479420,55.9375,4.4707,12
674791,475498,607111,80.1949,2.1213,2
674792,475498,479984,100.454,2.7071,2
675181,449264,475756,235.0191,6.6363,2
675182,475756,477395,81.5305,5.4265,2
675553,476010,478972,26.9258,5.1375,7
675807,472453,476190,27.0185,3.9241,1
675808,476190,485695,56.542,3.9822,1
675969,475068,476307,155.1966,4.7603,3
675970,476307,476309,73.437,9.2801,3
676151,110255,476437,100.5786,10.0887,1
676871,476955,481836,47.4447,5.4218,2
676973,477026,480980,60.6407,7.9741,1
677512,106982,477395,26.4449,5.2907,2
677566,477429,478861,22.5167,8.217,1
677567,477429,477529,13.3083,7.5311,1
677569,477430,481992,49.3356,6.2417,1
677695,477043,477529,17.8466,6.2106,3
678402,478013,478612,6.5574,3.6736,1
679076,478495,609419,55.8331,5.2676,1
679077,478495,628155,55.2955,7.3434,1
679133,478539,612314,76.5434,8.6172,1
679232,478612,483902,36.0416,2.9889,1
679294,478650,488655,76.87,4.9122,1
679310,478661,617263,10.419,4.511,1
679606,478861,482211,49.6678,6.3753,1
679771,478972,487014,120.756,5.6506,7
680092,478443,479199,34.1321,2.2361,1
680093,479199,630977,144.7008,2.9208,1
680419,479420,622382,65.9411,5.1375,12
680538,479504,483514,56.0892,4.5495,1
681196,479975,649382,150.2065,3.2394,2
681208,479984,488179,103.7738,3.5,2
681708,113075,480328,78.0278,4.4126,1
681709,480328,482153,33.3404,5.4536,1
682310,111864,480739,67.1516,4.5616,1
682660,480980,487246,77.2029,3.285,1
682921,481161,482216,40.6694,3.4611,1
682922,481161,493462,113.3975,3.6056,1
682931,477026,481167,47.0735,9.8782,1
683444,108614,481524,12.06,7.7449,4
683445,481524,488443,95.649,6.6296,4
683689,467747,481702,86.4928,6.9432,1
683690,481702,617957,180.4482,7.6787,1
683885,117021,481836,147.2628,5.9545,2
684090,110762,481974,106.7364,3.3132,1
684113,481992,656868,101.7071,8.2969,1
684131,482003,619020,52.294,3.4093,7
684439,110460,482211,22.9928,3.7199,1
684448,482216,483424,68.2715,3.3904,1
684777,482465,652241,78.9831,4.0035,1
684858,482522,483109,7.874,4.1231,1
684859,482522,637746,42.1821,4.89,1
685699,478661,483109,44.3959,4.511,1
686172,471446,483419,32.8397,3.5348,1
686173,483419,520561,69.1327,3.8643,1
686303,483514,485863,108.1249,5.1476,1
686570,483709,490050,83.0385,4.899,1
686658,480739,483771,107.8015,3.4758,1
686659,483771,484052,76.0727,3.9142,1
687027,480326,484052,34.0669,6.2749,1
687233,484200,628819,55.5,2.9432,1
687234,484200,487596,51.8652,1.7071,1
687485,484373,675650,185.0604,2.2361,10
687602,484453,489285,76.2481,4.8139,1
687755,484561,490504,92.6961,6.7082,4
687892,481990,484660,18.412,3.118,5
687893,484660,653732,219.3528,2.2361,5
688271,484923,641787,47.8121,3.217,1
688429,485045,493225,92.747,5.2386,1
688617,476309,485171,130.0346,10.435,3
688618,485171,488504,49.4773,8.8437,3
689344,485695,488655,21.4709,4.0503,1
689583,485863,636992,14.8174,5.1476,1
690022,486174,631112,70.8567,4.2737,1
690023,486174,637698,53.5807,3.1623,1
690042,486188,618940,65.1306,4.4707,1
690043,483902,486188,96.1249,3.4093,1
690261,113846,486345,164.6157,7.2317,2
691208,487014,490945,89.95,5.4312,7
691298,487078,487246,65.7263,3.4758,1
691676,481828,487346,43.1856,4.9286,1
691677,487346,656496,86.2198,5.4312,1
691902,487505,638181,41.8117,2.7247,1
692026,487596,491001,24.1247,3.5495,1
692373,111617,487853,26.5082,13.1588,1
692374,113256,487853,14.773,12.0076,1
692604,487505,488017,63.1348,2.3428,1
692831,488179,666213,250.7575,4.1926,2
693027,112210,488320,52.8725,5.7661,1
693099,113255,488372,43.382,5.6738,1
693122,121451,488390,163.0826,7.6325,1
693284,488504,640537,32.5077,10.1741,3
693411,488596,612533,174.0479,5.9329,1
693553,488700,489485,19.2873,4.9497,12
693554,488700,488971,12.0416,3.5355,12
693803,481167,488868,84.4895,7.2749,1
693947,488971,660425,176.9093,2.5322,12
694240,489185,489186,2.8284,3.8708,1
694580,489429,514968,285.7919,7.892,2
694642,489474,644552,153.3786,6.3668,1
694658,489485,646931,66.6408,5.2779,12
694722,489532,649271,111.7149,5.8284,2
694788,489583,640377,64.0384,6.9495,2
694798,488596,489591,70.8872,8.3715,1
694799,489591,641290,14.5564,10.1789,1
694901,438891,489672,29.7658,3.6675,1
695110,489811,504209,96.9771,3.2394,1
695113,489813,492304,83.3307,4.0941,1
695114,489813,496026,54.8999,4.5274,1
695119,489817,497416,27.1027,4.0495,1
695160,483717,489848,141.5643,6.151,1
695161,115174,489848,87.0153,3.3723,1
695286,114043,489937,42.3399,4.1069,1
695451,490050,498573,109.7882,4.999,1
695483,489285,490071,130.5254,5.2907,1
695525,488868,490102,14.8361,6.8541,1
695920,490371,508424,191.9479,5.8032,1
696120,490504,495360,68.9534,6.5945,4
696743,490945,494699,100.3095,5.6967,7
696831,491001,510121,144.0937,5.7511,1
696924,481395,491073,92.7589,4.8139,1
696925,491073,496361,182.4695,3.9173,1
697345,491362,646477,26.3818,3.2321,1
698188,116612,491975,116.2913,5.7511,1
698189,491975,493381,183.5798,5.7511,1
698493,488443,492179,131.2062,5.6506,4
698494,492179,495360,52.6435,6.1984,4
699265,482153,492711,91.3435,6.1203,1
699267,118007,492711,76.9719,5.458,1
700015,493225,649984,11.2645,6.1056,1
700168,491416,493330,74.1148,5.6993,1
700246,115903,493381,11.2842,4.729,1
700273,490102,493399,40.9186,6.3541,1
700362,493462,494536,9.6437,4.2523,1
701760,492304,494472,18.4932,5.1939,1
701761,494472,649984,3.448,6.9967,1
701830,117704,494520,118.6352,5.4961,1
701853,494536,660613,58.7055,4.899,1
702140,490071,494739,122.9363,4.2564,1
702223,494795,497335,27.0801,6.1165,1
703013,114871,495387,34.6731,2.639,1
703014,118932,495387,57.9444,2.639,1
703226,124786,495538,188.8147,5.3852,2
703227,120838,495538,104.8841,4.8139,1
703429,118791,495666,69.9921,7.5667,1
703908,488390,495998,109.1429,7.9957,1
703951,496026,637698,54.0668,3.8172,1
703956,116612,496030,9.363,6.6115,1
704425,496361,525191,273.0311,4.0532,1
704501,496420,498792,67.2813,4.5274,1
704773,444672,496607,55.2922,3.4758,4
705035,129921,496784,452.6846,6.7045,2
705104,118527,496837,20.4042,2.8831,1
705921,497416,510117,51.3463,4.1926,1
706267,486499,497655,97.5984,4.9495,1
706268,497655,504152,58.267,6.0202,1
706436,497775,658093,69.3014,3.5675,1
707186,495998,498284,26.9588,6.1071,1
707923,494739,498792,88.471,3.8944,1
709522,118527,499890,19.6695,4.6583,1
710205,122049,500368,79.7563,6.8553,1
710539,443956,500613,23.1565,4.999,1
710540,442851,500613,14.9183,4.5708,1
710597,493399,500653,71.5588,6.7749,1
711507,501301,665782,51.2174,8.3847,1
711570,117489,501343,40.7513,3.7055,1
711712,501446,666587,26.2821,3.5355,1
712019,501681,502229,43.1161,3.0275,1
712257,501850,504612,27.6908,8.2144,1
712497,502031,508022,49.4795,4.7856,1
712627,501871,502125,44.436,3.4758,1
712776,502229,510099,129.9577,3.0275,1
712967,502362,666213,66.2369,5.1926,2
712968,502362,509064,107.7219,4.0811,2
712972,502125,502366,72.4883,2.5322,1
712973,502366,511732,97.0389,4.3196,1
713079,130603,502447,79.893,4.1926,1
713235,499844,502566,37.8447,5.5495,1
713567,500653,502785,23.949,7.7119,1
714999,118876,503786,104.5241,7.3434,4
715066,503838,504152,99.219,6.2633,1
715109,501343,503868,54.2023,4.9497,1
715110,503868,513601,104.0838,5.985,1
715409,504065,514955,117.1239,9.1891,1
715601,445766,504209,23.5443,3.618,1
715872,297603,504391,205.5943,7.2417,3
716194,504612,536690,389.3124,7.6018,1
718685,437943,506369,89.9174,6.8896,1
718686,447793,506369,77.9379,7.3852,1
719293,506819,511231,43.359,2.4472,12
719712,123978,507120,28.482,5.0517,1
719790,122821,507170,17.9444,10.315,5
719932,117051,507269,234.2719,5.2175,1
719934,507269,513471,114.3309,5.1083,1
720276,507511,653363,109.4501,5.1083,1
720277,507511,686062,63.8244,4.2865,1
720386,125858,507581,140.9704,4.5616,1
720488,451148,507647,78.4046,4.1621,1
720549,507689,669214,756.0116,8.4503,2
720849,297851,507914,95.8917,2.9954,1
721012,508022,510117,100.4689,4.9286,1
721601,508424,670951,43.7493,5.4157,1
722296,508906,668321,24.7431,3.0,1
722532,509064,510619,65.9773,3.0811,2
722546,509079,554368,121.1693,5.1421,1
722923,144290,509343,45.9335,6.7016,1
723316,127261,509624,57.4156,3.6427,1
723596,509825,516974,50.5344,4.1829,1
724008,510121,513796,53.9073,5.3229,1
724120,439727,510200,51.7129,6.4515,2
724121,510200,523930,19.3993,8.3031,1
724158,510224,520775,61.0592,3.8106,3
724164,510228,525422,99.0718,4.1926,1
724165,510228,512798,49.1924,3.5,1
724271,127140,510303,49.5917,6.2787,1
724612,510531,687099,82.4958,4.1213,1
724613,510531,687832,85.4647,5.0368,1
724623,510537,673583,4.8189,4.0,1
724624,510537,684301,81.6313,3.7321,1
724738,510619,519279,146.4377,4.0,2
725035,510830,513144,45.5192,4.0388,1
725548,511198,655273,165.5472,5.1438,1
725595,511231,513960,40.5709,4.2737,12
725621,511250,513601,36.0694,5.1881,1
726110,511605,675480,49.3361,6.8541,2
726182,511653,517209,96.2382,8.6639,1
726183,511653,529199,140.6027,8.5867,1
726308,511732,520713,91.4944,6.3638,1
727161,512349,658896,139.7182,1.8251,1
727170,512354,518210,124.29,7.8229,5
727329,512467,513776,17.2337,6.3284,1
727448,512354,512556,35.3977,8.0826,2
727538,512629,513352,41.3884,3.5675,1
727731,512766,518777,60.4235,3.6736,1
727778,447621,512798,75.4498,3.8028,1
727974,512936,677512,4.7258,4.6213,2
727975,512936,516904,68.7605,4.2426,2
728012,512961,677569,15.6663,2.6992,1
728013,512961,680958,63.4,2.6992,1
728184,126565,513077,20.3634,4.8442,1
728277,512766,513144,6.0,4.1069,1
728573,513350,691368,149.7453,6.1237,1
728575,512626,513352,8.124,3.2394,2
728775,496607,513507,75.2396,3.8643,4
728776,449703,513507,43.8862,2.6688,4
729156,153887,513776,491.3987,6.5822,1
729182,513350,513796,20.7123,4.5708,1
729408,513960,525583,174.1867,4.8139,12
729414,498284,513964,187.2117,6.8904,1
729415,513964,519297,40.9715,6.6115,1
730719,514910,514911,32.7838,6.1858,1
730788,514955,693056,93.3696,8.357,1
730808,514968,521205,112.5966,7.0421,2
730846,126582,514994,10.0664,4.5605,1
731711,510099,515603,40.9145,3.2863,1
731722,508906,515611,43.3705,3.3708,1
731723,515611,688353,58.565,4.5634,1
732461,516135,682102,13.9603,9.717,2
732634,516253,525191,112.3615,5.8284,1
732777,512629,516353,61.0655,4.5708,1
732780,516353,516355,45.1221,4.4665,1
733056,516550,542779,149.9467,7.9671,1
733057,515125,516550,21.1187,10.327,1
733489,516851,689606,54.6535,7.1838,2
733565,516904,682029,100.6341,4.8139,2
733666,516974,517268,33.9633,4.5708,1
734012,129521,517209,61.7387,7.8885,1
735125,517990,680065,103.7885,11.2613,1
735429,518199,683809,52.9879,4.2737,1
735430,518199,518777,96.5557,3.3839,1
735445,518210,537569,448.3514,6.1984,1
735446,518210,533921,178.4152,5.0431,4
736198,517073,518743,62.5504,7.0707,3
736657,451009,519057,123.3775,10.94,1
736769,519139,533755,121.5319,2.9954,1
736974,519279,683809,64.9717,5.1926,1
737417,128583,519587,75.2167,6.8407,1
738242,520176,687099,3.448,3.8028,1
738541,520381,686690,15.1217,7.2456,2
738804,520561,732440,17.3173,3.5616,1
739023,520713,523545,62.1003,5.7118,1
739111,520775,530759,22.9129,4.8139,3
739112,520776,523466,28.8251,3.285,1
739253,129337,520885,29.4147,7.9169,3
739695,520381,521205,83.9583,7.4806,2
740292,130885,521635,42.2493,3.7361,1
740505,521781,692115,37.5633,4.241,1
741551,522514,523890,20.5426,9.6755,1
741552,161934,522514,82.7869,9.2447,1
741860,522729,535752,136.8482,6.5465,2
742891,523461,677512,72.7393,3.9142,8
742892,523461,706253,224.8933,3.4758,8
742897,523464,685548,45.5887,3.5348,5
742900,523466,540758,24.7184,4.4203,1
743013,523545,523730,12.2972,5.7899,1
743279,521635,523730,35.3097,5.4764,1
743523,515125,523890,24.3516,11.4128,1
743662,131260,523992,25.186,5.9402,3
743689,524011,529385,49.2544,4.1402,1
744269,524408,529508,69.8212,5.3735,2
744274,524412,524413,4.2426,6.5701,2
744275,524408,524413,119.4738,5.1197,2
744604,523992,524654,29.9096,7.7016,3
744605,134991,524654,46.0202,8.437,4
745007,523464,524957,79.7371,3.9115,5
745008,524957,695806,10.1796,5.1375,5
745046,524977,550659,46.6743,32.6323,25
745181,525061,527667,20.2731,2.8708,1
745208,525079,692114,8.2927,3.9496,1
745209,525079,527689,40.7676,3.1583,1
745779,287820,525495,20.0305,8.6309,1
746030,525679,693842,27.8747,10.2824,1
746357,525899,693839,23.1795,12.1798,1
746480,525991,528327,58.2924,5.5822,1
746557,526038,692336,86.3694,2.9142,1
746980,525679,526336,50.0999,9.5353,1
747542,519057,526737,69.8323,17.147,1
747543,449099,526737,15.5849,15.2541,10
748507,527426,572989,102.2736,4.2865,21
748733,527591,715000,111.9271,5.9329,1
748877,527689,709045,80.9506,2.9142,1
749250,138934,527953,82.0427,5.7016,1
749763,147222,528327,259.8833,4.5616,1
750529,528866,531184,41.1461,3.3452,1
750539,134470,528873,40.2624,2.6213,1
750541,137877,528873,41.5459,5.1627,1
750565,528890,709293,78.6935,8.3199,1
751026,137878,529199,65.1558,5.4376,1
751280,529385,535734,123.1174,3.9173,1
752522,530250,706381,48.1271,3.9921,1
752946,530549,695806,30.3912,4.0761,5
752999,527426,530584,61.9399,3.217,21
753243,451315,530759,32.9798,4.1213,3
754142,524412,531424,54.2771,6.2417,2
754778,531870,704593,26.4764,2.9208,1
755066,532082,698196,82.7056,4.7863,1
755166,532151,545424,110.4943,9.2202,1
755290,530584,532246,9.4986,4.4954,21
755700,531863,532538,10.6771,3.4758,1
755701,532538,533260,5.1962,2.9142,1
756342,135365,532974,68.6319,7.3761,4
756343,532974,551497,162.4422,7.5822,4
756577,531914,533135,10.7703,5.8365,1
756578,533135,703397,4.1003,8.0761,1
756634,132883,533178,123.0226,7.1585,5
756740,527443,533255,41.8927,3.3541,1
756746,533260,533561,46.2709,3.7913,1
757159,533561,697618,79.5082,4.4707,1
757421,533755,704935,37.2603,4.3198,1
757645,533921,537135,23.4307,4.8028,4
758079,532082,534229,104.2017,4.1069,1
758360,534425,538273,47.7179,3.5616,1
758562,534568,712457,39.7424,3.4093,1
758953,534847,541048,24.2831,9.0446,1
759301,535089,543483,127.4541,5.8941,1
759453,530549,535198,62.498,3.2394,5
759563,533996,535280,5.4467,3.2394,1
759601,531870,535307,66.0984,3.217,1
760501,137986,535937,28.0119,9.9137,1
760863,536190,541426,74.686,4.0388,8
760985,536273,726880,275.086,2.7369,1
761497,536627,693515,173.5206,4.7608,12
761499,536627,541945,53.5257,3.8643,12
761593,146594,536690,165.3471,7.6938,1
761776,533178,536814,99.4675,6.3284,5
762031,536995,706381,13.78,3.6736,1
762249,537135,554101,235.508,4.8708,4
762398,537240,705128,22.2935,3.5937,1
762399,537240,716506,123.6277,5.6569,1
762538,533255,537345,44.911,3.3541,1
762539,537345,542961,47.0319,2.618,1
762749,529508,537494,120.2747,4.8143,2
762846,537569,544541,112.7874,4.3723,1
763259,296782,537853,124.4307,7.892,3
763260,504391,537853,72.3525,8.4321,3
763429,535937,537978,61.5666,8.3012,1
763853,538273,710173,221.0804,3.0,1
764155,140780,538482,5.9907,6.1236,2
764470,534229,538700,82.0122,4.9286,1
764488,142237,538716,25.5212,4.6365,1
764623,538806,540154,72.9589,4.8002,5
765216,539241,553573,33.698,5.521,3
766545,535198,540154,80.6288,4.8599,5
766668,538700,540243,12.6886,4.7541,1
766843,451122,540368,17.5468,8.4545,1
767399,453247,540758,86.352,4.5495,1
767565,540867,541973,76.3937,3.3028,12
767566,540867,715980,29.6816,3.6056,12
767850,519056,541048,159.4787,9.326,1
768379,541426,715471,34.7067,5.3183,8
768641,541618,543673,43.5201,4.3203,1
769096,541945,721966,54.867,5.4527,12
769356,542131,710115,31.3475,8.2353,1
770292,154895,542779,84.3307,5.4051,1
770545,542961,712667,33.9313,2.618,1
770921,493278,543215,103.7593,5.7114,1
771008,543281,545294,72.4086,2.5322,12
771283,142237,543483,59.4418,4.9839,1
771561,302077,543662,67.8569,3.516,1
771576,543673,546809,38.4838,3.285,1
771626,543708,548608,14.3217,5.2913,1
772797,544517,572392,234.4973,3.9921,1
772833,544541,546169,25.1595,3.217,1
773193,544804,549110,67.8307,3.5348,12
773204,544815,716301,83.8193,4.1926,12
773874,545294,546197,6.1644,2.2802,12
773971,545366,693620,163.2564,14.7565,1
773996,545385,546342,8.756,5.4704,1
774204,537978,545537,104.8353,6.8723,1
774560,541618,545788,48.2286,4.6289,1
774669,545861,711318,106.5781,2.2071,2
774670,545861,547110,41.6173,2.8866,2
774994,545025,546095,19.1427,3.9241,1
774995,545537,546095,23.6596,4.6751,1
775107,546169,546170,10.0,3.6736,1
775108,546170,546642,3.0,3.285,1
775133,546192,551636,125.004,4.1068,12
775138,546192,546197,86.3713,2.2802,12
775362,148972,546342,57.5123,4.9338,1
775493,370451,546436,287.8134,9.7576,1
775494,470375,546436,372.5936,8.7631,1
775996,546809,729469,70.0677,3.6503,1
776417,533777,547096,82.1523,3.3839,1
776439,547110,719400,3.3166,4.241,1
776440,547110,566229,102.2008,3.4042,3
776801,547367,722759,14.3023,3.8172,2
777854,452959,548118,12.9486,9.7409,1
777856,548118,563367,42.5232,5.062,1
778126,548322,722170,17.4165,3.3166,12
778148,547096,548338,8.3666,2.6992,1
778513,523930,548602,45.7434,7.3852,1
778523,453811,548608,51.7107,5.2913,1
778857,546642,548832,159.6841,3.9142,1
779245,549110,722170,29.2689,3.4611,12
779457,454066,549250,8.775,3.0956,6
779458,456279,549250,3.1623,3.7417,6
780472,549988,724864,26.2869,4.0233,12
780723,550170,716640,86.1936,3.1463,12
780724,550170,729358,42.1149,3.2321,12
780935,444699,550319,122.7545,3.0956,1
780936,550319,556444,17.195,3.2247,1
781432,456486,550659,21.924,40.5118,25
781450,550674,555077,31.3209,2.9954,7
781652,550811,709293,77.8396,10.677,1
781653,550811,769774,348.3456,9.7309,1
782615,158363,551497,150.3821,7.0583,4
782616,146594,551498,64.2875,8.1542,1
782617,158364,551498,179.5677,7.9681,1
783393,552078,557171,25.6528,46.6016,75
783513,147910,552150,22.7572,5.7748,5
783514,552150,560251,71.7364,5.9545,5
784261,144961,552681,144.2429,6.1926,5
784262,155326,552681,81.9003,6.5332,5
784644,552943,718720,60.8906,6.6177,1
784659,552953,559139,32.4962,10.0225,5
784728,527428,553001,38.1457,6.5311,6
784729,456004,553001,42.0595,3.9142,6
784935,158021,553142,122.783,5.9159,1
786184,554047,730355,34.1858,3.6503,1
786270,554101,557503,123.5071,3.3708,4
786368,533996,554178,78.6179,2.9889,1
786624,554368,694278,232.6134,6.5977,1
786661,549988,554395,76.1249,4.0233,12
786662,554395,557166,32.6956,3.5348,12
787242,554792,557895,30.0259,8.2653,3
787629,555077,557083,19.105,3.3839,7
788991,544804,556029,175.12,4.2321,12
789095,147910,556100,338.3256,4.8139,5
790323,556995,743238,156.8341,3.1796,1
790441,557083,738207,48.6438,3.8028,7
790559,557166,740780,110.3827,4.6312,12
790565,457845,557171,6.866,41.0487,52
790566,557171,574767,31.0798,37.1932,23
790569,478684,557173,125.6512,4.241,9
790570,557173,572989,86.0284,4.9338,9
791043,557503,570476,113.1503,3.6795,4
791574,557895,593243,373.5366,7.2715,3
792549,558576,727783,94.4863,3.2975,1
793134,458727,558998,16.1245,2.618,1
793350,559139,737414,39.8065,10.5779,5
793388,502785,559167,453.6839,9.0848,1
793389,559167,569247,64.5514,9.6478,1
793518,559263,559806,110.5351,1.9841,1
793858,154961,559504,44.7052,3.6213,1
793912,559546,735718,124.7152,3.6427,1
793913,559546,740141,160.9613,3.5616,1
794252,548338,559787,109.5901,2.618,1
794253,559787,572572,84.7467,3.5616,1
794280,556995,559806,22.0454,1.9841,1
794776,560174,752576,100.4988,2.2802,2
794886,200003,560251,691.6537,4.9338,7
796026,561059,741410,174.4888,4.7361,1
796027,561060,740141,26.9671,3.1583,1
796405,548602,561327,91.8077,6.9596,1
796407,561327,578752,50.4314,5.0198,1
797031,158350,561747,58.9774,7.6755,1
797376,166269,561987,174.8476,5.9713,1
797444,562030,587982,179.4916,5.3183,1
797445,461297,562030,141.8516,5.3735,4
797683,148869,562194,68.9436,5.7913,1
797684,561747,562194,49.5356,7.8589,1
797780,562258,733713,18.9492,3.3708,1
798962,543714,563086,54.8077,4.9286,3
798963,463313,563086,123.7695,4.2976,3
798977,160692,563095,104.6821,4.4068,1
799356,563367,580053,57.0429,2.5,1
799487,456000,563462,29.2176,4.7408,1
801028,553573,564557,216.5202,5.1926,3
801030,564557,578771,49.7036,5.0,3
801320,564756,572139,61.0551,5.0196,2
801761,565073,745638,45.6971,6.117,1
802006,565257,736800,31.209,6.6516,1
802022,440114,565272,190.1191,19.3314,8
802023,565272,616481,179.4414,3.7361,1
802339,565481,741443,8.4656,4.0941,1
802340,565481,742650,213.6048,4.3528,1
803028,554047,565969,176.0966,5.5527,1
803398,566229,743694,21.6564,2.7247,3
803483,566293,740495,42.4722,4.2976,1
803913,566600,741213,22.6719,3.3708,1
803914,566600,743238,35.2281,3.9324,1
805148,360950,567476,117.2144,3.6056,1
806036,565257,568100,47.9375,3.8378,1
806037,568100,747607,204.1911,4.3509,1
807321,156388,568987,56.8683,3.0,1
807920,569399,740389,68.0931,7.3104,1
808093,569516,569519,64.6375,8.6099,1
808097,569519,571708,44.9333,10.1518,4
809433,570476,745495,39.2669,3.9822,3
811129,571708,572148,19.5192,8.2434,4
811757,163847,572139,41.9603,5.5076,2
811769,572148,583144,159.0031,9.8639,4
811813,160526,572182,50.04,7.3079,3
811911,572250,757323,60.685,7.1734,1
812118,572392,573815,13.0384,4.1829,1
812559,166821,572706,71.1196,5.7878,5
812601,572732,758451,127.8211,10.7923,1
812602,572732,752497,63.7539,8.3973,1
812950,572989,578631,13.5728,5.3218,12
813336,179678,573265,275.0503,4.7541,4
813485,436556,573378,258.6456,6.4419,1
813487,573378,574242,3.9581,7.2715,1
813554,573426,791318,117.2035,6.669,1
813735,573549,580946,42.9418,3.5811,4
813771,573575,748632,14.1421,3.4042,1
813772,573575,760584,73.8053,2.7247,1
814081,565073,573791,90.2275,5.465,1
814082,573791,583111,72.1457,4.4203,1
814417,570476,574036,30.4302,4.4707,1
814418,574036,758106,42.8473,3.7913,1
814691,289464,574238,124.3186,4.2523,1
814692,300452,574238,96.4653,4.0941,1
814873,574367,738207,72.8392,4.2361,3
814874,574367,751729,29.1757,4.3574,3
815435,563462,574767,113.2872,17.3155,23
815867,575075,754513,14.3527,8.4495,1
816090,572572,575229,84.0833,4.3528,1
816323,572182,575390,30.4193,8.744,3
816421,569247,575459,51.6077,8.6533,1
819095,163842,577386,3.448,6.7371,1
819493,162909,577675,100.2449,6.2747,1
819494,164961,577675,21.7265,5.1875,1
819616,475051,577759,223.7176,2.2361,4
820492,578374,754999,81.4118,3.3708,1
820834,466386,578631,71.4773,4.0306,12
821478,162168,579102,41.9603,5.8807,5
821707,571511,579274,129.9115,5.5468,1
821869,579391,589947,68.1616,5.1636,1
822416,579770,766102,108.9036,4.3574,1
822773,574284,580030,37.9539,9.1089,1
822799,580053,588712,47.6422,2.7247,1
823070,580249,586017,41.9285,4.6708,2
824050,580946,596006,106.1838,4.0616,4
824340,568987,581156,75.2957,5.0,1
824835,581515,587766,106.4654,5.381,2
824906,579274,581571,14.6097,3.4632,1
824907,581571,589541,46.1844,3.2975,1
825042,581662,584566,23.1135,3.6675,1
825043,581662,612551,60.1017,6.0495,1
825076,581683,601277,121.1991,3.0956,2
825077,479975,581683,139.9893,3.3461,2
825137,581721,763051,113.1386,10.0277,12
825138,581721,763056,113.399,8.6204,12
825196,578752,581766,85.5447,3.285,1
825197,581766,599607,140.9293,3.9324,1
825708,582131,593814,187.5592,4.4068,7
826162,582466,584802,15.0672,4.7182,5
826461,581156,582671,25.7962,5.9495,1
827124,583144,772629,103.2793,14.8493,4
827354,172928,583304,139.8507,3.7913,2
827355,170290,583304,100.8789,4.7408,2
827379,583319,761852,10.6301,6.6472,1
827380,583319,765847,84.7624,6.8571,1
828388,584046,586016,23.4307,4.1069,1
828452,584088,771939,297.2416,4.5247,2
828507,582828,584126,31.209,7.8369,12
828508,584126,764704,193.4681,8.779,12
829061,467867,584521,10.3118,2.4142,1
829123,467728,584566,11.4018,1.9841,1
829449,572706,584802,227.0158,4.7182,5
830112,182093,585297,155.033,5.7002,1
830173,585338,589895,72.0417,4.0616,1
830174,585338,588952,57.2008,4.6926,1
830282,167715,585413,18.7439,4.7408,1
830283,585413,597470,126.1617,4.5708,1
830552,440114,585612,165.4102,17.9613,10
830553,585612,587519,22.2061,1.5731,10
831142,586016,758106,49.708,3.3708,1
831143,586017,588383,19.6469,4.1829,2
831250,168844,586094,68.0604,5.8541,1
831511,470807,586285,61.3533,3.6056,1
831536,586302,587355,264.7622,3.2321,1
831654,163847,586379,63.4849,5.465,2
831656,586379,593291,68.6642,5.4155,2
832723,587121,599003,47.1825,3.217,12
832821,587189,769893,59.4278,3.7606,2
832826,587195,587579,10.6354,4.1829,1
832908,587251,589705,163.3172,6.0622,1
832909,176690,587251,90.9524,9.1868,1
833062,587355,771757,194.9239,4.0233,1
833275,469813,587519,19.6893,2.5779,10
833282,580030,587524,100.9922,5.6368,1
833283,587524,595570,440.6604,5.3301,1
833348,587564,587572,44.4575,3.7913,4
833360,586285,587579,58.2275,3.8643,1
833517,587695,587696,36.0555,3.6736,1
833618,587766,607494,191.329,5.2617,2
833686,587254,587813,333.3002,3.9495,1
833687,587813,770663,40.4391,3.7361,1
833689,573815,587816,106.5692,3.9324,1
833690,587816,609019,272.0165,3.9921,1
833827,461103,587911,54.1387,2.9208,1
833829,472470,587911,46.2709,3.6056,1
833906,475051,587970,91.0415,3.618,4
833920,470804,587982,38.2347,3.7361,1
833997,588035,756873,253.9529,17.1464,3
834943,588712,606135,63.7617,2.9568,1
835213,199497,588901,68.5703,6.2696,1
835501,469644,589109,37.5751,4.3301,7
836093,589541,595447,48.9194,4.9181,1
836174,536995,589597,521.2734,3.9822,1
836353,170207,589725,24.5153,4.9338,1
836354,589725,589895,72.417,4.1231,1
836551,589870,757323,93.7052,6.172,1
836582,174233,589895,73.855,4.1231,2
837017,466355,590196,61.1174,3.1583,1
837120,587189,590273,59.3801,3.1795,2
837121,590273,593054,67.7495,2.4142,2
837163,590303,761881,89.061,2.7369,1
837298,590398,591456,13.0894,3.3028,1
837376,587195,590451,8.4918,4.1829,1
837377,468328,590451,63.773,3.8643,1
837509,587696,590552,74.6927,3.8643,1
837569,590594,767124,13.4371,2.7763,1
837570,590594,770461,29.6818,3.1583,1
837785,590758,766924,16.5915,12.4446,1
837786,590758,598422,39.37,8.5415,1
838559,470469,591300,51.4684,2.5322,1
838560,591300,594349,24.2051,2.618,1
839141,186728,591711,286.7978,4.8002,1
839142,174318,591711,73.8986,4.3969,1
839329,591846,756873,375.0729,18.1714,1
839540,588952,591993,20.4273,4.8139,1
839720,174462,592117,46.9988,3.7025,1
840674,592812,770025,29.0842,1.9318,1
840727,175027,592852,150.4306,5.1881,1
840728,175481,592852,33.6656,4.6289,1
840744,592864,763056,138.6915,10.3176,11
840885,591846,592969,45.4423,2.7321,1
841004,593054,605293,153.8863,2.9142,2
841263,593243,611144,159.0087,6.5311,3
841715,593548,596492,47.9088,4.4155,1
841716,593548,595337,215.6924,4.4155,1
842071,177572,593814,74.0788,3.9324,7
842735,594291,604997,51.1957,3.3028,3
842864,594379,595905,43.1303,5.6541,1
843256,594659,769349,32.596,3.7025,3
843595,594904,599304,100.3843,1.8251,1
843757,582131,595020,127.4559,3.4632,7
843759,178577,595020,34.5591,3.4632,7
843989,595182,771745,13.7316,2.0811,1
844219,595353,772223,8.2462,2.4392,1
844293,465353,595410,89.0112,5.1881,1
844436,167234,595510,105.0397,3.5348,1
844529,595570,597025,232.9769,8.5134,2
844530,179355,595570,42.5127,6.201,1
844546,595581,606137,45.5396,3.0811,10
844735,595710,768191,33.1009,1.4142,1
844974,595870,595975,74.5423,4.4954,1
845021,595344,595905,28.9002,4.3969,1
845121,175542,595975,71.1571,4.9651,1
846229,596765,596774,14.0198,2.5811,1
846244,466355,596774,21.4398,3.2394,1
846548,476295,596980,152.9248,3.217,1
846591,597009,769249,51.3369,4.1623,1
846611,597025,615490,293.7189,9.031,2
846708,597090,775188,134.2196,4.0035,1
846905,597226,771721,41.5772,3.8643,2
847939,597226,597981,6.9282,3.8643,2
848441,598345,598458,17.7828,15.3464,1
848442,598345,600806,63.5444,12.2998,1
848681,595182,598519,25.3969,2.8059,1
849151,594699,598859,50.8247,4.999,1
849196,594659,598887,35.3695,3.1623,3
849639,588901,599199,50.636,6.6571,1
849640,599199,611184,27.0924,7.2417,1
849781,599304,599744,28.2489,1.7071,1
849787,471917,599308,4.6971,7.2355,1
850221,591456,599607,28.1252,3.8643,1
850228,468328,599611,28.6124,3.6736,1
850418,598519,599744,42.19,2.2247,1
850425,599750,600781,33.2699,3.5616,7
850678,575390,599928,256.4454,8.5607,3
850679,181985,599928,47.7703,5.1875,3
851299,180013,600399,9.206,8.5166,1
851300,600399,600806,26.9088,10.4385,1
851347,597981,600430,19.0263,3.8643,2
851349,600430,781252,37.833,4.0616,2
851842,600781,602387,64.5375,5.6323,7
851856,600792,601822,5.1962,4.7856,1
852089,176361,600965,58.6428,4.0941,1
852329,595510,601135,49.8799,4.2321,1
852526,481990,601277,104.9121,3.8708,5
852665,598422,601372,58.112,4.2321,1
853123,180226,601685,9.1139,3.8643,1
853321,601822,612652,55.4707,5.2421,1
854124,183313,602387,151.8331,6.6529,7
854155,601907,602407,34.9708,4.4495,1
854246,478650,602468,36.4448,6.358,1
854439,602605,617877,38.5991,2.3428,1
855344,482003,603268,152.5243,3.1796,7
855433,180369,603331,169.9559,4.0503,1
855523,588383,603397,95.5301,4.511,2
855986,603725,777671,42.3357,4.0233,1
855987,603725,611081,53.1037,2.8501,1
856165,602162,603855,11.4891,3.8228,1
856433,604043,607355,100.4854,5.5649,1
856445,603397,604051,43.2897,4.4495,2
856670,604208,607579,60.0555,3.6056,1
856710,604234,616859,120.5404,4.2737,2
856850,481828,604333,53.3635,6.0766,1
856946,185329,604410,36.0262,5.3617,1
857035,589870,604474,177.8932,3.9324,1
857036,604474,611965,96.0469,4.4068,1
857218,604603,619020,82.4662,3.7055,2
857219,475171,604603,11.2842,2.9142,2
858193,605293,618373,110.1771,2.618,2
858208,605304,778977,59.8637,5.4376,1
858449,575459,605481,234.9802,9.4919,1
859017,603855,605883,13.6748,5.2907,1
859371,477430,606135,67.1607,4.2321,1
859374,484373,606137,154.5937,2.6992,10
859603,605883,606306,8.0623,5.6081,1
859604,606306,779906,7.8102,4.977,1
860031,606600,606791,114.0219,3.5616,1
860191,606718,789222,128.3524,2.9873,1
860305,606791,781367,39.9249,3.3708,1
860453,606718,606900,16.5831,1.866,1
861131,183244,607381,32.619,3.5675,1
861172,607409,612652,115.1347,6.8157,1
861173,607409,781831,16.2674,8.5106,1
861288,607494,608067,9.0156,6.4363,2
861380,181376,607565,74.5878,6.1551,1
861399,185065,607579,143.9729,3.3839,1
862033,608067,613305,46.1871,7.2592,2
862110,475310,608129,54.9181,4.2913,12
862205,608200,609884,123.9019,4.458,1
862235,186758,608227,26.2488,4.511,3
863874,609387,613508,92.6188,5.6583,1
863953,187726,609447,77.3886,5.2386,1
864210,185635,609636,117.3565,3.6056,1
864303,609700,610573,10.1249,6.1596,1
864341,609725,803309,131.8054,6.0467,4
864379,186724,609750,16.8984,5.9051,2
864395,606749,609760,14.8997,4.3589,1
864396,609760,621206,77.3628,5.4198,1
864856,608931,610082,86.0157,6.2149,1
864894,610107,782934,4.714,9.7947,4
865005,609387,610184,36.7813,5.4989,1
865481,186682,610521,39.3644,3.6736,1
865550,610573,614901,167.2613,5.9402,1
865983,604333,610877,105.6409,7.5148,1
866264,611081,787469,38.7607,3.4093,1
866348,187553,611144,26.5895,4.7361,3
866408,208369,611184,88.7374,7.1401,1
866440,610877,611208,6.7495,8.0617,1
866518,611263,777521,198.0987,2.3428,1
867422,611910,614334,51.697,5.6506,3
867988,611208,612314,17.3365,8.4495,1
868293,599308,612533,118.5892,6.3226,1
868322,475259,612551,18.8783,6.7016,1
868397,612608,620760,181.3395,5.3866,2
868807,612902,615198,70.443,4.2523,1
869368,613305,625514,104.5679,7.4051,3
869571,613450,780803,128.8924,4.5392,1
869663,183987,613508,59.449,6.1795,1
869778,613586,614010,32.4041,5.1636,1
869938,609419,613698,78.3638,2.8501,1
869939,484923,613698,72.7347,2.9208,1
870302,613960,615490,43.383,10.2791,2
870303,613960,620105,67.6123,10.0682,2
870375,614010,617216,18.6309,6.0662,1
870627,613450,614193,4.3589,6.3121,1
870628,614193,617658,17.2916,4.8541,1
870820,189364,614334,38.7517,6.5636,1
870821,189458,614334,24.0214,6.895,4
870824,614336,616556,19.3506,4.5634,1
871950,188960,615134,9.4458,10.6892,1
872034,188108,615198,95.3135,4.0941,1
872214,615326,649388,280.4538,6.0402,7
873230,466426,616042,61.8749,2.7247,1
873256,616060,786620,69.491,3.285,1
873257,616060,791056,76.5053,3.7594,1
873281,190787,616077,25.1241,7.3478,1
873837,483424,616481,39.5839,3.2321,1
873937,191735,616556,94.3681,3.452,1
874249,616786,640290,53.6843,7.255,1
874344,616859,621919,27.4408,5.521,2
874347,596006,616862,113.0177,4.1231,4
874348,616862,630811,99.1464,4.3528,4
874869,193428,617216,71.3746,5.8962,1
874933,476745,617263,34.5286,3.1796,1
875487,617658,795632,72.1249,4.2386,1
875785,479504,617877,46.4579,3.2247,1
875896,470525,617957,156.6287,7.2911,1
876824,615505,618642,21.9545,11.4161,1
876825,618642,646771,191.1361,11.2311,1
877245,479310,618940,24.3379,3.6795,1
877283,618964,626472,49.8498,3.7199,1
877358,478684,619020,4.2817,4.4707,9
877420,619069,620905,42.5206,3.7025,1
878014,619491,620671,11.1803,4.9723,2
878484,191683,619830,8.3865,12.4696,1
878710,619988,790682,32.1697,2.366,1
878870,203950,620105,146.8173,8.4447,2
879055,482465,620234,63.4823,3.1583,1
879086,602407,620257,152.9106,5.3218,1
879703,609884,620695,73.5298,4.5392,1
879704,620695,628834,90.6729,4.1792,1
879799,620760,645342,223.763,4.8947,3
880008,618373,620905,74.92,3.2394,2
880102,599991,620974,19.9053,4.1078,1
880103,620974,621403,15.8219,3.1583,1
880407,621206,621440,256.634,5.979,1
880727,621440,791898,6.4464,6.5465,1
881093,476295,621718,47.0886,2.9208,1
881384,621919,802217,66.4003,6.0688,2
881784,622199,631323,59.4138,5.5649,1
883739,604997,623598,149.8599,4.2523,3
883819,619491,623655,42.3438,5.1939,2
883820,623655,809596,172.6477,4.5414,2
886029,619657,625272,61.7171,6.8596,1
886372,625514,646994,214.4994,7.0355,3
886631,199265,625703,74.7895,9.2195,1
886632,195432,625705,6.1373,9.2447,1
886633,196726,625705,69.8164,8.0711,1
887704,194815,626468,29.8747,7.4725,1
887708,626472,638744,77.8909,4.1078,1
888949,627343,627515,8.3066,5.8723,1
889063,627426,632065,38.6911,4.9286,1
889163,627499,794665,27.0411,2.7369,1
889187,627515,629363,26.1746,7.3012,1
890081,621718,628155,17.9011,4.9259,1
890298,300726,628309,30.9444,4.8139,1
890299,628309,641867,13.6748,5.8941,1
890813,628687,668408,58.1893,3.1463,1
890990,496365,628819,99.0618,3.7361,1
891013,628834,633214,76.6065,4.8341,1
891083,196726,628884,21.4476,7.3852,1
891084,197197,628884,6.3509,8.5863,1
891605,504312,629268,73.5,4.1815,1
891733,629363,637220,86.8018,8.0761,1
891781,479185,629396,51.8652,5.0838,1
892675,197197,630031,20.4015,9.3249,1
892961,630235,630490,99.9455,6.4778,1
893312,81449,630490,53.9351,5.6671,1
893564,630678,635089,26.0416,3.9496,1
893759,630811,638741,203.9436,3.7055,1
893760,630811,799725,9.8939,4.6365,3
893993,488017,630971,71.1337,2.9889,1
894000,630971,630977,9.8036,3.6736,1
894203,489583,631112,79.2927,5.1421,1
895565,629479,632063,27.5318,3.9903,1
896863,620234,633007,41.5291,5.0,1
897168,633214,636954,57.2835,4.2976,1
897505,619069,633450,112.7253,3.8724,1
897998,632710,633804,51.4306,4.7541,1
897999,631885,633804,14.1618,3.8643,1
898411,54869,634095,66.448,3.2394,1
899785,635089,640048,30.4102,5.3735,1
900444,635577,793521,126.7105,5.9545,1
900941,635928,798964,49.1257,4.2976,1
901148,194069,636070,142.8538,5.4379,1
902396,200363,636953,138.1835,6.7237,1
902397,206272,636953,210.4614,4.7541,1
902398,636954,647665,84.1515,4.3528,1
902447,493512,636992,27.6988,5.3779,1
902760,637220,654324,213.49,9.2749,1
903752,631820,637924,31.9061,9.6478,3
904110,638181,639566,84.509,3.3708,1
904128,202136,638196,23.7627,9.4051,1
904909,638741,804914,51.4522,3.285,1
905608,639233,648519,75.4387,4.1231,1
906080,489474,639566,113.9966,4.5634,1
906102,639581,653907,104.6716,4.4867,1
906750,639233,640048,10.3709,5.1438,1
907104,640290,663174,21.6333,6.4026,1
907239,489429,640377,290.5498,9.1904,2
907316,631885,640434,108.4316,3.217,1
907317,489186,640434,17.4571,3.4142,1
907336,483810,640452,51.8941,8.8054,1
907337,640452,658745,57.6281,7.9057,1
907456,489532,640537,94.2271,8.8492,2
907457,640537,663184,106.2266,8.2569,1
907692,635577,640703,48.3632,6.7129,1
908520,485045,641290,192.1012,7.2386,1
909230,501681,641787,116.4918,2.639,1
909884,628687,642252,59.2115,4.0233,1
910463,642662,654197,208.8181,5.2631,1
910464,642662,820296,236.6634,4.8599,1
910622,642787,644886,99.8098,7.7889,2
911263,643220,798834,83.908,6.5465,1
911384,643297,802693,34.4561,5.5317,1
911439,643331,666885,364.9878,6.2386,1
912811,641109,644304,19.799,5.1519,1
912995,489583,644433,71.3536,5.3218,1
913157,490371,644552,18.5293,7.4159,1
913630,644886,811212,41.4447,5.5975,2
913921,643297,645096,15.2643,5.6317,1
914263,645342,647711,19.9958,6.0495,3
914531,645539,801689,63.2901,3.9142,2
914779,645723,651338,68.8549,3.6675,1
914824,208963,645758,50.2494,8.6221,6
915588,212133,646301,89.4707,3.7199,1
915589,646301,661074,125.6919,3.4611,1
915735,643220,646400,45.793,6.2264,1
915755,646411,658725,110.3189,6.5164,1
915782,207872,646427,16.8226,5.7358,1
915851,497775,646477,25.4034,2.8501,1
916598,220855,646994,243.9932,6.2741,7
917542,647665,671142,416.2937,5.2068,1
917608,206007,647711,59.072,6.5414,3
918053,205440,648041,79.829,3.3541,1
918685,648519,655108,43.7023,4.9338,1
919212,648879,653732,93.2702,3.2975,5
919213,648879,668005,90.3771,5.4198,5
919251,648906,656377,109.4181,5.3779,1
919253,648906,652747,36.3125,4.6111,1
919760,649271,655407,31.9392,6.937,2
919926,491362,649375,56.2435,3.5616,1
919935,649382,670953,109.689,2.5322,2
919942,247259,649388,625.9618,5.7865,7
920368,649691,655010,53.2812,5.1083,1
920427,649731,652090,56.0744,3.5675,1
920959,629169,650104,142.8892,5.8549,7
920960,650104,664535,171.2461,5.7604,7
922050,646427,650874,100.4689,6.4128,1
922370,642102,651090,41.1582,5.4582,1
922730,651338,814346,24.7162,5.9036,1
923705,652053,814346,9.6896,4.9352,1
923706,652053,816257,51.0161,2.6992,1
923758,650874,652090,21.5329,3.8566,1
923966,496365,652241,33.4215,3.8452,1
925025,649375,652998,56.201,3.7199,1
925042,653010,815569,10.7275,6.5465,2
925530,644433,653363,30.8419,5.1083,1
926313,211536,653907,4.1533,6.03,1
926453,654017,744204,35.3491,6.1911,10
926723,654197,656515,74.2226,3.7199,1
926885,501446,654317,105.0699,2.9954,1
926894,216037,654324,133.8992,8.8541,1
927835,655010,677809,155.7252,4.4155,1
927976,655108,658402,56.0952,4.9338,1
928236,652998,655273,136.1527,4.7405,1
928343,655344,815592,37.2693,5.365,1
929317,656044,816753,9.6209,1.8251,1
929358,640703,656074,153.6652,6.7129,1
929779,656377,657341,22.8668,5.3284,1
929954,656496,668321,112.9015,4.2386,1
930484,656868,674259,75.6843,9.5802,1
930952,657215,663815,84.6699,2.9954,1
931127,657341,658725,42.432,5.8541,1
932007,657970,813623,54.3538,2.9495,1
932008,657970,658707,3.1623,1.0,1
932182,637746,658093,102.8806,5.2779,1
932222,654317,658126,58.4439,2.8059,1
932616,658402,661074,75.2987,3.8643,1
933091,507689,658745,44.5084,7.7721,1
933279,658126,658896,30.6951,1.9318,1
933426,493512,659006,54.0994,5.7865,1
933428,659006,673583,45.5733,4.958,1
933585,659118,817402,39.449,2.8028,1
934180,214638,659541,10.4563,6.2281,1
934439,659717,694278,95.2733,7.2218,1
934840,19998,659999,233.4888,4.7913,1
935092,660180,689904,109.5217,2.8284,1
935093,651182,660180,15.6844,3.217,1
935445,506819,660425,86.94,1.9841,12
935704,660613,680065,80.3724,9.3233,1
936121,227156,660920,175.0292,7.3903,1
937442,489185,661854,99.5155,3.6736,1
937443,661854,663375,27.4995,3.3028,1
937549,661931,810620,102.0668,5.2016,4
937552,661933,810098,186.7074,4.4495,1
937869,261288,662161,63.0714,7.5454,1
938560,645539,662670,121.0331,4.3723,2
938561,662670,666528,24.1868,4.7608,2
938905,662904,692658,250.791,5.8195,1
939280,575075,663174,79.0928,7.3024,1
939558,663370,666590,67.7975,4.6708,1
939559,663370,663372,24.9911,3.6213,1
939560,663372,663375,41.169,3.0,1
941051,56372,664439,121.1419,10.0826,3
941052,637924,664439,144.1249,9.0826,3
941198,664535,676911,97.4663,5.2907,7
941959,665090,807988,938.2848,7.713,1
942737,665624,672902,82.8553,2.8831,1
942962,504065,665782,5.5578,9.0819,1
942963,665783,686266,164.0091,5.3852,1
942964,665783,670294,215.5481,5.1421,1
943281,220459,666006,27.3922,6.1071,3
943689,656074,666298,99.3428,5.9545,1
943714,22077,666315,42.5428,5.3852,1
943715,666315,667715,20.1494,5.6506,1
943948,631233,666484,42.45,4.2816,1
943949,666484,757759,83.7019,4.2078,1
944012,41540,666528,90.4317,4.3028,2
945272,655407,667379,101.7016,6.2283,2
945273,512626,667379,158.182,4.4126,2
945325,667421,685410,141.538,4.148,1
945326,651090,667421,90.3659,5.0815,1
945611,664222,667613,27.3516,5.8028,1
945746,663815,667715,77.1816,4.5392,1
945774,667735,671671,244.569,6.1202,8
946724,36679,668404,152.2778,5.1083,4
946726,668404,674946,53.591,6.011,4
946731,668408,807848,477.8347,3.4758,1
946967,494699,668579,132.0778,6.5288,7
946968,512354,668579,74.7566,8.1533,7
947270,666587,668794,41.8844,3.2394,1
947271,666590,668794,53.2484,3.6675,1
947501,218790,668958,14.6363,11.3325,1
947502,668958,679339,63.1313,6.0138,1
947878,669214,670827,86.8159,7.9939,2
948299,300824,669517,39.8581,4.2321,1
948300,669517,738358,80.2371,4.6043,1
948460,669638,681567,177.7779,3.6029,1
948461,510834,669638,31.1319,3.3132,1
949411,14560,670294,57.8091,5.7282,1
949855,670605,806284,257.6112,6.0738,2
950180,511605,670827,217.5942,7.6533,2
950367,670951,675143,79.0387,5.8541,1
950609,231130,671142,291.639,5.0949,1
951363,222207,671671,51.517,6.0136,8
951434,665090,671721,153.0,8.4447,1
951435,671721,674884,142.8881,7.9155,1
951926,510834,672069,113.4225,3.0811,1
951927,512349,672069,37.1439,2.618,1
951929,220589,672072,27.1968,3.6213,1
951931,226100,672072,83.9663,4.8139,1
952331,670953,672377,7.1259,2.8284,2
952332,672377,699817,179.0785,2.8284,2
953087,672902,676375,25.1794,3.5291,1
953663,11587,673307,56.542,4.9338,1
953707,673338,676584,6.6332,15.6264,2
954849,30421,674138,12.9829,4.5616,1
954860,501301,674147,93.7372,8.0761,1
955017,511198,674255,22.8959,6.5892,1
955025,527591,674259,165.0202,7.7175,1
955260,59596,674430,95.4807,3.4758,1
955904,34977,674884,61.5982,6.953,1
955999,22482,674946,46.2781,6.9765,4
956007,35245,674952,17.7826,4.0941,1
956027,666885,674964,113.3441,7.7426,1
956028,223160,674964,7.157,7.5967,1
956289,675151,767567,141.3786,3.3708,1
956385,224805,675217,129.3833,5.3033,1
956386,228913,675217,86.5941,4.6365,1
956499,25010,675283,101.3361,6.9765,4
956783,512556,675480,153.0633,6.8541,2
957080,507689,675693,90.6201,9.9248,1
957678,666298,676113,128.5535,5.8208,1
957679,30145,676113,4.3589,5.4312,1
958309,675143,676557,75.4782,7.0,1
958451,674778,676652,62.7136,3.8724,1
958828,676911,693343,135.38,5.6081,7
958918,661931,676975,174.8085,6.0311,4
958961,676375,677007,4.2426,3.7417,1
959039,231184,677062,193.0924,9.0802,6
959540,22482,677438,50.1465,6.2838,4
959637,675650,677512,11.4164,3.618,10
959708,519139,677569,47.752,2.9954,1
961024,676557,678534,13.7278,7.0495,1
961025,678534,680565,72.7316,6.6115,1
961072,35246,678569,6.9687,6.3166,1
961073,49844,678569,88.4565,6.3541,1
961128,678609,685811,119.3105,6.7404,1
961129,678609,678610,51.1273,6.1558,1
961555,678921,680958,40.0194,2.2882,1
961556,515603,678921,67.2954,2.7687,1
961916,38714,679169,35.283,4.0941,1
961945,679191,683340,54.2955,5.8078,1
962345,24805,679482,45.4587,4.2523,1
962488,34977,679576,39.2003,6.7564,1
962802,679791,681730,47.1911,3.5616,1
962803,679482,679791,11.3578,3.3028,1
963886,674255,680565,62.9868,8.5897,1
965005,674952,681349,183.1639,4.1621,1
965069,56034,681392,79.9062,4.1829,2
965070,35346,681392,32.9343,4.2426,2
965281,668005,681552,64.846,5.3617,5
965282,681552,685548,19.9639,3.9241,5
965306,519279,681567,78.0377,4.3708,1
965379,56146,681617,53.9691,2.8028,1
965947,524954,682029,137.8066,5.1421,2
966055,516851,682102,14.8623,8.6221,2
966787,663184,682624,171.9076,5.1083,1
966788,521781,682624,41.383,4.9338,1
967141,231576,682867,108.2743,3.0275,1
967750,48006,683303,33.36,6.8522,1
967800,683340,691497,144.2706,3.6736,1
968054,683303,683510,30.282,7.8075,1
968956,684142,686608,35.8758,7.493,1
968957,684142,684150,5.6984,10.3811,1
968967,231482,684150,111.1597,6.7525,2
969076,225976,684227,41.7759,3.8724,1
969144,516355,684280,8.9256,4.5247,1
969179,684301,698979,128.8727,3.8534,1
969338,59594,684407,51.2582,6.1926,1
969339,679576,684407,120.0208,6.5822,1
969621,683510,684614,89.2244,7.1004,1
970237,513352,685063,26.5059,3.1796,1
970405,227333,685173,7.8951,3.0811,1
970722,14596,685407,109.0825,5.0378,4
970724,65638,685407,56.872,5.2175,4
970728,52362,685410,23.6784,4.8947,1
970934,634095,685562,50.0378,2.3428,1
971284,685811,688722,67.6196,6.1926,1
971611,686038,689243,32.323,2.118,1
971629,226100,686049,34.5141,5.521,1
971630,232442,686049,51.2922,5.3779,2
971649,686062,705128,77.8046,3.5937,1
971937,674430,686266,119.9208,4.1068,1
972525,516135,686690,109.11,8.6056,2
972927,679169,686961,50.4183,4.3528,1
972928,65535,686961,80.0076,4.6111,1
973335,684280,687265,30.9426,4.4707,1
973336,533777,687265,99.032,4.0941,1
974080,687791,689771,125.7975,3.3708,1
974081,687791,692492,33.4813,4.1069,1
974140,687832,701111,109.6773,5.9977,1
974898,685063,688353,113.497,4.7541,1
975369,38785,688688,66.9094,4.8442,1
975371,68237,688688,33.4664,4.2523,1
975415,686049,688722,91.0698,5.521,1
975833,689027,691866,26.8366,3.7055,1
976138,689027,689243,9.5745,2.4142,1
976315,71404,689356,61.6171,6.5701,1
976678,689606,704148,178.8935,6.5953,2
977395,74134,690115,113.0516,3.452,1
978985,685173,691251,32.9975,2.5811,1
979151,528866,691368,99.9366,6.0194,1
979333,691497,697484,100.005,5.5444,1
980202,302403,692104,300.0509,5.57,1
980214,526038,692115,44.5084,3.6795,1
980444,72075,692273,51.3639,3.217,1
980537,692114,692336,69.7655,3.7055,1
980677,692444,696126,81.585,5.2913,1
980678,692444,701489,66.4939,5.2913,1
980746,692492,693468,53.2729,2.9432,1
981003,692658,696505,15.9652,5.4428,1
981456,56037,692967,111.85,4.4495,1
981592,693056,709919,100.8954,7.2801,1
981997,693343,701386,48.6056,5.6081,7
982169,73502,693468,45.349,2.7071,1
982239,525583,693515,167.8366,5.0794,12
982391,693620,694403,156.9143,14.1226,1
982443,69443,693654,24.2081,3.3028,1
982700,674147,693838,186.386,10.1748,1
982702,693838,693839,91.3215,12.1585,1
982706,525899,693842,19.8074,11.7898,1
983228,694226,703267,79.2149,5.521,1
983251,694240,705593,125.226,5.9402,7
983252,243674,694240,163.9095,5.8941,7
983486,526336,694403,16.8745,12.3241,1
983966,64882,694750,120.64,3.4611,1
985087,41540,695535,143.393,4.5616,2
985121,524954,695559,69.455,5.1881,2
985122,695559,724826,225.1486,4.9747,2
985137,71607,695572,30.3699,2.8284,1
985655,695929,742605,486.5933,4.8002,2
985657,74132,695929,45.9239,3.5616,2
985664,693654,695933,115.7454,3.0275,1
985769,696006,696505,86.6987,4.2523,1
985770,238271,696006,83.3507,4.5708,1
985928,696126,715870,257.5664,5.1636,1
986100,696243,704344,94.8789,3.8534,1
986101,696243,698441,15.1658,3.6029,1
986509,696514,704192,87.7325,4.0941,1
986510,694944,696514,23.2594,4.3528,1
986526,692273,696527,36.565,5.1559,1
986910,695572,696803,37.1618,3.5355,1
987610,697288,710402,66.4756,6.9873,4
987894,696527,697484,12.4499,7.4833,1
988076,527667,697618,3.448,4.0503,1
988575,85601,697978,35.8961,4.1829,1
988868,528890,698196,5.8214,5.8735,1
989203,694944,698441,33.7935,3.9324,1
989976,698979,702686,54.9075,4.6213,1
990058,77207,699038,31.0143,4.899,1
990066,517990,699042,144.6859,9.7025,1
990067,532151,699042,19.485,10.6301,1
990983,113914,699668,103.8295,3.0616,1
991004,72080,699679,38.313,7.5426,1
991197,699817,702570,23.8374,2.9142,2
991575,62521,700072,186.0558,4.8206,1
991576,76714,700072,12.8019,3.0725,1
992624,700807,725086,197.3915,6.8093,6
992866,699679,700968,9.3808,7.7776,1
992867,104178,700968,61.5977,8.8155,1
993063,536273,701111,69.5573,4.953,1
993252,689904,701248,46.7654,3.217,1
993441,235352,701386,12.3423,5.1926,7
993586,701489,718156,135.1646,5.5317,1
993770,701611,706553,137.7554,5.1438,1
994424,83523,702080,22.4178,3.2863,1
994468,82182,702109,7.5203,5.7007,1
995148,702570,709986,35.294,3.0,2
995261,531184,702654,50.891,2.5,1
995262,701611,702654,51.2651,4.5822,1
995318,530250,702686,21.2289,4.6213,1
996173,97701,703267,48.0798,5.3284,1
996358,703397,708553,40.374,5.8012,1
996406,703431,704344,28.4429,3.5355,1
996434,91956,703452,59.3352,4.6094,1
996838,691251,703746,92.9698,3.3452,1
996839,238621,703746,49.8954,3.7594,1
996954,109473,703824,67.1143,3.6795,1
996955,682781,703824,183.7172,3.0,1
996957,235838,703826,11.9024,7.4161,1
997412,531424,704148,123.1323,5.8166,2
997468,702080,704192,24.4949,3.0275,1
998046,534568,704593,5.7735,2.2361,1
998547,534563,704935,51.1031,5.0838,1
999475,240728,705593,161.4555,5.6541,7
999851,705870,708663,70.6965,4.8139,1
1000194,684227,706104,85.325,3.3839,1
1000405,536190,706253,13.6137,3.8643,8
1000824,675693,706546,532.9883,9.3771,1
1000825,527443,706546,95.9126,5.1801,1
1000832,534563,706553,59.4166,4.4068,1
1000879,85601,706588,37.1734,4.6111,1
1001088,534425,706731,52.7752,5.2238,1
1001302,706873,713382,82.8566,5.7446,3
1001460,99340,706984,562.58,7.3162,1
1002689,707854,713537,26.3439,4.4068,1
1003135,708191,721966,264.4782,7.0312,12
1003136,551636,708191,152.7107,6.3326,12
1003361,237428,708352,3.5434,3.8534,1
1003649,545366,708553,91.0144,9.3102,1
1003727,236645,708613,26.8887,4.4203,1
1003919,311101,708744,66.685,4.1231,10
1004162,237012,708917,47.9884,5.1926,7
1004345,535307,709045,76.3697,2.8284,1
1005068,237024,709550,14.0238,3.9681,1
1005579,709919,712002,106.8816,5.8761,1
1005610,709939,711931,273.119,8.7903,1
1005611,706984,709939,53.3479,7.241,1
1005683,709983,741900,277.359,7.0106,2
1005689,547367,709986,55.6796,3.0811,2
1005878,544517,710115,99.6126,6.201,1
1005966,543339,710173,46.7178,3.0811,1
1005967,537494,710174,6.2093,3.3904,2
1006295,710402,710403,3.6056,7.8102,4
1006471,710525,723708,231.6916,5.8941,3
1007609,710174,711318,64.1058,3.1583,2
1008596,706731,712002,67.5656,5.3983,1
1008856,135390,712187,220.2506,5.7661,2
1009556,525061,712667,170.2762,2.118,1
1009955,108874,712925,87.9937,6.9228,1
1009956,100738,712925,61.8915,6.5792,1
1012229,241362,714506,24.8663,5.5076,1
1012444,543281,714660,104.9153,2.6992,12
1012663,552943,714821,175.1654,5.5971,1
1012914,714821,715000,14.0679,5.3019,1
1013095,715128,715980,77.9957,3.8643,12
1013096,715128,716301,47.364,4.7541,12
1013166,87422,715177,90.4839,4.3708,2
1013167,128202,715177,75.8626,5.0,2
1013169,117044,715178,4.9329,6.2036,2
1013577,542131,715471,121.9954,6.9873,1
1013578,550674,715471,71.5185,4.4964,7
1014131,715859,726627,82.862,4.9936,8
1014145,714506,715870,62.8959,5.8303,1
1014751,548322,716297,104.2992,3.4611,12
1014752,541973,716297,31.9687,3.3028,12
1015024,716506,719409,120.9864,7.9169,1
1015157,538806,716601,139.5011,6.4774,5
1015158,552953,716601,153.5422,9.5394,5
1015213,714660,716640,121.6539,2.9954,12
1017347,544815,718111,5.6862,2.9142,12
1017348,718111,724864,73.6267,3.1463,12
1018219,718720,719626,47.9421,5.0822,1
1018237,198184,718731,45.1368,5.7899,1
1018665,248331,719020,107.1785,4.9839,2
1019186,543339,719400,68.9879,3.6427,1
1019202,559263,719409,65.6172,4.7923,1
1019507,545788,719626,30.0925,4.1795,1
1019644,83657,719726,86.3355,4.0761,1
1019645,129870,719726,18.1904,2.6992,1
1020502,115559,720333,46.9681,2.618,1
1020503,131780,720333,17.6257,3.6795,1
1021390,629396,720951,52.3843,4.6904,1
1022452,721685,723222,11.7473,4.9497,1
1022472,79301,721698,103.6736,5.6795,1
1022473,130921,721698,13.9403,5.9495,1
1022728,713537,721872,47.1381,3.9263,1
1023317,721685,722291,147.5568,6.03,1
1023993,559546,722759,89.093,4.2976,2
1024000,718156,722765,22.9909,5.3019,1
1024001,251533,722765,74.9177,4.2976,1
1024067,706104,722811,70.498,3.8028,1
1024068,250342,722811,62.3859,4.0616,1
1024688,723222,747507,200.6589,4.8139,1
1024745,548832,723260,41.5612,4.7361,1
1024746,723260,731488,112.1611,3.8944,1
1025041,723464,735057,80.7217,8.2063,2
1026948,560174,724826,76.943,3.6503,2
1027023,540243,724881,66.1484,5.4157,1
1027025,553907,724881,19.463,5.0124,1
1027303,260784,725086,194.4704,7.4275,6
1028634,125632,726042,75.08,3.0,1
1029823,726880,737456,80.827,3.5586,1
1029914,723651,726946,29.4788,3.217,1
1030813,545424,727567,98.4581,8.5149,1
1031253,717732,727872,139.8472,4.3509,1
1031401,284738,727964,27.311,2.8708,1
1031486,721872,728026,47.1805,2.9954,1
1032978,728026,729083,42.7434,3.4758,1
1033237,727872,729266,21.7332,5.2907,1
1033238,729266,738299,96.6977,5.0981,1
1033256,254806,729279,215.8757,5.0495,3
1033370,556029,729358,6.5574,4.0,12
1033534,558576,729469,53.1703,4.4155,1
1033711,257007,729596,113.169,4.872,7
1033713,239404,729598,65.5373,2.0811,1
1034117,84005,729883,48.8131,19.3619,1
1034804,730355,731094,5.4365,3.7055,1
1035838,731094,733713,16.5636,3.7913,1
1035849,727567,731101,42.0661,7.692,1
1035850,731101,736001,149.6269,5.8208,1
1036228,731359,735055,76.6942,4.4142,2
1036498,729083,731542,73.4983,3.5616,1
1036899,731846,798942,3.3993,3.0,1
1036904,250701,731853,18.5173,3.7025,1
1037580,732321,733392,5.099,9.0182,1
1037741,732440,811113,126.2933,3.0,1
1038282,731488,732820,135.4248,3.7199,1
1039077,731359,733392,23.3452,7.717,2
1039499,729598,733695,18.2652,2.6992,1
1040383,252901,734336,26.0056,4.1926,1
1040583,731542,734464,31.7805,3.5616,1
1041177,734889,747530,80.05,3.9637,1
1041856,733392,735377,13.6382,7.9185,1
1042354,735718,757035,119.9801,3.8172,1
1042742,561059,736001,21.9747,5.2386,1
1043477,736524,742424,105.9245,4.8599,1
1043478,131821,736524,79.6953,3.7025,1
1043732,732820,736695,105.3307,4.1829,1
1043733,736695,741443,80.4494,3.9241,1
1043876,561060,736800,76.4853,6.1304,1
1044490,283839,737220,5.7349,3.3839,1
1044764,569519,737414,103.7524,11.0873,5
1044826,576159,737456,96.4089,3.8106,1
1045354,157235,737820,34.0735,3.217,1
1045397,566293,737851,62.6711,5.1515,1
1045890,573549,738207,105.6688,3.5811,4
1046027,738299,740389,17.0294,6.0355,1
1046117,732268,738358,7.4833,4.6751,1
1046692,249848,738776,61.3967,2.618,1
1046702,563906,738782,9.8939,3.3708,1
1047077,718235,739055,96.6126,6.3546,8
1047078,243244,739055,63.3509,6.7774,8
1047240,152294,739162,7.6956,2.2361,1
1047405,314360,739288,118.5955,8.6533,1
1049149,740495,740882,33.6677,5.1438,1
1049404,738782,740679,24.9577,3.0,1
1049405,571161,740679,53.0126,3.5616,1
1049688,740882,741675,83.6203,4.7405,1
1050151,563906,741213,66.5039,3.3708,1
1050448,562258,741410,58.7651,4.1069,1
1050825,565969,741675,56.5351,4.9749,1
1051552,149160,742172,145.5354,4.1069,1
1051554,742172,746886,95.1315,3.6736,1
1052149,735057,742605,277.4509,6.6437,2
1052207,579391,742650,225.3032,4.3528,1
1052824,737851,743085,91.4598,4.7863,1
1052904,144581,743139,100.1898,5.4929,1
1052905,164565,743139,43.8216,5.0043,1
1053685,743694,759923,175.934,4.0495,3
1054449,311466,744204,113.7566,4.6856,10
1054555,167670,744275,52.0032,9.7355,1
1056313,745491,748632,22.4128,5.2617,1
1056320,745491,745495,19.2209,4.885,1
1056321,745495,748868,61.645,3.0275,2
1056526,745638,746413,11.1255,5.381,1
1056528,745639,746793,12.6711,4.9936,1
1057279,743085,746184,63.914,3.9324,1
1057280,570078,746184,3.0368,4.1829,1
1057593,745639,746413,46.3237,5.0517,1
1058135,570078,746793,13.9642,4.2426,1
1058263,746886,750616,44.2493,3.6736,1
1058438,569516,746999,69.9563,7.6174,1
1058439,746999,748597,10.5834,8.717,1
1058609,739788,747124,46.2817,4.1231,1
1058610,747124,755121,47.6025,3.4758,1
1059132,747507,771475,138.5821,4.872,1
1059161,162935,747530,4.4677,4.4203,1
1059279,572250,747607,48.6141,5.5649,1
1059754,164354,747935,10.3548,1.9318,1
1060500,748250,748467,61.3025,3.9324,1
1060555,139615,748509,126.5971,4.1594,1
1060741,739590,748635,42.7577,4.0306,1
1061034,748597,748836,14.5261,5.0083,1
1061081,748868,755438,41.7253,3.2863,2
1064477,579273,751261,72.8402,4.5708,1
1064535,742424,751303,76.909,4.3198,1
1064882,578374,751542,25.6363,3.7417,1
1064883,576159,751542,74.6094,2.9889,1
1065130,161604,751714,90.2601,8.3882,2
1065151,594291,751729,141.191,3.6213,3
1066238,752497,752815,150.8351,6.1644,1
1066357,752576,771721,126.2101,2.6688,2
1066671,164881,752797,47.8679,2.5322,1
1066693,579770,752815,109.8691,5.3183,1
1067053,753078,770837,157.829,11.8385,2
1067054,161212,753078,107.861,10.5311,2
1067948,187336,753699,140.1032,6.5927,1
1067950,753699,757841,109.4623,5.9402,1
1068158,256618,753846,20.2731,4.3528,1
1068563,754137,757347,72.5784,5.651,2
1069070,571161,754503,70.7319,3.5616,1
1069072,754503,769453,86.0865,3.0811,1
1069089,662161,754513,26.5707,9.1045,1
1069107,748250,754527,54.7449,3.9324,1
1069633,754898,757089,121.6594,6.5701,1
1069768,597090,754999,98.7415,3.1583,1
1070362,755438,756354,10.6927,3.4758,2
1071162,756003,770528,152.0413,4.511,11
1071369,753202,756150,19.6214,2.3428,1
1071696,580249,756354,35.836,3.9637,2
1071902,756502,757439,7.6811,3.7055,1
1072129,172075,756658,6.0828,14.5209,1
1072973,610107,756873,353.0576,20.7113,4
1073236,587254,757035,41.1893,4.6856,1
1073323,181079,757089,314.5757,7.9843,1
1073698,262214,757347,104.5428,4.2523,2
1073838,757439,760199,16.4012,4.5274,1
1074287,757759,811113,59.0424,3.1583,1
1074657,756150,758011,17.4929,2.4495,1
1074936,260541,758198,54.999,3.6736,2
1075579,579273,758637,20.0499,5.7956,1
1075913,586963,758868,58.0361,4.0941,1
1075914,758868,762061,44.0059,3.0275,1
1076396,759199,760151,21.6795,10.0927,1
1076860,569399,759534,327.8951,7.898,1
1076861,759534,765847,132.2846,7.2053,1
1077179,586963,759750,66.294,3.7055,1
1077435,759923,763550,42.049,5.5076,5
1077724,740780,760143,100.7869,5.2779,12
1077725,760143,762042,73.724,4.899,12
1077738,175347,760151,3.6912,12.3639,1
1077811,185176,760199,51.5558,5.1083,1
1078366,685562,760572,52.2069,2.639,1
1078368,262620,760572,59.9861,2.8284,1
1078387,760584,771231,78.0712,4.7016,1
1078786,759199,760860,18.0555,8.5927,1
1078881,177788,760929,48.7408,2.618,1
1079643,758426,761460,23.7908,10.6538,1
1079830,265942,761588,42.8563,6.437,1
1080176,575229,761835,121.5246,3.9496,1
1080177,761835,763549,37.4967,3.9496,1
1080204,751261,761852,73.3104,5.3218,1
1080248,584617,761881,34.8753,2.8708,1
1080485,585755,762042,152.7282,6.2244,12
1080513,762061,766476,45.8624,2.7247,1
1081049,584617,762410,19.9221,2.7321,1
1081986,763051,764704,307.4622,10.217,12
1081996,758451,763056,89.2244,9.5699,1
1082688,587695,763549,37.4017,4.1621,1
1082689,763550,774164,173.97,6.1596,5
1082955,268580,763733,30.4979,7.4244,4
1082956,763733,788524,219.5255,7.2662,10
1083490,584088,764117,47.5219,4.6365,2
1083491,620671,764117,211.9292,3.8724,2
1084619,582828,764843,159.7891,5.6457,12
1084620,585755,764843,81.4323,5.6457,12
1084654,764864,767700,54.0915,4.7182,2
1084999,193908,765113,63.1814,5.5649,1
1085000,756697,765113,57.4891,4.6926,1
1086245,201918,765980,121.6854,5.5649,1
1086439,759750,766102,99.0806,3.5355,1
1087029,766476,777671,111.3659,3.7913,1
1087049,332,766488,39.5727,2.2361,1
1087244,586302,766619,19.2094,3.3028,1
1088013,590303,767124,53.1434,1.9841,1
1088164,535593,767229,70.6266,3.4758,1
1088653,767567,789914,82.5086,3.0,1
1088841,767700,774845,40.981,5.2607,2
1089232,750616,767970,132.9549,4.5634,1
1089233,767970,768629,9.6954,4.1068,1
1089562,762410,768191,60.2001,2.4392,1
1089736,600792,768318,52.0631,9.4124,1
1089737,766924,768318,33.9166,13.5795,1
1090151,768629,781716,98.9242,2.4142,1
1090950,589597,769164,25.4209,5.381,1
1091069,595353,769249,22.5596,3.8694,1
1091222,588035,769349,53.8934,2.8284,3
1091842,769774,770236,3.9238,10.0948,1
1092029,759923,769893,75.503,4.1307,2
1092217,592969,770025,8.4196,2.2247,1
1092515,592864,770236,23.4107,11.9038,1
1092669,770347,785645,68.6821,5.8549,10
1092835,770461,775985,52.0562,3.5616,1
1092945,770527,775007,136.5451,6.3012,11
1092946,268700,770527,22.3024,6.7507,18
1092947,767560,770528,39.1095,4.6856,7
1092948,770528,787656,164.968,6.1237,4
1093153,594904,770676,32.0156,1.618,1
1093397,196266,770837,65.2968,11.3801,2
1093553,584046,770945,56.2292,5.2361,1
1093554,770945,780046,90.8984,4.118,1
1093950,601088,771231,39.9492,6.03,1
1094295,192626,771475,40.0083,4.872,1
1094488,597009,771614,13.5855,3.1213,1
1094665,592812,771745,72.6215,1.2071,1
1094684,771757,774132,122.9046,3.7055,1
1094724,590552,771784,36.2997,3.5616,1
1094725,603280,771784,176.2177,3.1583,1
1094954,771939,777786,70.3404,4.241,2
1094975,262345,771955,73.6312,6.2237,1
1095362,770676,772223,54.9768,2.2321,1
1095986,766619,772660,68.4389,3.5348,1
1095987,772660,777521,89.7631,2.8501,1
1096369,595710,772932,8.2765,1.9318,1
1096370,772932,773531,10.9345,3.516,1
1097188,758637,773509,220.3232,6.5465,1
1097190,773509,781831,124.1593,7.2598,1
1097303,589947,773596,264.5403,5.3723,1
1097639,773835,780736,65.7419,6.0329,2
1097687,606600,773871,124.0524,4.511,1
1098057,771614,774129,26.4462,4.3574,1
1098061,773596,774132,77.7077,3.9142,1
1098108,769164,774164,91.9233,6.4031,1
1099085,271422,774845,48.1179,4.4068,2
1099098,268219,774853,26.1661,4.3723,1
1099395,773871,775062,26.3523,4.2523,1
1099396,775062,779741,42.5154,4.8028,1
1099472,606749,775112,36.3727,5.9544,1
1099586,603280,775188,90.4759,4.0035,1
1099834,258676,775364,77.9573,3.8452,1
1099836,271658,775364,91.2542,3.4632,1
1100114,774129,775561,17.0962,4.1069,1
1100115,602162,775561,29.7041,3.0956,1
1100389,598887,775749,16.2652,3.3132,3
1100390,603645,775749,22.1861,3.5348,3
1100592,770663,775893,92.4052,4.2976,1
1100725,775985,778701,61.7351,4.977,1
1101552,592864,776562,314.0647,9.8992,10
1101553,774164,776562,122.4114,6.8758,6
1101554,609725,776562,69.0362,6.3668,4
1101767,776707,780976,51.4198,8.4186,1
1103222,192795,777733,11.0604,8.1707,2
1103223,200584,777733,35.0809,7.8657,2
1103296,604051,777786,115.5797,4.0616,2
1104579,775112,778701,163.371,6.6904,1
1104968,769453,778977,106.2732,4.7827,1
1105166,779125,780238,8.8634,1.4142,1
1106747,780238,780546,23.1702,1.8251,1
1107185,773531,780546,81.9912,3.4093,1
1107458,7671,780736,454.4986,5.2493,2
1107532,292494,780787,328.9311,9.3311,1
1107533,761588,780787,146.1388,8.1203,1
1107554,780046,780803,73.904,2.6992,1
1107698,601088,780898,44.7114,6.03,1
1107700,622199,780898,118.4518,5.8941,1
1107806,200481,780976,22.4796,7.2327,1
1107814,774853,780982,63.9844,5.458,1
1108056,601372,781153,48.6587,6.0332,1
1108057,615505,781153,47.4342,9.8012,1
1108210,604234,781252,124.6368,3.5811,2
1108373,775893,781367,45.9687,3.9324,1
1108719,278216,781593,64.5962,5.1636,1
1109799,782337,783285,55.7753,3.2321,1
1110371,271295,782748,13.9603,6.3079,1
1110372,272161,782748,14.1853,6.0992,1
1110644,772629,782934,150.0672,14.008,4
1110805,732268,783038,103.2505,3.9822,1
1111152,783285,786620,21.3905,3.6029,1
1111337,603645,783422,66.9154,8.9791,3
1111338,783422,785139,22.0807,13.7718,3
1111560,606900,783584,99.1912,2.4142,1
1111561,782337,783584,39.9068,2.9142,1
1111748,783712,808151,111.9198,4.9286,13
1113020,784580,800686,79.0506,6.024,1
1113045,214075,784594,61.3886,4.4155,1
1113442,605304,784870,149.1595,5.5527,1
1113820,616473,785139,39.7031,11.7432,3
1114532,272601,785645,3.559,5.1421,10
1116290,277887,786847,71.7937,4.9839,10
1116415,786938,789914,46.9006,14.2476,1
1116800,609019,787202,65.163,4.1829,1
1116801,629479,787202,169.3563,3.1796,1
1117085,779741,787388,55.4316,5.7386,1
1117086,618964,787388,19.0933,4.8002,1
1117205,627499,787469,52.4187,4.1621,1
1117208,787471,788795,8.3666,11.5483,1
1117236,196266,787497,123.3248,9.2431,1
1117237,222728,787498,232.0558,7.0386,1
1117238,787497,787498,26.3059,7.3247,1
1117507,275037,787682,63.5311,5.1627,4
1118093,269524,788098,32.9798,2.3654,1
1118199,761460,788177,213.9953,7.8904,1
1118200,227683,788177,130.0495,6.2696,1
1118454,312489,788358,16.4688,7.2963,32
1118714,269891,788524,119.708,5.4536,10
1118880,780982,788644,23.8537,4.7913,1
1119493,200753,789056,32.2025,4.7431,1
1119913,787261,789352,54.0956,4.6708,1
1120777,205056,789949,22.3582,3.0725,1
1121792,789222,790682,63.4919,3.6213,1
1122317,611263,791056,209.3121,3.57,1
1122731,788795,791350,61.6604,8.6968,1
1123520,784870,791898,223.2759,7.1245,1
1123620,276091,791965,95.9045,4.8947,1
1124147,273799,792323,75.7555,5.0,1
1124890,787682,792873,49.7407,5.4909,4
1124891,281486,792873,53.7587,5.1421,4
1125837,611965,793521,178.0147,5.4274,1
1126248,793826,811164,189.9974,3.1213,1
1127469,629738,794665,59.7206,1.366,1
1127793,616473,794882,63.3745,10.5097,3
1127794,631820,794882,28.9021,10.5097,3
1128864,791350,795604,146.3523,6.0552,1
1128903,795632,795634,72.9336,6.2741,1
1130066,793826,796430,27.5136,3.9241,1
1130424,218230,796666,36.6424,5.3284,1
1130425,414604,796667,578.2802,3.9324,1
1130426,796666,796667,85.8836,4.89,1
1131252,797230,811535,64.4826,4.7194,1
1131255,205529,797232,64.9897,5.262,1
1131352,211212,797294,16.6199,3.285,1
1131805,795285,797598,10.8628,2.8284,1
1133138,275621,798493,168.3003,4.1829,1
1133648,632063,798834,14.7045,6.5465,1
1133796,504312,798942,36.8273,3.9495,1
1133828,620905,798964,52.9402,4.3574,1
1133864,797232,798988,14.7986,5.4527,1
1134923,799725,804577,46.194,4.148,1
1135706,800249,813725,76.5963,7.2801,1
1136325,800686,807054,42.391,4.6158,1
1137594,797230,801567,45.5851,4.8894,1
1137774,799725,801689,116.8472,4.8452,2
1137966,795634,801824,62.6767,6.7371,1
1137967,801824,801825,3.6667,6.0738,1
1138531,802217,806284,23.2044,6.1127,2
1139231,801825,802693,12.5344,5.3218,1
1140095,803309,810620,42.1579,6.5557,4
1140468,803574,816263,140.5311,2.9873,1
1140655,642102,803701,36.1786,3.7606,1
1141088,279798,804003,119.2542,6.0202,3
1141089,278553,804003,12.9059,5.692,3
1141288,790998,804143,94.3551,4.5708,1
1141289,112554,804143,134.5866,6.0583,1
1141381,798493,804206,44.184,4.6111,1
1141382,804206,812089,79.042,7.1593,1
1141918,804577,814676,313.9124,2.9208,1
1142206,795604,804770,74.4983,5.4961,1
1142242,798988,804798,47.0744,5.2631,1
1142407,804914,813854,72.7538,3.8708,1
1142487,14157,804969,37.3237,3.7913,1
1143508,675151,805668,164.5669,3.5291,1
1144864,642787,806599,48.2688,10.1247,2
1144865,653010,806599,88.6954,10.1934,2
1145509,807054,810142,27.1477,4.7827,1
1146634,273507,807848,160.3309,4.1829,1
1146837,631323,807988,98.2683,6.7774,1
1147062,286134,808151,87.6141,5.1421,14
1147300,623598,808310,135.7647,5.5317,3
1147301,808310,817241,71.1185,5.2035,3
1148801,645096,809364,11.8996,6.5806,1
1148802,659486,809364,72.1083,6.5311,1
1149134,809596,811212,39.1706,4.1528,2
1149212,633450,809647,82.3907,4.4126,1
1149851,809647,810098,5.4263,4.5708,1
1150450,810526,820119,241.8781,4.7408,10
1150563,281117,810599,49.3634,3.1583,1
1151380,811164,816263,31.209,3.1213,1
1151386,221367,811169,54.7157,3.7913,1
1151387,224385,811169,55.4427,3.5,1
1151388,224385,811171,62.6649,4.6926,1
1151591,811171,811329,30.4302,5.0378,1
1151779,789352,811474,49.9288,4.6708,1
1151780,262944,811474,48.0058,4.4126,1
1152024,806424,811643,19.6638,6.2281,1
1152147,638744,811722,112.2497,4.2523,1
1152148,8531,811722,97.1082,3.6736,1
1152274,635928,811803,92.7793,5.9986,1
1152276,659118,811803,88.8125,4.937,1
1152652,811535,812077,4.3589,4.4665,1
1152922,803574,812259,53.6843,2.366,1
1152923,221367,812259,102.7609,3.7913,1
1154071,296189,813096,34.5044,3.5291,1
1154840,4932,813623,88.2603,4.3203,1
1154986,813725,818600,33.0,6.0895,1
1155163,656515,813854,90.5207,3.6583,1
1156375,674778,814676,167.5609,2.6992,1
1157023,332320,815131,92.8146,4.3708,1
1157164,812077,815224,31.3209,4.8947,1
1157678,14560,815569,103.3285,6.151,2
1157709,803701,815592,131.2347,4.0306,1
1158107,815873,816997,13.4866,5.1438,1
1158678,656044,816257,42.0314,1.8251,1
1159056,810656,816512,51.7977,4.5616,1
1159769,816997,819044,61.2617,4.4964,1
1159960,646400,817135,65.307,7.0283,1
1159961,659999,817135,16.3197,5.9655,1
1160093,816753,817212,10.0281,2.118,1
1160094,665624,817212,38.7728,2.2247,1
1160134,657215,817241,22.971,3.5355,1
1160354,815873,817402,79.1489,3.8643,1
1161202,817986,820119,15.7926,4.7913,10
1161735,42423,818327,85.4517,5.2631,1
1161736,812089,818327,77.0114,6.6713,1
1162128,661933,818608,10.8409,4.5,1
1162258,646771,818694,170.0633,21.701,1
1162259,818608,818694,101.4749,18.886,1
1162786,655344,819044,84.4249,4.3297,1
1163272,817241,819383,24.8663,4.3574,2
1163273,819383,820916,15.4236,4.0388,2
1163665,816512,819651,27.5862,4.9495,1
1163666,819651,821876,9.9499,4.7947,1
1164613,38763,820296,194.6866,3.8944,1
1164929,811643,820494,85.2115,7.3761,1
1165322,801670,820792,46.6813,5.1926,4
1166902,243880,821876,37.7705,5.4274,1
1166980,659486,821929,37.4299,6.3406,1
1167432,73361,822241,44.486,6.117,1
1167738,162238,822454,120.1644,5.1112,1
1167739,57841,822454,54.4401,7.5124,1
1167871,817986,822530,65.9679,4.7913,10
