edge_id,src,dst,length_um,radius_um,usage
8,7,365,17.7363,5.3229,1
429,287,327185,95.1753,5.1194,1
434,93,290,5.3275,7.5,1
553,7,364,15.1804,5.2035,1
594,391,641,10.8064,10.4093,4
975,641,316775,88.82,11.7681,4
1702,1120,319384,7.6305,12.9428,6
1944,1296,319973,5.9442,6.3541,1
2165,1458,670888,29.9054,6.3284,1
2418,1636,332584,104.5785,6.8759,1
2915,1996,283859,4.761,10.3218,2
3336,2319,236448,6.8232,11.5509,5
4064,2875,28146,107.6998,6.8301,1
4065,2875,316235,48.766,4.9495,1
4149,2940,4027,50.8822,3.4608,1
4150,2940,305440,32.5474,3.0956,1
4151,2854,2941,4.6904,3.6056,1
4817,3452,3453,7.0439,5.734,1
4830,3463,649027,86.862,5.8208,1
4831,3463,109331,79.2528,5.6317,1
6330,4597,5786,28.9175,4.0981,1
6331,4597,323246,15.0628,4.9433,1
6522,4740,307851,38.7879,5.5822,1
6653,4839,288731,35.7118,6.1926,1
6786,4932,50480,102.3811,4.216,1
7640,5549,9813,66.67,3.8643,1
7777,4383,5642,71.3653,3.217,1
7778,5642,6250,27.1846,4.0941,1
8263,5996,308657,48.2827,5.0495,1
8871,6440,329334,78.4049,5.2417,1
8872,6440,25502,41.9868,6.6139,1
8948,6497,310246,16.4688,6.7223,1
8949,6497,6850,38.5487,5.8761,1
9374,6821,310253,38.9087,4.1231,1
9415,6849,311191,42.1663,5.0815,1
9416,6849,6850,14.3178,4.0388,1
10109,7370,48922,108.4963,5.0368,2
10181,84,7420,31.4669,5.7748,1
10182,5549,7420,14.9944,4.7541,1
11109,8080,495278,71.1633,4.8452,2
11692,8312,8499,4.3589,7.0355,1
12003,8715,8957,26.7208,4.0495,1
12027,8732,315378,37.9678,3.6213,1
12123,6821,8799,68.0074,3.5616,1
12185,8715,8845,134.3652,5.2421,1
12206,8864,322610,6.549,12.2505,13
12278,8912,237600,3.2787,18.3576,5
12279,8912,105872,62.2415,18.0811,5
12342,8957,317730,63.9557,4.7404,1
12836,9331,10795,44.7661,3.5291,1
13278,9655,313968,135.1419,4.9338,1
13279,9655,317825,17.191,4.6596,1
13506,9813,9815,28.6744,4.0388,1
13509,364,9815,95.1449,5.3183,1
14338,8499,10435,50.2494,7.8075,1
14563,10590,323359,56.7685,4.7913,1
14965,10881,33536,63.4233,5.4218,1
15322,11121,318190,13.2916,4.9433,1
15867,11533,487030,98.5647,5.3983,1
16041,11655,818694,92.8081,30.2964,6
16042,11655,22486,17.2498,26.9105,6
16124,10795,11709,22.1359,4.3203,1
16125,11709,326378,54.7824,5.9136,1
16476,11963,317988,46.2877,7.3169,1
16601,12049,322811,9.2916,4.5247,1
17941,12996,27988,12.7727,5.0815,2
18144,11121,13144,46.7119,5.5468,1
18386,11963,13326,39.4715,5.9161,1
19409,14064,331056,63.1524,6.5463,1
19431,13326,14081,18.1934,5.1375,1
19432,14081,326403,24.448,5.0517,1
19497,14134,14709,16.5193,4.9839,1
19537,14157,171043,77.4858,4.7913,1
19602,14208,320670,102.521,6.8919,1
19603,14208,324717,25.4602,5.6541,1
20067,3453,14535,19.6885,5.1926,1
20289,14687,324140,5.1208,8.1542,2
20320,14709,322084,14.2595,4.9839,1
20460,14812,325047,92.8565,7.6174,1
20461,14812,15010,8.775,8.8318,1
20520,14848,331201,57.2509,6.0738,1
20738,14998,338284,221.5121,7.4736,4
20739,14998,321224,14.3047,7.5886,4
20755,15010,326324,27.7288,8.9159,1
21056,15225,237615,5.7735,4.5826,1
21305,15402,326099,20.4912,7.7568,1
21500,15524,40920,64.3345,18.2257,1
22343,16114,18085,63.7887,4.2976,1
23973,17285,327742,56.6863,6.8525,1
24303,17518,17700,37.0,5.5649,1
24341,17544,329988,7.8951,3.7199,1
24342,17544,332774,26.5957,3.5291,1
24561,17700,330680,10.8934,5.3852,1
24908,17285,17932,59.279,5.1515,1
25118,18085,332056,42.3386,4.6111,1
25120,18086,339385,62.9682,8.5149,1
26006,18709,38839,39.2159,6.5465,1
26818,19271,332623,27.9165,6.8206,2
26835,19285,331056,25.6428,6.2838,1
27245,19566,683992,83.9764,15.103,5
27598,19813,329577,75.7442,5.458,1
28451,20435,333712,44.3459,9.1077,1
29567,21224,672629,26.0107,4.0495,1
30004,8654,21527,47.4702,8.5086,1
30758,22077,77019,134.5119,6.4342,1
30953,22232,599036,68.8807,6.7654,1
31492,18086,22600,166.5923,8.8524,1
31506,22609,339409,23.1948,4.6751,1
31507,22609,24168,54.8544,4.6312,1
31544,19285,22638,73.5527,6.0738,1
31980,22945,341479,7.3409,8.2382,1
32121,23045,325873,8.5245,7.9169,2
33414,21527,23959,25.0083,9.4312,1
34382,22945,24634,80.206,7.7776,1
34764,24897,322811,32.9191,5.3417,1
34921,25014,33970,44.7702,6.0495,1
35033,22600,25089,64.0391,8.4853,1
35089,25128,26343,51.9038,10.5477,2
35710,25564,26015,101.5972,6.3121,1
36325,26015,26157,3.0,6.8896,1
36517,26157,27892,171.2484,6.4078,1
36520,25564,26159,41.7852,6.4221,1
36689,26279,345448,12.3288,9.0567,1
36690,26279,350045,24.5809,6.4803,1
36777,26343,354629,110.529,10.0499,2
36858,26403,344394,47.8214,5.985,1
36891,26159,26424,5.6569,6.3796,1
36892,26424,30031,60.3738,5.7439,1
37683,26975,27779,69.419,6.5945,1
38190,27338,27779,91.8695,5.8036,1
38191,27338,27640,19.4422,5.7282,1
38651,27662,326177,4.0689,5.2361,1
38652,27662,54352,41.5636,3.866,1
38932,22486,27849,31.9192,22.0967,6
38933,27849,680317,35.2775,16.4622,6
39132,27988,816955,39.0185,6.8843,2
39486,28236,243082,14.4875,3.4758,1
39843,26403,28483,86.7756,5.2779,1
40087,28660,639600,132.2296,4.953,1
40318,28827,29757,26.4764,10.4676,2
40625,29035,338478,133.3898,10.4333,2
40663,29062,359930,72.4124,13.3199,2
40833,29182,330305,34.8553,11.8751,13
40978,14687,29282,39.78,6.4683,2
40979,29282,31663,76.1059,5.3452,2
41631,29062,29757,45.0111,11.0434,2
41783,24897,29859,35.1544,7.255,1
42719,30483,45776,59.4914,7.5452,1
42720,30483,672886,18.9737,7.4051,1
43538,30031,31057,33.1964,5.3779,1
43540,31057,37109,109.5947,4.8947,1
43690,31164,328984,14.1774,14.4677,6
44225,31540,355749,4.6547,12.6577,2
44387,31663,40573,21.8632,5.0616,2
44409,28592,31681,44.2041,3.7936,1
44825,31982,56463,55.3675,3.452,1
44826,31982,59933,21.7715,3.6736,1
44984,32085,335800,53.1633,5.365,1
44985,32085,323246,28.7112,4.7947,1
45137,31540,32192,28.0891,16.4062,2
45331,22638,32330,261.9065,6.5123,1
45332,32330,33967,50.04,10.0432,1
45470,32426,34284,39.1663,12.4961,1
45478,32192,32432,8.3666,19.6469,2
45561,32485,44177,156.7833,6.2264,1
45576,32302,32497,16.1555,11.025,2
45884,32709,357045,7.5719,10.4375,6
46538,33189,346906,163.3136,5.8941,4
47029,33536,69545,81.854,5.7007,1
47128,32432,33610,31.8434,18.5682,2
47234,33610,33694,32.3265,18.9056,2
47235,33694,359929,9.8489,19.5277,2
47590,33939,35361,26.1916,10.0826,2
47631,33967,35224,61.8466,18.8229,1
47635,33970,676337,11.5057,6.5822,1
47864,34127,361263,120.1346,5.6081,1
47865,34127,37271,49.8598,4.9839,1
48082,34284,361280,14.5488,13.6002,1
48343,34460,359755,15.5421,20.6582,2
48804,34797,360449,13.2539,20.8213,2
49399,35224,366186,96.4809,23.4764,1
49526,35312,35481,5.7446,9.2195,6
49597,35361,37401,25.807,11.3524,2
49767,35481,40312,83.3847,9.5595,6
49849,35537,334627,45.3982,9.4684,1
49886,35563,331347,98.3847,7.2327,1
49887,35563,330987,27.2257,5.0724,1
50328,35865,43911,28.5164,17.0774,5
50563,36039,361717,17.9536,21.2715,2
50738,36153,674037,24.8328,4.729,1
50904,36267,360141,48.0867,5.0838,1
50905,36267,41672,101.3953,5.1881,1
51466,36640,329678,9.7125,12.904,17
51537,36694,57788,189.591,19.141,4
51566,36718,365917,18.7083,4.6158,1
51726,36824,370805,5.2599,12.9795,1
51911,28146,36952,17.6149,10.2038,1
51912,36952,336876,65.5685,8.4232,1
52025,37035,679168,14.8099,9.6285,5
52118,37109,365608,40.4502,4.5813,1
52524,37401,366449,8.2462,11.2142,2
52572,37431,40154,53.647,19.6359,1
52625,37472,289099,27.3861,6.8006,2
52626,37472,289497,26.0384,9.3771,2
53853,38327,330644,11.2398,4.3008,1
54229,38605,674535,32.8215,13.2249,9
54230,38605,47414,16.9648,14.6486,9
54362,38698,366587,20.8087,21.3822,2
54402,38728,767852,78.9698,18.3576,1
54501,38796,373334,133.6638,4.1213,1
54561,38839,47852,29.6348,3.4457,1
54735,38962,55429,43.2106,5.7748,1
54736,14535,38962,40.7538,5.1926,1
55007,39165,54475,39.6569,15.9948,17
55105,39239,39392,2.4495,11.9364,2
55326,39392,370997,19.8382,13.4746,2
55654,39624,366449,29.2347,12.8619,2
55655,39624,39696,5.4772,15.3422,2
55917,39800,44078,3.0,8.6023,1
56170,39978,368247,20.8567,9.8299,1
56422,40154,40780,10.0499,25.2818,1
56743,40371,372424,15.5242,9.5647,6
56820,39696,40422,17.5499,13.5211,2
56822,40422,41279,13.9284,12.0428,2
56947,40506,329746,34.7515,8.0469,2
57038,40573,333662,37.3988,6.1236,2
57350,38698,40780,41.6293,24.0617,2
57541,40920,342137,141.2657,13.943,1
57576,40944,680317,5.2281,14.4542,6
57652,40780,40999,2.4495,25.075,1
57653,40999,373495,10.6301,25.075,1
57819,37271,41108,51.0392,4.9839,1
57820,41108,373334,10.924,4.8139,1
57837,41121,240205,14.1303,6.0895,1
57838,41121,244036,10.9545,5.3218,1
57868,41143,371711,21.3828,9.434,6
58056,41279,376428,31.3369,11.1074,2
58139,41338,289266,30.499,11.8851,9
58593,41672,42140,7.2801,4.511,1
58873,41863,372179,65.5586,4.3509,1
58874,41863,372822,9.9163,6.3668,1
59305,38941,42181,105.423,6.1451,1
59577,42374,336541,112.1036,8.1331,1
59679,42181,42448,54.8999,6.669,1
59730,42481,684456,36.491,8.9641,1
59831,39978,42551,34.0294,7.3996,1
59832,42551,387886,99.4328,6.1165,1
60053,42706,684865,24.2464,21.8458,1
60054,42706,674536,31.8416,21.6279,1
60637,42374,43129,10.2476,6.2503,1
60962,43366,375992,5.1316,20.2112,1
61186,43529,331347,6.4031,9.2752,1
61733,43911,682904,20.5345,12.4243,5
61737,43916,45776,5.4467,7.2456,1
61982,44078,613229,9.5263,8.6886,1
62122,44177,45311,43.7493,6.3121,1
62135,44188,390076,94.6414,10.19,2
62311,44307,370997,60.6071,15.3071,2
62312,44307,382180,40.223,15.6683,2
62570,44485,328556,42.2966,5.7913,2
63051,44819,388538,69.197,23.1845,1
63630,45229,379131,18.5293,13.0057,6
63746,45311,380536,5.2599,6.3121,1
64197,45631,50478,13.3,7.3786,5
64399,45771,59635,36.7166,11.3816,1
64400,45771,52188,24.3881,9.1733,1
64664,45967,379673,18.0185,13.4387,6
66137,12996,47038,16.9638,5.3735,2
66689,47418,381226,59.016,8.9436,1
66794,47491,370944,91.7505,12.8691,1
66998,47639,288018,22.9613,8.5952,17
67307,47852,682831,6.2716,2.7687,1
67405,47920,330697,22.6618,15.8453,6
67738,36694,48151,41.7463,23.179,4
68100,48392,300329,105.2855,3.8452,1
68690,47491,48803,16.5227,13.7632,1
68782,45967,48858,87.1149,13.5356,6
68793,48866,648301,47.55,5.3779,1
68794,48866,146214,82.061,4.729,1
68873,48922,344169,86.9617,4.8139,2
68894,48938,330208,56.1209,5.0355,1
69495,48814,49376,10.3441,5.5616,1
69496,49376,394289,53.0503,6.7016,1
69524,49398,50096,13.3041,3.9324,1
70173,49844,50480,13.6341,5.6993,1
70559,50108,385453,25.4165,21.2924,1
70650,49398,50167,71.624,4.4689,1
70651,50167,387993,7.6739,4.4009,1
71088,50478,55977,33.4813,9.6602,5
71583,50836,390465,14.8754,17.5457,2
72487,51487,388538,21.0528,19.1972,1
72488,51487,391602,55.9038,20.2428,1
72501,51495,339388,68.0727,4.6158,1
72502,51495,333077,9.3393,3.9142,1
72513,51505,55797,18.1904,7.8075,4
72556,51536,239861,139.4139,8.1742,1
73031,51850,389178,19.2787,15.7036,6
73495,45631,52186,16.2275,6.7723,5
73498,43916,52188,30.2085,10.0863,1
73499,48151,52189,19.3336,22.6719,4
74091,52609,340919,49.3812,6.0738,1
74092,52609,91051,170.1034,6.7723,1
74669,53017,393129,5.9161,11.7806,1
75570,51850,53673,21.6795,19.3144,6
75571,53673,396020,20.9178,19.8693,4
75765,53806,394659,22.0731,4.3509,1
75869,53673,53896,22.7596,20.3311,2
75915,53932,402676,90.5937,5.1636,1
76364,40506,54243,81.0062,8.4553,2
76423,54284,670888,74.0825,4.89,1
76424,54284,688123,27.7829,3.6427,1
76704,54475,336965,20.1494,15.7473,17
76727,54491,55165,52.3546,6.7546,1
77270,53806,54873,57.81,4.2078,1
77416,51908,54984,122.5806,5.7511,1
77470,55027,98565,126.6535,7.8234,1
77578,55102,330987,150.6243,5.1495,1
77677,54984,55165,6.0,7.2636,1
77886,55315,55524,5.3852,10.1627,1
77958,36640,55367,51.0392,9.2656,17
77960,55367,58357,63.9653,6.6623,17
78045,55429,343537,57.5256,5.3183,1
78178,55524,56807,13.9284,7.9299,1
78420,55698,322650,105.5971,6.5311,2
78563,55797,64698,27.9464,8.3031,4
78704,55906,56158,3.0,18.0416,4
78806,55977,59635,25.2675,14.5414,5
78999,56110,818967,88.0341,16.8946,5
79000,35865,56110,77.6595,13.5336,5
79031,56132,63457,22.2236,22.0284,4
79032,52189,56132,7.2425,20.7645,4
79074,56158,400175,25.7034,17.3644,4
79205,56243,62366,14.4741,9.6497,5
79241,54573,56270,68.6513,4.7787,1
79242,54873,56270,83.0301,5.8282,1
79417,43529,56392,36.5817,9.0846,1
79987,56797,811181,187.1167,4.9433,1
80292,56807,57011,4.6904,7.2655,1
80293,57011,400290,8.8318,11.4117,1
80606,57238,398638,15.7797,8.7176,1
81122,55698,57603,9.7681,7.5667,2
81318,57739,334991,130.17,6.7749,3
81352,57765,117214,88.2958,9.717,1
81380,57788,685412,3.9581,15.1766,4
81857,58121,396751,269.0366,7.1321,1
81858,58121,58986,15.0333,8.2226,1
82029,47418,58241,417.2002,11.7734,1
82160,47063,58329,28.6604,6.8541,1
82162,58329,343628,51.9302,6.1825,1
82201,58357,336267,10.419,6.7016,17
82408,55027,58497,24.2625,7.2655,1
82409,58497,60636,30.4229,6.0402,1
83256,59089,61748,38.1314,16.4012,4
83602,59319,402758,3.6968,18.1696,1
83635,59341,288130,15.907,7.2636,1
84662,60055,391602,63.7138,22.6518,1
84664,60055,60948,23.7276,22.5005,1
85484,60636,338327,18.2392,5.8303,1
86487,61342,386251,164.9128,12.8291,1
86782,60948,61540,11.1803,23.1189,1
87069,61748,64843,65.7419,14.0529,4
87584,62109,244036,13.5154,4.3723,1
87585,62109,244885,7.6085,3.5,1
87957,62366,66420,26.0192,15.8069,5
89663,63575,693882,51.8807,19.3467,1
90069,63869,64265,6.1644,12.3443,1
90135,63913,67512,36.6197,4.7541,1
90247,63991,409413,8.7939,6.2838,1
90601,64225,404959,135.6285,8.4051,1
90658,64265,64763,4.4721,11.8443,1
90770,64348,691622,36.9414,4.2078,2
90930,64460,67116,41.607,15.874,1
91270,64698,338900,8.3865,8.6137,4
91350,64763,413488,12.8355,11.5828,1
91453,64843,421332,109.4809,11.726,4
91529,64896,412209,36.2307,11.7294,1
91689,64225,64999,12.1244,9.0,1
92146,63913,65333,35.2987,5.1421,1
92147,65333,65651,4.6904,4.999,1
92239,63991,65404,32.6497,6.0738,1
92518,65593,66544,12.4111,5.7787,1
92519,65593,65594,5.1854,5.0495,1
92522,65597,117898,83.1978,8.7734,1
92599,65650,68447,96.2237,4.0981,1
92918,64896,65882,59.716,10.1286,1
93214,66094,409431,150.8561,4.89,1
93291,66147,412073,65.8576,4.5274,1
93432,64999,66249,27.8029,7.5822,1
93667,66420,691041,6.7082,19.873,5
93854,66544,687901,34.1362,5.7282,1
93924,65597,66593,5.4467,12.1747,1
93980,66635,689255,12.2565,26.9157,1
93981,66635,67144,3.9016,27.3033,1
94424,63457,66940,18.3428,25.0845,4
94480,66978,190633,46.0652,6.1596,1
94682,67116,69334,14.7434,16.611,1
94818,67201,70071,36.1248,19.815,1
95051,65404,67372,125.6861,5.7007,1
95052,67372,414426,14.3062,4.6312,1
95552,67729,782038,75.6618,5.9155,1
95812,67925,411281,74.0675,7.9155,6
96295,68263,72018,39.4757,3.0,1
96566,67512,68447,26.9258,4.6596,1
96602,68471,415185,39.7827,29.0358,1
96739,67925,68562,13.6015,7.3407,6
96741,68562,68563,3.6056,7.5261,6
96965,68726,413054,34.4719,11.6821,1
96967,68726,71247,32.0156,8.3057,1
97201,68471,68884,11.8743,28.9386,1
97232,47414,68904,59.7671,19.5229,9
97500,68884,69091,3.7417,28.4592,1
97754,66249,69271,104.4031,5.7748,1
97844,69334,69435,9.481,15.67,1
98079,68263,69481,13.4231,3.3028,1
98097,66593,69493,7.4312,11.1129,1
98175,69545,336200,43.4422,4.8284,1
98834,69091,70007,17.2047,28.87,1
98929,70071,71599,21.4009,8.9893,1
99128,70223,688123,43.9325,4.3198,1
99376,69481,70394,18.6104,4.5414,1
99480,70469,691482,35.0381,23.6658,4
99484,70472,413127,177.6332,10.8212,1
99488,70469,70475,41.4485,21.666,4
99805,70007,70704,29.0172,27.925,1
100199,70969,805124,108.8899,5.4265,1
100359,71081,346742,86.9444,6.1524,1
100601,71247,435582,89.9074,5.3779,1
101121,71599,423244,97.3823,21.0739,1
101136,70394,71607,25.6915,4.1528,1
101275,67144,71706,24.779,28.039,1
101276,71706,699685,38.4303,22.1266,1
101697,71990,417347,91.9184,9.4984,1
101739,72018,695205,19.0962,3.8452,1
102938,57739,72863,84.668,5.958,2
102940,72863,106404,135.2418,6.1596,2
103488,73239,340207,44.578,5.3735,1
104037,73639,429634,40.5997,5.465,1
104298,73822,74754,26.0,8.1513,4
104631,74047,74048,3.7712,11.428,4
104632,74048,697840,37.6194,14.5732,4
104634,74049,74127,7.4981,16.4463,4
104734,74127,695922,38.0263,13.9427,4
104875,74236,341345,28.6918,9.1789,1
105330,74558,158656,139.9114,11.3477,1
105331,36824,74558,58.8123,12.9031,1
105620,74754,428607,10.198,10.3581,4
105721,71990,74822,47.3709,8.5938,1
107085,75768,424161,37.7066,15.655,1
107428,75997,769356,44.9172,4.5822,1
107784,76250,430813,9.363,19.4993,1
107794,76256,77344,11.7047,11.7411,4
108281,70223,76601,73.8804,5.4312,1
108820,76962,342765,25.1843,10.6651,2
109016,72820,77096,69.7822,6.2634,2
109363,77344,432360,8.0989,12.3471,4
110441,78113,440778,106.2374,6.6115,1
110760,78339,443659,87.0032,8.8794,2
111070,78537,432376,63.9422,4.1078,1
111096,78555,88196,66.5776,6.733,2
111097,78555,346355,38.9532,6.9248,2
111449,78817,81646,11.8842,16.6416,17
112245,79380,339624,45.2094,4.6993,1
112570,79616,79840,18.0278,15.0011,1
112637,79657,699683,10.7961,26.5233,9
112837,79787,393037,52.1888,6.1926,1
112907,79839,434200,7.2034,19.3284,1
112908,79840,436503,14.3074,17.071,1
113284,80109,287107,16.7531,5.5649,2
113625,80355,436026,41.3239,3.9681,1
113626,80355,83201,32.0312,3.9115,1
113742,77096,80434,123.5557,5.4218,4
113829,80494,81022,7.5498,9.0735,4
113965,80589,444366,211.6932,5.0495,1
114018,80622,696260,41.8975,7.7188,1
114060,65577,80653,31.6193,7.8827,2
114073,76601,80662,28.1568,4.4954,1
114592,81022,81518,9.8489,9.2546,4
114703,81099,435433,19.4651,20.5195,1
114707,81101,436986,5.971,15.0662,1
115110,81389,85321,3.0,6.0828,1
115113,81391,437214,70.0643,3.9921,1
115114,81391,438263,30.7256,5.4064,1
115115,81392,83669,44.1135,5.3327,1
115290,81518,81604,9.2736,10.0234,4
115413,81604,86042,75.6703,10.4375,4
116065,82058,439469,14.8549,9.2711,4
116320,82249,438070,10.2956,22.003,1
116609,80589,82466,57.0614,5.9407,1
116919,82249,82693,11.9164,21.1052,1
117043,82779,342563,9.6828,11.5313,1
117627,83201,441233,14.6705,4.872,1
118008,83482,439839,27.7969,17.7817,1
118098,77096,83541,21.7128,4.9338,2
118279,83669,443550,111.1755,5.8698,1
118613,83896,83897,16.2788,3.4611,1
118854,84005,169799,142.0176,25.8185,1
118862,84005,760534,163.025,27.0305,1
119262,56392,84301,63.8227,7.6811,1
119981,84811,703231,25.1794,10.7622,4
120043,84851,450511,87.6242,6.8571,1
120617,85255,88196,11.7945,5.4536,2
120694,83896,85306,64.8074,3.6736,1
120695,85306,444014,6.2093,3.5291,1
120814,85382,144712,186.8227,15.1449,1
120815,85382,342137,9.5598,15.6791,1
120838,85400,92469,181.2898,6.451,1
120962,85494,90081,259.2759,7.6562,1
121032,82779,85540,10.3534,13.1289,1
121145,85621,705242,10.8934,19.2313,5
121303,85727,717602,67.7207,17.829,5
121314,85734,716325,43.068,18.2302,1
121324,85739,91185,87.6413,9.9814,1
121331,80622,85746,20.4274,7.6833,1
121333,85746,90862,14.6439,5.5,1
121395,69493,85788,40.8716,9.9203,1
123678,87434,443015,70.4438,5.5649,1
123833,79657,87541,29.7788,22.9728,9
123834,87541,100950,30.7119,19.9336,9
124355,87899,446768,7.8031,20.033,1
124920,87899,88311,8.775,18.9588,1
124921,88311,89555,14.6287,18.6681,1
126129,87434,89181,38.8201,5.3852,1
126130,89181,90545,32.8329,4.7541,1
126367,89348,97412,26.3239,15.6883,5
126941,89754,354556,53.1779,20.7186,14
127100,89555,89882,8.2462,17.8139,1
127320,89882,90032,4.6904,16.1486,1
127392,90081,94400,300.6426,8.0559,1
127590,90208,100443,46.8722,14.6511,17
127592,81646,90208,36.2232,16.3467,17
127881,90410,343520,23.6408,12.4926,1
129063,90545,91247,73.973,4.7541,1
129064,91247,461498,158.6064,5.9713,1
130802,92469,95957,67.9853,7.0355,1
130882,91051,92524,11.4455,6.4862,1
131294,92823,707245,12.7138,8.6254,4
131298,92827,699050,104.3472,5.4218,2
131646,93079,101343,260.9732,9.4656,2
132157,91185,93438,65.3758,14.6293,1
133390,94321,103486,31.2289,26.5609,1
133547,94435,114572,69.8355,6.3627,1
133995,93438,94763,46.5833,15.965,1
134579,95184,454086,91.3777,6.6292,6
135129,94400,95580,42.5441,6.4685,1
135130,95580,97102,79.4796,6.3284,1
135242,94763,95653,32.45,16.4463,1
135327,95711,706540,23.0217,4.3028,1
135328,95711,709217,3.8297,3.4611,1
135800,95184,96045,74.5989,7.5478,6
136945,96840,466128,89.2599,5.3183,1
137296,96045,97081,27.6586,9.3372,6
137320,97098,461643,9.0554,5.0517,1
137321,96840,97098,17.0294,4.4155,1
137325,97102,97310,48.1975,7.9159,1
137573,95653,97280,40.7554,17.2498,1
137614,97310,464857,39.6611,8.3529,1
137761,97412,712281,20.497,12.1838,5
138097,97081,97661,21.4243,9.4124,6
138465,97661,97925,13.6382,9.6075,6
138583,98014,98824,41.5331,7.1149,1
138584,98014,467336,24.7162,8.1478,1
138960,98280,100158,47.6025,5.6081,1
139063,98346,118767,73.135,4.3028,1
139208,98446,98743,88.6397,6.0402,1
139375,78791,98575,36.0275,6.0173,17
139608,98743,463418,51.9797,5.458,1
139719,98824,99212,41.0488,5.7446,1
140291,98446,99212,31.7175,5.9545,1
140448,99325,102257,54.7357,5.6926,1
140459,99334,466128,25.9615,5.4274,1
140460,99334,467172,22.4722,4.4068,1
142680,100916,466237,32.8684,10.6789,6
142798,100995,463096,144.8961,18.2122,1
142923,100766,101086,52.1249,10.7234,2
143172,100916,101246,9.0,10.1789,6
143310,100766,101343,12.1244,11.3033,2
143455,101446,103041,4.0139,13.0919,1
143930,101778,708041,16.5831,12.8216,4
143942,101788,715723,46.7297,6.7723,4
143943,92823,101788,26.1051,7.6737,4
143974,101809,707465,17.8792,4.9338,2
143975,101809,126842,56.001,4.511,2
144192,96685,101961,76.1643,6.0355,1
144442,102149,142527,82.9337,6.6328,4
144583,102245,288170,5.3437,6.441,1
144584,102245,433569,150.9687,6.4026,1
144598,102257,105284,89.8276,6.5707,1
145086,101086,102602,40.8044,10.2648,2
145665,103041,348042,58.4855,13.4936,1
146402,101246,103562,71.9444,8.6231,6
146587,103683,109624,45.2573,11.1486,4
146777,103829,358085,75.2632,10.1709,1
146999,103973,135176,64.8889,4.4867,1
147000,103973,207865,81.9428,4.1583,1
147205,101961,104121,33.7194,6.5311,1
147319,104208,347748,8.5049,10.1821,1
148082,104762,474231,24.7819,7.0,2
148083,104762,106825,42.6497,6.8875,2
148549,105093,466067,185.7833,5.3723,1
148668,105181,711515,5.9161,15.292,1
148827,105284,482041,82.33,6.6529,1
148841,105293,113846,128.2381,7.0421,2
149009,100950,105418,13.8764,20.9316,9
149045,105442,347947,13.4743,16.2782,6
149046,105442,117733,37.1202,16.0663,6
149164,98575,105516,15.0333,5.78,17
149561,105797,346742,23.9742,5.9292,1
149562,105797,109615,45.2271,6.7659,1
150909,106756,478129,18.1445,19.8865,1
151002,106825,111125,103.0776,8.6886,2
151616,101778,107251,14.5507,13.9071,4
151980,105181,107517,19.7722,12.6939,1
151996,107528,724011,64.0573,4.89,2
152159,107647,346906,16.9607,6.5557,4
152513,107892,108274,44.3283,3.1583,1
152735,108057,478861,42.5245,6.7785,1
152736,108057,481465,9.3452,3.4758,1
153056,108274,481974,15.384,3.0811,1
153790,108799,480707,79.5725,6.5355,6
154110,85788,109014,17.2137,6.5662,1
154111,109014,113995,4.9749,4.9747,1
154135,109034,494786,115.5292,8.7977,1
154269,109123,485916,76.2693,5.6993,1
154318,107892,109159,25.3969,3.0725,1
154319,109159,484738,53.0383,3.217,1
154329,109164,481879,22.6127,3.6736,1
154330,109164,484275,30.9139,3.6736,1
154566,109331,152940,16.4012,5.8282,1
154737,107227,109442,57.3062,4.9747,1
155007,109624,353438,48.7237,12.8133,4
155907,106756,110255,120.3453,17.1136,1
155975,59933,110304,31.0644,4.5414,1
155976,110304,142544,83.9643,4.1528,1
156589,110745,482874,57.6575,5.4274,1
156750,110851,111050,4.6904,7.6468,6
157031,111050,112062,34.0147,6.8206,6
157132,110255,111119,29.8161,14.6716,1
157142,111125,491300,113.4637,7.1734,2
157256,111197,111777,44.7884,4.6856,1
157722,111522,347848,42.9893,11.7643,1
157822,111603,716715,23.2376,16.8473,5
157866,111633,111800,40.8099,4.9338,1
158076,111775,111776,5.0,7.6533,1
158078,111776,485916,37.2469,5.8452,1
158079,111777,488321,33.3026,5.6899,1
158111,111800,289689,67.3317,4.6751,1
158172,111119,111841,15.2643,14.402,1
158491,112073,486869,35.2798,3.8566,1
158492,112073,113288,94.7312,5.567,1
158493,112074,112386,7.5498,8.0428,1
158505,112083,202688,61.1199,7.4407,2
158918,112376,491141,113.5805,6.5465,6
158921,112378,498953,140.6961,7.1193,1
158929,112386,487831,2.708,8.3632,1
159169,112554,302575,112.9447,7.2536,1
159302,112062,112648,151.3704,6.4155,6
160047,113159,114642,30.5614,12.4093,1
160181,113159,113256,4.2426,11.3129,1
160419,113425,490326,40.0791,6.7371,1
160420,113425,491069,60.608,6.2281,1
161036,113846,119873,105.1951,9.1791,2
161217,113972,477529,428.5184,8.0932,1
161224,113977,715023,4.0689,5.0981,1
161258,113995,500833,16.3936,5.0299,1
161263,113998,494166,35.5293,7.77,1
161891,114446,119715,147.2617,5.2421,7
161925,114469,141652,43.3154,7.0688,1
161964,114495,356337,36.706,7.2636,1
162072,111025,114572,72.2042,4.511,1
162167,114642,493129,14.0238,12.498,1
163131,111603,115329,24.4709,21.7775,5
163645,115712,119869,134.0373,7.6648,1
163696,115750,116000,6.9282,12.2858,1
163955,115940,117051,21.3542,5.0838,1
163958,115940,115942,18.4391,8.2613,1
164036,116000,116291,9.0,12.6541,1
164235,107251,116145,17.1091,12.6965,4
164237,116145,716327,20.8487,10.5902,4
164441,115942,116291,9.8995,12.156,1
164448,116295,493857,35.9722,3.9496,1
164449,116295,496837,16.4114,2.8831,1
164450,113972,116296,86.2322,7.2636,1
164663,116435,494166,46.8899,6.3541,1
164664,116435,116709,9.4868,6.0822,1
164676,116443,502478,81.4569,5.2386,1
164755,116503,494808,34.2296,6.9432,1
165057,116709,507096,111.7701,7.2655,1
165134,109615,116756,16.9869,6.5981,1
165753,117194,117817,12.2066,5.2617,3
165783,117214,166510,111.8197,7.5,1
166083,117427,493898,70.1134,7.129,3
166163,117479,124148,246.7489,7.6099,1
166527,117733,147477,65.4516,16.7995,6
166647,117817,124870,135.0741,5.1375,3
166737,117878,121010,100.03,6.5927,7
166738,117878,501850,77.9637,7.5745,7
166766,117898,496105,16.2933,4.9497,1
166843,117953,121078,54.8999,5.2607,1
167139,118164,495666,32.2111,7.5667,1
167140,118164,499844,15.5849,6.5355,1
167633,89348,118509,32.4107,11.4874,5
167952,118730,120025,113.0531,5.8912,7
167953,118730,500242,52.7668,6.2417,7
168142,116296,118876,84.6759,6.7371,1
168353,119029,501392,51.5429,6.0981,2
168380,119048,120180,129.1007,7.7426,1
168381,119048,120104,19.3907,7.7782,1
168544,119172,120512,48.4355,9.0759,4
168713,104208,119281,41.8282,10.495,1
168965,119456,500242,7.3485,6.9432,7
169220,119639,716327,4.714,10.0497,4
169307,119698,123139,28.0015,5.7016,1
169329,119715,120025,9.0,5.9407,7
169362,119741,125289,38.614,21.9031,5
169402,92827,119766,68.0891,5.3218,2
169487,119825,485268,31.273,7.9702,1
169488,119825,135732,148.1757,6.9942,1
169552,119172,119869,38.1969,9.2996,4
169553,119869,123257,96.6488,9.0826,3
169558,119873,128080,127.1928,9.7544,3
169559,119873,524577,231.1832,8.5789,1
169878,120104,120974,35.9305,6.2281,1
170468,120512,500255,88.5645,8.9957,4
170984,120850,506071,42.7122,5.7439,1
171084,119639,120922,22.9427,8.2513,4
171085,120922,720214,15.5824,6.2838,4
171151,120180,120973,10.8167,7.1401,1
171152,120973,506531,34.2036,7.5452,1
171203,121010,122049,114.9174,6.6657,7
171240,121035,499964,243.0971,8.4545,1
171302,120850,121078,47.1805,5.1736,1
171820,121451,499890,72.235,5.9155,1
172012,121593,122720,23.1733,7.7776,1
173417,122553,508184,19.0387,6.3406,1
173640,122720,506952,9.3214,7.7457,1
173777,122821,503786,74.6661,8.8079,1
173778,122821,519587,204.2618,9.2426,1
173919,122916,124083,26.096,6.6904,1
174100,121035,123047,78.1089,9.123,1
174101,123047,131430,216.9332,8.7269,1
174235,123139,125634,14.2624,6.5123,1
174392,123257,511407,56.4358,9.1904,3
174755,119281,123503,10.7594,9.9247,1
175383,123023,123952,21.0,9.272,1
175973,124369,125613,45.0,6.0738,1
176360,124659,125961,230.1717,5.9402,2
176664,124870,510995,10.0499,5.458,3
176848,125001,126582,42.6732,3.7936,1
176873,125019,721267,18.6815,17.1024,5
177239,125283,514800,26.602,6.3609,1
177247,125289,720326,5.4772,19.2094,5
177296,125326,721685,15.1217,4.89,1
177334,125353,353437,4.5461,6.8459,4
177452,125436,723460,69.3568,20.746,1
177453,125436,727357,97.3332,19.094,1
177691,125606,511089,29.898,5.5822,1
177700,125613,126551,23.5372,6.1596,1
177733,125634,720877,12.083,5.0517,1
177828,125700,709866,24.4336,3.9495,1
177829,125700,472347,225.6834,4.7408,1
177848,125606,125711,18.4662,5.3735,1
178199,125961,512077,49.2409,7.7636,2
178219,125975,512634,41.0393,4.2523,1
178948,126463,126893,21.1187,5.5649,1
178952,126466,509782,104.6184,9.0902,1
178953,126466,129161,106.2497,6.7016,1
178972,117953,126479,112.3032,5.2068,1
178973,126479,517453,41.3038,6.0329,1
179075,125711,126545,32.3419,5.3327,1
179079,126548,135919,228.046,6.8541,1
179081,126551,516324,32.1685,7.1113,1
179146,126600,507170,124.7437,10.6301,2
179162,126463,126610,47.4552,5.5649,1
179163,126610,129498,82.5772,5.4218,1
179247,126669,721892,25.2763,20.0856,5
179248,126669,721267,6.4722,19.4646,5
179496,119766,126842,30.1613,4.899,2
179565,126548,126893,46.5725,6.3723,1
179602,126916,516385,53.3344,5.3376,1
179603,126916,130569,47.7493,4.0773,1
180092,127261,127843,11.3578,3.2394,1
180250,127367,720800,33.6799,14.9384,4
180423,127494,133046,118.6128,7.2108,1
180560,127585,513471,51.4674,4.9286,1
180561,127585,514994,10.924,5.521,1
180910,127843,517826,73.9767,4.2078,1
181204,128070,128161,7.874,7.4491,3
181335,128161,516562,32.9545,6.733,3
181354,128177,516856,3.559,12.2105,4
181355,128177,130765,63.6553,13.1703,4
181386,128199,721892,3.448,20.1108,5
181387,128199,722478,10.0277,20.96,5
181388,128200,721894,4.761,19.9295,1
181475,128259,130066,129.5955,8.3951,3
181476,128259,128471,6.4031,8.8272,3
181768,128080,128471,9.4868,8.9711,3
181925,128583,517826,86.75,5.1476,1
181952,128601,509655,61.5413,5.9713,1
182623,129056,724415,58.8463,4.4556,1
182760,129161,536552,155.1564,6.8758,1
183015,129337,518743,25.8263,7.8134,3
183029,129347,519206,23.331,7.1947,3
183030,129347,525199,50.2494,7.1947,3
183142,129429,508604,111.6045,6.3668,1
183143,129429,524143,53.5558,6.3668,1
183234,129498,520266,19.105,4.8408,1
183355,129582,132290,157.1019,5.5649,1
183454,129651,290852,23.4495,11.1803,17
183538,129708,514162,50.636,10.3959,1
183539,129708,520123,6.0622,11.7204,1
184176,130138,133727,92.8924,8.4603,2
184445,130333,723854,7.3711,7.3024,5
184529,130398,133355,71.5612,6.1071,2
184669,130493,723999,17.7576,13.2741,5
184670,130493,723199,7.874,8.8289,5
184696,126600,130511,89.5433,9.3462,2
184835,48392,130603,129.8003,5.0378,1
185059,130765,528933,86.9493,14.9156,4
185174,130842,722478,50.2998,22.9705,5
185586,131139,133869,54.5344,5.8912,1
185757,131260,520885,24.2258,6.4128,3
185861,131330,523527,22.5364,6.7129,1
185893,131355,131430,10.6771,8.3773,1
186828,131139,132019,31.7648,5.3912,1
186925,132088,512612,85.4277,5.2617,1
186926,132088,133797,35.2846,5.0949,1
187219,132290,533216,180.0606,6.9034,1
187748,132665,723624,6.3421,11.9761,4
187749,132665,133995,3.4157,13.2124,4
187819,130511,132713,103.899,8.1238,2
188041,132713,132883,3.4641,8.4228,2
188122,132943,149319,42.8654,14.4472,8
188123,132943,358654,98.0442,6.7986,4
188272,133046,534470,111.2545,6.3326,1
188462,131330,133178,77.3628,5.5649,1
188614,133287,133367,24.0624,4.7361,1
188710,133355,526361,10.247,6.3609,2
188725,133367,137862,85.4517,6.437,1
188777,133408,353702,61.9292,6.9619,1
188951,133532,138357,75.8288,11.1352,1
189214,133727,134720,30.6105,6.4546,2
189310,133287,133797,9.8489,5.1515,1
189370,133840,519297,68.23,6.6115,1
189975,134253,528605,8.8632,4.6365,1
189985,134260,520594,53.1382,5.0079,1
189987,134260,533916,59.2593,4.0503,1
190162,133869,134391,12.3693,4.8452,1
190263,133070,134469,52.5071,2.5616,1
190365,134469,134534,8.0623,1.0,1
190628,134720,135313,61.4003,6.3574,2
190915,134925,726491,50.5459,22.9044,1
191011,134991,135365,9.6437,7.4725,3
191263,125221,135176,31.7716,5.2779,1
191440,135313,135465,8.0623,7.0483,2
191536,113977,135390,88.6748,5.0476,1
191640,135465,137554,75.3923,6.1558,2
191683,135496,253212,30.3592,20.9119,4
192036,135732,157512,47.6271,5.8541,1
192049,135743,136872,14.8997,6.3364,1
192101,135780,723854,14.7949,9.4006,5
192106,124955,135784,15.6383,5.458,1
192211,135853,528559,44.1173,6.4419,1
192326,135930,136790,19.2354,8.1542,2
192327,135931,529394,21.2838,5.9329,1
192328,135931,532012,14.0712,6.8459,1
192424,135919,135997,3.7417,6.5557,1
192425,135997,136942,16.8226,6.9432,1
192475,136033,530409,3.2998,9.6954,2
192742,129521,136207,237.038,7.6098,1
192964,135853,136355,9.2736,5.9329,1
192965,136355,137351,51.7204,6.5332,1
193169,136033,136493,80.604,8.4877,2
193401,135930,136642,81.8657,8.4243,2
193615,136790,138392,135.4031,9.1301,2
193672,136828,158286,175.7353,8.0623,1
193673,135390,136828,24.8596,6.4806,1
193726,136872,545156,98.9489,5.3218,1
194013,137080,539863,135.8749,6.8632,1
194186,137208,725678,50.3463,23.1401,5
194187,137208,726724,45.3735,21.9382,5
194484,137420,727357,17.8294,16.9893,1
194485,137420,140297,21.7945,19.3157,1
194489,133995,137422,17.4992,14.1774,4
194490,137422,729716,9.8263,14.6716,4
194675,137554,143792,133.6937,6.9466,2
194985,137771,532974,4.7258,7.9332,3
194986,137771,139819,38.0657,7.9978,3
195295,133840,137986,58.8643,9.6745,1
195357,138026,531279,44.5334,10.4724,1
195728,138299,531820,53.7742,8.5419,2
195807,138352,156536,39.7883,4.3203,17
195811,138357,542269,67.9068,11.0454,1
195852,138299,138388,2.4495,8.1771,2
195858,138392,138393,2.2361,9.8687,2
195859,138393,532652,57.9272,8.7067,2
196033,138513,140508,31.305,14.5769,4
197515,139586,546385,117.6892,7.724,3
197885,139845,539249,51.6871,10.207,2
198542,140297,143772,37.4836,18.1908,1
198620,140351,540159,43.8546,6.9432,1
198664,140381,755275,204.8316,12.3909,1
198708,140413,730439,5.5578,5.8549,1
198847,140508,144976,74.7529,16.7284,4
199083,140698,538157,21.2368,7.9078,3
199288,140842,536814,37.7757,8.5497,2
199892,141277,739978,48.4,13.9048,4
199919,125326,141298,178.2835,5.4157,1
200427,141652,145318,56.961,8.3066,1
200925,142019,144000,46.1844,6.2429,3
201049,142108,557882,152.0537,6.4031,1
201654,142527,295946,178.8646,6.7787,4
201684,142544,163932,96.4261,3.0725,1
201854,142646,144390,11.9478,14.5695,1
202467,143114,541711,23.8956,6.1558,2
202468,143114,551768,70.3776,6.8525,2
202610,143219,146727,198.9456,5.651,1
202611,141298,143219,10.1598,6.5557,1
202929,143434,557882,143.1875,6.4031,1
203017,143499,147305,74.2496,7.0801,3
203018,143499,144072,70.859,6.6296,3
203116,143575,195639,303.1395,14.4078,8
203117,143575,155309,14.4568,18.1659,8
203129,143585,546546,35.9212,8.3613,2
203232,143350,143667,5.831,5.4155,1
203410,143792,155179,230.1934,8.0623,2
203532,140842,143881,66.7008,8.5853,2
203646,143959,740642,226.7631,9.9155,1
203648,143959,734878,19.352,9.5879,1
203717,144000,144072,9.9499,6.9784,3
203942,137862,144168,76.4722,7.4725,1
203943,143667,144168,37.55,6.0355,1
204179,143881,144339,61.79,6.8143,2
204247,143772,144390,30.8062,14.7542,1
204730,144712,150210,49.4717,12.8803,1
205066,144339,144961,16.4317,6.7787,2
205087,144976,546235,6.4464,19.3235,4
205430,145222,320574,43.3513,5.7878,2
205618,145353,546380,20.6935,18.5032,4
206025,145644,551751,52.6846,7.4051,3
206245,145797,724547,53.8981,15.2803,9
206834,146214,202225,45.7493,5.1375,1
207386,146594,565051,167.7584,6.9954,9
208147,147127,182833,488.9468,7.6298,2
208396,147305,563314,95.9074,9.2865,3
209314,147949,155196,120.3121,6.217,1
209763,148269,250404,9.4458,6.7336,1
209764,148269,173856,19.799,9.4049,1
209826,148309,567960,108.4892,6.8239,1
210590,148869,545025,46.2097,4.4126,1
211221,147477,149319,7.874,19.8397,6
211222,149319,359342,17.2595,20.0141,14
211307,149376,551608,40.5079,19.9241,4
211544,149534,556767,111.8109,8.5166,1
211620,149588,253995,48.5283,6.3988,1
211899,149534,149774,470.133,11.1674,1
211900,147949,149774,87.7382,10.9514,1
212140,149953,559658,63.9401,5.7439,1
212606,150293,157190,23.9467,8.5408,1
213198,150714,358751,23.6973,22.8289,14
213835,151156,551314,82.9371,6.6177,2
213946,151234,557881,12.741,13.8562,2
213993,151271,358324,18.1751,8.9772,1
214231,151439,734090,28.7402,1.2071,1
214232,151439,152294,3.9721,1.8251,1
214423,149376,151575,63.5925,19.962,4
214424,151575,154575,43.6005,17.0885,4
215259,152160,156416,73.3192,7.4011,1
215402,152260,736034,18.43,14.8,5
216360,152940,266066,59.5483,5.4582,1
216704,153179,502447,46.0205,4.5414,1
216746,153206,561254,20.3142,6.3284,1
216747,153206,560111,6.5574,5.3779,1
216764,153218,565320,127.3277,5.6213,9
216765,153218,157374,62.8092,7.0355,9
217329,153622,170767,302.0092,10.952,1
217457,153712,364079,30.0606,7.0958,4
217611,152980,153814,82.8372,7.0283,1
217612,153814,564500,93.5961,7.9639,1
218213,154242,156025,40.3113,20.2211,4
218702,154575,560452,13.3125,17.1888,4
218870,154691,157486,43.7035,16.5855,2
218906,154722,252013,15.6915,19.5892,1
219241,149616,154956,8.6023,22.5988,1
219289,154989,563870,12.3895,6.7371,9
219570,155196,563240,9.5164,2.9208,1
219695,155279,559658,26.8514,6.9466,1
219708,155286,157730,100.1848,3.9496,1
219742,155309,256229,41.9026,17.7135,8
219769,155326,155714,9.8995,7.4806,2
219786,155338,157582,7.3711,6.2838,1
220188,155629,576467,104.2833,7.0711,2
220305,155714,156312,54.9727,5.0543,2
220748,156025,568154,64.8331,20.4566,4
221018,156213,558106,44.0643,9.6478,1
221020,156214,565026,59.7513,6.4363,2
221159,156214,156312,125.4352,4.4964,2
221161,156314,156946,57.5847,5.9329,1
221302,156416,742715,11.5163,6.6657,1
221315,156429,159813,64.6684,7.5027,1
221470,156536,370818,90.2675,5.1112,17
221521,156568,565051,90.9243,6.7129,9
221522,156568,568462,28.3255,6.5332,9
221538,156580,572718,118.7826,7.2449,1
221920,75997,156850,321.927,6.3988,1
221921,156850,223319,146.7242,6.0092,2
221922,156850,523839,35.141,8.2664,3
222053,156946,572796,90.257,5.9329,1
222078,156968,564257,38.8155,7.129,2
222079,156968,166420,128.8487,5.8962,2
222382,157190,191171,39.1266,9.3254,1
222448,157239,159696,33.6155,5.8549,1
222638,157374,586234,131.3849,7.0355,9
222685,157409,571500,36.862,7.0094,1
222792,157486,159841,38.1314,16.1234,2
222831,157512,162091,17.075,4.5616,1
222932,157582,158276,32.6837,4.7016,1
222989,157626,497792,104.0606,6.5534,1
222990,135784,157626,43.9288,6.1203,1
223139,157728,570825,42.4858,5.8195,1
223141,157728,157730,140.207,5.9313,1
223370,157888,358224,57.5073,12.2671,1
223723,158156,203431,154.2775,6.2981,1
223725,145318,158156,37.5485,6.8459,1
223896,158276,161029,116.185,3.7913,1
223988,158350,160496,44.0908,5.8661,1
224170,157054,158474,12.2474,18.5995,5
224506,156580,158714,28.4605,9.3586,1
224507,158714,574474,40.871,10.8128,1
224986,159069,364005,104.82,5.1112,1
225396,159363,571109,65.9461,4.977,3
225397,159363,159828,59.0424,5.6081,3
225642,159536,165059,95.8488,7.7416,3
225715,156213,159588,34.1906,8.562,1
225860,159696,593230,187.0499,7.6623,1
226030,159810,741731,20.0666,18.8516,9
226032,159810,160122,4.3205,19.2625,9
226034,159813,582721,95.2132,8.5438,1
226053,159828,586496,234.0214,6.2281,3
226071,159841,576621,52.7478,16.1077,2
226285,160002,739162,37.7563,2.118,1
226454,160122,164808,32.2731,18.8639,9
226486,157235,160146,64.4067,3.4142,1
226732,160319,252133,12.4766,18.6869,1
226984,160496,167715,92.0543,4.8408,1
227174,160634,174563,45.5089,9.1924,4
227470,160834,560999,95.0099,6.3638,3
227472,160834,162077,68.8549,6.1203,3
227478,160840,581502,102.1154,4.6993,3
227740,149557,161029,20.387,3.4093,1
228003,158286,161212,18.5831,8.0623,1
228042,161239,573264,10.6301,7.5893,3
228043,161239,577677,85.3086,6.1889,3
228441,161513,565926,93.1101,9.6458,2
228442,161513,577562,38.5097,8.3951,2
228604,161617,744479,28.8598,3.5291,1
228936,161617,161852,43.9912,5.4332,1
229233,162077,162168,69.0724,5.3033,3
229254,153179,162091,67.7758,5.1029,1
229306,159623,162124,41.0488,5.458,1
229307,162124,166356,40.2989,6.4936,1
230285,162827,573089,27.0119,6.6472,3
230286,162827,578859,20.9921,7.68,3
230817,163219,753202,39.2329,2.5322,1
230818,160002,163219,21.6298,2.4142,1
231793,163932,767863,8.9629,4.1078,1
231856,163971,577677,7.5425,6.0552,3
231857,163971,580254,53.1256,5.9402,3
232801,164635,173598,8.5245,8.1851,1
233047,164808,167438,20.0721,20.7219,9
233397,165059,166845,57.3585,5.4157,7
233618,165216,578859,4.0415,7.4051,3
234478,165839,172598,71.2461,12.6429,1
235300,166413,167075,17.6918,20.1307,4
235312,166420,594245,76.9538,5.4754,2
235438,166510,366095,68.6331,5.5,1
235603,166641,182056,85.5265,11.2133,14
235604,166641,361168,85.8817,15.7553,14
236168,167034,368299,36.1985,6.5822,1
236170,167034,360998,20.2814,4.885,1
236228,167075,169794,39.3065,18.9849,5
236738,167438,171818,36.9083,17.6865,9
237006,167633,579102,75.6461,6.085,4
238224,168501,582721,52.4362,8.0505,1
238804,167263,168926,27.8029,6.7016,2
238805,168926,594663,74.3841,6.7404,2
238946,169032,585413,46.123,4.9495,1
238947,169032,585294,29.229,4.7913,1
239099,169142,170432,15.5528,7.3024,1
239681,169551,253001,22.9374,20.2805,1
239896,169709,253122,4.468,13.3233,1
240023,169794,588095,27.3537,19.4289,5
240028,169799,756658,21.5484,17.2606,1
240833,170375,585675,110.1385,4.9641,4
240878,170406,587246,3.2998,13.4405,1
240879,170406,591403,60.5062,14.9077,1
240916,170432,171361,20.854,7.4532,1
241344,170732,759970,42.7707,21.6382,5
241402,170767,175122,61.1274,11.378,1
241506,170839,592710,83.6673,6.2749,3
241786,171043,173598,13.0384,6.6231,1
241805,171060,171345,18.3576,6.2264,2
241880,171116,172837,17.7733,11.2362,1
242063,171236,619161,268.3841,7.3024,9
242210,171345,607159,229.5835,8.5503,2
242897,171818,761125,35.5668,10.3363,9
243169,172012,581620,60.1061,4.4534,1
243786,172461,758011,12.51,1.9318,1
243787,172461,172867,4.945,1.2071,1
243935,172563,591402,16.8028,4.1078,1
243991,172598,172837,29.9537,13.246,1
244081,172656,584044,181.7819,8.0176,9
244115,172684,252221,18.0462,24.868,1
244116,172684,175656,12.3693,25.5519,1
244145,172699,586141,36.1801,5.6079,1
244326,172831,759569,19.779,13.1691,1
244327,172075,172831,9.2405,14.0352,1
244832,173199,175121,17.6257,10.082,1
245275,173502,592324,52.4944,6.2838,3
245416,170375,173614,59.975,6.7428,4
245417,173614,600633,100.6164,6.7428,4
245435,173627,757841,9.1378,3.2386,1
245437,172867,173627,7.0942,1.0,1
245732,173843,254074,19.0962,16.9532,1
245914,173968,310208,70.088,5.6825,4
246158,174149,367788,35.4683,6.6328,1
246735,174563,374314,68.2752,12.5326,4
247525,175121,751714,207.6166,8.5789,1
247526,175122,176784,135.9228,12.3071,1
247611,175178,760860,26.6723,10.2227,1
247612,175178,180592,43.5421,10.4662,1
247613,175179,760534,19.4951,19.5959,1
247614,175179,176836,9.2832,14.1184,1
247853,175347,759569,11.9216,12.5688,1
248264,175656,254439,19.7569,29.3193,1
248457,175795,178931,33.1813,5.6272,2
248707,175968,177414,17.8326,18.3283,5
249540,176538,602829,86.3983,18.3845,5
249766,176688,596950,30.4576,10.8361,2
249767,176688,598458,24.6082,14.1072,2
249769,176690,596950,13.3666,10.6217,2
249897,176784,178076,77.7603,10.8204,1
249972,176836,180976,26.4512,12.4191,1
250186,176982,598052,61.5873,7.0355,1
250655,177300,206168,79.8288,17.8441,14
250826,176538,177414,8.7178,18.2743,5
251765,173199,178076,58.2771,9.0446,1
251991,178239,178316,14.8997,7.6811,2
251992,178239,606673,105.7261,6.3406,2
252000,178244,361516,158.3614,8.539,1
252001,178244,365116,35.0571,6.7223,1
252357,169551,178518,20.3224,19.7336,1
252368,178526,764921,108.055,9.8283,1
252369,178526,770579,59.4886,9.9196,1
252380,178533,183738,11.3578,16.5459,1
252496,173856,178609,4.2426,13.1148,1
252498,178609,200896,29.5635,11.0105,1
253195,179096,598725,19.1978,4.2247,2
253788,179488,598185,34.2146,8.4259,4
253789,179488,179887,7.0711,8.4259,1
254373,179887,602946,97.1419,7.8575,1
254459,178518,179949,6.4807,18.7874,1
255088,180397,181625,23.0465,5.8384,1
255304,180562,368732,44.5271,5.9545,1
255344,180592,186558,34.3738,8.9267,1
255881,180976,767538,12.5433,14.7478,1
256032,181079,787471,108.3585,9.8328,2
256166,181185,602073,15.8542,4.0495,1
257042,181780,613647,86.4754,9.0286,2
257420,182043,369180,28.8508,8.6988,14
257730,182275,768481,16.0381,6.451,1
258029,182482,254296,5.831,19.0623,1
258508,182809,204251,334.6282,6.6401,4
258543,181010,182833,49.2037,8.4208,4
258544,182833,184484,22.8254,7.1413,2
259827,182482,183738,21.9773,18.577,1
259979,183853,185055,22.4499,5.5335,1
259980,183853,607015,138.4281,6.5945,1
260020,183879,604211,61.5873,5.8941,1
260082,183924,187930,68.913,7.4407,1
260140,183961,241993,135.5507,8.5149,1
260397,184146,367300,5.4772,7.4699,4
260412,184157,191197,80.287,6.6235,1
260601,184129,184291,3.0,5.0378,1
260602,184291,184753,66.0379,4.9286,1
260851,184468,606673,32.8532,5.3284,2
260852,184468,609601,47.676,6.0688,2
261219,184753,607015,45.2032,5.4764,1
262024,185055,185354,20.8327,5.9544,1
262025,185354,191634,102.6596,7.129,1
262274,185529,188880,53.6004,16.4096,5
262277,185532,370037,23.7171,3.7796,1
263327,186294,253754,15.6098,18.9076,1
263396,186333,187662,13.6382,16.3227,1
263731,186558,187392,18.6041,7.6474,1
263980,186727,611881,60.9563,6.2281,2
263999,186740,611712,6.1914,4.872,1
264911,187392,776707,45.7457,7.8516,1
264932,187406,190968,31.4246,15.021,1
265226,187622,190271,76.0132,4.9338,1
265285,187662,255074,12.6711,16.7777,1
265292,187666,255076,6.4031,19.7413,1
265298,187666,187669,8.4853,18.8378,1
265356,187709,255203,15.5043,23.4857,1
265652,187930,617222,32.1611,6.7371,1
266980,188880,191303,43.6005,16.9556,5
267788,189489,616298,11.7473,5.1083,1
268732,189262,190177,11.0454,8.3156,1
268733,190177,192234,28.3725,9.2256,1
268881,187682,190279,3.4641,22.6627,1
268882,190279,255940,18.4347,23.9686,1
269109,190439,613640,66.4572,6.7453,1
269381,190633,209255,7.3711,5.2631,1
269852,190968,780679,33.3916,7.5199,1
269859,190972,617952,10.9731,5.3228,1
270129,191171,822049,144.9467,9.0126,1
270168,191197,626291,47.1013,6.3894,1
270302,191303,191959,15.3623,15.9477,5
270436,191408,776541,10.4828,17.1134,5
270744,191634,628401,50.6327,8.5019,1
270821,191682,254989,20.2786,19.4535,1
270829,191687,195661,8.6023,16.7845,1
271222,191959,195692,63.1664,13.0232,5
271601,192234,199265,155.1612,7.9754,1
271803,192377,643715,177.8893,9.6677,1
272132,190439,192595,23.622,6.3121,1
272177,187336,192626,40.9043,6.0837,1
272639,192969,375428,34.6731,3.2394,1
274327,194151,200649,38.589,18.9329,5
274469,194260,631222,136.4099,5.6457,1
274470,194260,194468,3.4641,7.239,1
274509,194285,196807,7.3485,22.5613,1
274735,116756,194439,137.8703,6.3326,1
275288,194815,630031,102.3778,8.7067,6
275478,194954,601144,213.4437,8.2785,4
275492,194963,199738,66.4003,8.2417,9
276170,195407,378652,76.3275,34.2965,2
276226,195407,276756,134.3288,26.3261,2
276263,195432,625703,74.788,10.0729,6
276331,195474,200850,136.576,6.2822,1
276575,195639,767311,64.2811,10.5106,8
276606,195661,255670,23.3357,18.4714,1
276651,195692,631953,35.5246,11.8751,5
276853,195850,626468,7.1764,6.2281,6
276854,195850,627841,11.1654,7.0801,6
276881,195474,195869,34.3657,5.0378,1
277031,195975,196937,55.8838,4.9839,1
278101,196743,373308,33.285,8.3875,1
278132,192595,196765,121.9344,5.9994,1
278133,196765,638006,84.5156,5.3327,1
278192,187669,196807,19.3391,19.6495,1
278387,196940,626291,30.186,5.9561,1
278619,195869,197112,54.8635,6.9937,1
278895,197312,627841,64.8742,9.6076,6
279338,197626,197786,78.4729,7.0094,7
279339,197626,643715,96.4863,9.8701,7
279568,197796,630678,23.3559,2.1583,1
279643,197850,783995,35.5434,9.1969,1
279644,197850,782638,16.1452,7.7054,1
280191,198244,200922,22.1133,7.0355,1
280196,198244,198248,16.9706,6.6177,1
280739,198652,627023,65.7445,7.0674,2
280883,198757,632193,66.695,7.9078,2
280938,198794,623468,116.7433,5.8941,4
280973,197312,198817,141.3506,8.7202,6
281455,199158,199159,5.3852,7.5452,1
281624,199265,643331,176.6481,6.4128,7
281936,199497,261968,308.8597,6.5164,1
282288,199738,652081,136.6102,6.982,9
282490,199886,635974,12.8841,11.593,5
282729,200041,201783,72.1388,4.5414,1
282818,198817,200108,81.9573,9.3309,6
282853,200133,206190,52.5167,4.5616,1
283620,200692,625272,138.2871,5.3779,1
283833,200850,201276,15.748,7.9681,1
283890,200896,202106,12.6886,7.0216,1
283907,200907,255945,11.1455,9.3553,1
283929,200907,200922,30.4138,7.6833,1
284034,201001,634894,12.8841,7.5828,2
284080,201037,788277,28.4462,9.5026,1
284407,201276,647048,110.5245,7.6712,1
284815,201553,784363,4.4721,9.5911,1
285133,201783,204220,41.5452,4.7182,1
285454,202008,784689,19.702,4.7541,1
285630,200108,202136,78.9747,11.3309,6
286369,202688,300449,115.1486,7.8102,2
287127,203209,257100,9.9499,16.0446,1
288544,204220,645892,25.5147,5.6081,1
288584,204250,786508,4.761,3.0811,1
288586,204251,207254,42.6263,6.0822,4
288630,204281,788266,29.3655,15.6173,1
288971,204519,381330,47.1652,8.6886,1
289709,202008,205056,32.9149,4.3509,1
290211,205408,632376,52.1664,4.5616,2
290273,201001,205453,158.2308,5.9292,2
290361,205525,642920,72.2326,9.4244,5
290944,205453,205953,10.4881,6.4225,2
291119,205953,206078,79.0633,8.3323,2
291248,206168,377604,16.5379,17.5545,14
291280,206190,233650,257.6509,5.1926,1
291449,206301,648319,29.3087,6.8459,1
291650,206442,207318,6.2004,11.979,2
291652,206444,790075,12.161,11.2193,2
291653,206444,790274,38.9986,11.9314,2
291801,206543,638196,74.0855,7.0674,6
291802,206543,207621,19.8494,6.0346,5
292562,207089,207501,14.4914,11.3524,5
292781,207254,719349,506.0099,7.1133,4
292873,207318,208880,21.5948,12.1226,2
292972,207393,212536,67.3573,6.5332,1
293126,207501,212876,72.7324,11.0227,5
293159,195975,207525,131.4572,5.9655,1
293160,207525,650054,13.2372,6.1742,1
293297,207621,208454,184.5779,7.5091,5
293365,207662,649643,32.4865,5.9402,1
293366,207663,212215,50.07,4.1829,1
293367,207663,649643,66.5795,5.2631,1
293664,207865,294314,45.2462,4.1583,1
293827,207981,212593,75.1236,6.5337,1
294079,208164,259811,177.5954,8.584,1
294080,208164,212760,62.8269,8.8054,1
294090,166673,208170,23.5414,9.3268,1
294144,208204,210980,257.2275,7.7848,5
294181,208232,789949,67.034,3.217,1
294182,208232,211212,19.4079,3.6736,1
294233,208272,787281,22.1961,5.6081,1
294235,208272,798697,31.0644,5.4155,1
294263,208289,214286,32.0247,7.7782,1
294415,208397,805336,59.9722,3.9324,1
294417,208397,797294,45.1331,3.4758,1
294506,208454,648676,29.023,9.7358,5
294737,208612,650059,22.8108,6.2264,1
295078,208848,649619,8.0,5.3852,5
295123,208880,792281,13.4247,12.8352,2
295219,208289,208949,37.1263,9.1184,1
295450,209102,209421,8.8318,14.654,1
295479,209121,796411,20.7364,3.7913,1
295557,209173,651040,11.8743,3.4093,1
295666,209255,445113,64.8811,4.241,1
295820,209376,790274,45.1349,13.5,2
295884,209421,792340,3.8586,14.8802,1
296032,209522,659960,127.3473,6.1926,1
296037,209527,794810,14.6401,7.8827,1
296078,209562,214451,29.9796,19.1747,5
296254,209692,794810,11.4537,8.4619,1
296300,209725,210317,6.8475,13.0765,1
296487,209850,209947,4.3589,6.4078,1
296628,209947,210286,7.0711,5.5649,1
296780,210050,652847,8.5245,5.7446,1
297051,209376,210248,19.8511,14.7136,2
297098,210286,653494,15.7973,5.5649,1
297136,210317,210875,32.3763,12.1789,1
297929,210875,210970,18.4331,12.3498,1
298017,210938,792281,36.0447,13.5447,2
298018,210938,794132,6.1283,14.0328,2
298061,210970,794248,14.8661,13.1708,1
298073,210980,651825,27.0103,6.2037,5
298188,211063,211387,3.4641,7.0958,1
298440,211233,797165,27.9165,5.9313,1
298468,211256,659203,33.0606,5.0368,4
298577,211332,375819,33.3017,5.6454,1
298657,211387,215306,64.5368,6.1911,1
298705,211420,794132,11.4988,14.6088,2
298706,211420,213716,28.9943,14.5562,2
299506,211973,212141,27.6586,8.1478,1
299672,212093,212166,20.5426,5.2361,1
299739,208612,212141,128.2926,6.7774,1
299771,212166,658151,94.6969,5.2913,1
299773,212167,654442,11.1654,7.0915,1
299945,210248,212287,26.8618,15.7913,2
299947,212287,212288,8.2529,16.651,2
299975,211233,212310,51.4296,7.4479,1
299976,212310,213964,32.2783,8.3079,1
300199,212460,216658,13.5078,6.9034,1
300264,209692,212506,31.6178,6.5539,1
300268,212509,212627,7.874,13.0151,1
300314,212536,671259,116.4231,6.2281,1
300395,212593,215886,45.3933,8.247,2
300396,212593,797301,25.1263,8.8023,1
300400,212596,797301,16.7,8.9399,1
300456,212627,796350,13.9284,12.067,1
300637,212760,662307,88.3233,9.7409,1
300851,212907,223939,34.6157,17.1889,5
300860,211973,212914,53.6097,9.2426,1
300861,212373,212914,8.6023,8.7417,1
301186,213155,652081,38.4838,6.1127,9
301188,213155,661150,17.8326,5.6109,9
302131,213716,213840,13.6748,14.9803,2
302155,212288,213856,14.0673,17.2334,2
302691,213840,214216,33.4033,16.3887,2
302692,214216,214354,8.7178,16.4204,2
302783,214286,796411,37.1383,8.571,1
302826,214319,649619,61.5224,4.8139,5
302828,214319,215020,6.7823,4.3574,5
302875,214354,215679,47.8075,15.8114,2
303001,212907,214451,31.9527,20.6434,5
303025,212876,214470,20.6398,11.0227,5
303087,214514,377931,12.2972,35.2702,2
303222,112554,214603,66.6071,6.2283,1
303224,214603,301950,75.9254,5.8268,1
303825,215020,670732,77.4234,5.9103,5
303890,215072,215433,16.5345,19.4493,2
304185,215273,380044,7.5056,4.9286,1
304234,215306,665340,53.3187,4.899,1
304405,215433,798585,20.6855,18.0092,2
304730,215679,215810,12.1564,15.4224,2
304899,215800,335784,130.4663,12.2664,9
304913,215810,216823,19.163,14.0167,2
305085,215932,261358,59.8275,6.562,1
305126,215959,379043,6.2716,31.6099,2
305255,216043,767852,36.2108,18.4119,1
305307,216076,800259,9.8432,22.3785,2
305764,216395,667685,173.1127,6.3328,1
305765,216395,662908,8.9567,7.7934,1
306128,216658,221242,15.8339,4.6751,1
306359,216823,223745,93.4505,10.0707,2
306549,216965,802282,22.6323,9.6452,2
306550,215886,216965,32.18,8.105,2
306623,217010,661696,26.6458,15.1927,1
306913,217206,659203,52.8709,4.8139,4
307234,217010,217422,11.5902,14.611,1
307265,217445,217446,6.8394,8.775,1
307274,217453,671504,44.1026,9.8464,5
307747,217785,290110,28.9425,7.0355,1
307749,217785,295036,13.6504,6.7787,1
307764,206543,217796,185.3348,10.251,1
307765,217796,218790,12.6886,13.2734,1
308163,218084,234546,255.5504,6.1567,2
308972,218647,252770,31.8952,25.7739,2
309104,218742,391516,93.5551,16.9704,17
309423,218967,663190,24.1926,5.8941,1
309469,219005,254439,64.0885,33.3479,1
309470,219005,220386,4.2426,35.8384,1
309505,219036,220675,19.3391,4.899,9
310152,219489,228599,131.9924,6.7787,8
310476,219721,384102,17.6078,16.8561,14
310610,219814,802395,20.3142,15.0961,2
310682,218967,219862,39.5727,5.8941,1
310922,220046,220316,39.975,4.3203,1
310923,220046,224693,56.116,4.7408,1
311303,220316,667000,46.8728,4.8708,1
311352,220358,800831,106.4738,10.5695,2
311353,220358,222645,44.5097,14.4598,2
311398,220386,258827,33.7079,36.282,1
311671,214533,220575,70.5195,5.8648,1
312488,220575,221173,18.7083,4.3523,1
312590,221242,236381,25.5907,5.3028,1
312737,221343,799285,19.8074,3.6736,1
313453,185255,221852,49.4267,3.2321,1
313906,222183,806767,48.2778,5.381,1
314088,222312,235959,133.3742,16.3085,2
314089,219814,222312,27.3679,14.4262,2
315274,223160,678610,38.9915,6.2696,7
315497,223319,294066,215.8634,4.872,1
315736,223481,385629,21.4295,8.5438,1
316022,223686,224068,6.3421,17.9721,1
316101,223745,811383,17.0945,6.3093,2
316363,223939,226628,12.2342,8.1782,5
316850,224285,258912,15.8605,19.86,1
317244,224565,237886,117.8898,5.0043,9
317422,224693,685875,30.8419,3.9496,1
318198,225227,227333,35.3412,3.3028,1
318559,225471,681006,15.337,4.8139,1
318831,225661,649027,72.9155,6.0552,1
318832,225661,287194,6.627,6.9909,1
319370,226028,690464,56.8648,4.6312,1
319962,226454,817872,64.6065,13.5013,2
319963,226454,809720,24.5967,13.6079,2
321801,227769,229789,12.2429,9.7358,1
321874,227811,389274,47.4513,29.1683,2
322724,228395,686311,55.9226,6.2244,1
322725,228395,230232,104.9714,3.9495,1
323003,228599,229346,36.1109,7.1056,8
323265,228782,685875,9.7582,4.1078,1
323525,182043,228963,237.7121,9.4845,14
323526,228963,395464,137.5439,13.0483,14
324100,229346,691066,13.1909,6.1056,8
324312,229494,687626,17.0163,1.9841,1
324950,229494,229968,7.1414,2.0908,1
324951,229968,694242,29.3352,2.8059,1
325364,230247,690464,18.0056,3.9822,1
325365,230247,236897,63.8827,5.6795,1
326060,230737,241475,9.4868,4.2523,1
326631,231146,691863,12.0277,4.7182,1
326777,231146,231253,13.1909,4.7182,1
327897,232048,232384,78.543,4.8452,8
328136,221343,232217,24.9199,3.8643,1
328381,232384,696877,49.7214,4.4068,8
328406,218647,232403,22.2723,30.9911,2
328434,232424,235319,48.3115,5.0476,1
328645,232571,233283,48.6313,7.0312,1
329023,232836,265104,18.3091,5.8549,2
329196,232960,699971,24.9043,4.9936,7
329217,232974,238590,48.6613,10.9118,1
329289,233024,696877,3.1447,4.1231,8
329649,233283,237690,70.9718,7.415,1
329720,233337,387033,31.1833,6.1451,1
330166,233650,719129,125.285,5.8941,1
330265,233718,819113,3.6827,12.9606,5
330659,234006,234270,20.0998,5.2881,1
331026,234270,698128,9.961,4.6708,1
331219,234402,288264,47.9572,8.032,1
331418,234546,714837,51.0316,6.2027,2
331627,234702,236789,24.8395,4.1078,1
331967,234952,782038,27.5264,5.0368,1
332053,235011,238092,49.6085,5.0378,1
332299,222183,235195,37.4967,4.6795,1
333200,235854,235987,11.3578,4.7856,1
333201,235854,236897,53.0943,6.0495,1
333367,235973,693472,57.0195,11.6824,1
333385,235987,707095,38.7212,4.7361,1
333994,235011,236422,28.6356,5.1736,1
333995,236422,242194,53.1507,4.89,1
334030,233718,236448,22.3745,11.5509,5
334128,236516,708299,40.8003,3.285,1
334527,236789,708352,16.3673,3.3904,1
334966,202225,237128,49.8598,6.1596,1
334967,235195,237128,2.4495,5.7016,1
335379,237428,709550,23.9374,3.8534,1
335517,237525,257763,42.2243,10.118,1
335613,2319,237600,20.267,15.5819,5
335637,237615,249070,135.5968,5.1197,1
335742,237689,400063,91.9638,16.3752,14
335743,237689,384102,16.1658,16.0139,14
335744,237690,238230,10.3441,7.5498,1
336215,238027,708613,45.5595,7.0216,1
336503,238230,238940,6.7082,7.68,9
336637,238328,260212,38.979,26.0884,2
336855,238484,274195,4.6904,6.9248,1
337484,238940,245487,69.4766,7.1838,9
338761,238590,239843,4.6428,8.4228,1
338762,239843,240205,4.5826,7.9702,1
338787,229789,239861,83.5657,9.1368,1
338788,15225,239862,6.1644,4.2913,1
338789,2560,239863,130.3235,6.9942,1
338790,239863,242805,32.468,5.9522,1
339203,240161,717215,5.6273,5.8407,8
340313,240905,804770,249.0004,5.2617,1
341090,241475,819824,42.3386,4.4009,1
342102,242194,725769,20.9603,3.5616,1
342299,239862,242322,29.2366,4.0616,1
342530,236381,242488,7.4087,5.6213,1
342531,242488,393653,29.5296,4.2426,1
342576,242520,727599,49.6711,8.3037,4
342937,242791,788098,11.6905,3.0725,1
342938,242791,807178,29.6583,2.8284,1
342956,242322,242805,75.7942,4.6596,1
343271,243024,252105,108.4476,7.0674,2
343647,2560,243293,55.3865,5.9853,1
344263,243737,243847,5.7446,5.6109,1
344291,243082,243755,72.1488,5.5257,1
344426,243847,730176,161.4621,5.8208,1
344427,243737,243848,130.702,5.3723,1
344461,243873,722243,11.6442,11.9726,1
344462,243873,243874,14.2127,11.7972,1
344951,243785,244221,6.7823,3.7199,1
345360,243293,244512,11.0004,4.6904,1
345794,243874,244838,132.2044,8.162,1
345863,81389,244885,38.7284,5.0414,1
346199,70969,245124,13.3218,5.7865,1
346200,245124,252013,114.7453,12.1911,1
346201,245125,706886,68.7677,5.958,4
346202,245125,250952,53.5257,5.0196,4
346646,245431,735180,33.946,6.5557,1
346722,245487,735317,58.6307,7.432,9
347906,246317,729971,12.2429,8.779,4
348129,246467,726022,15.0333,6.5927,1
348439,246689,246690,4.2426,5.6506,1
348440,246283,246690,8.124,4.8139,1
349042,246689,247107,46.3357,5.4075,1
349043,247107,252346,75.379,5.5317,1
349249,85321,247254,10.2256,5.9569,1
349250,102539,247254,6.1695,4.9155,1
350662,248224,388454,8.5245,13.6724,2
350839,248347,249499,46.7962,19.9561,1
350848,149616,248355,32.5478,25.3572,1
350849,248355,252221,37.3195,26.2045,1
351029,248480,251827,7.2495,9.1964,1
351848,51536,249070,64.7572,6.5027,1
352459,105872,249499,14.7422,17.5336,5
352460,135496,249499,7.3485,17.4913,4
353597,250311,312862,35.2278,4.9497,1
353727,102539,250404,34.9937,5.9051,1
354375,250846,251779,10.1912,12.3871,2
354530,250952,744111,33.0255,5.9986,4
354733,251112,734118,17.0,6.7371,2
354734,251112,761364,97.4628,6.451,2
355694,227811,251779,37.5843,24.9907,2
355764,251827,398066,98.554,9.772,1
355929,251939,774512,192.0278,7.3294,2
356044,248347,252023,43.8963,13.67,1
356045,149588,252023,78.3766,5.6618,1
356056,244512,252030,91.4081,4.6365,1
356057,185255,252030,64.0391,3.7913,1
356165,252105,268903,120.852,7.8793,2
356200,154722,252133,3.3665,19.4254,1
356201,252134,253362,36.0482,15.429,1
356202,252134,252282,4.3108,14.3873,1
356316,252213,252558,36.6753,16.6368,1
356428,154956,252290,32.1685,21.5503,1
356502,252346,732935,98.7421,6.3226,1
356786,252282,252558,26.6729,14.3353,1
357093,252770,388992,3.448,14.2562,2
357129,252792,389555,7.7244,4.1078,1
357333,252938,784999,157.4004,8.0137,9
357416,160319,253001,20.6955,20.1771,1
357499,253058,713167,138.9412,5.7878,17
357500,253058,254208,9.1104,6.1558,17
357596,253122,253200,18.9478,13.6973,1
357707,252213,253200,53.2923,15.9988,1
357725,253212,254375,38.4993,23.3325,4
357753,253232,740323,48.7909,4.5274,1
357933,173843,253362,16.0384,15.549,1
358326,253631,254183,10.3441,6.8239,1
358502,178533,253754,3.8297,16.7777,1
358756,240905,253929,143.5278,5.7748,1
358963,187709,254074,6.7823,20.7514,1
359152,254208,267817,94.1701,6.4419,17
359263,179949,254296,3.6056,17.775,1
359387,254375,265151,40.9731,14.4428,4
359463,198248,254434,31.4059,10.2411,1
359466,243755,254437,101.022,5.3349,1
359467,254437,255088,11.2101,4.1621,1
359577,186294,254511,8.7496,19.9846,1
360249,187682,254989,6.2093,20.2466,1
360378,254511,255074,13.784,18.5699,1
360380,186333,255075,16.3673,18.3539,1
360382,255075,255076,10.403,20.1989,1
360417,253995,255088,11.4455,5.3735,1
360579,191687,255202,36.3129,20.1956,1
360580,255202,255203,8.9082,24.7082,1
360817,191682,255369,10.7705,21.096,1
361226,255369,255670,39.217,20.7603,1
361353,194285,255754,3.3166,24.5647,1
361363,255760,292668,39.1961,7.9282,1
361370,255765,255766,20.3316,7.0229,1
361371,202106,255765,8.0208,4.3523,1
361373,255766,256367,22.2669,11.3846,1
361402,253929,255787,22.5392,6.0467,1
361407,255792,757991,172.7621,6.0583,1
361427,255805,742857,22.6471,7.9282,4
361624,255754,255940,8.8717,24.3676,1
361631,169709,255945,25.0976,11.3364,1
362185,254434,256319,54.6148,12.3551,1
362258,203209,256367,37.3502,14.0542,1
362282,252290,256383,23.0115,21.0814,1
362283,256383,257965,11.1878,21.8659,1
362638,256640,750454,29.524,9.6424,4
362858,256027,256787,67.4537,6.2838,1
363286,224285,257100,19.6977,17.0147,1
364062,257637,749888,9.363,4.6043,1
364227,256319,257763,14.3682,11.923,1
364532,257965,268632,87.0508,23.5685,1
364655,257637,258052,147.2311,4.9338,1
365861,258912,268491,62.7719,12.2247,1
365912,258945,756432,63.1348,5.1421,1
366285,258827,259208,23.5337,35.0748,1
366286,259208,259353,6.364,31.8166,1
366538,256229,259402,26.1992,19.3639,8
366539,259402,291500,20.9603,20.7596,8
367106,259811,727255,59.0903,6.3901,1
367112,245172,259816,26.3042,24.0031,2
367248,234402,259912,18.5622,5.5317,1
367676,260212,265028,13.2445,14.9856,2
367701,252792,260226,29.4863,3.3166,1
367702,260226,262753,23.5348,3.0725,1
367998,260440,261076,20.4695,4.9495,1
368130,260537,269414,97.9285,7.0,1
369181,261288,793334,226.8494,6.5027,1
369219,256791,261312,63.293,4.148,1
369289,261358,392716,6.1283,5.0,1
369557,261557,262721,16.4012,22.3275,2
369571,261568,262723,15.3911,26.209,2
369574,261568,261569,11.55,26.6954,2
369575,261569,392241,3.35,23.6364,2
369604,261589,269776,111.984,15.8892,1
369773,256640,261714,53.9351,8.4345,4
369774,261714,760831,7.2111,7.8367,4
369947,261844,392109,4.8189,5.2881,1
370120,261968,270205,57.6898,7.2243,1
370875,258951,262481,50.6063,7.5667,1
370876,262481,763491,36.6288,8.3613,1
371205,259816,262721,14.0694,22.5213,2
371207,261557,262723,6.9516,23.6043,2
371248,262753,387938,80.4197,3.4758,1
371335,262815,264524,64.9461,19.0941,1
372076,263330,788734,79.6158,7.4833,4
372333,259353,263507,25.318,31.9041,1
372334,263507,264833,27.8448,33.8484,1
372373,261312,263539,23.9583,4.4068,1
372950,263958,264477,20.0998,8.8296,2
373711,264477,269013,69.383,6.8632,1
373780,264524,768584,26.1704,21.2721,1
373962,264650,322171,170.6055,8.8853,1
373963,264650,303676,73.1249,7.7568,1
374506,265028,393972,7.8951,11.1747,2
374573,265067,267495,34.0098,7.617,1
374633,265104,484812,80.7919,6.2445,2
374693,265151,331299,38.943,10.4252,4
374983,265361,266182,18.8119,6.03,1
374988,265367,265542,15.6525,5.1421,2
375171,265503,350953,47.2781,4.1829,1
375989,266066,284543,10.198,5.2617,1
376157,266194,304831,19.8593,5.8549,1
376158,266194,339968,43.2249,5.6926,1
376178,266210,761336,31.791,10.595,1
376252,266269,394386,17.5615,15.8389,2
376253,266269,392563,4.5907,21.7265,2
376274,266281,338220,32.9798,9.142,1
376641,266534,785991,96.7592,5.0043,1
377144,266908,770123,3.448,16.4945,1
377450,267136,338672,20.3224,21.1549,6
377500,267173,317943,20.7718,6.0778,1
378125,267585,267790,4.3589,7.9909,2
378290,267702,267991,8.756,6.117,1
378419,267790,789251,80.7857,6.8729,2
378443,266908,267806,10.247,17.1073,1
378457,267817,776165,99.0252,6.03,17
378623,267933,334021,14.4703,19.2187,1
378624,267933,269054,24.7415,18.5678,1
378713,267991,372091,121.3201,7.0094,1
379120,268277,781105,75.6813,5.3852,2
379244,262815,268371,87.1837,15.8515,1
379290,265503,268409,39.2669,4.1231,1
379396,268491,334021,67.1456,12.304,1
379467,267806,268539,25.2389,16.8346,1
379600,268632,275742,54.8093,16.0171,1
379802,261654,268778,111.7766,6.5339,1
379984,268903,385752,51.5772,8.8703,2
380140,269013,271178,73.0068,5.8303,1
380201,269054,269672,4.4845,20.3657,1
380604,269338,781082,57.6243,14.7801,2
380706,269414,272410,39.2556,6.8541,1
380934,269573,274598,47.1063,9.6162,17
381107,267702,269690,62.4395,6.2696,1
381162,269727,362282,12.2338,21.9925,6
381221,269770,285386,168.2914,4.5634,1
381222,269770,343553,5.2599,5.5451,1
381228,269776,279648,52.0715,14.1154,3
381602,270039,337867,58.4209,5.9495,1
381618,270050,273519,69.0652,11.2147,2
381850,270205,784787,217.6465,7.9026,1
382191,270450,774512,34.1822,8.1368,2
382192,270450,272248,12.8452,6.7016,2
382899,270958,359818,21.7945,5.2386,1
383035,269672,271057,22.4577,19.0615,1
383213,271178,783692,15.5849,5.8723,1
383256,271207,382814,121.9117,5.1926,17
383257,271207,276762,35.7941,4.7541,17
383343,269056,271267,29.0937,10.6725,1
383786,271580,779089,33.8707,6.5164,1
383997,271740,490867,220.9098,7.0348,2
383998,267136,271740,76.0578,13.6989,2
384748,272248,786661,6.377,7.5027,2
384882,272330,396943,44.1991,6.1911,1
384967,272381,402997,30.6814,21.1769,2
385008,272410,788985,28.6279,7.0283,1
385630,272861,382708,11.0604,3.7199,1
386151,273224,283639,178.9652,8.7329,1
386262,272855,273302,4.7376,15.0479,1
386570,273519,274208,16.0935,11.2147,2
386713,273302,273634,6.6111,16.3854,1
386754,273658,304831,89.8777,5.7118,1
387092,273880,365368,86.4527,7.8776,1
387143,272846,273916,51.7011,7.1133,1
387382,194439,274088,143.245,5.6926,1
387490,274163,275334,20.1494,6.7823,1
387533,22232,274195,10.1653,7.5077,1
387554,274208,278834,50.8527,11.8775,2
388258,274727,395464,5.2118,17.7661,14
388498,273880,274902,41.0658,8.1771,1
388591,274968,785991,68.593,5.7016,1
388816,275131,314540,31.2019,6.9495,2
388817,275131,282013,29.6011,4.7408,2
389122,275334,795312,17.2337,7.0654,1
389709,275742,450824,29.1357,14.2156,1
389888,275869,807701,30.9713,10.3377,9
389971,275925,357121,100.5737,7.6261,1
390057,271515,275985,63.663,18.3995,6
390059,275985,277737,25.9097,15.7284,6
390274,271667,276131,99.1161,20.0896,1
390275,276131,280245,100.005,19.2915,1
390296,276146,418908,5.099,8.1203,1
390297,276146,431365,9.7297,7.874,2
390298,276146,429899,20.3142,10.4562,3
390432,276237,417680,9.7411,4.1069,1
390531,276302,785637,57.2723,5.1029,2
390532,276302,279586,29.2746,3.7936,2
390824,276517,790881,47.2708,9.6414,1
390867,276545,294314,32.5616,2.7763,1
391164,276756,283591,33.6914,10.5704,2
391913,277292,808130,37.3831,7.8037,2
392398,277637,429899,19.2435,18.1489,3
392399,277637,277965,4.0595,22.4695,3
392419,277657,786814,111.3283,14.7522,1
392500,276237,277712,37.5426,4.9286,1
392535,277737,490900,60.2412,11.1335,6
392881,277965,456253,11.6476,23.1178,3
392928,276517,277998,48.6415,9.1891,1
392929,277998,280820,21.6795,6.9216,1
393274,278251,285687,143.3946,6.434,1
393302,268539,278273,246.0346,13.183,1
393818,278630,279551,10.6771,6.451,2
393909,278696,299162,34.6284,8.5422,2
394115,278834,281436,39.5095,9.5176,2
394304,278966,280475,22.9129,7.2007,2
394606,279176,808155,16.66,4.4721,2
394881,279373,280599,11.0905,4.3203,1
395144,279551,282123,268.7397,7.4155,2
395146,279553,820958,224.7599,6.8507,2
395147,279553,280475,43.3705,7.2592,2
395178,279176,279576,51.0784,4.4721,2
395192,279586,817980,28.1366,5.8552,2
395277,279648,480805,18.0185,8.4328,3
395383,279576,279719,71.0352,6.2981,2
395558,274968,279845,87.5157,5.8912,1
395816,280019,820952,30.9175,9.3671,1
396123,280245,809998,3.3166,19.8746,1
396304,280364,396785,9.1652,26.7291,2
396485,280501,809998,24.8596,20.0985,1
396486,280501,280703,14.8997,19.8307,1
396557,274727,280553,14.1145,17.3276,14
396617,280599,290491,62.1858,4.899,1
396765,280703,815017,52.1752,21.5544,1
396924,66978,280820,80.3638,5.4075,1
397163,280998,810347,26.4953,7.3143,17
397428,281187,281188,5.8689,18.4647,15
397429,280553,281188,8.4722,16.6221,15
397562,280756,281276,36.3074,20.371,3
397563,281276,289382,55.2287,23.0617,3
397724,279845,281390,95.4463,6.2634,1
397860,255787,281485,59.744,5.4157,1
397861,265361,281485,11.1455,5.2631,1
397989,281572,484865,16.9629,30.3293,1
398787,282123,284720,25.2587,7.7404,2
398846,234952,282160,39.4208,4.3008,1
399308,282489,397024,3.3823,24.3814,2
399609,282706,457891,45.3248,5.9977,1
399718,282791,284619,15.8535,7.482,1
400298,237525,283192,20.9762,8.6113,1
400299,266281,283192,44.8665,11.0081,1
400416,283270,789091,67.1991,6.3284,1
400418,283270,285082,17.0,6.7016,1
400481,283307,289632,17.4674,22.4479,2
400482,280364,283308,9.4104,27.8941,2
400647,47639,283424,50.3477,8.3773,17
400960,283639,289358,56.7734,8.9109,1
401013,283673,285573,65.2934,9.8365,2
401014,283673,287452,28.6705,7.1734,2
401392,283927,749983,53.9707,6.8647,1
401475,283991,286496,46.8722,6.7807,1
402098,54623,284418,20.7766,8.9346,1
402100,284418,808446,59.8514,6.2838,1
402161,112083,284461,75.5932,7.8075,2
402242,284512,290233,58.4627,13.39,1
402287,284543,455820,143.8819,6.3226,1
402390,284619,516693,28.6007,8.7745,1
402558,232836,284720,110.8287,5.9329,2
402607,183545,284751,155.8324,20.9029,1
402608,284751,818462,30.3919,21.6333,1
402639,284774,290587,20.347,3.7247,1
402931,283591,284977,20.1935,10.1627,2
402933,284977,285542,17.4801,11.6593,2
403040,283859,285056,112.1651,8.4155,2
403041,285056,289099,121.0537,5.6541,2
403077,285082,288170,27.7308,6.4803,1
403214,125221,285174,58.2771,4.511,1
403215,111633,285174,69.5358,4.1231,1
403347,285268,530907,244.239,9.3261,1
403497,285386,302403,134.022,4.9839,1
403699,283307,285527,7.6085,22.3901,2
403714,285540,287278,11.0454,14.1746,2
403715,285540,285541,9.8548,13.1712,2
403716,285541,285542,10.1957,12.5693,2
403763,284792,285574,10.3172,8.8805,1
403764,285574,517910,4.899,4.8599,1
403930,150293,285687,111.2864,7.993,1
403983,274598,285722,46.5212,9.8464,17
404562,286129,291923,83.6301,6.3546,4
404766,286277,286278,6.2926,14.1492,2
404767,286277,515332,12.7622,15.5472,2
405113,47038,286519,12.3378,5.6323,2
405359,286703,395896,19.7146,16.4283,17
405927,287107,288005,52.3163,6.9343,2
406160,287274,291652,32.2025,13.0535,2
406164,287274,287278,7.3636,15.1341,2
406281,278273,287364,175.1171,6.6098,1
406282,166673,287364,70.2994,6.6098,1
406392,287452,289561,18.7646,8.6313,2
406531,286519,287556,13.9284,6.0927,2
406897,287820,616786,230.288,8.3647,1
407135,102149,287990,57.7177,6.5557,4
407160,287556,288005,24.9399,8.0932,2
407180,129651,288018,26.3947,9.7133,17
407191,288024,288264,8.0623,10.6066,1
407350,286496,288130,113.3225,6.5182,1
407637,288329,553203,21.3698,8.7979,3
407697,288368,295273,163.2601,5.5317,1
407873,288495,525495,20.6774,9.674,1
407955,282706,288550,66.4857,5.2607,1
408217,288731,317003,73.073,8.8619,1
408639,288329,289016,8.8694,8.4853,3
409004,215800,289266,66.863,12.5415,9
409119,289358,295223,35.5989,8.5732,1
409259,259912,289464,10.1708,4.899,1
409301,289497,290706,54.0833,8.2305,2
409428,289587,499423,110.4244,8.6406,1
409429,285268,289587,76.7898,9.9239,1
409457,232217,289604,30.249,3.6427,1
409459,289604,815245,5.0,3.0811,1
409500,289632,400086,8.2999,20.9516,2
409592,59341,289689,57.8816,5.8648,1
410345,290216,554413,12.8323,9.7946,1
410367,290233,297997,47.6221,12.2064,1
410540,290350,303676,29.6311,6.5182,1
410541,265067,290350,12.8712,6.0092,1
411041,278696,290706,149.9954,7.2744,2
411260,290852,297453,123.8951,8.8305,17
411770,291203,550478,4.3205,17.7989,3
411805,291223,292150,6.2272,9.6618,1
412174,267136,291500,19.9583,20.2473,8
412396,291652,294576,35.7036,11.4921,2
412700,291854,292205,10.2419,8.9109,1
412738,291879,398064,22.5019,23.5145,61
412739,291879,295646,23.8164,22.6069,61
412802,291923,296184,56.6569,9.562,4
413086,291203,292129,4.8189,17.6682,3
413113,292150,607817,81.3347,7.719,1
413190,292205,573062,18.6726,9.2466,1
413353,289561,292329,43.5495,11.5585,2
413560,292472,568640,14.4299,6.5311,1
413561,292472,630640,58.7698,6.9892,1
413787,266182,292638,53.0712,4.4096,1
413821,208170,292668,8.6717,8.8703,1
413932,54623,292751,135.1764,11.4649,1
414194,183545,292945,18.6115,20.2728,1
414195,292945,317082,74.0608,20.0087,1
414223,292494,292968,32.0156,8.6478,1
414224,217446,292968,27.4934,7.8875,1
414447,281187,293126,69.6028,18.521,15
414722,292329,293323,17.9224,16.8461,2
414725,293323,574178,16.556,15.3404,2
415532,248171,293883,110.9451,5.9667,2
415900,294142,573062,9.25,9.7846,1
415926,288368,294163,63.2479,5.9545,1
415927,294163,577093,6.4684,5.9545,1
416489,294576,401979,24.0387,10.0185,2
416627,255760,294676,5.9442,7.8369,1
416641,217445,294689,95.1134,7.9582,1
416642,254311,294689,9.0123,7.6327,1
416866,294856,294977,4.8103,25.6089,3
417036,294977,295612,6.7515,27.2054,3
417104,295036,351281,26.0448,5.57,1
417361,295223,597876,48.8064,7.5886,1
417412,295257,609753,38.1182,5.2631,1
417438,295273,295639,4.0139,4.9495,1
417793,276545,295522,13.9273,1.8251,1
417917,295597,575450,16.4114,10.0519,2
417918,295597,296625,7.1414,8.5311,2
417937,295612,608634,24.59,27.8336,3
417978,295639,598795,13.3791,4.3708,1
417989,295646,401367,7.6085,21.4654,61
418416,295946,543822,111.022,7.0,4
418518,293883,296025,31.4006,4.1231,2
418519,296025,297293,20.2485,4.1829,2
418679,248171,296134,14.005,6.5977,2
418680,282013,296134,37.9561,4.9839,2
418744,296184,300439,51.3517,11.3137,4
418788,254311,296216,57.3779,8.3632,1
418789,296216,296555,22.561,9.4002,1
419336,294960,296589,11.0454,3.516,1
419337,296589,336279,31.8865,3.4042,1
419379,296625,298104,40.6872,8.1056,2
419530,296555,296735,18.412,10.4841,1
419531,296735,335720,28.3431,10.6292,1
419532,296736,605795,16.7239,12.961,1
419533,296736,560576,40.3508,11.7377,1
419915,292751,296997,45.288,9.6436,1
420315,297289,298931,24.7417,6.8804,1
420534,297453,314648,220.6944,7.5415,17
420653,297545,372613,25.7013,19.2309,1
421295,297997,636778,31.4983,20.6458,1
421456,298104,298324,22.7266,7.7287,2
421542,298168,649156,135.4015,5.2386,1
421626,298224,676804,26.9637,15.3603,3
421805,298341,298618,11.3235,19.0511,2
422187,272381,298618,23.2128,20.0963,2
422385,264833,298753,48.0717,30.7029,1
422439,28660,298794,25.5973,5.2035,1
422440,298794,305668,3.7712,4.4126,1
422502,298842,557777,71.3839,4.8408,1
422623,298931,633418,35.7636,8.4124,1
422956,299162,420307,54.3016,8.4845,2
423533,290587,299578,42.6706,5.458,1
423534,299578,749983,90.7046,5.0794,1
423740,299720,551447,51.2835,6.8759,4
424049,299940,425375,62.468,5.7446,1
424541,300274,302347,31.2494,6.7986,2
424775,300439,437915,11.0604,11.0652,4
424789,300449,301038,4.6904,8.7528,2
425000,297293,300595,41.9285,5.3617,2
425074,300651,400083,21.8932,14.6782,1
425184,300724,558203,84.7647,6.6437,4
425185,300725,405581,7.6085,6.5414,4
425186,300724,300725,6.4031,6.2386,4
425279,300789,608634,10.1242,25.9964,3
425313,300813,343566,85.626,14.658,1
425631,301038,317180,154.9484,12.8164,2
426196,261589,301446,33.1863,12.4057,1
426197,301446,319707,58.1378,18.3242,1
426529,301677,375690,48.9127,9.8501,1
426619,301739,404176,6.0828,15.2224,17
426914,301950,307457,34.2491,6.0355,1
427306,302232,639707,75.6009,6.1596,1
427468,302339,505578,30.2262,15.4052,6
427704,302499,496438,15.9269,6.0738,1
427720,302512,387277,51.5258,9.142,1
427819,302575,571477,44.4635,6.5182,1
428001,302700,633879,56.4939,5.1438,1
428002,302700,354046,42.4807,4.1829,1
428846,303307,303308,4.2426,6.5636,4
429030,303439,646155,25.2323,8.938,5
429173,303553,631722,14.4568,17.1829,1
429567,303553,303827,6.65,18.1867,1
430299,298753,304362,23.1517,30.9265,1
431105,304917,687319,31.0841,4.4665,1
431163,304961,389555,130.6331,9.8149,1
431164,304961,311907,42.3661,15.8802,17
431336,299720,305080,75.6902,7.9582,1
431337,305080,504453,15.5443,6.7749,1
431571,303308,305243,35.0571,5.7269,4
431573,305243,306153,25.9422,4.6708,4
431574,305244,555617,22.9637,6.0402,4
431575,305244,306153,13.9284,5.5076,4
431871,2941,305440,69.0362,3.6736,1
432863,306149,544153,25.9679,4.7386,4
432864,306149,558203,31.4084,5.9051,4
432881,292638,306160,18.1934,3.8724,1
432882,271376,306160,54.4243,4.3528,1
433732,306759,306998,55.8654,5.1926,1
433733,4383,306759,30.2747,3.9142,1
433835,306826,544499,4.5461,7.2592,1
433836,306826,316889,67.5056,6.2503,1
434724,307439,313103,31.6421,18.8359,61
434754,307457,315483,79.2591,5.0495,1
434987,304362,307616,29.7993,29.7077,1
435316,4027,307851,43.0291,5.3183,1
435676,308097,399782,48.1894,4.5634,1
435868,308236,811474,38.3913,4.9936,1
435869,308236,357978,26.7021,5.7446,1
435884,308249,616710,14.9295,17.6344,6
436106,308405,711046,112.7908,6.3284,1
436450,4740,308657,54.8473,5.0495,1
436791,308903,518676,26.8432,11.5273,9
436792,308903,684609,20.0938,10.6892,9
437112,309139,312260,36.1939,6.0173,4
437311,306707,309272,84.8882,4.7913,1
437312,309272,739636,36.8486,5.2913,1
437709,309552,648920,62.726,5.8541,1
437910,173968,309700,44.3546,6.2196,4
438318,300595,309992,68.8549,7.5415,2
438319,1092,309992,62.8941,6.8012,2
438625,310208,562329,30.5287,4.4707,4
438676,5996,310246,15.5956,5.5822,1
438685,6549,310253,32.8819,4.1829,1
439156,307444,310573,7.6811,10.6725,1
439157,310573,406384,6.6081,12.1454,1
440045,8312,311191,43.5431,6.7787,1
440596,311579,333944,75.0433,4.2523,1
440661,311627,708957,12.3918,4.5616,1
441094,301739,311907,20.1384,16.3887,17
441184,311971,322171,41.9285,7.2882,1
441396,312119,312966,3.8297,6.8093,1
441489,311163,312186,39.5095,4.6111,4
441597,312260,728032,20.0918,5.6967,4
442474,312862,767229,17.3494,3.5355,1
442613,312966,401685,36.4128,5.055,1
442742,313064,615176,42.6419,6.7016,1
442743,1241,313064,61.0246,7.5605,2
442799,313103,318568,30.576,18.3442,61
444010,313968,315203,131.6527,6.151,1
444288,6250,314148,53.9506,4.5274,1
444289,8845,314148,11.9722,4.9286,1
444305,314158,760453,28.0099,8.5408,1
444755,314472,405751,62.7127,12.6708,38
444756,314472,408329,32.8312,9.2016,21
444843,296997,314540,8.226,8.5311,1
444947,314613,403948,39.1706,19.0212,15
445559,1120,315039,46.9446,14.5165,6
445687,8732,315123,14.19,3.8534,1
445802,315203,317730,38.3638,6.5191,1
446061,9331,315378,23.949,3.1583,1
446194,8799,315467,15.1217,3.5616,1
446214,287,315483,16.4317,5.8661,1
447303,29859,316234,67.3238,6.3287,1
447304,316234,316235,24.6982,4.6856,1
447571,316416,405265,29.7751,5.0707,1
448108,8864,316775,47.9884,12.6501,13
448109,316775,684609,42.3858,10.9299,9
448437,317003,579720,101.3432,8.4441,1
448557,297545,317082,6.1373,19.6341,1
448700,314648,317180,23.7065,12.2699,17
448701,317180,322165,29.1548,14.0102,19
448766,391,317223,3.5901,8.0428,4
448916,316889,317326,4.6904,4.4068,1
449224,317540,319434,128.3667,6.2741,1
449584,317793,324976,69.491,5.5822,1
449585,317793,318225,69.6707,4.6213,1
449631,15257,317825,86.8477,5.0981,1
449723,317893,795393,52.3323,7.3143,1
449774,317931,409674,27.3813,6.6529,2
449792,311971,317943,15.0997,6.1203,1
449857,10435,317988,3.3993,8.6309,1
450147,315467,318190,38.3681,4.6596,1
450197,12049,318225,41.0609,4.4665,1
450698,318568,407853,22.8035,19.222,61
450811,318646,707042,37.8602,7.6562,1
451229,303827,318947,7.0,17.0007,1
452103,335,319549,14.445,4.3301,1
452104,319549,319726,5.099,5.7996,1
452328,307616,319707,8.6023,24.4231,1
452727,15402,319973,25.197,6.5557,1
452837,320053,403705,32.4568,20.6608,1
453083,320223,676584,179.6914,15.439,1
453085,320223,320620,12.2474,16.6806,1
453219,5786,320315,5.2281,3.8452,1
453225,320321,323658,87.4185,6.2838,4
453597,7370,320574,14.3607,5.8309,2
453603,10881,320578,109.1074,5.5076,1
453668,15524,320620,79.1822,19.8768,1
453739,317540,320668,116.8199,6.7697,1
453741,320668,320670,5.2281,8.1844,1
453789,320699,325701,62.458,6.0355,1
453791,318646,320699,36.565,5.7404,1
454537,320321,321224,11.1803,6.3988,4
454778,321406,326496,46.5403,5.4764,1
454915,317893,321510,82.1219,8.1401,1
454916,35537,321510,54.2771,8.6533,1
455459,321873,547073,84.245,5.2907,1
455543,10590,321936,56.3412,5.4155,1
455544,321936,322285,7.2495,5.9977,1
455913,316416,322194,24.7107,6.9248,1
455914,322194,409611,15.0187,5.4754,1
456044,14848,322285,30.8977,5.9545,1
456510,23983,322610,39.4968,11.1323,13
456564,8080,322650,5.1208,5.0,2
456953,290,322935,89.8697,5.4495,1
456955,55102,322935,92.8978,5.7282,1
456960,322939,330215,16.6627,4.6111,1
456961,322939,410166,13.8924,4.8947,1
457558,323359,323792,9.481,4.4707,1
457994,51505,323658,83.1946,6.7371,4
458180,13144,323792,86.8888,5.381,1
458698,324140,328556,30.2324,7.5311,2
458768,322165,324199,17.0,11.8294,19
458769,70714,324199,86.9725,12.2879,19
458867,239,324273,116.4174,6.9432,2
459836,38327,324976,48.3908,5.2035,1
459943,319434,325047,78.4524,6.7371,1
460288,319384,325279,113.7058,12.8319,6
460289,31164,325279,34.7611,13.7261,6
460364,1241,325332,69.5869,9.1286,2
460365,29035,325332,22.0522,9.7946,2
460425,324717,325370,124.6903,7.5523,1
460570,250311,325473,15.7973,4.9497,1
460883,325701,325983,2.8284,6.451,1
461117,1092,325873,153.5611,6.1742,2
461254,29182,325971,17.792,11.0216,13
461255,23983,325971,3.6056,11.1323,13
461275,325983,329067,17.1172,4.7863,1
461442,43129,326099,78.0937,8.4603,1
461560,14134,326177,31.0948,4.5274,1
461773,326324,326539,11.2485,10.0227,1
461847,14064,326378,66.615,6.9282,1
461885,16114,326403,20.5344,5.1083,1
462025,321873,326496,46.2709,5.8384,1
462087,326539,332218,79.8528,11.5435,1
463013,327185,327527,3.0,3.6736,1
463803,325370,327742,82.0271,8.5738,1
463983,65577,327869,85.7574,6.3326,2
463984,324273,327869,64.2262,5.8941,2
464954,23045,328543,41.3844,7.1149,2
464966,17518,328550,25.5278,5.0517,1
464968,328550,328551,85.6962,4.5247,1
465573,328984,330697,22.1585,14.6782,6
465786,328412,329132,10.0499,9.4244,1
465895,329218,357880,68.775,12.4495,1
466393,328551,329577,15.416,4.8452,1
466531,39165,329678,11.1455,15.0013,17
466622,328543,329746,34.9428,6.6472,2
466966,15257,329988,82.061,4.5616,1
467288,330208,336910,87.4071,7.0711,1
467430,330305,336541,87.4128,12.0728,13
467915,25502,330652,38.3753,6.6472,1
467916,330652,332374,10.3441,6.733,1
467952,17932,330679,46.7297,4.7856,1
467953,330679,330680,66.1891,5.2421,1
467987,329132,330705,52.7236,8.9159,1
468690,331201,331314,3.7859,6.7371,1
469062,331473,340800,79.0633,5.521,1
469064,47063,331473,10.3118,6.3284,1
470341,332374,333405,86.6083,5.7865,1
470700,332623,334051,30.8797,6.2696,2
470914,18840,332774,41.3159,4.7431,1
470938,329334,332793,20.9045,3.8452,1
470939,332793,333671,7.1414,4.216,1
471341,333077,333405,5.3852,5.3284,1
471573,333248,347947,149.2548,15.7469,6
471574,47920,333248,16.1314,16.5855,6
471838,330705,333441,50.1404,9.3656,1
471860,19271,333458,6.1033,7.5794,2
472155,85255,333662,72.7026,6.3533,2
472172,333671,344283,65.307,5.3349,1
472231,48938,333705,22.7279,4.1926,1
472242,333441,333712,14.6875,9.8742,1
472421,18840,333831,59.3268,4.9338,1
472422,21801,333831,87.7629,4.4068,1
472574,333944,657549,10.8397,5.365,1
472674,329067,334023,28.7924,4.7431,1
472710,334051,334550,20.9709,6.9942,2
472951,333458,334237,20.4641,6.5027,2
472952,334237,334551,7.2284,5.7865,2
473146,334376,341711,50.8527,5.6569,1
473147,334023,334376,4.5826,4.9936,1
473384,334550,334865,42.8784,6.8416,2
473385,334551,345448,260.6944,8.2731,2
473492,57765,334627,7.1647,10.032,1
473804,331314,334839,49.6767,7.4407,1
473805,334839,336726,52.772,7.9978,1
473841,334865,340497,139.7335,9.2224,2
474030,334991,336910,28.7054,7.3104,3
474142,19813,335061,3.7859,5.9994,1
474360,71081,335220,106.8816,6.9892,1
474361,57739,335220,28.686,5.958,1
474458,332218,335294,27.0719,12.4239,1
474769,44485,335516,44.1965,4.7408,2
474770,57603,335516,10.5987,5.985,2
474909,335616,337807,28.2843,3.8643,1
475057,335720,673338,271.4285,13.3372,1
475170,54352,335800,15.1076,3.7815,1
475299,335616,335893,7.5498,3.6056,1
475325,80653,335909,185.3132,8.0832,2
475326,54243,335909,44.426,8.0239,2
475580,332584,336087,38.9487,6.0541,1
475581,335893,336087,16.1555,3.6736,1
475723,333705,336200,43.1393,4.6926,1
475822,336267,338766,33.2415,7.2327,17
475841,336279,382571,52.3161,3.7606,1
476072,336441,338284,29.95,6.117,4
476102,336457,341397,122.5543,11.3739,16
476224,89754,336541,74.6702,12.3643,14
476513,336726,344911,86.0788,7.8343,1
476769,336910,338732,25.0998,9.0582,4
476837,332056,336953,42.3031,4.4203,1
476857,78817,336965,48.3908,16.1536,17
477351,337312,337313,60.1332,11.779,1
477352,74236,337312,39.2796,11.0667,1
477354,74311,337313,42.6178,10.4223,1
478035,73239,337807,29.7298,4.3528,1
478115,267173,337867,108.3969,5.365,1
478649,269056,338220,3.559,7.5074,1
479003,328412,338464,223.8472,9.8489,1
479004,338464,338999,4.6428,10.0234,1
479026,76962,338478,24.1506,11.7723,2
479298,269727,338672,7.6158,22.5927,6
479390,338732,339414,26.5707,10.1595,4
479434,78791,338766,34.8613,7.3098,17
479609,338900,348870,105.385,8.1181,4
479768,338999,342001,124.1867,9.2523,1
480321,24634,339385,64.2054,7.7457,1
480357,21801,339409,9.0,5.2175,1
480364,103683,339414,127.7193,9.6618,4
480855,336441,339753,56.4092,5.4155,4
480856,339753,350069,78.1153,5.0,4
481159,339968,392604,191.7733,5.5495,1
481335,339388,340087,5.831,7.2327,1
481502,340207,344104,32.5115,6.6177,1
481915,25128,340497,61.2835,11.5435,2
482340,79380,340800,10.4828,5.521,1
482343,338327,340803,34.9428,5.4218,1
482344,339624,340803,24.454,4.4203,1
482507,340087,340926,91.4986,5.6123,1
482509,96189,340926,67.2681,5.3228,1
482756,330215,341109,16.2833,3.4758,1
482757,341109,356770,27.2111,2.8284,1
482884,336953,341196,46.4925,4.1621,1
483098,114495,341345,67.0497,9.2098,1
483165,341397,405600,117.8346,14.4071,16
483287,341196,341479,62.1611,6.5925,1
483599,341711,350234,45.9239,5.5355,1
484020,342001,346222,127.404,8.7901,1
484024,20435,342003,71.8249,10.1204,1
484025,342003,354624,135.2548,10.2383,1
484806,74311,342563,45.0105,10.8267,1
484847,92524,342589,79.2899,6.4155,1
484848,94435,342589,24.2625,7.8012,1
485093,342765,347750,54.6535,11.319,2
485296,342888,350971,125.2078,4.8139,1
485297,340919,342888,17.0294,4.9936,1
486212,85540,343520,19.485,12.6615,1
486237,98346,343537,32.4346,4.0388,1
486258,343553,450603,102.0245,6.3668,1
486272,294676,343566,88.8499,8.8838,1
486357,103829,343628,71.9714,5.9106,1
486518,343730,413833,19.5959,8.4033,2
486940,344041,349905,47.55,7.2417,1
486941,84301,344041,10.5987,7.3406,1
487034,114469,344104,47.3345,6.451,1
487121,106404,344169,26.9361,5.8941,2
487279,336876,344283,103.4843,6.0136,1
487450,24168,344394,81.0302,6.364,1
487802,99483,344626,65.5083,11.2837,1
487803,90410,344626,11.1455,12.7611,1
488033,335294,344784,80.1291,12.9223,1
488034,344784,352604,63.6806,14.0855,1
488219,26975,344911,37.1394,6.982,1
488930,345413,345414,17.0261,21.221,61
488979,27892,345448,87.9128,8.1873,1
490093,27640,346222,34.9317,7.9155,1
490278,330644,346355,127.7537,5.5335,1
490279,111025,346355,25.144,5.8036,1
492001,347578,384497,21.4838,3.8172,1
492238,98565,347748,18.0278,8.2769,1
492241,347750,367846,155.4799,14.1593,21
492242,70714,347750,70.5305,13.5178,19
492376,101446,347848,2.6874,11.7435,1
492379,99483,347850,16.1761,10.6217,1
492562,331299,347973,16.0312,16.3458,4
492563,269776,347973,33.3342,19.2933,4
492662,347850,348042,9.9499,11.9453,1
492850,300329,348176,69.6635,3.6213,1
492851,69492,348176,107.9949,4.8139,1
493780,348870,349818,10.3923,6.7371,4
493819,348900,415150,23.4141,7.4011,2
494874,139200,349674,96.5965,9.507,4
494875,107647,349674,4.761,7.9367,4
495083,349818,349819,2.0,6.4031,4
495085,125353,349819,21.0317,6.8071,4
495445,350069,358406,100.2946,5.5414,4
496187,100443,350574,44.3759,14.6669,17
496301,350655,356206,146.5401,7.9582,1
496302,118767,350655,23.2236,6.6833,1
496638,350574,350900,6.0,15.9682,17
496716,350953,395285,39.6485,3.8534,1
496738,350971,353418,13.9284,4.9286,1
496862,350234,351060,27.7489,5.5707,1
497172,351281,399652,18.625,6.0329,1
497818,349905,351707,28.6182,7.4159,1
497884,351060,351754,5.831,6.2633,1
498116,105516,351908,26.4113,5.1029,17
498117,138352,351908,21.7077,4.511,17
499071,32426,352604,45.8573,13.3543,1
499619,28483,352981,37.9078,6.5701,1
499620,352981,360141,55.5168,6.0869,1
500219,180397,353418,107.9799,4.8341,1
500247,353437,378599,237.1856,12.7008,4
500248,132943,353438,20.1577,10.5301,4
500308,350900,353480,26.8887,16.1861,17
500624,96189,353702,186.435,7.1328,1
500678,314540,353741,14.8287,8.437,3
500679,299720,353741,8.4656,8.1203,3
501187,267495,354092,72.1388,6.7953,1
501188,270958,354092,19.3391,4.3708,1
501264,25089,354145,118.1435,8.1478,1
501265,354145,370944,132.0002,10.0288,1
501633,133408,354397,68.9122,6.8111,1
501952,32485,354624,31.1858,7.1734,1
501962,32497,354629,41.8688,10.0499,2
502599,345413,355062,27.7629,20.7161,61
502600,355062,415331,28.2469,18.4435,61
502814,355218,360146,52.5833,8.3927,4
502815,139200,355218,12.5521,10.4017,4
503078,350045,355413,58.0833,6.1298,1
503539,28827,355749,54.9758,12.2872,2
503617,355804,357870,44.0025,12.2686,2
503618,32302,355804,13.0128,12.4808,2
503818,355936,645592,28.1069,8.2785,3
503944,356020,356229,88.6228,7.3124,1
503946,354397,356020,99.6193,6.8111,1
504174,111522,356169,46.597,9.7157,1
504411,351754,356337,73.6071,5.8941,1
504434,336457,356355,233.1113,10.5415,16
504584,123503,356461,30.8058,9.3624,1
504585,356461,369099,70.6682,9.3372,1
504929,356229,356712,5.099,7.4159,1
504930,356712,360900,33.9706,7.2098,1
504994,353480,356758,29.2233,16.0924,17
504995,356758,356955,3.0,16.4677,17
505008,356770,373588,33.5956,3.285,1
505064,32709,356814,22.6139,10.7469,6
505391,356169,357038,7.874,6.2237,1
505399,35312,357045,88.82,9.7088,6
505500,357121,420342,32.6837,6.5164,1
505516,356814,357131,59.3631,9.501,6
505517,63255,357131,726.0661,9.0424,6
506052,356206,357506,22.2261,8.105,1
506144,357573,366440,61.1637,4.4155,1
506145,357573,803821,45.1036,5.4155,1
506588,33939,357870,15.1511,10.3705,2
506748,357978,375092,9.1652,5.7878,1
506896,157888,358085,59.2824,13.2935,1
507080,150210,358224,62.0985,12.6577,1
507114,183961,358246,94.3875,8.5149,1
507116,351707,358246,57.2101,7.5794,1
507161,354556,358277,62.9047,26.6521,14
507228,357506,358324,73.0342,7.8301,1
507335,355413,358393,77.8217,6.3912,1
507357,153712,358406,49.682,6.783,4
507715,358654,366725,110.752,7.2592,4
507859,358277,358751,11.3578,24.6034,14
508098,358914,361287,77.0418,4.2321,1
508700,359342,364542,43.0465,18.7482,14
508802,359412,415550,9.9944,12.2059,16
509273,359755,359929,17.8045,20.3428,2
509362,269690,359818,58.4782,6.0927,1
509526,359930,361551,14.1699,12.1093,2
509528,31681,359932,29.9815,4.4246,1
509670,360036,361676,20.4695,7.2592,1
509671,357038,360036,25.0,6.4546,1
509832,160634,360146,47.7317,7.1581,4
510239,34460,360449,3.7859,19.3778,2
510888,174149,360900,38.566,7.7188,1
511020,360998,361676,56.8331,5.1569,1
511273,150714,361168,52.159,19.9143,14
511408,358393,361263,39.7786,5.9155,1
511439,37431,361280,57.0672,14.3419,1
511616,359932,361405,30.9804,4.9839,1
511617,36718,361405,45.465,3.7055,1
511790,151271,361516,50.3885,10.3762,1
511837,361551,368108,47.7831,11.4425,2
512061,361717,362654,7.9303,21.1525,2
512458,356897,361996,7.1181,21.5171,14
512860,271515,362282,8.6987,20.2194,6
513383,34797,362654,19.6808,21.5534,2
514336,363338,363897,9.5044,20.3338,2
515093,36039,363897,5.2599,20.6341,2
515246,155338,364005,38.2913,4.953,1
515950,159069,364499,38.7929,5.9329,1
516008,177300,364542,15.2534,18.1157,14
516262,356955,364731,77.4145,16.2768,17
516263,189574,364731,37.2424,17.6236,17
516516,364499,364915,10.4403,4.9839,1
516517,364915,367100,26.5895,5.2068,1
516808,365116,367100,178.2975,5.9977,1
516968,358914,365224,182.2687,6.5311,1
517062,363338,365292,23.497,19.3284,2
517163,270039,365368,14.8885,7.1056,1
517511,49477,365608,150.1429,4.7856,1
517922,361287,365917,44.0681,4.9336,1
518166,366095,383171,117.3627,9.7268,1
518203,359412,366123,43.6323,13.1465,16
518280,366186,368109,43.3244,22.524,1
518864,365292,366585,19.5533,18.9813,2
518865,366585,366587,3.35,20.3285,2
519056,184146,366725,15.2753,7.6178,4
519873,364079,367300,89.8554,7.5074,4
520559,212460,367788,82.229,6.4806,1
520644,196743,367846,52.9203,11.1414,1
520914,368039,396507,60.075,5.0517,1
520916,368039,371829,7.7875,5.3218,1
521024,39239,368108,5.2599,11.7473,2
521026,368109,369743,20.1246,23.4152,1
521212,365224,368247,52.1344,8.6409,1
521287,185532,368299,68.3776,5.6213,1
521741,368613,804596,57.8837,5.365,1
521742,79787,368613,105.1063,5.9495,1
522440,191994,369099,8.5147,9.8995,1
522485,369131,378949,29.0402,16.4095,16
522557,182056,369180,15.5849,8.6988,14
522759,369325,401756,70.2836,5.6454,1
522760,287194,369325,7.1976,7.0283,1
522969,192969,369461,13.0085,3.2394,1
523363,369743,372505,46.4073,19.5964,1
523783,370037,380044,87.6641,3.8944,1
524962,357880,370841,21.6564,13.4536,1
525254,218742,371047,86.725,18.5181,17
525255,189574,371047,10.4563,19.9239,17
526094,361996,371641,17.1172,21.8808,14
526189,40371,371711,39.2202,9.5647,6
526190,40312,371712,14.5488,9.6667,6
526705,372071,376098,15.0185,10.2451,1
526737,372091,388689,32.0624,8.0799,1
527206,371712,372424,21.8123,9.434,6
527323,43366,372505,32.5377,17.7851,1
527344,223481,372520,70.023,8.8794,1
527346,191994,372520,13.6565,9.5866,1
527494,300651,372613,21.242,16.8573,1
527793,38941,372822,48.8467,6.9909,1
528013,215932,372978,55.8231,7.5976,1
528076,373024,417825,23.1349,15.5297,16
528077,373024,383164,60.1156,14.3571,16
528082,369131,373027,29.8736,17.1723,16
528083,373027,426276,102.9806,13.9218,16
528494,204519,373308,26.9361,8.6886,1
528680,368732,373450,46.5725,5.3183,1
528681,372978,373450,29.0,5.7716,1
528882,371412,373588,23.3,3.7417,1
529890,214871,374314,75.1731,16.977,4
530756,373495,374942,11.8322,24.5523,1
530977,124955,375092,109.8469,5.4155,1
531044,41143,375143,53.2005,12.0824,6
531185,181625,375239,73.8486,4.9724,1
531464,215273,375428,115.8418,3.8106,1
531841,375690,429861,13.663,16.622,1
531916,370818,375739,38.833,5.5317,17
532014,375239,375819,6.7823,4.0233,1
532247,375992,378909,33.4166,22.7534,1
532396,376098,419764,33.9444,9.9239,1
532885,44188,376428,14.0594,11.0283,2
533225,374942,376670,18.1261,23.8156,1
534335,375739,377484,14.3527,4.5274,17
534336,377484,382814,39.8623,4.7361,17
534456,375143,377573,37.741,15.5661,6
534492,219721,377604,27.0914,17.2174,14
535307,378204,378640,21.8225,14.766,6
535509,271057,378342,18.2587,20.8395,1
535510,378342,381190,4.899,21.7279,1
535584,372179,378392,48.6504,3.5291,1
535586,378392,388404,86.2514,3.5291,1
535875,214871,378599,15.0,18.8546,4
535930,377573,378640,11.3535,16.0746,6
535945,377931,378651,7.6811,34.1846,2
535947,378473,378652,7.1414,28.1585,2
536033,42140,378719,33.4764,4.511,1
536034,48814,378719,105.6519,4.511,1
536253,215542,378878,8.2765,32.8929,2
536261,378651,378883,4.2426,32.9304,2
536263,378883,378884,2.2361,32.2937,2
536264,378473,378884,3.4641,30.4421,2
536297,44819,378909,3.1623,25.2684,1
536351,378949,421327,46.9929,13.2411,16
536482,378878,379043,5.099,32.6538,2
536483,215959,379044,6.0828,31.2563,2
536612,378204,379131,12.7802,13.8562,6
536715,376670,379202,20.3005,24.4629,1
537020,45229,379409,12.1381,12.9154,6
537410,379409,379673,10.1708,13.2769,6
537598,214514,379809,15.6808,32.2677,2
537599,379044,379809,4.2426,30.301,2
537616,271267,379823,38.5141,13.9522,1
537618,272855,379823,11.3725,15.0816,1
537903,203431,380034,59.5586,6.1056,1
537904,233337,380034,43.7927,5.8166,1
538609,380536,385584,43.8343,6.6328,1
538758,380643,695148,36.4722,13.3736,1
538897,379202,380734,19.2376,23.9886,1
539541,381190,449334,54.7723,15.7352,1
539593,42448,381226,104.5158,8.2565,1
539747,275925,381330,141.9043,8.6595,1
541196,382344,698318,40.7538,22.0344,3
541247,241993,382379,209.3424,7.5452,1
541248,382379,421568,8.6987,7.5452,1
541526,298842,382571,18.4992,3.8724,1
541596,367846,382622,124.3141,13.8123,22
541720,271376,382708,17.7576,3.7199,1
542272,383099,407534,27.8568,4.0811,1
542322,158635,383137,123.2039,6.8163,1
542323,383137,674297,60.2852,6.6472,1
542363,383164,421327,9.9163,10.5259,16
542372,382622,383171,7.874,13.3976,22
542930,382180,383551,11.4734,15.1086,2
542931,383551,387402,36.4623,13.737,2
543242,215542,383771,28.6793,25.719,2
543243,383771,384430,7.5498,18.6137,2
543686,347578,384073,70.6169,3.5811,1
544157,232403,384430,13.6928,21.8192,2
544245,384497,446228,17.7951,5.2361,1
545056,385085,422557,6.0331,11.8026,2
545069,49477,385094,39.9833,5.1476,1
545589,380734,385453,44.1824,22.349,1
545772,53932,385584,85.5317,6.151,1
545826,248480,385629,31.9826,9.2256,1
545990,385752,646155,206.2353,8.7901,2
546728,48803,386251,6.2093,14.1242,1
546771,272330,386286,56.6442,5.3228,1
546772,211332,386286,80.2309,4.9352,1
547794,261844,387033,72.0131,5.3779,1
547971,385085,387159,14.2409,9.033,2
548137,387277,421910,29.5799,7.77,1
548317,387402,388890,16.2884,13.2233,2
549291,388093,389525,10.0499,13.8948,2
549292,388093,388992,9.4868,14.7478,2
549720,50096,388404,18.6011,3.7199,1
549787,250846,388454,16.2865,12.3871,2
550095,273224,388689,11.9024,8.3951,1
550389,50836,388890,5.4829,14.334,2
550553,50108,388991,15.8535,22.849,1
550554,388991,391824,59.4857,22.8836,1
550833,48858,389178,34.938,13.2454,6
550933,385094,389244,91.994,5.3367,1
550935,51908,389244,14.25,5.2881,1
550981,238328,389274,17.8077,28.2135,2
551052,387886,389326,22.0555,7.4725,1
551054,53017,389326,23.8397,9.6592,1
551082,389348,423158,54.2832,4.6926,1
551084,389348,420977,13.8444,4.5,1
551347,248224,389525,4.7258,12.985,2
552128,390076,394525,44.3847,7.5107,2
552678,53896,390465,57.0258,19.9874,2
555733,392241,392563,8.8318,22.2593,2
555796,392604,410067,33.0757,6.0495,1
555820,392612,445916,34.3589,26.814,2
555970,293995,392716,53.7856,5.0981,1
556414,392109,393022,8.775,5.6541,1
556438,69492,393037,15.5421,5.3852,1
556576,55315,393129,125.6689,10.9719,1
556802,269573,393277,10.5672,10.032,17
557171,53068,393526,10.3763,4.0941,1
557172,54573,393526,14.9443,3.7913,1
557359,393653,395013,10.0995,5.692,1
557787,393972,394386,3.0,10.2648,2
557924,394082,405959,12.47,9.1368,2
557965,245172,394115,27.1998,26.5987,2
557966,394115,395052,5.099,28.039,2
558205,394289,398638,87.3562,7.5317,1
558557,394525,410278,107.5557,8.3225,2
558816,276762,394710,81.1542,5.2631,17
558818,393277,394710,17.4929,7.9185,17
559244,395013,401300,79.781,7.1763,1
559300,282489,395052,11.2889,25.8217,2
559527,274088,395219,7.6974,5.8284,1
559528,395219,399782,53.1413,4.6993,1
559627,273658,395285,8.544,4.2816,1
560493,391516,395896,43.6005,16.5615,17
560678,55906,396020,14.1853,18.527,4
560966,394659,396226,29.1738,5.7748,1
561290,396460,403200,114.8085,11.4184,17
561357,396507,404605,8.0623,2.8866,1
561360,392612,396508,28.3543,17.7548,2
561457,61540,396552,74.3192,21.6046,1
561480,63869,396552,74.4296,15.9749,1
561776,54491,396751,51.0914,5.2421,1
561829,285527,396785,7.6376,22.968,2
562199,396943,398488,10.0995,4.5708,1
562323,283308,397024,5.5377,25.6494,2
562612,396226,397218,72.9421,6.0822,1
563553,396460,397903,66.1362,11.4184,17
563554,285722,397903,3.2998,10.8603,17
563783,383171,398064,111.3283,18.6117,23
563784,398064,398065,16.5529,21.0772,38
563785,307444,398066,47.2652,10.4497,1
564186,393022,398362,89.3085,6.5555,1
564187,280553,398362,33.7128,11.4022,1
564377,398488,401685,27.6767,3.2394,1
565446,399209,402473,5.4467,14.3693,1
565972,357976,399579,168.8679,8.938,21
566078,302499,399652,18.2757,6.9432,1
566684,301677,400083,32.1817,8.3464,1
566687,400086,400717,5.3852,20.3466,2
566813,59089,400175,19.6723,16.5373,4
566972,391824,400287,139.1814,26.4192,1
567000,400287,428024,133.3591,21.5979,1
567319,58466,400513,37.9605,5.5649,1
567320,400513,402622,55.3855,4.6926,1
567443,400594,402759,29.5964,15.795,1
567444,400290,400594,5.281,15.0546,1
567608,298341,400717,13.6748,19.8784,2
567769,397218,400825,69.9873,6.8406,1
567770,58466,400825,15.1217,6.7129,1
567806,398065,400852,62.1208,15.4173,38
567974,400969,696000,151.9811,7.1934,1
568441,401300,405265,45.3211,5.1056,1
568534,401367,403188,26.4197,21.4881,61
568922,293126,401639,19.5078,17.6913,15
569073,294066,401756,75.9137,4.4707,1
569376,300274,401979,13.5213,7.5148,2
569543,400063,402106,16.2481,17.6777,14
569544,402106,406595,23.7065,19.6805,14
569586,400852,402134,24.2899,11.6563,38
570138,58241,402530,13.5851,15.6273,1
570139,59319,402530,4.8189,16.8816,1
570348,402676,413431,119.9546,5.3735,1
570467,402759,403603,145.8578,22.6145,1
570790,402997,404348,10.4881,21.6572,2
571061,307439,403188,20.0139,21.1612,61
571077,314472,403200,95.843,11.315,17
571216,355936,403303,33.6931,9.2546,3
571217,403303,702730,13.6748,8.2671,3
571407,401639,403442,32.5269,17.4496,15
571492,57238,403507,68.8622,7.9582,1
571627,402758,403603,187.4336,24.3153,1
571906,403603,426395,176.7832,28.2289,1
571935,403603,437001,144.5504,20.3026,4
572079,403705,757204,67.2582,18.6547,1
572201,58986,403790,15.9792,7.5452,1
572202,62184,403790,76.5724,6.0264,1
572433,403442,403948,10.198,17.5347,15
572456,396508,403962,19.3913,7.8012,2
572457,403962,419109,13.4866,8.3477,2
572760,286703,404176,42.5598,15.73,17
573007,307916,404348,7.7817,21.6692,2
573345,404605,445901,40.9186,3.1566,1
573433,404668,414070,265.6125,4.5616,1
573434,312119,404668,14.7309,5.3723,1
573511,402134,404730,39.9249,11.4522,38
573813,403507,404959,15.9983,7.4758,1
574378,302347,405350,20.0499,5.8303,2
574379,317931,405350,18.895,6.443,2
574668,405560,405721,2.4495,24.3295,2
574699,405581,466827,57.11,4.9122,4
574731,304961,405600,18.3485,14.8987,16
574906,405721,408743,19.105,20.7777,2
574947,405751,406142,112.0223,12.6708,38
574995,65651,405789,64.3469,5.0495,1
575216,405959,419109,18.0015,9.3477,2
575488,404730,406142,23.0217,12.0208,38
575809,307916,406366,9.8939,22.3004,2
575810,406366,406840,3.0,23.0587,2
575831,329218,406384,58.2084,12.1454,1
575928,402622,406459,38.7902,4.8284,1
576138,406600,698082,38.6221,11.8759,2
576472,405560,406840,8.544,23.5567,2
577449,279373,407534,47.634,3.452,1
577908,407853,409245,21.4709,19.4646,61
578615,408337,431857,57.434,5.2421,21
579008,394082,408621,27.2438,11.1176,2
579011,408621,427650,8.6512,13.4628,2
580162,62184,409413,80.428,5.2035,1
580182,406459,409431,91.5297,4.89,1
580526,343730,409674,46.2673,8.4441,2
581101,410067,490856,128.429,7.0707,1
581244,409611,410166,56.6922,4.4665,1
582827,63255,411281,31.3475,9.5866,6
583133,408743,411494,29.9833,11.948,2
583134,411494,413185,32.3883,7.1386,2
583144,345414,411500,29.8831,21.6516,61
583145,409245,411501,26.4764,20.6125,61
583146,411500,411501,4.2426,21.9476,61
583737,357151,411933,42.3228,7.1947,21
583738,357976,411933,37.2429,8.1417,21
583944,412073,419678,99.573,4.4126,1
585334,61342,413054,59.2732,11.9276,1
585367,66264,413078,39.3192,6.9432,1
585368,66147,413078,35.242,5.9777,1
585451,413127,414288,46.3249,6.5555,1
585547,348900,413185,12.2837,7.874,2
585898,413431,429063,150.7352,6.1644,1
585976,413488,414832,6.998,12.2471,1
586480,413833,415160,35.1426,7.284,2
587125,66094,414288,3.35,6.4685,1
587314,65650,414426,15.9374,3.3028,1
587418,406595,414495,64.1015,20.4002,14
587419,356897,414495,6.5064,20.7287,14
587916,403603,414832,124.535,20.8102,1
588354,387159,415150,65.5872,6.8182,2
588369,415160,418330,68.7968,10.8191,2
588410,67201,415185,7.5719,28.6951,1
588614,415331,419758,105.3281,18.3802,61
588943,356355,415550,48.9955,12.083,16
589080,412209,415646,47.1122,9.5066,1
589081,66264,415646,140.2018,6.3638,1
589920,408329,416236,49.2849,5.7996,21
589921,416236,422829,43.2666,5.7604,21
590502,416662,443165,67.9299,7.6676,1
590962,314613,416979,189.9149,18.4978,15
591405,405789,417276,110.3568,5.3723,1
591487,414070,417331,50.2494,5.9667,1
591488,417331,420977,132.4726,6.4051,1
591513,65882,417347,36.1847,8.9267,1
591558,417379,436497,15.1551,15.5623,1
591559,417379,698082,7.8746,15.2212,2
591655,366123,417443,10.6562,13.0029,16
591985,272861,417680,76.2277,3.9324,1
592185,417443,417825,22.0227,13.1095,16
592531,418071,427540,14.8212,18.079,15
592532,418071,426293,8.226,17.4045,15
592878,418330,419545,9.3808,12.189,2
593240,418589,422553,120.7661,6.8416,1
593241,418589,424097,76.7504,6.2381,1
593276,417276,418616,11.4561,5.4218,1
593709,273634,418908,18.8213,13.1694,1
594606,419545,478020,220.6057,8.3051,1
594607,372071,419545,9.7809,10.8327,1
594778,419678,420772,49.2116,4.3574,1
594889,419764,420089,103.822,10.4891,1
595345,370841,420089,28.6531,12.317,1
595615,308097,420280,110.0389,5.2421,1
595616,420280,428849,50.7828,4.4203,1
595654,420307,484877,98.3898,9.3261,2
595697,420342,424654,22.4054,5.2238,1
596477,416979,420888,67.2533,16.0988,15
597085,421332,424549,36.8971,10.8234,4
597290,421475,421936,11.4988,7.0863,1
597428,421568,500216,135.0346,7.7457,1
597919,421910,707259,34.3329,8.4779,1
597953,69271,421936,34.6057,7.3294,1
598168,404378,422086,44.694,5.4083,1
598169,422086,423646,15.2971,5.1194,1
598808,421475,422553,21.8759,5.651,1
598815,422557,428459,58.2752,12.8505,2
598825,419758,422564,42.638,19.6469,61
599203,408337,422829,28.8964,5.8549,21
599796,423244,426395,143.3727,30.9828,1
600446,423158,423646,25.1794,6.0092,1
601102,73639,424097,19.5874,5.5136,1
601189,70472,424161,23.0872,15.2541,1
601731,424549,425598,18.5772,9.4219,4
602894,425375,715494,31.7096,5.0517,1
603203,425598,427097,14.3023,8.7441,4
603846,426057,426276,45.7785,9.2447,16
604082,426230,466676,53.2905,6.0846,1
604173,420888,426293,105.7213,16.3207,15
604683,70704,426658,73.6499,23.7242,1
604707,416662,426674,33.2098,7.2456,1
604787,171361,426734,144.9295,5.9407,1
604788,426734,472347,79.6555,4.8408,1
605328,73822,427097,11.4552,7.4736,4
606117,426453,427650,6.9442,14.0708,2
607245,86042,428367,73.2541,21.8537,4
607352,427540,428411,36.7741,19.1704,15
607420,426453,428459,11.7851,13.8155,2
607452,428467,676804,42.8447,15.0433,3
607453,428467,702699,30.4778,17.7165,3
607509,428504,445367,37.3363,5.6825,2
607548,426057,428532,4.761,9.0182,16
607549,428532,434500,101.789,9.8913,16
607635,428596,428597,29.5844,21.738,1
607637,426658,428597,22.5435,20.182,1
607658,76256,428607,20.0915,11.0873,4
607859,404378,428760,88.0612,6.5636,1
607972,428760,428840,19.0671,4.958,1
607983,428849,437604,64.616,4.216,1
608032,357151,428890,86.9342,5.6993,21
608268,78113,429063,38.8759,5.6317,1
608702,429387,429792,4.0415,4.9936,1
608734,428411,429410,82.4473,18.9095,15
609058,429634,430517,8.6474,4.6708,1
609140,75768,429699,8.2865,16.8652,1
609141,429699,430309,12.615,17.6827,1
609231,429771,433468,6.1373,20.5249,15
609264,428840,429792,31.8695,4.8723,1
609361,300813,429861,10.3712,17.726,1
609671,426674,430059,48.3632,10.1593,1
609759,429387,430123,9.0,5.1213,1
609760,430123,443203,94.2762,5.2913,1
609973,410278,430273,128.0738,8.654,2
609974,78339,430273,23.9096,8.1796,2
610026,76250,430309,14.0136,18.611,1
610308,83380,430517,157.5214,5.3229,1
610320,430525,441760,9.1287,16.2053,61
610321,430526,431715,11.8181,18.9316,61
610322,430525,430526,14.5602,17.2498,61
610373,430566,440839,6.2628,11.7879,16
610708,428596,430813,23.5315,21.8763,1
610851,428024,430912,32.8874,9.5415,1
610990,431012,440839,27.158,9.819,16
610991,431012,431889,96.7729,7.9681,16
610992,431013,440845,9.1773,16.2634,16
611383,431290,446972,7.2495,28.3894,16
611492,431365,434256,21.9317,6.8093,2
611613,431456,441760,28.954,16.2053,61
611725,431013,431525,25.5734,16.34,16
611844,293995,431608,218.002,5.4704,1
611999,422564,431715,94.4757,19.1247,61
612222,431857,487032,50.2295,5.3779,21
612264,431889,432490,18.8414,7.6787,16
612269,431892,432257,18.7083,26.4731,15
612768,432257,470301,136.5064,22.4516,15
613008,432360,433158,16.8317,12.3882,4
613030,432376,438416,48.9431,5.651,1
613195,432489,434500,46.9148,9.7133,16
613196,432489,432490,5.831,7.8648,16
613204,431525,432493,10.7238,16.0268,16
613205,432494,457334,52.8257,16.4252,16
613206,432494,452223,4.43,22.4252,16
613330,432583,435969,18.602,13.0436,1
613493,424654,432692,50.6754,5.1438,1
614250,80494,433158,38.2012,10.8467,4
614457,433309,460728,8.0208,13.1148,16
614686,429410,433468,26.9856,19.8924,15
614832,302388,433569,9.815,7.2715,1
615164,78537,433808,6.7823,3.9496,1
615728,434200,435360,9.4281,20.035,1
615799,428504,434256,5.7446,5.1636,2
615999,434393,435572,26.3934,4.0306,1
616207,430912,434544,24.3196,8.0552,1
616209,434544,434606,4.7124,9.9636,1
617358,79616,435360,13.536,18.8081,1
617462,79839,435433,21.9747,20.1838,1
617521,435475,478020,49.3243,5.734,1
617522,435475,439727,71.0563,5.2208,1
617662,80108,435572,8.2468,4.3203,1
617678,435582,435997,5.4967,5.9036,1
617748,434606,435633,9.3926,12.6884,1
617750,435633,436741,5.6162,16.1823,1
617804,371641,435676,137.5476,22.3831,14
618218,435969,436900,8.1989,16.0663,1
618253,81392,435997,18.1075,5.6454,1
618291,436026,440129,41.9709,5.7361,1
618949,436497,696642,59.8275,13.6033,1
618956,432583,436503,31.8247,15.3894,1
619534,81101,436900,10.419,16.3898,1
619665,436741,436986,9.0585,16.0786,1
619716,82058,437001,11.7992,10.4003,4
619755,433808,437027,65.7656,4.4707,1
619756,80108,437027,39.425,4.0503,1
620022,437214,438265,10.1215,4.6708,1
621025,302339,437915,8.4656,12.3726,6
621144,437994,691434,56.2662,5.2836,1
621254,81099,438070,10.247,22.1814,1
621544,83897,438265,32.7041,4.2078,1
621772,82466,438416,5.9722,6.5927,1
621993,82693,438569,7.0356,21.5746,1
622727,439060,484434,8.0623,19.6445,14
623309,428367,439469,63.8421,21.0428,4
623712,68563,439747,325.4844,6.7045,6
623848,438569,439839,29.425,20.2265,1
624227,74822,440099,231.2682,6.1942,1
624228,85400,440099,46.404,5.8309,1
624416,440114,550661,165.1944,34.2854,2
624456,440129,443032,42.1255,6.3723,1
625417,84851,440778,33.4237,7.1442,1
625515,430566,440845,106.3417,14.1241,16
626077,441233,445108,52.4955,5.5649,1
626131,441267,465751,45.9552,8.1707,1
627318,442103,472634,56.1397,9.319,21
628603,438263,443015,108.4131,6.4078,1
628627,443032,443664,5.8973,6.5123,1
628810,426230,443165,164.5152,7.9671,1
628862,443203,444816,13.6382,3.7913,1
629159,443418,443419,9.0319,27.5135,16
629161,443419,448336,27.5112,28.2223,16
629347,443550,449625,75.9985,6.5027,1
629516,105293,443659,259.8267,7.8384,2
629522,85494,443664,67.7093,6.8804,1
629976,83482,443980,43.4268,17.0433,1
630136,444091,483419,40.586,3.217,1
630185,444124,445108,8.8003,4.7431,1
630520,85739,444365,39.6905,6.2037,1
630521,444365,444366,12.3738,5.5414,1
630638,444440,501657,22.5315,4.0761,1
631117,443980,444792,22.1635,18.4765,1
631155,444816,446883,12.4097,4.3284,1
631575,445113,486260,18.5772,3.9822,1
632073,445460,446966,18.6488,27.6273,16
632709,445916,454537,7.1846,26.6833,2
633941,444792,446768,27.9722,20.3026,1
634216,431290,446966,12.0646,27.6628,16
634225,431892,446972,15.4668,28.4954,16
634575,447228,447915,152.6783,9.9483,1
634576,447228,519056,19.0671,9.1923,1
635550,430059,447915,82.4783,11.8577,1
636161,445460,448336,20.4179,27.8102,16
636805,448799,511844,26.7936,4.4707,1
636806,446883,448799,18.5742,4.5605,1
637595,449334,451985,3.0,11.3129,1
638003,449625,451096,12.4989,7.4159,1
638418,449912,543822,220.0237,7.5311,4
638419,309139,449912,71.2814,7.3098,4
638473,449955,526737,42.9328,14.6732,62
638614,444440,450054,53.8609,3.618,1
639085,449955,450382,201.1119,11.7432,62
639275,450511,455604,54.5894,7.5166,1
639406,295257,450603,125.5203,5.8941,1
639541,446228,450692,6.0461,5.3452,1
639542,450692,592538,38.9904,6.3763,1
639718,450824,463588,19.6469,22.4013,1
639983,450382,451008,7.0711,10.738,62
639985,451009,540368,134.771,6.172,1
640103,451096,455434,53.6418,6.6571,1
640144,451122,454271,53.1601,7.5074,1
640150,451008,451125,7.6811,11.3129,62
641390,451985,456211,10.4881,9.7735,1
641731,443418,452223,48.2115,25.0688,16
642301,452620,452959,8.0623,11.0408,62
642524,452620,452775,38.4838,13.8766,62
642770,451125,452959,121.396,11.4017,62
643705,277712,453621,75.6637,5.9713,1
643706,453621,460759,15.2643,6.9188,1
643997,453247,453823,70.4982,3.6583,1
644212,429771,453972,38.108,19.6296,15
644366,439747,454086,227.749,7.2715,6
644617,454271,455279,138.351,7.2592,1
644989,440114,454537,170.7442,30.4182,2
645165,450054,454664,38.1314,4.3028,1
646008,455262,544080,23.0121,6.091,1
646010,455264,588693,101.4849,4.999,1
646011,455264,545798,8.1786,5.1476,1
646028,455279,534847,63.9105,8.2063,1
646086,455320,463555,154.9032,7.2749,1
646087,455320,562066,32.2576,6.2244,1
646232,455434,470126,185.6454,5.9977,1
646456,83380,455604,155.541,6.9432,1
646457,93079,455604,7.1414,7.3124,2
646718,455781,550659,13.9306,35.2881,2
646719,455781,550661,4.9329,35.0857,2
646768,455820,486409,25.9808,6.7759,1
646977,455980,524918,98.7128,19.2097,14
646978,455980,549237,4.397,17.3398,14
647306,282791,456211,26.6521,6.9219,1
647363,280756,456253,13.5031,22.8255,3
647691,456484,553378,11.8031,25.4544,17
647697,456486,552078,4.8189,47.3937,19
647961,456670,574626,57.8869,3.8378,1
648399,335784,456990,40.0625,13.0073,9
648874,433309,457334,3.6818,12.5592,16
649611,452775,457845,91.1811,27.2364,62
649674,457891,460759,17.088,6.7223,1
649759,98280,457953,48.4004,6.1942,1
650323,458336,459344,9.3808,3.217,1
650860,274902,458714,66.7108,9.0041,1
651831,459344,460616,32.5115,3.4758,1
651919,459405,460851,14.5258,3.4608,1
651948,457953,459429,138.6355,6.8843,1
652553,459858,564589,6.3509,3.6736,1
652618,304917,459905,112.8687,5.0378,1
652632,459405,459913,4.6904,4.7856,1
653170,460287,574763,105.7303,28.3265,17
653414,459429,460447,29.7397,9.2844,1
653653,460616,460763,43.6692,3.7199,1
653655,460617,460971,18.7083,3.6056,1
653766,281572,460698,18.3723,27.5631,1
653767,460698,463588,6.1644,24.9187,1
653805,432493,460728,24.3447,14.4027,16
653844,460763,464038,17.2047,4.0035,1
653954,460851,461907,8.6603,2.639,1
654128,460971,462089,8.3666,3.6056,1
654865,96685,461498,3.559,6.8143,1
655076,461643,463418,33.2298,5.3723,1
655362,460617,461837,15.3623,4.2523,1
655457,461907,575892,55.5188,2.9954,1
655600,462004,566445,22.0501,3.3708,1
655718,462089,462249,37.2156,3.9241,1
656153,462004,462393,21.3073,3.0,1
656156,462396,592978,55.9375,5.8195,1
657042,95957,463035,129.1795,7.437,1
657043,99325,463035,41.2149,6.6296,1
657134,97280,463096,6.9682,16.9112,1
658035,463555,463713,77.0844,7.3406,1
658189,463824,472453,54.2125,4.4126,1
659044,464430,578593,2.7689,10.197,14
659095,90032,464464,172.5936,10.477,1
659096,98474,464464,4.0277,5.521,1
659658,460447,464857,241.2664,9.6159,1
660259,465285,606698,56.4004,3.7417,1
660623,464430,465538,35.2278,10.3635,14
660815,465674,565116,72.0185,4.3523,1
660920,431608,465751,22.2908,7.2024,1
661334,462393,466024,81.2281,3.3708,1
661393,98474,466067,15.1539,5.1926,1
661645,97925,466237,50.4975,9.5826,6
661808,466355,587803,35.3223,3.8944,1
662265,445901,466676,27.3778,4.6289,1
662474,303307,466827,64.9359,4.8289,4
662963,100158,467172,30.9892,4.7541,1
663207,101104,467336,21.6076,6.7336,1
663478,467533,475770,76.6094,11.3137,19
663652,445367,467658,20.9045,8.9813,2
663653,467658,477545,60.5392,9.2302,2
663938,467868,468080,7.874,4.4246,1
664248,468080,585300,8.7536,4.8139,1
664348,468155,594983,20.6473,19.5831,19
665724,469105,707259,22.7864,8.779,1
665726,469105,720982,6.675,9.6414,1
666167,467533,469416,82.9096,12.194,19
666168,469416,588802,21.3672,8.1908,19
666243,469467,592840,28.1283,5.958,1
666445,469629,582334,80.2205,12.3837,16
666446,469629,601254,38.1887,7.5261,16
667150,470126,476903,93.1683,7.2355,1
667421,453972,470301,42.8195,20.1985,15
668139,470778,619017,172.5898,22.5247,19
668915,471338,591842,62.6791,6.3121,1
669680,471864,602606,29.4788,5.6109,1
669795,399579,471945,88.6172,8.1723,21
669797,471945,472633,4.1231,7.6888,21
669944,100995,472060,37.229,20.6635,1
670105,472175,602319,25.0799,5.3028,1
670190,101104,472236,66.7549,5.9106,1
670678,472594,599398,10.8012,9.133,2
670679,472594,604591,8.0829,9.505,2
670740,472633,472634,5.4263,9.8322,21
672960,103562,474199,31.5278,9.911,6
673001,102602,474231,39.011,9.4497,2
673381,104121,474516,4.0415,7.7054,1
673382,109034,474516,80.6205,8.7977,1
674587,475361,477127,84.276,5.1519,1
674708,472236,475437,45.5897,6.5822,1
674709,107227,475437,57.9528,5.7361,1
674899,475576,498278,11.5578,20.4573,1
675211,475770,633581,107.9745,8.2525,19
675807,472453,476190,27.0185,3.9241,1
675808,476190,485695,56.542,3.9822,1
676088,474199,476396,47.8528,11.2651,6
676089,108005,476396,44.0946,10.1141,6
676121,476420,610368,5.1208,6.5822,2
676122,476420,647372,143.6785,6.4363,2
676796,476903,485575,96.7293,8.0584,1
676985,472175,477035,77.1686,6.1926,1
677133,105093,477127,25.4209,6.443,1
677447,475361,477344,22.4029,3.1623,1
677448,477344,481879,54.1664,3.3839,1
677566,477429,478861,22.5167,8.217,1
677567,477429,477529,13.3083,7.5311,1
678029,477751,542565,125.8937,5.1194,1
678030,477751,478322,5.831,6.9909,1
678143,472060,477830,92.6211,20.8566,1
678570,477830,478129,11.5374,20.3138,1
678838,478322,628187,30.6032,6.1237,1
679294,478650,488655,76.87,4.9122,1
679310,478661,617263,10.419,4.511,1
679509,478795,626063,22.7864,4.0306,1
679544,478820,484555,124.4732,5.8941,1
679545,478820,490056,146.6803,6.5557,1
679548,478822,615896,25.8844,7.1734,1
680751,478795,479650,11.8743,4.899,1
681533,480206,486342,60.1045,5.0981,1
682141,480206,480625,65.8399,6.5032,1
682142,110745,480625,67.7618,6.2503,1
682261,108005,480707,29.0995,8.1723,6
682403,480805,537170,54.2402,9.1103,3
683259,481395,487680,98.6154,4.2426,1
683720,481722,484872,34.7131,23.1928,19
683818,354046,481792,87.2149,3.7796,1
683819,481792,737978,19.2776,3.1583,1
684165,108799,482029,12.1335,6.5355,6
684173,482033,612215,53.2604,3.8643,1
684174,482033,619048,93.4363,3.8643,1
684187,112074,482041,116.3066,6.8239,1
684703,109123,482416,2.7689,6.8541,1
684858,482522,483109,7.874,4.1231,1
684859,482522,637746,42.1821,4.89,1
684918,482567,620187,41.0261,9.2256,1
685329,38728,482857,22.6936,15.4438,1
685330,482857,757204,88.1986,15.6058,1
685357,109442,482874,15.0795,5.8208,1
685699,478661,483109,44.3959,4.511,1
686157,471035,483410,87.1493,6.4419,2
686158,483410,498323,100.1299,5.9329,2
686172,471446,483419,32.8397,3.5348,1
686272,483493,484203,35.5809,6.044,1
686279,483497,642480,48.6929,5.3708,1
686916,482567,483970,24.8596,10.7238,1
687100,482029,484106,85.2382,6.0355,6
687101,110851,484106,19.5533,6.2417,6
687196,463713,484169,296.9731,9.1556,1
687197,484169,629929,215.6461,8.815,1
687238,484203,631910,23.8024,3.4608,1
687572,435676,484434,28.1306,20.8723,14
687575,335,484437,13.886,3.7936,1
687576,320315,484437,34.0767,4.4068,1
687723,431456,484542,102.104,16.7014,61
687724,484542,485541,10.8883,16.7178,61
687746,484555,490482,61.3426,5.3852,1
687999,484726,484909,18.0555,7.7426,1
688000,484726,629929,27.6747,7.7426,1
688016,484275,484738,14.407,3.6056,1
688127,145222,484812,92.8015,5.9545,2
688202,484872,635688,19.6554,24.697,19
688207,437915,484877,27.554,10.4333,2
688255,484909,632712,7.157,8.4749,1
688582,485148,631886,14.6477,11.3191,1
689180,112378,485575,35.6043,7.1838,1
689344,485695,488655,21.4709,4.0503,1
689544,482416,485840,77.1823,5.7913,1
689545,111197,485840,13.5154,4.5274,1
690145,486260,751837,147.1599,5.3383,1
690349,200721,486409,230.4726,11.4412,1
690432,481465,486464,64.3031,6.7293,1
690433,486464,487853,29.6938,11.5999,1
691232,172012,487030,94.9192,4.7434,1
691233,428890,487032,55.4557,5.1736,21
691505,487218,616995,60.9863,8.2453,2
692137,113024,487680,14.8997,4.5708,1
692329,112376,487821,8.5049,7.2024,6
692330,112648,487821,62.8702,7.8301,6
692346,487831,490058,31.8355,7.9026,1
692374,113256,487853,14.773,12.0076,1
693031,114449,488321,41.3945,4.2404,1
693122,121451,488390,163.0826,7.6325,1
693755,111775,488837,34.9905,7.0688,1
693756,488837,491141,57.2662,6.5897,1
693913,113288,488944,19.3276,5.6569,1
695461,490056,491069,15.7339,6.0467,1
695464,113998,490058,9.0891,8.2565,1
695848,488944,490326,32.8278,6.03,1
696091,490482,491305,8.7813,5.7748,1
696124,486342,490507,36.3054,6.2749,1
696125,115712,490507,57.0777,6.8571,1
696607,490856,490867,162.0494,7.1414,1
696623,291223,490867,81.523,8.5957,1
696677,490900,499423,10.3923,7.6468,6
696891,111841,491048,58.2037,12.8606,1
696892,491048,501182,99.4328,11.8078,1
697018,114446,491141,14.1608,6.3668,7
697177,491250,728251,73.9564,6.5332,1
697249,491300,498958,103.9904,6.6472,2
697259,491305,493802,32.0741,6.5822,1
697775,113024,491663,48.0925,5.4495,1
697776,491663,496163,75.9956,6.2787,1
698355,492090,641221,17.3973,4.899,1
699879,115750,493129,11.8181,11.9439,1
700067,493260,637746,33.7935,4.89,1
700068,493260,497027,59.9083,3.8643,1
700363,493463,503901,162.3145,26.0905,19
700827,493802,508992,164.9467,6.5,1
700951,493898,494433,30.2085,5.9036,3
701687,494422,495922,5.1962,13.0585,2
701701,117194,494431,43.5123,6.0402,3
701703,494431,494432,58.0695,6.458,3
701704,494432,494433,6.2361,6.0495,3
701989,484865,494626,10.0995,26.8786,1
701990,284512,494626,8.8129,21.8403,1
702209,123023,494786,125.2384,7.9462,1
702242,494808,497875,83.4606,5.7996,1
702869,495278,803700,81.9085,6.1201,2
703110,487218,495458,69.8928,8.5134,2
703278,495573,497367,26.4197,6.2404,19
703429,118791,495666,69.9921,7.5667,1
703908,488390,495998,109.1429,7.9957,1
704064,485268,496105,16.9115,7.1585,1
704142,117479,496163,9.9499,6.3609,1
704201,117427,496210,11.3969,7.5498,3
704527,496438,536387,13.2372,4.9338,1
704642,485541,496518,37.4759,15.0816,61
704708,495458,496566,12.3693,7.5317,2
705104,118527,496837,20.4042,2.8831,1
705300,496978,500096,150.0585,5.3218,1
705854,497367,498394,11.7473,4.6583,19
705947,432692,497435,58.589,4.953,1
705948,497435,534146,58.7732,4.953,1
706455,80115,497792,39.8915,7.1661,1
706572,496978,497875,10.1215,5.0476,1
707186,495998,498284,26.9588,6.1071,1
707343,498394,663597,56.7561,3.7199,19
707840,286278,498737,38.6738,14.7815,2
707841,495922,498737,19.1311,14.3069,2
707860,477545,498750,43.5201,8.2498,2
707861,494422,498750,7.6158,10.7944,2
708164,122916,498953,120.9215,7.6155,1
708171,119029,498958,8.124,7.2749,2
708532,495573,499206,32.9393,7.1774,19
708533,499206,663388,41.3239,7.2911,19
708838,284983,499423,18.3121,7.2772,5
709175,116503,499657,117.7917,7.6468,1
709271,499725,500527,46.4307,11.6668,1
709522,118527,499890,19.6695,4.6583,1
709632,499725,499964,96.9556,10.9724,1
709820,119734,500096,8.7496,5.7446,1
710000,500216,528146,131.8602,9.6285,1
710204,119456,500368,33.2951,6.5927,7
710205,122049,500368,79.7563,6.8553,7
710427,121857,500527,266.9799,7.6761,1
710853,158656,500833,34.9824,7.139,1
711337,501182,514162,119.1092,10.4833,1
711506,501301,650974,47.3674,9.1601,1
711634,501392,502452,19.9499,5.5136,2
711938,497027,501623,45.1774,5.0043,1
711984,431892,501657,76.3108,17.1531,1
712257,501850,504612,27.6908,8.2144,7
712952,502353,666569,15.2425,7.2456,2
713079,130603,502447,79.893,4.1926,1
713084,502452,508129,59.9667,7.303,2
713118,496210,502477,209.5373,7.806,3
713235,499844,502566,37.8447,5.5495,1
713236,502566,507314,52.5014,5.099,1
713609,502814,504998,35.3412,6.3326,2
713930,120974,503038,3.448,5.9713,1
713931,122553,503038,30.9067,5.7787,1
714552,499657,503483,139.4433,6.7774,1
714553,121593,503483,42.244,6.8093,1
714999,118876,503786,104.5241,7.3434,1
715166,503901,503902,5.0,26.7764,19
715167,503902,666575,12.161,26.6063,19
715559,458714,504178,90.824,8.3777,1
715965,306707,504453,22.5194,5.5,1
716194,504612,536690,389.3124,7.6018,7
716747,504998,673062,33.4747,7.2108,2
717568,308249,505578,54.74,17.1731,6
718266,502478,506071,74.8881,5.4155,1
718279,121857,506081,16.2275,5.521,1
718280,506081,508604,45.3297,5.3852,1
718905,506531,507121,30.6322,6.8206,1
719480,502477,506952,65.0453,7.9363,3
719481,124659,506952,50.7466,7.1067,2
719673,127494,507096,75.9598,7.754,1
719714,507120,507121,16.8391,5.0949,1
719790,122821,507170,17.9444,10.315,2
719932,117051,507269,234.2719,5.2175,1
719934,507269,513471,114.3309,5.1083,1
720000,507314,509655,18.5177,5.2421,1
720131,507409,665849,69.9063,5.6213,1
720387,125283,507581,76.0153,5.7787,1
721168,508129,514190,124.2292,8.4186,2
721248,125975,508184,41.4183,5.6433,1
721355,508258,508486,14.3527,3.8643,19
721383,500255,508275,96.1775,10.8012,4
721385,508275,513061,39.0683,12.8352,4
721696,508486,511828,56.4712,4.3523,19
722424,124369,508992,6.5574,5.8723,1
723316,127261,509624,57.4156,3.6427,1
723537,124148,509782,4.9329,10.1178,1
724120,439727,510200,51.7129,6.4515,1
724121,510200,523930,19.3993,8.3031,1
724612,510531,687099,82.4958,4.1213,1
724613,510531,687832,85.4647,5.0368,1
724888,124083,510723,62.8667,5.9977,1
724889,510723,514175,104.0118,6.7223,1
725034,510830,670959,24.4609,3.8643,1
725081,510866,676431,48.4013,5.1926,19
725265,126710,510995,70.4911,5.1926,3
725397,123952,511089,51.074,7.5,1
725446,511121,515310,52.512,5.0724,1
725839,126710,511407,27.2458,7.383,3
725866,511424,515341,48.2494,22.0166,1
726182,511653,517209,96.2382,8.6639,1
726183,511653,529199,140.6027,8.5867,1
726444,511828,675507,23.4781,4.8408,19
726836,512112,672241,90.6697,9.4388,1
726837,512112,677513,15.1731,9.6045,1
726853,511121,512124,28.7803,4.5634,1
726854,512124,512125,19.4329,3.9173,1
727381,502353,512506,201.1467,6.4778,2
727382,512506,682717,55.7634,8.9138,2
727504,130129,512607,176.2432,6.4862,1
727505,512607,519596,63.1919,6.3991,1
727509,512612,523308,127.6375,6.4734,1
727544,512125,512634,57.7456,3.6742,1
728724,513463,514150,20.7364,7.415,1
729414,498284,513964,187.2117,6.8904,1
729415,513964,519297,40.9715,6.6115,1
729672,514150,682194,26.8452,7.8827,1
729707,126545,514175,31.0,6.6814,2
729726,514190,518884,44.2245,7.7728,2
730325,514638,682717,42.785,11.9787,18
730327,514638,514639,9.8489,12.4371,18
730564,514800,524846,92.3676,6.4363,1
730846,126582,514994,10.0664,4.5605,1
731283,512077,515295,30.9139,8.5957,2
731284,515295,520147,129.5934,8.7909,2
731306,131355,515310,55.0104,7.6737,1
731338,285573,515332,4.5461,15.7106,2
731935,515762,523215,110.6707,17.3628,1
732680,516286,517683,13.7356,4.4155,1
732726,126545,516318,152.4158,6.5769,1
732727,516318,518662,45.8034,7.2772,1
732737,516324,517559,11.1271,7.432,1
732819,516286,516385,7.8102,5.8416,1
733076,514175,516562,28.8174,6.5981,3
733253,284792,516693,14.1303,9.71,1
733497,513061,516856,49.5278,13.0935,4
733714,517005,517070,14.0633,8.8401,3
733812,128070,517070,11.9443,7.7973,3
733816,517005,517073,12.2066,8.217,3
733866,517107,518775,49.6185,5.7016,1
734012,129521,517209,61.7387,7.8885,1
734276,517400,675869,38.2187,8.8737,19
734277,517400,538674,119.0168,8.0884,19
734359,132978,517453,72.0717,8.0428,1
734506,130129,517559,46.7119,6.1942,1
734691,133070,517683,68.9291,4.241,1
734952,128601,517864,52.2923,6.5191,1
734953,517864,523529,60.9495,6.3226,1
735008,290632,517910,42.8641,4.5306,1
735116,439060,517984,68.3268,23.0421,14
735824,518478,533509,167.9911,8.7847,1
735967,518581,519035,7.0,5.9106,1
736080,136942,518662,237.859,7.4833,1
736100,456990,518676,22.4623,12.7195,9
736198,517073,518743,62.5504,7.0707,3
736247,518775,684764,25.9979,5.458,1
736397,130398,518884,54.6596,6.5701,2
736579,517984,519011,5.9067,26.0479,14
736656,496518,519057,143.4197,16.5023,61
736657,451009,519057,123.3775,10.94,1
736866,519206,521075,52.0609,6.6814,3
736913,519238,678232,48.7186,6.3901,2
736914,519238,522501,43.3244,6.2237,2
737417,128583,519587,75.2167,6.8407,1
737431,519596,524744,56.6765,5.9106,1
737574,519011,519704,6.675,25.8357,14
737750,519834,682717,46.1435,10.0726,16
737873,519920,532236,100.3045,3.3461,1
738168,133532,520123,58.1245,11.654,1
738203,130138,520147,5.5877,9.7754,2
738242,520176,687099,3.448,3.8028,1
738363,520266,531998,134.9778,6.0662,1
738373,130066,520273,33.2749,8.6231,3
738850,130569,520594,39.9917,5.1736,1
739253,129337,520885,29.4147,7.9169,3
739512,520273,521075,99.1374,8.1401,3
742368,523083,523545,55.8112,6.7028,1
742369,523083,526048,26.2869,6.8459,1
742992,523527,524846,67.9722,7.1947,1
742994,129582,523528,42.1505,5.3852,1
742996,523528,525700,17.6541,5.8941,1
743013,523545,523730,12.2972,5.7899,1
743020,132019,523549,29.6098,5.5355,1
743021,523549,530416,76.6179,6.7371,1
743280,523730,531279,140.3907,8.1901,1
743445,523839,646155,261.5535,9.5866,3
743662,131260,523992,25.186,5.9402,3
743698,523529,524018,48.1341,5.3735,1
743699,524018,531783,87.8351,4.9839,1
743879,524142,525848,55.4269,4.7856,1
743881,134253,524143,40.3347,5.0378,1
744088,313064,524289,77.6273,6.8416,1
744286,524422,532883,70.9954,7.5667,1
744287,524422,531783,77.7501,6.2281,1
744504,523308,524577,29.0689,6.6315,1
744604,523992,524654,29.9096,7.7016,3
744605,134991,524654,46.0202,8.437,3
744728,135743,524744,84.5734,6.5463,1
744752,524142,524763,14.3149,4.729,1
744954,519704,524918,34.176,23.6832,14
745046,524977,550659,46.6743,32.6323,17
745053,456484,524977,35.2491,27.8295,17
745205,525078,690777,17.3013,3.8378,1
745206,525078,525496,11.4891,4.0503,1
745381,525199,551751,205.9169,6.9465,3
745779,287820,525495,20.0305,8.6309,1
746030,525679,693842,27.8747,10.2824,1
746061,137080,525700,59.4278,6.1596,1
746357,525899,693839,23.1795,12.1798,1
746380,132978,525915,10.9545,8.2063,1
746381,136883,525915,56.1249,7.2592,1
746572,526048,528605,61.8717,4.9839,1
746980,525679,526336,50.0999,9.5353,1
747017,526361,532055,68.1616,6.5822,2
747025,133178,526368,17.2434,6.2281,1
747355,519834,526610,104.9619,7.6367,16
747542,519057,526737,69.8323,17.147,62
748299,526368,527289,7.2265,7.4725,1
749503,442103,528146,54.0466,9.428,21
749504,528146,586189,193.0595,8.8293,20
750021,525848,528503,42.9292,5.5902,1
750022,134391,528503,45.8951,5.6993,1
750108,527289,528559,17.2337,7.1386,1
750530,525496,528867,24.779,3.6736,1
750531,528867,531870,43.795,3.6056,1
750626,138513,528933,70.7332,14.8817,4
751025,529199,533916,108.3638,5.0724,1
751296,524763,529394,133.8436,4.872,1
751674,529663,698460,43.2884,8.836,1
751788,526610,529745,37.9078,8.1332,16
752740,136642,530409,96.7982,9.1488,2
752750,136207,530416,3.9016,6.2016,1
753448,518478,530907,94.8578,8.2382,1
753948,136493,531279,24.15,8.5898,2
754513,138388,531683,42.6888,8.3031,2
754555,531712,542443,13.4164,8.7176,1
754556,290632,531712,21.6025,7.2598,1
754713,531820,532891,73.9332,9.2466,2
754778,531870,704593,26.4764,2.9208,1
754947,137351,531998,3.6968,7.6155,1
754963,532012,533889,63.8444,8.3225,1
755700,531863,532538,10.6771,3.4758,1
755701,532538,533260,5.1962,2.9142,1
755863,531683,532652,66.6967,7.9681,2
756198,532883,533216,10.4447,8.0623,1
756210,532891,537902,134.3974,8.1453,2
756342,135365,532974,68.6319,7.3761,3
756577,531914,533135,10.7703,5.8365,1
756634,132883,533178,123.0226,7.1585,2
757056,136883,533489,21.6025,6.3541,1
757058,143350,533489,80.6122,5.9155,1
757084,288495,533509,16.7498,10.1627,1
757176,284983,533572,99.2505,7.0355,5
757177,296872,533572,104.5062,8.7202,5
757600,138026,533889,6.7082,10.2397,1
757775,532055,534017,38.5681,8.744,2
757776,534017,536690,129.0743,8.8148,2
757870,534086,702215,15.8623,11.6206,16
757871,534086,536578,16.4012,9.8995,16
757962,458336,534146,40.1865,4.885,1
758308,533260,534390,15.9374,3.7361,1
758309,534390,541322,50.8429,2.9432,1
758423,140351,534470,44.9469,5.8941,1
758562,534568,712457,39.7424,3.4093,1
758953,534847,541048,24.2831,9.0446,1
760373,535839,747130,11.8415,7.4051,1
760501,137986,535937,28.0119,9.9137,1
761146,536387,659896,47.1122,3.9324,1
761382,536552,539871,100.8351,7.1742,1
761419,536578,549016,95.0684,7.9078,16
761593,146594,536690,165.3471,7.6938,9
761776,533178,536814,99.4675,6.3284,2
762300,294984,537170,54.0062,8.9985,3
763330,139845,537902,51.1924,8.3574,2
763429,535937,537978,61.5666,8.3012,1
763690,139819,538157,15.0333,8.8549,3
765226,539249,539889,28.6918,9.5083,2
765796,140698,539631,18.9737,5.7865,3
765797,142019,539631,30.5396,6.03,3
765802,539635,539998,5.0222,6.6401,1
765828,539654,555715,22.5964,25.7698,17
765959,290216,539743,24.8126,9.1572,1
765960,539743,542443,7.3485,8.7176,1
766130,142108,539863,13.5031,7.1067,1
766141,539871,552827,108.0098,6.4155,1
766163,143585,539889,35.5246,8.4532,2
766322,157239,539998,171.8303,5.6926,1
766374,540035,705305,225.514,18.1127,1
766555,143434,540159,31.5947,6.9432,1
766843,451122,540368,17.5468,8.4545,1
767341,311627,540715,95.2173,4.3528,1
767532,139586,540847,33.8329,6.4862,3
767534,159536,540847,204.3184,7.303,3
767850,519056,541048,159.4787,9.326,1
768770,147127,541711,64.6864,5.5317,2
769552,542269,551573,87.1735,10.4976,1
769978,454664,542565,31.3829,3.6056,1
770325,538674,542803,34.0588,7.8421,19
772064,148309,544002,54.7296,5.6317,1
772176,544080,545034,7.1695,8.39,1
772275,309700,544153,38.3101,5.567,4
772770,524289,544499,7.6012,6.9942,1
773514,511844,545033,58.123,5.0299,1
773683,539635,545157,91.2561,6.8416,1
773684,545156,545157,53.8455,5.651,1
773971,545366,693620,163.2564,14.7565,1
773972,545366,722727,27.9881,15.1246,1
774204,537978,545537,104.8353,6.8723,1
774581,545798,545801,73.0329,3.7161,1
774994,545025,546095,19.1427,3.9241,1
774995,545537,546095,23.6596,4.6751,1
775191,145353,546235,7.2495,19.2574,4
775417,546380,547504,37.8139,18.6869,4
775423,145644,546385,6.9821,7.6533,3
775645,546546,548711,16.8984,6.3224,2
775788,437604,546650,96.9014,5.5468,1
775790,546650,578584,59.6676,6.4031,1
776384,317326,547073,45.977,4.7541,1
776977,547504,551608,55.2175,19.4919,4
777229,544002,547685,44.6843,5.7899,1
777230,547685,553911,70.1087,5.6899,1
778513,523930,548602,45.7434,7.3852,1
778683,548711,555439,88.0013,6.3533,2
779110,549016,720372,43.5813,6.1203,15
779111,549016,724922,25.4951,6.0402,1
780625,550099,551741,36.1278,13.3484,2
780626,550099,550931,14.1052,14.0193,2
781162,289382,550478,11.8534,21.9129,3
781385,550631,552455,16.4317,9.8952,1
781432,456486,550659,21.924,40.5118,19
781815,154691,550931,127.8406,15.2877,2
782721,551573,554288,30.6974,10.6977,1
782944,151234,551741,48.6587,12.892,2
782979,150126,551768,50.7346,6.2283,2
782980,551314,551769,19.6908,7.0711,2
782981,551769,553910,67.8651,5.6569,2
783390,441267,552077,123.8194,8.1417,1
783393,552078,557171,25.6528,46.6016,81
784261,144961,552681,144.2429,6.1926,2
784262,155326,552681,81.9003,6.5332,2
784314,552719,724595,10.8474,10.5587,2
784453,545034,552812,29.2004,5.6894,1
784454,456670,552812,4.4597,3.8378,1
784475,552827,572718,127.1706,6.5897,1
785019,294856,553203,33.589,17.1449,3
785218,545801,553335,11.6166,3.2975,1
785219,462396,553335,77.8476,4.3589,1
785274,457581,553378,7.0223,24.9993,17
785992,150126,553910,20.5805,4.4126,2
785993,149953,553911,3.7859,5.2779,1
786593,460287,554343,167.6945,28.5431,17
786594,554343,561197,40.952,27.5622,17
786690,291854,554413,18.8033,9.3261,1
788137,151156,555439,33.2666,7.1442,2
788217,555493,728724,4.6786,6.1644,15
788399,555617,563904,74.9209,5.6317,4
788455,555661,561617,79.63,7.0094,9
788529,457581,555715,8.0623,24.1658,17
788739,555850,728992,8.518,7.772,1
788740,555850,557201,13.9284,7.8012,1
788770,554208,555871,11.3578,9.9371,1
788771,555871,728485,19.2902,9.2513,1
790022,556767,557900,45.9033,7.8384,1
790471,554288,557105,19.7231,11.5537,1
790565,457845,557171,6.866,41.0487,62
790566,557171,574767,31.0798,37.1932,19
790753,453823,557297,54.6931,3.7199,1
790853,555661,557366,104.5838,8.109,9
790854,154989,557366,83.0134,7.5027,9
791073,152980,557526,86.1233,6.8365,1
791413,309552,557777,36.1432,5.9036,1
791554,557881,561780,59.143,12.3494,2
791556,155629,557882,46.9077,6.7371,2
791580,557526,557900,39.3475,7.7991,1
791873,557105,558106,7.9232,10.9787,1
792135,557201,558294,43.4626,7.2166,1
792136,558294,732149,23.2785,6.5897,1
792374,558453,731531,6.0828,4.3528,1
792375,558453,736989,41.9841,4.0941,1
792549,558576,727783,94.4863,3.2975,1
792550,558576,736933,40.7962,4.729,1
794081,289016,559663,29.2005,9.2676,3
794083,559663,565867,7.3485,11.3692,3
794415,459913,559904,7.0,4.999,1
794620,559180,560059,8.8318,15.1395,19
794693,162168,560111,147.0533,4.8947,1
795172,154242,560452,11.5998,20.5125,4
795355,504178,560576,71.7217,8.5938,1
796215,539654,561197,27.1518,26.7578,17
796297,561254,564226,94.4469,7.0355,1
796405,548602,561327,91.8077,6.9596,1
796407,561327,578752,50.4314,5.0198,1
796840,561617,573900,163.4387,6.2838,9
797031,158350,561747,58.9774,7.6755,1
797082,561780,563666,25.5147,10.3096,2
797123,311163,561808,25.8715,4.6111,4
797683,148869,562194,68.9436,5.7913,1
797684,561747,562194,49.5356,7.8589,1
797698,560999,562206,45.7165,6.0738,3
797781,562260,736430,5.3748,7.8717,1
797874,561808,562329,16.7697,4.241,4
798402,562699,700813,209.0199,9.6919,1
798403,562699,741241,24.8931,9.1045,1
799170,155286,563240,8.25,3.4611,1
799285,563314,571422,83.4759,9.2001,3
799760,563666,564765,40.0441,10.7123,2
799879,563750,740078,9.3452,7.839,1
799947,563799,736933,17.767,5.0495,1
800093,551447,563904,14.6097,5.2421,4
800548,156429,564226,12.0416,6.7371,1
800595,155179,564257,12.5952,7.3852,2
800699,563870,564333,6.884,5.2676,9
800700,564333,565320,10.5418,3.8534,9
800947,155279,564500,94.4205,8.6409,1
801082,557297,564589,60.9526,3.8643,1
801333,564765,565926,10.7776,11.3106,2
801653,564998,740040,46.9988,15.1587,19
801699,562206,565026,40.1345,6.2264,3
801700,156314,565026,15.3695,6.0467,1
801822,559904,565116,16.9738,4.999,1
802876,292129,565867,14.0791,14.8883,3
803038,565975,742447,14.5945,4.3028,15
803227,552719,566114,120.0208,9.5503,2
803691,455262,566445,54.2301,3.6029,1
804511,566114,567022,8.124,8.8853,2
805307,567583,567934,3.6056,15.9169,19
805802,567934,740572,85.5447,14.8508,19
805837,157409,567960,11.5801,6.9432,1
806117,568154,572486,54.5145,20.9335,4
806152,568176,577406,81.5107,6.5081,1
806480,568406,571265,24.3926,8.9624,1
806561,568462,578386,70.0206,4.9839,9
806837,568640,571069,33.3017,5.7016,1
807049,562066,568789,19.07,4.899,1
807050,459858,568789,74.4133,4.3203,1
807311,545033,568982,52.9817,5.1197,1
807920,569399,740389,68.0931,7.3104,1
808093,569516,569519,64.6375,8.6099,1
808097,569519,571708,44.9333,10.1518,1
808485,569808,768063,146.3257,7.7119,1
808751,570004,746247,4.9329,16.5831,19
809921,570825,571520,19.1658,5.2208,1
810246,571069,580772,46.0435,7.2942,1
810305,165216,571109,148.6345,5.5616,3
810482,570004,571246,18.5742,16.8648,19
810497,571257,746292,8.756,16.3623,17
810803,308405,571477,30.1441,6.03,1
810805,571478,571903,39.4462,4.6111,15
810859,159623,571520,22.4029,5.5414,1
811129,571708,572148,19.5192,8.2434,1
811401,571903,572252,20.3224,4.511,15
811584,572019,742293,161.1021,7.261,1
811769,572148,583144,159.0031,9.8639,1
811913,572252,749013,74.6868,5.9495,15
811923,288550,572259,41.5429,4.3452,1
812258,572486,573906,22.4901,21.7197,4
812691,572796,574185,18.918,5.521,1
813099,160840,573089,6.1555,4.7431,3
813333,571422,573264,22.8059,9.0182,3
813339,571246,573268,21.4709,16.2053,19
813823,573609,748906,6.442,18.0017,17
813888,573658,744375,108.3974,7.8369,2
814234,573900,576728,33.7627,5.9106,9
814241,573906,575388,29.968,21.4338,4
814505,574099,575976,13.6382,10.3457,17
814614,574178,575450,2.4495,11.7435,2
814625,159588,574185,80.5854,6.8904,1
815250,573609,574641,8.3666,13.5687,17
815428,552077,574763,75.4639,18.6277,1
815429,463501,574763,11.6428,28.9723,16
815436,574767,584595,25.7531,25.2704,19
815867,575075,754513,14.3527,8.4495,1
815890,575093,751327,11.3578,7.713,2
815891,575093,754912,23.0434,7.9363,2
816320,166413,575388,75.4343,20.4121,4
816353,575410,588842,24.0416,7.9582,1
816354,294142,575410,8.6927,9.5353,1
816601,575579,752811,9.9499,3.5586,1
817022,575892,584521,83.7868,2.9954,1
817122,573268,575967,21.5407,15.1488,19
817135,575976,746480,64.2484,16.0279,17
817295,463501,576088,9.8939,29.4866,16
817296,465546,576088,113.4264,28.6339,16
817842,576467,587251,76.8071,6.9996,2
818049,576621,580816,43.391,16.2897,2
818199,167258,576728,103.4621,6.364,9
818250,576764,751381,18.5346,10.9016,17
818251,576764,753620,3.9158,8.654,17
818416,576901,577406,5.3852,7.8776,1
819336,167263,577562,43.7988,7.4736,2
819549,574474,577712,39.6324,10.5022,1
819551,577712,577717,3.8297,10.8158,1
819558,167075,577717,37.3854,14.9692,1
820019,576763,578046,20.4695,8.1796,17
820020,578046,578489,10.4403,10.3048,17
820345,571478,578277,46.1844,5.5495,15
820511,578386,580533,86.8536,5.6825,9
820644,578489,751081,82.1542,18.5322,17
820756,568982,578577,89.2703,3.8284,1
820757,574626,578577,7.7802,2.6583,1
820783,549237,578593,158.286,14.1303,14
821003,462249,578752,20.2237,3.5355,1
821026,578770,579175,32.2645,10.6961,2
821195,578900,755887,7.1049,7.4758,2
821478,162168,579102,41.9603,5.8807,4
821577,579175,756879,14.5645,10.875,2
821582,579179,755942,11.2793,10.3648,2
821602,579192,756360,29.0172,8.0826,2
821706,579272,579948,11.3578,11.1893,2
821858,579382,756587,8.8752,13.5417,2
821862,579385,756878,9.8939,11.8257,2
821866,579389,756593,4.9554,10.5074,2
822096,579389,579552,24.4336,10.0452,2
822123,579192,579571,19.9499,9.326,2
822128,579571,579574,25.0799,9.1309,2
822130,579574,579575,4.2426,8.5408,2
822395,578584,579756,60.0836,7.2636,1
822396,463824,579756,26.0169,6.3533,1
822583,579552,579890,11.5758,8.2769,2
822666,579948,581022,77.4661,9.3581,1
822813,580067,756362,9.434,13.1093,2
823077,580254,583788,30.4822,7.3247,3
823199,579948,580342,5.3852,11.786,3
823200,580342,759021,18.0278,12.2446,3
823475,580533,581210,63.7382,5.262,9
823807,572259,580772,17.9165,6.0927,1
823874,169867,580816,64.8048,15.4956,2
824091,580974,760600,24.5386,22.2053,2
824162,581022,586377,59.7997,7.8718,1
824351,290491,581163,32.8282,4.511,1
824352,298168,581163,21.4372,4.8002,1
824425,581219,760924,24.0693,12.0227,2
824762,467868,581456,63.7985,4.8143,1
824817,170839,581502,70.7594,5.3284,3
824978,169142,581620,10.198,6.1127,1
825063,581676,582334,7.4917,17.4868,16
825065,465546,581678,309.4344,23.6166,16
825066,581676,581678,11.1337,18.9886,16
825387,581901,758335,17.0404,12.3736,2
825419,581926,760964,17.4499,19.2354,17
825711,581210,582134,26.6166,4.7431,9
825712,167258,582134,3.6968,6.4078,9
825810,582207,582208,2.8284,17.9222,2
825812,582208,759882,7.0321,16.8209,2
826008,582350,753142,46.3843,3.4641,1
826012,575967,582354,49.5278,16.2057,19
826013,582354,584725,14.9666,19.1532,19
826910,582986,759860,5.2281,14.0775,2
826961,583024,583229,3.7417,14.3873,1
827077,583111,586665,27.0924,4.216,1
827124,583144,772629,103.2793,14.8493,1
827243,583229,756187,60.5144,16.8979,1
827245,583024,583230,7.874,14.3003,1
827380,583319,765847,84.7624,6.8571,1
827476,582511,583384,9.1652,12.2881,2
827503,583401,760718,19.655,21.124,2
827647,578277,583512,92.6607,6.2016,15
828020,583788,588937,61.9825,6.6726,3
828083,583512,583831,38.3406,6.7723,15
828244,166356,583940,58.3026,6.085,1
828385,584044,589431,52.1842,7.129,9
829166,468155,584595,24.7229,20.1639,19
829314,584700,585074,8.7178,16.9053,2
829344,584725,765809,75.8569,27.115,19
829437,464038,584793,16.3775,4.5813,1
829438,471338,584793,43.3154,5.5902,1
829583,584902,756203,62.0151,20.8166,17
829815,585074,764674,15.7127,17.4254,2
829907,585147,588745,25.9808,9.4937,3
830108,168501,585294,121.5717,6.0992,1
830115,465674,585300,7.8182,3.9241,1
830282,167715,585413,18.7439,4.7408,1
830285,167633,585415,29.0689,4.729,4
830648,585415,585675,7.3041,3.6795,4
830896,585846,586234,21.1371,6.7016,9
830933,581456,585873,15.5275,5.3735,1
830948,585885,763030,23.2809,7.6533,1
830949,585885,587138,10.0499,10.5759,1
830951,585886,764122,22.8687,16.8851,1
830952,585886,587893,16.8226,13.7091,1
831112,583831,585995,52.259,6.6529,15
831314,571500,586141,89.4087,6.0992,1
831381,586189,588802,19.9053,6.8163,19
831459,586251,702730,50.9192,11.6182,3
831460,586251,626277,14.6758,16.2835,3
831825,586496,587663,19.1511,5.985,3
832068,586665,770182,66.8389,5.0838,1
832483,586952,764861,36.2522,9.0128,1
832745,587138,765425,4.2426,14.9226,1
832899,172563,587246,147.0019,8.0809,1
832909,176690,587251,90.9524,9.1868,2
833475,179488,587663,132.4741,6.6921,3
833655,466024,587793,24.7701,4.216,1
833672,587803,590605,19.8046,6.5372,1
833796,587893,764825,4.9666,14.5085,1
834078,175968,588095,77.8389,19.3753,5
834238,588213,765906,11.8884,24.1453,9
834910,587793,588693,5.8697,4.7947,1
834993,588745,589617,10.0499,5.3383,3
835126,297289,588842,15.438,7.2108,1
835212,588901,696000,370.6289,6.9466,1
835213,199497,588901,68.5703,6.2696,1
835264,173502,588937,36.2261,5.6317,3
835468,589084,765517,64.7995,22.0893,9
835710,589258,763093,72.6032,17.3239,3
835943,585846,589431,31.5862,6.5557,9
835966,589445,762225,374.0597,9.7155,1
835967,589445,766926,3.7417,12.6747,1
836208,589617,766013,9.6264,4.3523,3
836318,588213,589702,51.4101,25.0608,9
836810,590046,759944,64.5006,13.3853,3
837319,166845,590413,59.4475,6.2149,7
837580,590605,592978,31.8695,7.9412,1
837699,590696,599668,30.6757,5.3033,3
837703,590696,590699,8.775,5.4075,3
837726,582350,590717,42.638,3.3904,1
837727,590717,769842,16.5126,4.3509,1
838018,586377,590915,25.9615,9.9636,1
838182,589702,591023,11.225,24.8109,9
838311,591119,592322,23.8537,6.6028,3
838463,171236,591231,30.9659,7.4096,9
838464,172656,591231,38.694,8.9596,9
838701,177077,591402,41.1015,5.4075,1
838703,591403,594528,65.1136,14.293,1
838762,591450,769057,12.8722,21.3304,9
839178,591738,768307,11.4988,13.5403,3
839179,591738,594947,29.1376,11.3137,3
839183,591741,768432,4.6435,16.7587,3
839184,591741,598958,48.8365,10.2589,3
839199,169867,591753,83.5703,13.8857,2
839200,591753,595526,64.5608,12.7476,2
839323,465285,591842,41.9007,4.8289,1
839412,591902,597363,55.9553,11.7643,3
840006,592322,595266,27.5318,6.3546,3
840198,592455,775559,69.9476,13.6141,2
840243,592489,592661,9.9499,33.3671,19
840452,592661,768898,22.2036,32.5857,19
840517,592324,592710,108.7587,6.9765,3
840713,585873,592840,24.8111,5.2493,1
840997,593049,595106,20.347,9.8427,2
841117,171060,593143,62.2807,7.4275,2
841118,593143,607160,108.4054,8.4922,2
841243,593230,598052,53.4977,8.0355,1
841591,593469,769371,7.0,34.3564,19
841768,498278,593586,28.212,17.2648,1
842161,593870,770420,9.4637,34.1232,19
842670,175795,594245,7.6085,6.7453,2
843070,176982,594528,33.7524,9.9031,1
843081,594534,771193,3.0,4.999,1
843126,590413,594566,34.7851,7.0688,7
843127,594566,605151,83.5858,5.365,7
843260,176853,594663,17.2047,6.2404,2
843552,594871,770269,46.1736,5.0517,2
843875,595106,599138,31.305,7.8443,2
844108,595266,775822,35.57,9.4051,3
844461,595526,599491,50.9771,11.3593,2
844547,594983,595582,9.0481,20.5123,19
844548,470778,595582,13.8644,20.525,19
844569,595597,772112,20.4268,8.109,1
845242,596071,772882,5.0,10.9052,1
845462,596235,771732,29.7327,17.8807,9
845463,596235,773365,8.9256,18.0821,9
845814,596481,768063,53.8661,6.2283,1
845815,596481,605781,96.7316,5.4929,1
846229,596765,596774,14.0198,2.5811,1
846244,466355,596774,21.4398,3.2394,1
846302,596812,600769,32.4037,33.6227,17
846783,177077,597144,3.9158,5.8303,1
846784,597144,603563,55.4066,5.9545,1
846824,597171,599512,41.7196,5.5649,2
847098,597363,775822,28.2115,11.2227,3
847487,176853,597662,11.5181,6.0822,2
847488,178316,597662,21.8632,6.9228,2
847793,299940,597876,20.267,6.1889,1
848280,461837,598227,57.181,4.9495,1
848281,598227,612215,59.3024,4.3028,1
848441,598345,598458,17.7828,15.3464,2
848442,598345,600806,63.5444,12.2998,2
848679,597171,598517,46.7155,5.4704,2
849062,588159,598795,29.8161,5.2249,1
849293,598958,768433,74.0692,10.6456,3
849338,598994,756824,9.3005,7.5927,1
849401,67729,599036,34.4432,5.8284,1
849550,599138,775187,5.8214,6.4789,2
849916,465538,599398,89.3047,9.5219,14
849917,599398,601254,67.9709,7.6474,16
849966,598517,599432,40.1793,6.1336,2
849967,598725,599432,18.7999,6.5355,2
850049,599491,600399,11.694,10.6536,2
850082,178931,599512,13.2372,4.9286,2
850308,599668,680878,23.8654,12.0535,3
850365,599704,776209,32.0243,6.4155,1
850866,600067,780034,108.2497,8.3127,15
851300,600399,600806,26.9088,10.4385,2
851385,179096,600453,51.4742,5.8616,2
851386,600453,603110,32.7669,8.8201,2
851443,471035,600488,44.7288,6.4803,2
851444,600488,610368,26.5414,6.7787,2
851639,600633,601137,6.549,6.7428,4
851822,600769,603035,21.4009,32.0534,17
851925,583940,600846,106.9084,5.2881,1
852199,601044,775365,12.53,18.0192,9
852200,601044,777003,9.6954,17.5921,9
852332,182809,601137,39.4081,6.9188,4
852343,598185,601144,151.2248,9.1077,4
853047,601635,776821,6.8313,4.2426,1
853181,601729,778419,13.9603,15.0866,2
853451,585995,601917,202.1435,7.719,15
853500,600846,601947,32.6752,5.4312,1
853501,601948,607382,57.9705,4.4721,1
853673,601948,602073,35.7064,4.7856,1
853788,602144,777909,10.7986,17.6741,9
853961,602269,775636,14.8212,4.511,1
853962,602269,777554,13.8949,5.2631,1
854029,471864,602319,35.019,4.6751,1
854246,478650,602468,36.4448,6.358,1
854297,602507,778706,9.434,2.2071,1
854440,469467,602606,82.8995,5.7386,1
854529,184129,602676,66.0,5.0378,1
854532,602678,775636,27.7369,4.511,1
854533,601635,602678,8.775,4.1829,1
854741,185529,602829,80.0916,17.1065,5
854895,183924,602946,37.7212,7.5794,1
855020,603035,778300,4.9329,30.4875,17
855116,181780,603110,2.9814,8.0884,2
855764,603563,605401,14.564,5.7748,1
856529,604113,646442,41.254,12.0764,1
856675,601947,604211,20.3443,5.8941,1
857998,188582,605151,55.0023,5.4909,7
858346,186740,605401,59.3801,4.872,1
859522,172699,606248,117.983,7.6178,1
859523,184157,606248,7.2572,8.6886,1
859604,606306,779906,7.8102,4.977,1
859943,606539,606733,31.1288,11.6593,5
860166,606698,622617,83.4925,4.4203,1
860173,586189,606704,66.8319,8.7203,1
860210,606733,607806,11.9164,11.0814,5
860818,184484,607159,12.5186,6.9989,2
861113,602676,607366,35.7553,4.7541,1
861114,607366,614038,79.6367,5.1438,1
861132,189489,607381,76.8765,4.6856,1
861133,183879,607382,22.4054,4.9286,1
861693,607806,786647,99.3886,11.2663,5
861706,437994,607817,284.4039,6.2445,1
862057,593586,608089,8.8665,14.0534,1
862059,608089,759539,74.3899,15.9379,1
862309,608279,783527,111.5106,5.5971,1
862310,608279,786232,51.3961,4.8002,1
862540,608427,781952,4.4969,28.4687,17
862691,601917,608536,94.8999,9.3272,15
862701,608543,777909,40.1324,19.3574,9
863100,606704,608816,20.8367,10.9939,1
864159,186727,609601,37.3988,6.7759,2
864384,609753,633461,23.0434,5.0616,1
864718,609985,781952,7.5425,26.1108,17
864767,165059,610021,310.5938,7.1947,4
864768,181010,610021,84.3534,6.9228,4
864891,610105,782425,5.7155,18.7248,9
864894,610107,782934,4.714,9.7947,14
865120,610267,778306,55.6566,15.6235,5
865227,609024,610349,8.7178,7.8367,15
865228,610349,627161,188.5683,12.1434,15
865487,610526,781513,21.0528,3.7913,1
865757,610714,616715,46.9148,14.8642,2
867157,189262,611712,25.3772,6.0837,1
867377,190081,611881,83.3367,6.2281,2
867721,612124,783102,9.8413,21.233,5
868721,588159,612833,65.5515,6.3121,1
869186,610526,613176,35.2278,4.458,1
869266,61848,613229,62.2154,8.5106,1
869495,608536,613395,32.6956,9.9345,15
869521,187622,613413,12.1747,4.511,1
869608,613475,613641,8.1467,7.2636,7
869609,188582,613475,36.9362,6.2429,7
869857,613640,614038,3.7712,6.4734,1
869859,613641,616615,17.561,6.9343,7
869868,613647,624753,78.1729,9.4536,2
870500,612124,614103,10.7703,19.8503,5
871001,614457,776209,152.3129,8.3477,1
871376,610105,614730,33.6155,18.6996,9
872003,540715,615176,30.8509,5.7913,1
872311,614457,615399,6.4031,9.5647,1
872312,615399,789794,29.5917,6.8964,1
872443,303439,615499,47.8992,10.1961,5
872444,296872,615499,51.1881,11.1151,5
872448,615501,786291,30.3132,10.0789,5
872449,615501,787311,4.761,10.3959,5
873014,477035,615896,7.188,6.9937,1
873304,616095,787147,3.559,20.0992,5
873305,616095,617978,12.4097,18.1555,5
873582,193807,616298,36.8691,4.9338,1
874022,197786,616615,69.6064,6.0738,7
874024,607160,616617,70.1629,8.4091,2
874132,616710,651105,21.2158,18.2028,6
874138,616715,620180,22.7596,15.1162,2
874249,616786,640290,53.6843,7.255,1
874540,604591,616995,29.4354,8.6172,2
874877,617222,618272,19.105,7.2327,1
874933,476745,617263,34.5286,3.1796,1
875150,614730,617422,22.5167,21.8934,9
875796,190081,617885,40.2561,7.6888,2
875797,617885,618450,9.798,7.9282,2
875892,617952,626527,89.142,6.4803,1
875901,617960,788650,6.9522,4.8599,1
876321,613413,618272,71.9823,6.4806,1
876560,618450,629146,110.4385,6.9765,2
877291,617422,618971,14.4568,21.8682,9
877353,481722,619017,33.4348,23.6544,19
877391,616042,619048,28.2872,3.3028,1
877551,194963,619161,60.1526,9.1098,9
877882,619394,793510,26.8204,4.0035,1
878238,192377,619657,15.1548,7.6367,1
878710,619988,790682,32.1697,2.366,1
878980,620180,622990,32.45,15.2637,2
878986,608816,620187,78.4478,10.2395,1
880511,478822,621279,38.2535,6.5123,1
880960,621615,627502,152.3319,8.9441,8
881218,621799,629405,49.7393,13.3917,5
882139,190972,622457,68.5873,4.3198,1
882140,622457,624213,11.1006,5.2386,1
882359,622617,632710,48.9001,5.2421,1
882806,622927,791751,13.2413,19.438,9
882807,622927,624032,9.2736,19.9028,9
882894,622990,797718,58.9293,16.1384,2
883568,623468,624711,14.8511,6.0837,4
883628,623515,664658,67.4759,5.7446,1
883629,577093,623515,47.8017,5.9545,1
884331,624032,793887,9.0623,20.06,9
884581,196937,624213,42.1663,5.1926,1
884778,624347,786274,109.8327,4.6111,1
884779,624347,796445,38.2172,5.2421,1
885272,624711,652750,210.8433,6.2196,4
886029,619657,625272,61.7171,6.8596,1
886331,625483,821943,12.8452,6.0329,1
886631,199265,625703,74.7895,9.2195,6
886632,195432,625705,6.1373,9.2447,6
886633,196726,625705,69.8164,8.0711,6
887152,483497,626063,8.3799,3.452,1
887445,626277,680878,14.5144,18.3106,3
887464,616617,626291,139.1648,8.6254,2
887468,624753,626293,80.0215,8.8301,2
887556,626356,630425,77.3046,3.0275,1
887704,194815,626468,29.8747,7.4725,6
887781,200692,626527,60.1433,5.2881,1
888485,627023,628750,49.2894,6.9372,2
888678,627161,795922,147.1364,14.5876,15
888810,605795,627249,28.3019,14.0384,1
888811,627249,631722,4.6904,15.3422,1
888863,627288,793939,42.6927,6.8525,15
889163,627499,794665,27.0411,2.7369,1
889167,627502,795107,13.2246,7.9366,8
889456,627710,629401,19.2094,20.0377,15
889889,193807,628019,81.8698,3.8643,1
889890,628019,633922,37.1977,5.1939,1
889933,628049,795583,12.1244,4.3589,1
890127,479650,628187,56.7705,4.899,1
890281,628298,789463,94.2402,4.3028,1
890283,628298,800030,81.9566,4.2523,1
890420,197112,628401,7.1647,9.449,1
890555,194954,628505,50.2441,6.5557,4
890899,626293,628750,20.2731,8.2749,2
891083,196726,628884,21.4476,7.3852,6
891084,197197,628884,6.3509,8.5863,6
891441,198545,629146,19.7625,6.7371,2
891733,629363,637220,86.8018,8.0761,8
891788,629401,629402,5.3852,19.222,15
891790,629402,796595,29.0132,21.5733,15
891795,629405,797764,8.4582,20.4751,5
891796,629406,798129,9.7591,30.7595,5
892063,629592,631446,16.1245,7.7054,1
892198,621279,629697,51.394,7.9121,1
892675,197197,630031,20.4015,9.3249,6
893007,630267,797585,13.5241,26.1296,15
893008,630267,800089,35.3977,27.8823,15
893564,630678,635089,26.0416,3.9496,1
894343,196940,631222,18.0647,3.6736,1
894660,631445,633288,60.6712,6.2187,1
894661,631445,631446,10.0,8.0901,1
894886,194468,631602,42.448,5.9641,1
894888,200133,631602,12.7215,4.5616,1
895304,483970,631886,28.8078,13.2417,1
895343,631910,633010,16.7697,3.2863,1
895404,199886,631953,12.083,12.4696,5
895586,198545,632081,67.3317,6.0355,2
895735,198652,632193,68.9122,8.8549,2
895992,632376,635293,15.864,4.3708,2
896075,632442,797792,20.3879,6.0822,1
896429,485148,632712,5.7927,9.4749,1
896866,633007,633010,18.3455,5.5616,1
897268,633288,635748,26.5895,3.8028,1
897452,302512,633418,20.7393,10.9599,1
897527,302232,633461,4.5277,6.2016,1
897556,629363,633482,100.9433,8.8837,8
897698,633581,670983,194.4475,11.159,19
898104,630640,633879,5.3852,6.0402,1
898162,200041,633922,9.1652,6.1298,1
898384,628505,634077,110.6207,6.5182,4
898385,198794,634077,40.6407,6.5182,4
898514,634172,801005,4.714,32.6724,5
899430,634847,645692,52.6308,10.778,8
899498,198757,634894,81.0987,6.733,2
899659,632081,635002,168.4801,5.7016,2
899785,635089,640048,30.4102,5.3735,1
900046,635002,635293,18.0462,5.0724,2
900606,493463,635688,125.044,25.2469,19
900684,635748,802196,9.551,4.1213,1
901015,635974,641815,56.0496,10.8856,5
901471,636299,801461,5.6862,6.2016,1
901473,636299,637127,4.6904,6.2016,1
901710,200721,636480,127.9862,13.1019,1
901711,217422,636480,93.3256,11.9969,1
901899,636612,797587,40.5093,3.4611,1
901900,636612,638563,9.8995,3.3839,1
902002,300789,636680,21.1305,21.9928,3
902003,298224,636680,24.3713,20.4487,3
902136,320053,636778,21.5767,22.8685,1
902636,637127,804617,22.6691,6.8416,1
902760,637220,654324,213.49,9.2749,8
903624,637835,809908,55.2913,3.9465,1
903774,637939,639862,14.4568,17.0007,2
903853,637990,804407,106.5859,7.2963,1
903854,637990,645126,61.498,5.5125,1
904128,202136,638196,23.7627,9.4051,6
905608,639233,648519,75.4387,4.1231,1
905833,639395,802755,15.1057,27.44,15
906128,56797,639600,10.247,4.216,1
906465,639840,802544,18.473,20.2677,9
906493,639862,805263,8.5375,17.72,2
906750,639233,640048,10.3709,5.1438,1
907104,640290,663174,21.6333,6.4026,1
907734,639840,640733,7.8102,19.452,9
907906,640860,690273,311.9375,11.7316,1
907907,627498,640860,158.2498,12.2261,1
908324,641157,801005,41.7359,30.4394,5
908325,641157,806075,7.157,29.9673,5
908417,483493,641221,46.2709,6.2574,1
908600,641346,804617,79.9055,7.6712,1
908814,641493,642920,67.2855,7.7787,5
908815,208204,641493,74.8176,8.0221,5
909132,641719,811399,38.7212,5.6454,1
909151,640733,641733,7.0711,18.4688,9
909273,641815,646441,36.5544,11.9772,5
909775,633482,642174,43.1612,9.0547,8
909776,642174,654149,184.7996,8.9721,8
910210,642480,658193,53.3439,7.2417,1
910356,642586,807896,16.278,9.2302,15
910519,629697,642700,93.8559,8.0799,1
911439,643331,666885,364.9878,6.2386,7
911975,216037,643715,115.4713,9.4163,8
912190,639707,643864,5.1962,6.1596,1
912191,643864,761608,142.8636,5.2631,1
913477,641733,644774,18.7083,17.3573,9
913689,644929,806070,14.0,6.03,1
913694,644932,646140,7.1414,29.3494,5
913961,645126,804283,53.4187,4.1829,1
914577,642700,645570,10.4616,7.9612,1
914606,294984,645592,98.7168,7.77,3
914735,645692,813323,43.4537,11.7463,7
914779,645723,651338,68.8549,3.6675,1
915007,212373,645892,47.564,6.4342,1
915796,207089,646441,12.083,12.3524,5
915798,646442,661527,6.7495,15.6727,1
916260,645692,646767,8.6023,16.0451,15
916261,646767,810318,2.8674,15.9816,15
916678,207393,647048,7.3485,7.4806,1
916771,638006,647119,81.6946,5.4929,1
916772,209413,647119,29.2784,5.8941,1
917132,647372,652419,14.7705,6.2264,2
917344,647524,650665,66.5808,15.8381,1
917800,206301,647853,95.2103,6.3442,1
918054,207662,648041,24.1247,4.9747,1
918250,648195,649130,4.5826,9.8669,15
918392,625483,648301,7.3485,5.1197,1
918415,209850,648319,35.8608,6.7759,1
918685,648519,655108,43.7023,4.9338,1
918907,205525,648676,45.1147,10.0234,5
919082,648787,649722,6.0,4.3203,1
919268,648920,704222,31.9392,5.6623,1
919496,647853,649082,39.2046,5.9009,1
919497,210792,649082,52.7352,5.3983,1
919562,649130,655732,32.6956,15.136,15
919593,649156,701997,88.5551,6.0355,1
920414,649722,651603,10.0499,4.6289,1
920715,649927,652456,96.0937,5.0124,1
920716,214533,649927,58.2695,7.4161,1
920884,650054,658402,45.8076,4.5616,1
920893,206078,650059,112.9587,7.3852,2
920894,211063,650059,47.4096,6.7082,1
921754,650665,815343,45.1885,14.8824,1
922196,645570,650974,17.4515,9.5385,1
922297,209522,651040,3.3665,4.9839,1
922391,311354,651105,16.0624,17.6222,6
922412,651118,651788,6.5574,6.5355,1
922730,651338,814346,24.7162,5.9036,1
923098,651603,816378,27.4572,4.1795,1
923134,651630,809088,114.8492,5.8284,1
923135,651630,653812,51.0784,7.1533,1
923343,651787,814210,4.3461,3.8028,1
923344,651787,651788,9.8995,4.8028,1
923391,208848,651825,109.3445,5.8549,5
923705,652053,814346,9.6896,4.9352,1
923706,652053,816257,51.0161,2.6992,1
923862,651438,652164,5.3852,29.9136,1
924205,502814,652419,48.7511,5.5649,2
924254,210050,652456,8.9069,4.5306,1
924669,211256,652750,9.551,5.7439,4
924813,652847,658148,52.8289,5.4218,1
925716,653492,654803,8.544,2.639,1
925719,212167,653494,46.3849,6.1889,1
925832,653574,813211,19.1746,18.8009,9
925871,653600,653861,15.5563,10.6493,1
926181,653812,814668,6.3683,9.3011,1
926243,653861,654063,32.573,9.672,1
926518,654063,815784,40.6899,9.0552,1
926656,219489,654149,126.4885,7.7787,8
926834,210792,654278,6.4464,5.1083,1
926894,216037,654324,133.8992,8.8541,8
927064,654442,662908,104.1121,7.415,1
927384,653574,654685,11.1803,19.466,9
927385,654685,655875,6.5574,18.7083,9
927545,654803,816240,8.3467,3.285,1
927825,644929,655002,98.4327,5.2779,1
927826,655002,656436,30.3315,4.999,1
927976,655108,658402,56.0952,4.9338,1
928126,205408,655207,57.5142,3.9324,2
928127,218084,655207,77.209,4.5634,2
928519,492090,655463,48.9592,5.3218,1
929559,655732,656223,3.0,19.8867,15
929866,656436,656926,6.3246,5.7118,1
929996,655875,656529,4.3589,18.4509,9
930126,656622,680319,155.0186,5.9545,1
930127,214774,656622,124.0739,6.151,1
930168,656223,656653,2.8284,19.3873,15
930223,656689,658225,72.0882,6.8804,1
930224,656689,656690,3.7712,7.1756,1
930345,656529,656775,5.1962,18.5439,9
931201,656690,657392,25.7644,7.0355,1
931202,216260,657392,98.3222,5.8452,1
931222,209413,657409,34.9937,5.3852,1
931223,212215,657409,15.4991,4.8139,1
931416,322084,657549,41.5371,5.2068,1
931723,657774,817599,3.448,5.5317,1
931981,657949,658217,9.2736,5.4754,15
932007,657970,813623,54.3538,2.9495,1
932008,657970,658707,3.1623,1.0,1
932055,658005,816469,12.9486,6.1531,1
932056,658005,818015,15.1841,6.9702,1
932256,212093,658148,54.5456,4.7856,1
932261,654278,658151,62.191,5.1636,1
932324,655463,658193,19.2431,6.6139,1
932359,656653,658217,44.8442,12.8672,15
932551,658354,659202,21.0,10.6292,1
932812,498323,658553,14.9108,5.6081,2
933074,658732,658733,26.1725,3.0811,1
933075,657774,658733,27.9464,4.0306,1
933136,658784,818284,3.559,11.3434,1
933699,658784,659201,2.8284,11.7294,1
933700,659201,659202,24.4131,11.7294,1
933940,659373,663806,66.242,5.7511,1
934322,659639,818018,5.1208,4.6213,1
934694,659896,679776,13.2539,3.8708,1
934782,659960,661521,70.5644,6.7016,1
935006,660108,818967,65.5323,24.4052,5
935009,64460,660111,226.4516,14.3972,1
935597,660534,817182,27.8508,6.3609,1
935866,216260,660739,11.0604,5.2175,1
936139,659639,660934,19.7231,4.3708,1
936446,219036,661150,63.4429,5.1881,9
936961,214774,661521,10.8474,6.4803,1
936972,661527,666210,6.7082,15.5645,1
937148,612833,661655,47.7493,5.0794,1
937149,459905,661655,40.8182,4.8139,1
937210,661695,815927,56.2988,9.4247,1
937211,661696,662307,20.5426,13.0613,1
937337,658553,661787,104.9005,6.7561,2
937869,261288,662161,63.0714,7.5454,1
938483,662613,662615,5.2281,7.2098,3
938487,662615,785425,9.0738,7.5667,3
938621,662708,662709,3.1623,7.2749,1
938622,1458,662709,37.4344,7.0,1
939227,214470,663135,103.9583,11.1789,5
939228,217453,663135,22.6495,11.2241,5
939280,575075,663174,79.0928,7.3024,1
939302,660739,663190,43.9824,6.0738,1
939581,663388,668030,32.1999,9.3541,19
939880,508258,663597,35.7852,4.1231,19
940145,663806,670360,74.7395,6.4546,1
941220,664556,821693,49.7214,7.4161,1
941221,664556,818969,59.9046,7.8262,1
941324,664627,820197,15.0739,26.1831,1
941905,503429,665050,58.218,4.6623,1
942334,665340,665495,17.2627,5.4909,1
942431,665413,816393,62.4774,7.5091,1
942432,665413,670821,28.3901,5.7878,1
942549,665495,670540,57.0516,5.9994,1
942565,298324,665507,132.142,6.8617,2
942567,665507,690863,67.9191,7.429,2
942731,665617,669155,64.4205,3.0956,1
943063,665050,665849,6.733,6.6623,1
943573,666210,673269,5.3541,16.9053,1
944078,661787,666569,44.5783,7.4806,2
944089,666575,675372,95.4201,25.6534,19
944704,219590,667000,35.0794,6.5,1
946901,503885,668531,16.9869,6.3638,1
946902,668531,670941,37.5795,4.9651,1
947501,218790,668958,14.6363,11.3325,1
947502,668958,679339,63.1313,6.0138,1
947805,669155,821791,53.6335,3.4608,1
947937,669258,821206,50.8097,7.9754,1
947938,669258,670652,8.775,7.8275,1
949033,670030,819046,84.6664,13.8557,1
949034,670030,679866,54.5252,17.4829,1
949499,670360,678141,36.4143,6.4546,1
949761,219590,670540,41.6733,6.458,1
949915,18709,670652,6.1373,7.9612,1
950033,670732,675433,61.704,6.5027,5
950120,670789,818151,132.5049,6.6115,2
950171,670821,672923,12.6886,6.3796,1
950351,501623,670941,88.6454,5.0043,1
950377,507409,670959,3.3166,4.1829,1
950406,670983,677556,30.1588,11.5655,19
950764,219862,671259,133.5041,6.7371,1
950940,658225,671378,60.5608,5.5856,1
950941,671378,679687,91.9142,5.0378,1
951059,667685,671465,21.5742,5.4961,1
951060,671465,685627,87.4775,9.0175,1
952118,496566,672219,79.1202,7.6737,2
952155,513463,672241,101.3163,8.9711,1
952364,113128,672400,65.7487,8.4532,1
952365,61848,672400,4.8189,8.2462,1
952452,23959,672465,4.899,10.5826,1
952691,25014,672629,12.1747,4.0495,1
953066,672465,672886,24.1247,8.744,1
953121,672923,691635,96.9794,7.239,1
953327,527350,673062,114.8153,6.6529,2
953613,673269,787022,25.1529,17.7482,1
953707,673338,676584,6.6332,15.6264,1
954709,670332,674036,38.833,4.4126,1
954710,674036,674037,4.2426,4.8408,1
954860,501301,674147,93.7372,8.0761,1
955074,113128,674297,72.4799,7.2024,1
955413,674535,821405,72.0694,16.2873,9
955750,220675,674777,48.6278,5.1881,9
955751,224565,674777,28.6007,4.5414,9
956027,666885,674964,113.3441,7.7426,7
956028,223160,674964,7.157,7.5967,7
956627,514274,675372,104.8231,18.9326,18
956628,675372,675838,7.6667,25.4038,1
956712,675433,675769,28.4937,6.3284,5
956817,510866,675507,17.6981,4.7913,19
957181,671504,675769,59.1702,7.8012,5
957289,511424,675838,4.9216,24.873,1
957332,668030,675869,77.3682,10.6904,19
957959,676313,679634,55.4076,4.1307,1
957996,33973,676337,15.8673,5.9545,1
958123,676431,678904,180.4934,6.3326,19
958397,676614,818694,41.5312,28.8158,1
958399,676614,677437,8.775,24.8496,1
959539,677437,677850,3.0,25.0095,1
959638,515762,677513,75.168,11.2355,1
960098,42481,677850,79.3241,18.0897,1
960276,677978,683733,27.2781,4.8139,1
960606,672219,678232,41.9305,8.3127,2
960802,503429,678371,73.5293,4.8541,1
960804,519035,678371,61.2146,6.1825,1
961130,232960,678610,90.2423,5.0368,7
961231,676313,678680,18.9326,3.1623,1
961232,678680,679840,5.831,3.3839,1
961530,677556,678904,16.6166,8.7636,19
961913,19566,679168,52.8111,15.8614,5
962142,503885,679333,284.1355,7.7568,1
962151,225227,679339,16.4283,2.6688,1
962229,514639,679395,15.8447,13.6763,18
962230,514274,679395,3.6132,13.599,18
962578,225471,679634,3.0,5.2421,1
962779,311579,679776,25.5191,3.8028,1
962914,63575,679866,70.9056,19.4971,1
963541,226028,680319,8.124,5.9106,1
964455,678141,680966,18.0555,6.085,1
964456,73027,680966,88.0719,7.4725,1
964520,221173,681006,67.7463,4.6708,1
965275,677978,681548,110.3983,4.872,1
965276,681548,692745,44.9073,4.0503,1
965297,679687,681561,8.6923,4.1926,1
965298,681561,684775,25.4056,3.7361,1
966186,33973,682188,27.7575,5.2175,1
966194,517107,682194,6.6332,7.4442,1
966391,682345,682729,11.5758,10.9865,5
966934,682729,683316,9.0,8.8944,5
967088,682831,685969,48.8672,4.5616,1
967189,682345,682904,7.0,11.4452,5
967765,683316,683671,5.4772,7.1742,5
968202,683613,691987,265.7725,5.9977,1
968234,679840,683634,24.6669,3.8028,1
968287,56243,683671,11.3358,7.4051,5
968748,52186,683992,7.4981,6.2838,5
969052,684211,685841,16.321,5.2249,1
969412,140381,684456,305.606,10.2648,1
969453,684211,684488,49.3973,5.4157,1
969627,317223,684618,144.5795,6.2633,4
969628,312186,684618,31.6684,4.7541,4
969831,684764,686484,35.9521,5.5561,1
969841,684488,684775,18.2513,4.2976,1
969964,684865,687369,20.8087,23.2593,1
970239,302388,685064,53.8952,8.7745,1
970242,93,685064,39.7574,9.2434,1
970405,227333,685173,7.8951,3.0811,1
970732,685412,687785,22.8473,13.2773,4
971026,685627,693472,38.6505,11.4672,1
971331,685841,694103,50.394,4.7431,1
971521,685969,687901,24.3926,4.9495,1
971536,318947,685980,38.7255,17.5887,1
971537,685980,702431,20.2731,18.7211,1
971623,399209,686046,56.1041,14.8128,1
971624,380643,686046,13.0213,13.4235,1
971678,686085,697290,70.8378,20.2538,1
971679,59635,686087,62.8543,14.8534,4
971698,686098,692015,577.6028,7.5495,2
971699,64348,686098,21.3073,6.3574,2
972002,232424,686311,111.2385,6.373,1
972241,518581,686484,65.0974,5.6803,1
972717,515341,686816,57.5085,20.8541,1
972719,523215,686816,52.095,22.3058,1
973476,62575,687369,4.9554,23.8484,1
974072,686087,687785,25.3772,12.0593,4
974139,687832,688371,12.9142,4.977,1
974921,519920,688371,5.9907,3.2863,1
975493,670789,688785,84.6936,5.9036,2
976157,62575,689255,8.1989,25.5269,1
976212,683733,689293,33.0781,3.9921,1
976213,685173,689293,21.5589,3.452,1
977082,689896,690029,3.0,5.2421,1
977262,65594,690029,32.9528,5.099,1
978472,406600,690863,32.6956,9.4074,2
978701,70467,691041,26.9691,18.8107,5
978735,232048,691066,16.5831,5.0,8
979233,664658,691434,26.7208,4.9936,1
979264,683634,691454,33.5866,4.2361,1
979308,66940,691482,4.8088,25.6694,4
979511,691622,695519,43.2319,3.5291,2
979528,691635,695527,54.0833,7.0915,1
979739,228782,691789,30.0416,5.4075,1
979740,691789,702183,46.3957,5.6506,1
979844,691454,691863,5.2895,4.0388,1
980019,683613,691984,59.9574,5.465,1
980020,691984,721065,166.3009,5.2421,1
980026,691987,702243,85.8131,6.2445,1
980072,688785,692015,22.2261,7.0958,2
980202,302403,692104,300.0509,5.57,1
980212,690777,692112,61.498,4.3509,1
980379,522501,692228,34.8744,6.5465,2
980380,692228,707514,97.9053,8.1873,2
981128,234702,692745,41.9431,4.3203,1
981404,682188,692929,69.0362,5.6239,1
981405,692929,695104,17.4356,10.5588,1
982391,693620,694403,156.9143,14.1226,1
982501,68904,693691,9.3452,23.1327,9
982700,674147,693838,186.386,10.1748,1
982702,693838,693839,91.3215,12.1585,1
982706,525899,693842,19.8074,11.7898,1
982756,693882,700265,55.0364,15.5784,1
983046,694103,696393,25.3443,5.9545,1
983254,236516,694242,59.9352,2.9954,1
983486,526336,694403,16.8745,12.3241,1
983523,69435,694434,45.6569,14.4462,1
983524,694434,695104,9.798,14.2263,1
984474,72820,695108,4.5461,5.9407,2
984526,689718,695148,248.1472,9.2321,1
984613,689896,695205,69.1737,5.0378,1
985061,695519,706332,76.4264,3.9324,2
985072,695527,697683,53.5724,6.5182,1
985646,695922,696508,21.3073,10.4783,4
986128,73027,696260,5.4772,7.4725,1
986325,232571,696393,64.323,6.4734,1
986499,74047,696508,3.5434,9.7154,4
986687,402473,696642,19.6893,13.2096,1
987613,697290,703583,43.0232,24.0125,1
988163,697683,723226,199.5144,8.7917,1
988377,70475,697840,86.714,18.8589,4
988647,74049,698037,12.8668,16.1814,4
988774,231253,698128,29.443,3.9241,1
989040,698318,750640,117.2391,9.1583,3
989227,692112,698460,84.2839,6.6296,1
990075,695108,699050,49.97,5.099,2
990410,80929,699275,45.8376,16.5213,4
990411,698037,699275,9.2195,16.2565,4
990945,70467,699642,49.6622,17.3216,5
990946,699642,701168,14.3527,16.7774,5
991010,693691,699683,39.0256,24.5813,9
991156,592538,699785,39.5366,6.1524,1
991433,235988,699971,56.1001,6.7129,1
991434,699971,709121,78.8346,5.4218,8
991713,527350,700167,20.798,7.1133,2
991847,700265,701764,11.5758,10.9939,1
992426,217206,700673,227.9777,6.2281,4
992427,700673,706886,49.2481,6.5355,4
992634,679333,700813,167.0293,9.5301,1
992635,700167,700813,157.9395,9.0061,2
993141,85621,701168,26.4701,17.428,5
993982,85734,701764,48.2664,14.2313,1
994298,491250,701997,22.4128,6.2281,1
994615,529745,702215,41.6046,11.1985,16
994665,702243,703011,74.9622,6.0778,1
994840,233024,702366,29.2897,3.5616,8
994841,238230,702366,64.1786,5.2749,8
994938,475576,702431,24.3516,19.4974,1
995338,702699,712938,13.4164,19.5977,3
995429,699685,702762,17.5214,14.8619,1
995430,702762,706506,27.3861,13.2,1
995808,235319,703011,16.3503,5.365,1
996124,80929,703231,20.2104,13.7449,4
996601,703583,704503,13.0384,27.502,1
997344,529663,704102,32.0572,11.5885,1
997513,314158,704222,50.7083,7.3156,1
997921,704503,709155,40.1373,26.3606,1
998046,534568,704593,5.7735,2.2361,1
998983,85727,705242,47.0126,21.7047,5
999067,704102,705305,18.865,16.6016,1
999620,83541,705699,16.9967,3.4758,2
999621,107528,705699,34.1419,3.4758,2
1000513,706332,707465,8.544,4.9338,2
1000683,84811,706460,12.1518,12.3309,4
1000756,706506,712193,30.8221,11.1893,1
1000812,80662,706540,39.1436,4.3028,1
1001537,1636,707042,55.5823,7.1085,1
1001618,235988,707095,24.1178,6.3406,1
1001834,80434,707245,109.4029,6.7028,4
1002155,382344,707472,50.2444,27.1638,3
1002941,706460,708041,22.6716,13.1797,4
1003361,237428,708352,3.5434,3.8534,1
1004221,84,708957,71.8123,5.5822,1
1004367,533135,709065,71.9491,7.239,1
1004368,709065,724149,100.6871,7.1042,1
1004455,240161,709121,22.2261,4.999,8
1004478,238092,709140,58.7424,6.0467,1
1004479,245431,709140,78.3518,6.5557,1
1004498,94321,709155,7.8918,26.3606,1
1005068,237024,709550,14.0238,3.9681,1
1005502,689718,709866,11.4382,3.2321,1
1006468,709217,710523,9.8489,3.8944,1
1007229,321406,711046,108.9312,5.7361,1
1007911,690273,711515,401.5308,12.3974,1
1008026,532236,711594,48.3667,3.9921,1
1008028,711594,728992,142.9767,6.1428,1
1008863,712193,716931,25.2587,11.6958,1
1008894,712218,716178,43.4281,4.5616,1
1008895,710523,712218,13.9284,4.7361,1
1008980,712281,717335,27.9464,11.5824,5
1009873,237886,712870,35.6558,5.4929,9
1009978,707472,712938,9.0,24.9987,3
1010300,713167,717215,89.7441,6.2634,17
1011257,702183,713852,143.8514,7.3294,1
1011258,713852,728049,59.1617,8.6679,1
1011836,708299,714248,40.0947,4.4203,1
1011839,243785,714248,35.7103,4.2078,1
1012538,115329,714728,15.1511,24.9352,5
1012539,714728,715166,15.7797,25.0137,5
1012686,714837,719378,29.4863,5.6967,2
1012951,77019,715023,134.4818,6.2417,1
1013150,119741,715166,31.5187,25.085,5
1013616,444091,715494,22.1711,3.5937,1
1014586,119698,716178,4.7258,4.1231,1
1014780,716325,728935,117.4947,16.6794,1
1015323,118509,716715,32.1403,10.7362,5
1016028,717215,717773,7.2495,6.7823,9
1016202,130333,717335,35.7025,9.7978,5
1016603,125019,717602,16.7531,13.9334,5
1016728,541322,717686,34.9085,2.5779,1
1016729,549313,717686,39.4284,3.5291,1
1016868,712870,717773,42.595,5.6825,9
1017009,715723,717867,23.0868,8.5957,4
1017010,717867,720800,27.2764,12.2013,4
1018341,107517,718802,29.4366,11.0319,1
1018342,718802,724729,29.0172,12.3071,1
1018674,103486,719028,65.7614,25.2411,1
1018816,238027,719129,52.8583,7.6737,1
1019119,242520,719349,14.4568,7.3098,4
1019160,719378,734118,92.2201,6.1596,2
1020372,716931,720234,20.2485,12.1936,1
1020373,720234,726162,34.322,10.8613,1
1021276,129056,720877,23.4141,3.5937,1
1021432,535839,720982,36.4448,8.8296,1
1021565,721065,735702,82.931,6.2281,1
1022416,720326,721659,24.8998,18.7426,5
1022417,128825,721659,17.9304,12.0959,5
1022452,721685,723222,11.7473,4.9497,1
1022758,719028,721894,22.561,22.4475,1
1022762,721897,723624,10.0,10.8773,4
1022763,720214,721897,11.0454,8.1072,4
1023256,722243,728049,95.4234,9.819,1
1023940,550631,722727,16.6132,13.2725,1
1024649,128825,723199,18.8812,7.2592,5
1024661,128200,723206,10.247,17.9541,1
1024688,723222,747507,200.6589,4.8139,1
1024903,235973,723366,86.6415,11.1601,1
1024904,257648,723366,124.1159,9.8538,1
1025035,723460,724265,13.0,19.8481,1
1026001,554208,724149,24.3242,8.357,1
1026167,134925,724265,24.1776,22.5891,1
1026380,140413,724415,71.5301,6.2037,1
1026572,105418,724547,75.1598,18.3533,9
1026648,707514,724595,141.4602,10.6536,2
1026824,723999,724726,4.3589,18.2989,5
1026831,127367,724735,35.3223,13.7203,4
1027019,540035,724879,106.2617,11.5172,1
1027024,724881,726879,17.5616,5.9036,1
1027025,553907,724881,19.463,5.0124,1
1027087,562260,724922,107.519,6.9228,1
1027801,542803,725454,68.813,8.6804,19
1027802,559180,725454,43.3654,12.0407,19
1028109,130842,725678,30.1787,23.8852,5
1028389,723206,725881,37.4566,18.4535,1
1028390,725881,726491,19.3391,20.8753,1
1028414,724011,725898,15.0,5.8284,2
1028415,725898,746295,106.855,5.8723,2
1028605,243848,726022,18.6815,5.7016,1
1028816,153622,726162,114.2891,10.7005,1
1029294,724726,726488,97.9081,19.452,5
1029295,136792,726488,25.5212,21.7105,5
1029606,136792,726724,7.2111,22.5465,5
1029821,726879,731803,31.7945,4.4203,1
1030071,234006,727062,147.4653,5.567,1
1030072,244221,727062,17.9536,4.89,1
1030364,283927,727255,47.3555,7.2929,1
1030860,246317,727599,6.4464,9.087,4
1031253,717732,727872,139.8472,4.3509,1
1031497,33189,728032,151.8368,5.6506,4
1031619,311354,728122,26.386,15.9374,6
1031620,315039,728122,37.7168,15.3132,6
1031803,223319,728251,60.5034,6.5332,1
1031881,552455,728302,16.7457,6.6296,1
1032124,728302,728485,67.5138,6.7237,1
1032125,728485,757624,229.5944,9.3462,2
1032203,723226,728536,35.7071,8.8305,1
1032204,728536,737965,61.8628,8.0881,1
1032295,720372,728603,103.5085,5.8549,15
1032296,555493,728603,44.5346,5.7748,15
1032477,728724,731099,41.9881,5.5317,15
1032771,142646,728935,19.9833,15.3967,1
1033028,135780,729120,16.8589,11.2757,5
1033211,251939,729248,103.8872,6.6296,2
1033237,727872,729266,21.7332,5.2907,1
1033238,729266,738299,96.6977,5.0981,1
1033895,141277,729716,38.4475,15.6141,4
1034245,729971,730844,5.831,9.434,4
1034545,730176,736350,40.4269,6.9873,1
1034926,152160,730439,65.5519,6.6296,1
1035479,730844,734288,37.0021,8.6221,4
1035570,724729,730906,39.064,13.7476,1
1035571,165839,730906,161.0983,13.1445,1
1035846,731099,736006,40.3554,4.9495,15
1036483,549313,731531,92.8206,3.7199,1
1036726,320578,731711,84.1599,5.8735,1
1036727,579720,731711,51.2272,5.9977,1
1036842,568176,731803,93.5159,4.1069,1
1037334,563750,732149,50.5888,7.4821,1
1037667,724879,732389,110.4833,7.5886,1
1038439,246467,732935,188.7061,6.6315,1
1040302,729248,734275,33.6089,8.654,2
1040303,278966,734275,623.8167,8.9596,2
1040320,734288,738011,17.4096,7.8102,4
1041161,146727,734878,23.1373,6.8654,1
1041588,256027,735180,101.5398,6.5557,1
1041620,735206,735578,9.6437,8.321,4
1041772,252938,735317,26.9052,7.895,9
1042144,724735,735578,286.0804,9.8633,4
1042326,735702,736105,9.4616,6.8143,1
1042750,565975,736006,59.1918,4.3028,15
1042798,729120,736034,54.5344,14.3929,5
1042908,736105,737650,19.1128,6.4803,1
1043236,736350,739196,19.2094,8.2353,1
1043341,563799,736430,91.66,6.5311,1
1043468,145797,736519,18.2026,16.6835,9
1044152,736989,737904,6.3333,4.4954,1
1044247,737054,739978,78.5939,11.282,4
1044248,735206,737054,14.1774,9.8242,4
1045115,253631,737650,50.0433,6.2838,1
1045354,157235,737820,34.0735,3.217,1
1045473,737904,753142,107.1435,4.4246,1
1045558,737965,740642,35.5809,9.5911,1
1045579,737978,754103,15.906,3.3708,1
1045630,253413,738011,17.8979,8.2063,4
1045711,560059,738073,112.6183,15.4908,19
1046027,738299,740389,17.0294,6.0355,1
1047240,152294,739162,7.6956,2.2361,1
1047289,260537,739196,101.8921,7.8301,1
1047656,739467,741731,15.2971,20.5647,9
1047657,736519,739467,18.4932,20.9339,9
1047824,739590,740602,8.8569,5.4075,1
1047885,3452,739636,53.8447,6.0414,1
1047979,738073,739699,33.1478,14.6841,19
1048207,739856,740053,23.6079,8.1668,1
1048382,152260,739974,14.2244,12.6292,5
1048383,157054,739974,30.9408,15.4637,5
1048464,739699,740037,70.3649,14.1243,19
1048467,740037,740039,21.4735,15.4852,19
1048469,740039,740040,47.1192,16.2067,19
1048472,564998,740043,36.5954,14.5248,19
1048488,732389,740053,53.2562,8.0799,1
1048522,740078,743220,32.142,9.6436,1
1049260,740043,740572,10.2956,14.2651,19
1049304,725769,740602,75.0948,4.458,1
1050201,569808,741241,31.5331,8.1624,1
1051715,739856,742293,32.0104,9.3838,1
1051924,742447,749013,48.5107,6.0,15
1052501,253232,742851,19.3477,4.4707,1
1052514,253413,742857,28.8483,8.0761,4
1053019,572023,743216,17.2897,13.6015,17
1053021,743216,743217,26.2384,13.6015,17
1053022,743217,746292,15.9001,14.1492,17
1053027,568406,743220,5.3852,10.3029,1
1053551,158474,743594,5.2599,18.9732,5
1053552,159870,743594,5.1208,19.6767,5
1054250,246283,744077,80.0125,3.9241,1
1054301,263330,744111,88.5904,7.6787,4
1054714,567022,744375,13.6748,8.3301,2
1054862,160146,744479,31.1858,3.8708,1
1054873,742851,744486,65.9242,4.7775,1
1054874,744486,749888,27.2784,4.3301,1
1056728,159870,745772,18.5891,19.6374,5
1056729,745772,750019,45.9674,18.6919,5
1057362,567583,746247,44.5683,16.4463,19
1057699,573287,746480,50.0308,23.8981,17
1058438,569516,746999,69.9563,7.6174,1
1058439,746999,748597,10.5834,8.717,1
1058612,598994,747127,19.1442,7.7669,1
1058616,747127,747130,5.831,7.1742,1
1058840,746295,747291,9.2736,5.7446,2
1058841,162996,747291,34.8807,6.0738,2
1059132,747507,771475,138.5821,4.872,1
1059924,572023,748060,4.7258,12.6531,17
1059925,574099,748060,18.43,11.8105,17
1060741,739590,748635,42.7577,4.0306,1
1060937,573287,748770,8.6994,25.543,17
1060948,748778,756432,62.077,5.0476,1
1060949,258052,748778,76.6565,4.6596,1
1061034,748597,748836,14.5261,5.0083,1
1061133,748770,748906,18.5756,23.3972,17
1061896,571265,749452,17.6541,7.8075,1
1061898,593049,749452,197.5618,8.8506,1
1062173,571257,749640,30.6227,19.5377,17
1062175,749640,754064,37.0819,20.0763,17
1063237,744077,750382,39.0256,3.9822,1
1063238,261076,750382,39.2386,4.6289,1
1063340,255805,750454,69.7113,8.8967,4
1063617,662613,750640,33.8805,5.3325,3
1063626,590699,750649,31.273,4.511,3
1063779,254183,750763,47.7552,6.8239,1
1063780,258951,750763,48.3,6.6177,1
1064218,751081,756420,56.0791,19.4342,1
1064225,751081,759500,89.867,20.8515,18
1064569,573658,751327,16.2788,7.8699,2
1064652,574641,751381,9.0571,11.8636,17
1065131,751714,753078,108.485,9.7404,1
1065309,325473,751837,73.1071,5.6569,1
1066687,752811,752813,3.8873,2.4472,1
1067054,161212,753078,107.861,10.5311,1
1067647,255792,753497,101.008,5.863,1
1067648,258945,753497,10.1057,6.4342,1
1067826,576763,753620,3.559,7.874,17
1067948,187336,753699,140.1032,6.5927,1
1067950,753699,757841,109.4623,5.9402,1
1068458,581926,754064,77.2775,19.1572,17
1068509,56463,754103,57.2965,3.452,1
1068992,754451,757961,63.5458,23.9303,2
1069089,662161,754513,26.5707,9.1045,1
1069610,750019,754884,40.025,19.1788,5
1069611,170732,754884,11.3431,19.9121,5
1069673,754928,756893,16.3401,5.5649,1
1069719,742715,754962,141.6545,6.4031,1
1069721,161852,754962,109.3277,6.9765,1
1070148,171116,755275,14.9443,10.3071,1
1070737,580067,755721,32.5804,18.4501,2
1070793,755755,757657,45.7177,5.3779,1
1070996,754912,755887,6.6242,7.6018,2
1071085,578770,755942,2.7487,10.815,2
1071360,755755,756143,23.6854,5.9907,1
1071361,271535,756143,78.0676,5.2238,1
1071369,753202,756150,19.6214,2.3428,1
1071422,580843,756187,54.5673,18.3586,2
1071426,583879,756187,41.1195,16.7759,1
1071486,756203,771131,74.6262,29.1923,17
1071620,578900,756302,4.5461,8.4328,2
1071704,579575,756362,10.872,10.5173,2
1071781,756420,762211,35.272,15.2708,1
1072025,756587,757051,12.8487,12.1181,2
1072036,579179,756593,6.65,10.1487,2
1072129,172075,756658,6.0828,14.5209,1
1072244,260440,756746,6.3509,4.7361,1
1072245,261654,756746,21.6102,4.5274,1
1072361,604113,756824,3.2146,7.437,1
1072379,752797,756835,77.026,2.9954,1
1072380,756835,765478,69.7567,3.7025,1
1072567,592455,756873,322.4774,22.2272,2
1072748,756873,769744,204.3638,23.5982,9
1072973,610107,756873,353.0576,20.7113,14
1073017,579382,756878,5.5578,13.747,2
1073018,579385,756879,25.1149,10.7038,2
1073036,756893,764358,51.9519,5.7446,1
1073127,752813,756953,125.8182,5.3561,1
1073128,576901,756953,47.1228,7.3805,1
1073261,757051,757370,10.8401,11.2454,2
1073276,238484,757062,40.3471,7.0958,1
1073277,158635,757062,22.7498,6.783,1
1073730,757370,757944,10.8633,12.067,2
1073737,756360,757376,10.116,7.0707,2
1073738,579890,757376,6.5744,7.2108,2
1073815,162996,757424,180.1092,7.0421,2
1073816,181079,757424,52.9297,8.0832,2
1073837,754928,757439,79.3032,4.9839,1
1073838,757439,760199,16.4012,4.5274,1
1074141,263539,757657,43.3051,4.6111,1
1074559,581219,757944,31.4651,11.867,2
1074579,580974,757961,5.1332,19.6703,2
1074584,757964,759881,29.7861,18.1859,2
1074629,266534,757991,118.5077,5.7398,1
1074657,756150,758011,17.4929,2.4495,1
1074883,757624,758164,77.6845,7.3151,2
1074884,579272,758164,26.7872,7.1478,2
1075087,257648,758294,37.1698,10.7944,1
1075142,757964,758335,23.6906,15.3317,2
1075272,758426,764921,252.0992,9.7409,1
1075307,758447,767090,140.7578,16.3584,18
1076139,759018,761403,16.8337,22.2747,3
1076145,759021,759228,6.2762,13.2268,3
1076343,759161,761807,36.9983,20.8013,2
1076345,580843,759163,55.7023,13.8369,2
1076346,581901,759163,10.8051,11.0214,2
1076396,759199,760151,21.6795,10.0927,1
1076431,585147,759228,48.9785,12.685,3
1076818,758447,759500,124.1758,17.7757,18
1076860,569399,759534,327.8951,7.898,1
1076861,759534,765847,132.2846,7.2053,1
1077338,582986,759859,5.9442,14.5646,2
1077339,756873,759859,293.9176,24.6399,2
1077340,759860,760701,9.434,14.4589,2
1077367,582207,759881,8.8561,18.9849,2
1077369,759161,759882,14.555,21.0693,2
1077464,759018,759944,5.8559,21.0695,3
1077738,175347,760151,3.6912,12.3639,1
1077759,760167,761430,11.5758,25.27,5
1077761,759970,760167,2.4495,24.0346,5
1077811,185176,760199,51.5558,5.1083,1
1077948,760287,760701,5.7812,14.4265,2
1077952,760287,760290,23.7978,15.0296,2
1077953,582511,760290,3.2998,13.5129,2
1078189,1296,760453,21.1397,7.3875,1
1078372,760575,761125,380.635,8.2525,1
1078374,760575,761460,23.1733,9.6919,1
1078410,584700,760600,11.9641,21.3841,2
1078585,754451,760718,60.9106,25.4226,2
1078746,760831,770848,63.7504,6.3627,4
1078786,759199,760860,18.0555,8.5927,1
1078875,583384,760924,4.761,12.6237,2
1078899,583879,760940,28.7242,21.6494,1
1078937,584902,760964,51.9567,17.4569,17
1079091,755721,761069,30.7179,28.235,2
1079170,761125,767311,35.9722,8.7076,8
1079459,761069,761325,10.1727,32.9391,2
1079474,244838,761336,283.9765,8.5077,1
1079508,265542,761364,27.5862,5.365,2
1079572,761403,764028,22.9269,20.7328,3
1079606,761430,771296,67.6314,23.1227,5
1079643,758426,761460,23.7908,10.6538,1
1079829,256787,761588,71.5332,7.0192,1
1079858,305668,761608,61.6027,4.3528,1
1080131,583401,761807,29.7403,17.9179,2
1080768,583319,762225,27.8149,6.8571,1
1080945,762211,762332,9.5336,14.471,1
1081204,761325,762515,91.0685,30.047,2
1081220,583230,762526,20.8096,15.1727,1
1081256,762332,762550,32.7623,16.8063,1
1081257,586952,762550,75.3575,14.3161,1
1081409,762515,762643,37.1017,26.4737,2
1081959,763030,763031,7.8018,9.2009,1
1081961,763031,764121,5.0035,11.2009,1
1082046,591119,763090,63.6229,11.7362,3
1082047,763090,763093,8.2015,15.4728,3
1082612,264477,763491,15.0776,8.2353,1
1083212,263958,763920,15.7973,9.8489,2
1083213,763920,763921,8.1172,9.3403,2
1083215,267585,763921,44.4297,7.77,2
1083369,764028,767358,19.6274,18.9769,3
1083496,764121,764825,13.4938,12.7801,1
1083499,764122,767994,18.8296,13.6447,1
1083609,764200,768481,56.9737,7.1062,1
1083828,182275,764358,18.9444,5.7878,1
1083983,762526,764460,14.0357,13.2033,1
1084294,762643,764674,20.9145,22.2296,2
1084342,764702,767090,252.545,27.0204,18
1084384,593870,764702,216.1417,36.9529,19
1084651,572019,764861,185.5475,7.5746,1
1085439,764460,765425,25.4985,13.672,1
1085568,591450,765517,33.0687,22.7275,9
1085733,589258,765628,35.0761,19.0387,3
1085734,765628,768432,21.546,18.7971,3
1086149,765906,766558,8.7242,21.0737,9
1086299,766013,767511,53.6501,4.999,3
1086511,765478,766148,4.6904,4.4126,1
1086918,759539,766394,4.5826,17.057,1
1087152,589084,766558,8.4984,19.7319,9
1087666,766926,769173,40.1898,10.9912,1
1088351,767358,768033,5.3301,16.6456,3
1088570,590046,767511,11.0454,6.4806,3
1088612,767538,770982,26.4197,14.7478,1
1088721,265367,767616,52.1845,4.6926,2
1089080,767863,773585,7.2801,4.9495,1
1089268,767994,769760,29.3259,9.663,1
1089327,768033,768433,4.8166,15.7952,3
1089624,591023,768239,5.416,26.5589,9
1089722,591902,768307,28.7383,13.2179,3
1089819,768239,768374,27.8667,25.5912,9
1089894,575579,768427,274.4452,8.2827,1
1089896,593049,768427,16.1122,10.9052,1
1089994,756302,768506,124.0493,6.9772,2
1090091,768584,783273,190.1605,22.087,1
1090222,764200,768674,66.8805,7.5077,1
1090368,765809,768783,96.343,33.3017,19
1090369,768783,768897,4.0927,32.6898,19
1090544,768897,768898,26.405,32.1247,19
1090964,590915,769173,37.1154,10.3581,1
1091234,230737,769356,44.233,3.9495,1
1091255,592489,769371,4.7258,34.6857,19
1091801,768374,769744,14.3933,19.0753,9
1091820,769760,770851,43.23,9.6242,1
1092349,758294,770123,33.4551,13.8332,1
1092350,770123,776139,104.803,15.8644,2
1092430,599704,770182,30.7024,5.6541,1
1092452,769057,770196,17.9141,20.96,9
1092453,770196,771732,17.7609,19.1433,9
1092562,768506,770269,17.817,5.3218,2
1092760,760940,770410,61.4901,17.6253,1
1092762,596071,770410,14.1774,8.3973,1
1092777,593469,770419,7.705,33.1059,19
1092779,770419,770420,6.4477,33.7945,19
1093017,768674,770579,131.1716,8.0903,1
1093414,770848,773888,24.2876,4.1829,4
1093418,595597,770851,115.8461,7.0094,1
1093596,187406,770982,11.0889,16.107,1
1093777,750649,771115,17.72,4.7541,3
1093804,596812,771131,12.9486,33.0764,17
1093882,771193,782906,101.5261,3.9637,1
1094029,771296,772516,9.3808,19.8952,5
1094295,192626,771475,40.0083,4.872,1
1095071,594534,772020,11.5758,4.511,1
1095072,596640,772020,12.6754,4.1829,1
1095204,769842,772112,24.5816,6.9937,1
1095789,191408,772516,12.8279,19.0211,5
1095941,772629,774631,65.0355,13.8004,15
1096299,772882,774652,16.3367,8.4186,1
1096984,773365,775365,17.8045,18.6945,9
1097293,773585,790142,21.3802,4.0,1
1097713,773888,787906,58.3952,6.0264,4
1098788,600067,774631,19.0962,9.7872,15
1098816,618811,774652,104.0283,5.4265,1
1099037,766148,774805,75.5116,4.4707,1
1099584,599136,775187,17.7826,8.8412,2
1100110,601729,775559,11.5902,15.8418,2
1100561,594871,775873,49.277,5.0949,2
1100939,776139,776369,50.0988,16.789,2
1100978,602507,776164,12.52,3.6213,1
1100979,776165,785280,34.9776,6.1071,17
1101032,775873,776209,25.1352,6.4155,2
1101264,776369,777827,32.0312,16.0732,2
1101423,599136,776470,44.7185,9.3531,2
1101516,194151,776541,6.0736,15.7477,5
1101767,776707,780976,51.4198,8.4186,1
1101931,776164,776821,33.4577,4.2426,1
1102177,602144,777003,3.559,17.301,9
1103353,269338,777827,48.7397,14.7801,2
1103974,764702,778285,124.851,23.7978,1
1103975,778285,779926,16.4523,6.2417,1
1103999,608427,778300,54.4488,29.5088,17
1104007,778306,780935,62.3068,10.9114,5
1104166,610714,778419,41.0433,14.3854,2
1104232,776470,778458,14.6381,8.9893,2
1104233,778458,784411,113.6698,19.7459,2
1104585,778706,779125,4.6428,1.4142,1
1104980,596640,778986,89.4714,4.8139,1
1104981,778986,779715,17.1796,3.8106,1
1105116,268778,779089,21.9216,7.4049,1
1105378,779274,785526,103.2906,5.7016,1
1105379,779274,787400,22.5712,6.0,1
1105761,774805,779552,39.8246,3.9822,1
1105762,779552,784578,22.5832,3.6736,1
1105998,777554,779715,18.9364,4.3196,1
1106445,609024,780034,54.9121,7.3761,15
1107369,199159,780662,20.3306,7.8102,1
1107370,780662,780976,5.7446,7.9363,1
1107388,780679,782835,15.1327,4.4246,1
1107532,292494,780787,328.9311,9.3311,1
1107533,761588,780787,146.1388,8.1203,1
1107749,606539,780935,62.9356,12.1322,5
1107950,270050,781082,76.8671,13.765,2
1107981,767616,781105,54.8878,4.6926,2
1108998,606306,781790,31.7017,4.7182,1
1108999,781513,781790,26.7436,4.0941,1
1109062,268371,781833,63.5453,13.0473,1
1109063,781833,786814,49.0499,13.9461,1
1109540,782155,782638,14.4568,7.6712,1
1109541,199158,782155,5.6273,7.2801,1
1109921,608543,782425,7.3485,20.0741,9
1110510,782835,785152,16.8819,7.4096,1
1110607,782906,788049,28.3539,3.4758,1
1110644,772629,782934,150.0672,14.008,14
1110895,609985,783096,15.4272,24.1855,17
1110896,618630,783096,41.3884,24.9545,17
1110905,610267,783102,14.6654,21.3166,5
1111139,271667,783273,3.496,21.5752,1
1111717,783692,784564,8.1513,5.958,1
1112035,618630,783913,68.2407,23.4732,17
1112036,783913,784411,142.3639,25.1663,17
1112162,201553,783995,11.299,10.2661,1
1112682,201037,784363,43.5305,9.3754,1
1112737,271580,784399,8.8917,6.6328,1
1112738,272846,784399,15.3317,7.3098,1
1112759,784411,794270,79.5398,26.4308,15
1113018,784578,787281,21.4243,4.5634,1
1113169,204250,784689,130.8549,3.5616,1
1113313,784787,797701,42.2374,7.4113,1
1113628,275869,784999,41.5719,8.9088,9
1113840,785152,785851,17.3781,14.6291,1
1114019,785280,803247,47.6883,7.1838,17
1114239,771115,785425,10.6771,6.7237,3
1114264,200649,785446,9.3927,21.9658,5
1114265,209562,785446,37.1872,21.4545,5
1114375,785526,808446,58.9842,6.4031,1
1114523,268277,785637,57.5006,5.734,2
1115411,605781,786232,50.7992,5.9402,1
1115467,613176,786274,40.0569,5.0196,1
1115602,786369,789501,34.3657,9.0041,1
1115603,786369,788277,37.3497,8.8801,1
1115792,207981,786508,30.3919,3.6427,1
1115995,786291,786647,68.3561,10.8619,5
1116020,278630,786661,49.6488,7.8367,2
1116524,787022,800722,8.544,17.3888,1
1116564,783527,787045,27.5653,6.0355,1
1116565,787045,789463,115.6686,5.0,1
1116713,614103,787147,7.6158,19.4089,5
1116879,779926,787251,58.4114,5.2386,1
1116930,787285,792791,51.1077,21.5518,1
1116931,785851,787285,12.1244,20.1834,1
1116967,594947,787311,250.1619,10.6286,3
1116968,621615,787311,28.4488,9.2844,8
1117101,787400,788985,13.8684,7.1742,1
1117142,204281,787424,10.6927,14.9149,1
1117143,787424,788540,16.0624,13.4654,1
1117208,787471,788795,8.3666,11.5483,2
1117459,784564,787649,32.4936,6.1596,1
1117460,274163,787649,16.3049,6.5927,1
1117762,787868,788269,33.0757,10.3977,1
1117763,787868,789501,18.0555,10.8869,1
1117817,287990,787906,220.7714,7.1067,4
1118027,619394,788049,16.1521,3.7199,1
1118330,209102,788266,36.9624,14.7196,1
1118332,788267,788540,4.3589,12.7842,1
1118333,788267,788269,20.0998,10.8748,1
1118891,787251,788650,10.3642,5.9402,1
1119543,271535,789091,43.924,4.89,1
1119734,789222,790149,14.9146,3.9921,1
1119774,277292,789251,50.0333,5.9777,2
1120115,613395,789486,44.0833,12.2619,15
1120560,641719,789794,115.4152,5.5335,1
1120777,205056,789949,22.3582,3.0725,1
1120952,206442,790070,10.2956,12.3453,2
1120959,790070,790075,26.4764,12.1124,2
1120976,619785,790087,28.954,4.6312,1
1120977,790087,792218,15.0407,4.89,1
1121062,790142,799285,19.0146,3.3708,1
1121073,617960,790149,33.9984,3.5291,1
1121792,789222,790682,63.4919,3.6213,1
1122080,273916,790881,31.2174,8.0066,1
1122615,619785,791262,10.3146,3.3028,1
1122616,790932,791262,7.8776,2.9142,1
1122731,788795,791350,61.6604,8.6968,1
1123311,618971,791751,22.942,19.0783,9
1124168,209725,792340,32.438,13.8737,1
1124198,624183,792367,31.3363,19.4258,15
1124199,792367,799678,54.2887,30.6127,15
1124202,792369,793939,16.0174,11.5199,15
1124432,792526,793219,25.3574,6.7082,1
1124433,209527,792526,10.4722,7.5967,1
1124598,792369,792654,13.8724,12.9215,15
1124599,624183,792654,22.891,8.8741,15
1124600,617978,792655,24.8535,14.3755,5
1124601,621799,792655,8.8898,11.0613,5
1124781,208949,792791,10.4403,19.6918,1
1125397,793219,793736,8.0623,7.5074,1
1125559,80115,793334,139.5787,7.4491,1
1125821,628048,793510,24.5561,5.3866,1
1126139,793736,794525,29.8831,8.246,1
1126337,627604,793887,18.5236,19.6495,9
1126779,788734,794201,12.492,8.1291,4
1126781,794201,802835,59.3314,8.3245,4
1126845,212509,794248,29.7489,13.1708,1
1126885,627710,794270,20.8407,22.3682,15
1127270,212596,794525,35.4479,8.7024,1
1127353,788795,794583,71.7356,10.9079,1
1127354,227769,794583,96.4377,10.0487,1
1127469,629738,794665,59.7206,1.366,1
1127529,790932,794702,29.3085,4.3723,1
1128120,634847,795107,57.4389,5.4704,8
1128435,795312,796235,15.2169,6.6323,1
1128557,699785,795393,26.468,5.7956,1
1128633,792218,795442,23.0948,4.7541,1
1128634,795442,795583,4.9645,4.872,1
1128761,627499,795531,8.641,3.285,1
1128864,791350,795604,146.3523,6.0552,1
1129328,789486,795922,77.7329,13.7632,15
1129784,278251,796235,27.5923,5.7865,1
1129941,213964,796350,14.3062,10.2227,1
1129977,628048,796371,6.2093,5.2208,1
1129978,628049,796371,49.4155,4.3589,1
1130321,796595,798126,8.5177,23.874,15
1130905,795531,796999,24.3607,3.217,1
1131154,212506,797165,9.7639,4.0233,1
1131352,211212,797294,16.6199,3.285,1
1131514,618811,797398,74.8556,6.3397,1
1131515,626356,797398,53.3273,5.5444,1
1131635,627604,797479,18.8331,20.0266,9
1131785,797585,799344,11.8365,23.5048,15
1131787,796999,797587,5.3541,3.4611,1
1131788,629406,797588,7.4312,29.4425,5
1131953,164635,797701,14.6287,7.6327,1
1131982,797718,799641,14.7385,17.4549,2
1132052,797588,797764,27.3748,26.7084,5
1132091,794702,797792,49.2231,5.958,1
1132591,798126,799344,13.2469,22.542,15
1132596,798129,799350,9.8723,32.9208,5
1132857,627288,798302,39.9291,8.8104,15
1132858,798302,798658,34.2047,14.0649,15
1132981,215072,798387,29.5719,19.6111,2
1133268,798585,799970,41.4488,18.4511,2
1133376,798658,799560,14.8008,18.17,15
1133540,630425,798762,11.3284,2.7247,1
1133709,798387,798882,4.6904,19.7679,2
1133710,798882,802395,42.4853,18.3758,2
1133868,266210,798991,85.806,8.8201,1
1133869,798991,805690,18.3694,10.2866,1
1134395,634172,799350,15.6702,32.9823,5
1134520,797479,799439,21.0728,20.9547,9
1134691,799560,800092,41.2699,18.0622,15
1134810,799641,800629,18.2635,16.5802,2
1134842,799663,806767,138.7351,5.7016,1
1134861,799678,800089,11.4455,29.2912,15
1134894,629592,799703,82.5005,6.7237,1
1135165,209121,799883,53.301,11.5244,1
1135166,223686,799883,37.7403,18.72,1
1135293,216076,799970,4.8189,21.3702,2
1135366,632442,800018,10.6145,6.1236,1
1135367,799703,800018,9.4163,5.734,1
1135384,800030,802532,28.7562,4.511,1
1135718,213856,800259,20.3388,20.0729,2
1135935,800092,800413,9.551,18.7627,15
1135936,634577,800413,6.8232,21.1048,15
1136243,800629,801296,25.7617,15.4085,2
1136379,800722,811653,9.8995,16.8963,1
1136535,800831,802282,14.0712,9.3462,2
1137219,637939,801296,20.9444,15.997,2
1137449,796445,801461,76.6667,5.8941,1
1138503,637835,802196,31.2232,3.2394,1
1138997,802532,802862,48.9095,4.5616,1
1139013,799439,802544,37.2072,20.5294,9
1139324,634577,802755,28.6522,24.4933,15
1139431,286129,802835,340.8441,6.3865,4
1139484,645743,802862,82.3954,5.0,1
1140009,280998,803247,67.1234,7.5452,17
1140654,239,803700,25.5125,7.5166,2
1140822,803821,804596,15.1318,5.4155,1
1140827,216043,803825,54.4327,15.8096,1
1141001,803941,804406,5.3125,9.6787,1
1141488,804283,804284,10.5726,4.241,1
1141489,798762,804284,57.7456,3.6795,1
1141673,641346,804406,14.2478,8.5863,1
1141674,803941,804407,22.7889,9.0286,1
1142014,639395,804642,6.2716,28.2758,15
1142015,639947,804642,6.5574,30.2382,15
1142206,795604,804770,74.4983,5.4961,1
1142487,14157,804969,37.3237,3.7913,1
1142713,798697,805124,30.7409,5.0981,1
1142917,805263,807155,22.005,17.6491,2
1143510,639947,805670,32.107,32.1137,15
1143514,805670,817987,80.0936,18.3814,15
1143548,280019,805690,9.8902,12.3882,1
1143619,277657,805737,24.2143,15.5564,1
1143620,805737,815039,38.2303,13.3071,1
1144102,638563,806070,20.4532,4.7827,1
1144109,806075,808019,19.5965,29.8063,5
1145647,807155,808173,12.3153,17.1116,2
1146354,642586,807656,68.6032,13.4508,15
1146356,807656,812415,41.4678,13.5524,15
1146428,41338,807701,51.5743,11.0861,9
1146886,656926,808018,89.6152,5.6118,1
1146887,644932,808019,9.8082,28.401,5
1147051,222645,808142,5.4975,15.6189,2
1147052,808142,809720,22.1133,14.7861,2
1147068,808155,814097,27.2066,4.4721,2
1147094,647524,808173,17.7733,16.7924,2
1147666,627498,808573,156.2381,8.8247,1
1147667,808018,808573,23.1157,6.2244,1
1148256,644774,808976,7.461,16.8967,9
1148424,645743,809088,9.0554,5.3284,1
1148606,807896,809221,9.1598,11.6317,15
1148608,648195,809221,8.3292,10.7849,15
1148768,279719,809336,3.448,8.124,2
1149529,646140,809876,8.3066,29.8492,5
1149530,809876,811798,18.1246,26.6488,5
1149575,648787,809908,30.8808,4.6993,1
1150195,283424,810347,95.3328,7.5794,17
1151073,756873,810954,504.1731,30.4838,1
1151074,651438,810954,18.2392,29.2103,1
1151401,11533,811181,33.8444,4.8341,1
1151664,811383,819623,114.2891,4.8002,2
1151780,262944,811474,48.0058,4.4126,1
1152040,766394,811653,6.2716,16.5363,1
1152132,808130,811712,32.1782,7.1442,2
1152133,811712,818348,20.1025,6.9873,2
1152270,811798,812982,9.975,21.8874,5
1152273,810318,811802,34.2961,8.9602,15
1152835,812205,814314,68.2155,19.6054,7
1153139,811802,812415,20.3672,4.8597,15
1153554,812721,812983,17.2755,6.7514,7
1153555,812721,812984,7.4833,8.246,7
1153816,651118,812911,6.2074,7.3761,1
1153921,812982,813461,53.5942,23.1601,5
1153922,812983,813324,13.1445,4.4009,7
1153923,812205,812984,14.4442,9.3367,7
1154013,813052,813957,16.7653,5.2417,1
1154262,808976,813211,38.0248,17.1448,9
1154415,813323,813324,45.3542,5.6433,7
1154612,660108,813461,42.3556,23.6253,5
1154840,4932,813623,88.2603,4.3203,1
1155134,813052,813831,8.1377,4.458,1
1155325,812911,813963,17.8941,5.5726,1
1155326,813963,816240,21.1713,3.6029,1
1155521,1996,814097,22.9379,7.0579,2
1155562,400969,814121,27.2417,6.3638,1
1155563,417379,814121,88.4037,11.2638,1
1155689,813831,814210,18.9091,4.958,1
1155862,814314,819763,61.3016,28.5123,7
1155907,813957,814340,26.7369,5.2417,1
1156342,653492,814653,3.6968,2.8059,1
1156362,814668,815410,85.6469,10.1728,1
1156471,653600,814743,8.0623,10.7213,1
1156653,647524,814872,25.5995,13.3034,1
1156862,815017,818462,31.2503,22.6899,1
1156890,288024,815039,71.1688,10.4787,1
1157193,807178,815245,22.1022,2.9142,1
1157334,815343,815548,13.4205,13.7849,1
1157450,659373,815410,53.7169,8.2265,1
1157651,814743,815548,59.8665,11.529,1
1157721,815601,816255,8.5966,5.1438,1
1157988,815784,817251,47.1652,10.1005,1
1158189,814872,815927,12.8366,9.9712,1
1158426,660111,816080,64.5876,10.1658,1
1158852,816378,817787,14.1409,4.0,1
1158878,811399,816393,40.2338,6.9281,1
1158988,814653,816469,25.0022,3.9263,1
1159583,283991,816872,15.5991,7.2058,1
1159584,4839,816872,43.3103,6.4342,1
1159585,224068,816873,43.7112,14.609,1
1159587,232974,816873,8.8045,12.9428,1
1159710,809336,816955,36.706,7.6676,2
1160033,816080,817182,31.3971,6.2838,1
1160040,49844,817187,167.7488,8.7855,1
1160148,658354,817251,14.0831,10.7893,1
1160281,656775,817345,7.3485,17.6478,9
1160385,281436,817424,16.7531,8.5419,2
1160386,80109,817424,146.9384,7.3294,2
1160463,815601,817480,40.5326,7.0822,1
1160527,652164,817525,37.2231,30.0857,1
1160630,814340,817599,101.7823,4.5822,1
1160922,817787,818250,5.4212,4.4495,1
1161035,235959,817872,71.4446,15.2283,2
1161203,657949,817987,7.0159,3.7025,15
1161257,817480,818015,15.9339,7.1623,1
1161263,816257,818018,43.5702,3.2394,1
1161467,658732,818151,18.7409,5.562,1
1161500,817525,818174,13.2539,31.4235,1
1161501,818174,819578,15.7533,30.6974,1
1161619,818250,820732,63.8179,3.3155,1
1161677,662708,818284,33.3766,9.7331,1
1162003,660934,818520,35.6395,4.1069,1
1162004,661785,818520,11.0983,4.4155,1
1162679,660534,818969,35.0698,7.7509,1
1162895,226628,819113,55.4707,9.5155,5
1163354,817187,819437,45.4166,9.4625,1
1163355,819046,819437,21.8979,10.4537,1
1163831,818694,819763,51.6398,30.5369,7
1163923,282160,819824,27.0473,4.7775,1
1164265,818348,820062,8.2462,7.6468,2
1164328,817980,820105,6.4205,7.0386,2
1164329,284461,820105,18.9209,7.1875,2
1164455,819578,820197,5.1045,28.0373,1
1164774,243024,820396,191.8121,6.5977,2
1164775,819623,820396,14.3527,4.7541,2
1164779,661785,820400,11.4455,4.3008,1
1164780,820400,820896,51.3041,3.8534,1
1165244,820732,821172,22.6544,2.7369,1
1165295,370805,820774,73.0973,12.4074,1
1165296,803825,820774,74.6387,12.4074,1
1165489,816255,820896,69.6612,3.7936,1
1165570,290110,820952,50.2317,6.6177,1
1165579,820062,820958,40.2892,6.2912,2
1165888,821172,821267,5.2281,4.4689,1
1165941,661695,821206,18.591,8.6023,1
1166038,665617,821267,8.8129,4.4689,1
1166239,817345,821405,46.3777,18.2629,9
1166621,8654,821693,39.4138,8.4779,1
1166770,818151,821791,75.8024,6.2981,1
1166999,39800,821943,81.5475,8.0428,1
1167132,281390,822049,101.0132,6.7129,1
1167375,670332,822207,38.0438,3.8534,1
1167376,21224,822207,34.1646,4.2816,1
1167706,664627,822430,16.69,24.5577,1
1167707,674536,822430,47.052,23.1692,1
1167795,40944,822487,68.8867,17.9285,6
1167797,37035,822487,73.0786,16.6276,5
1167806,686085,822487,63.874,21.2321,1
